{"type":"FeatureCollection","features":[{"type":"Feature","geometry":{"type":"Polygon","coordinates":[[[-50.75,62.5],[-50.75,61.75],[-51.75,61.75],[-51.75,61.5],[-52.0,61.5],[-52.0,60.5],[-52.25,60.5],[-52.25,60.75],[-53.0,60.75],[-53.0,60.25],[-53.25,60.25],[-53.25,59.5],[-54.25,59.5],[-54.25,59.25],[-53.5,59.25],[-53.5,58.25],[-52.75,58.25],[-52.75,58.0],[-51.5,58.0],[-51.5,57.75],[-50.75,57.75],[-50.75,57.5],[-49.0,57.5],[-49.0,57.25],[-47.75,57.25],[-47.75,59.25],[-47.5,59.25],[-47.5,60.75],[-48.25,60.75],[-48.25,61.5],[-49.0,61.5],[-49.0,62.0],[-49.75,62.0],[-49.75,62.5],[-50.75,62.5]]]},"properties":{"id":0,"lon":-50.37,"lat":59.87,"e5":0.35,"e10":0.37,"e15":0.39,"rh":12.8,"rc":33.2,"sst":5.8,"om":2.12,"bf":false}},{"type":"Feature","geometry":{"type":"Polygon","coordinates":[[[-53.5,8.75],[-53.5,5.25],[-52.25,5.25],[-52.25,4.5],[-51.25,4.5],[-51.25,3.25],[-50.0,3.25],[-50.0,4.0],[-49.0,4.0],[-49.0,4.75],[-47.75,4.75],[-47.75,6.75],[-49.0,6.75],[-49.0,7.75],[-50.0,7.75],[-50.0,8.25],[-51.25,8.25],[-51.25,8.5],[-52.25,8.5],[-52.25,8.75],[-53.5,8.75]]]},"properties":{"id":1,"lon":-50.62,"lat":6.0,"e5":0.70,"e10":0.76,"e15":0.78,"rh":9.0,"rc":23.4,"sst":28.0,"om":4.14,"bf":false}},{"type":"Feature","geometry":{"type":"Polygon","coordinates":[[[-8.75,61.0],[-8.75,60.75],[-10.5,60.75],[-10.5,60.5],[-10.25,60.5],[-10.25,60.25],[-11.25,60.25],[-11.25,60.0],[-11.0,60.0],[-11.0,59.75],[-12.0,59.75],[-12.0,59.25],[-11.75,59.25],[-11.75,58.75],[-12.5,58.75],[-12.5,58.0],[-12.25,58.0],[-12.25,57.5],[-13.25,57.5],[-13.25,57.25],[-13.0,57.25],[-13.0,57.0],[-12.0,57.0],[-12.0,56.75],[-11.75,56.75],[-11.75,55.75],[-11.5,55.75],[-11.5,55.0],[-11.25,55.0],[-11.25,55.25],[-10.5,55.25],[-10.5,55.0],[-10.25,55.0],[-10.25,54.5],[-8.25,54.5],[-8.25,55.0],[-6.75,55.0],[-6.75,55.25],[-5.25,55.25],[-5.25,56.0],[-5.5,56.0],[-5.5,56.5],[-5.75,56.5],[-5.75,57.25],[-6.0,57.25],[-6.0,57.75],[-6.25,57.75],[-6.25,58.5],[-6.5,58.5],[-6.5,59.0],[-6.75,59.0],[-6.75,59.5],[-7.0,59.5],[-7.0,60.0],[-7.25,60.0],[-7.25,60.5],[-7.5,60.5],[-7.5,61.0],[-8.75,61.0]]]},"properties":{"id":2,"lon":-9.25,"lat":57.87,"e5":0.59,"e10":0.63,"e15":0.64,"rh":11.8,"rc":30.6,"sst":11.8,"om":2.67,"bf":false}},{"type":"Feature","geometry":{"type":"Polygon","coordinates":[[[-21.0,17.75],[-21.0,16.0],[-22.0,16.0],[-22.0,13.75],[-21.0,13.75],[-21.0,12.75],[-19.75,12.75],[-19.75,13.0],[-18.75,13.0],[-18.75,13.25],[-17.5,13.25],[-17.5,13.75],[-16.5,13.75],[-16.5,14.25],[-17.5,14.25],[-17.5,15.25],[-16.5,15.25],[-16.5,17.75],[-21.0,17.75]]]},"properties":{"id":3,"lon":-19.25,"lat":15.62,"e5":0.68,"e10":0.73,"e15":0.77,"rh":9.7,"rc":25.2,"sst":24.9,"om":3.81,"bf":false}},{"type":"Feature","geometry":{"type":"Polygon","coordinates":[[[-92.75,24.25],[-92.75,23.75],[-93.75,23.75],[-93.75,23.25],[-95.0,23.25],[-95.0,23.0],[-96.0,23.0],[-96.0,22.5],[-97.25,22.5],[-97.25,20.25],[-96.25,20.25],[-96.25,18.75],[-95.0,18.75],[-95.0,18.25],[-92.75,18.25],[-92.75,18.5],[-91.75,18.5],[-91.75,19.0],[-90.5,19.0],[-90.5,22.75],[-91.5,22.75],[-91.5,24.25],[-92.75,24.25]]]},"properties":{"id":4,"lon":-93.87,"lat":21.37,"e5":0.63,"e10":0.72,"e15":0.76,"rh":9.1,"rc":23.7,"sst":26.5,"om":4.16,"bf":false}},{"type":"Feature","geometry":{"type":"Polygon","coordinates":[[[10.75,-4.0],[10.75,-4.25],[9.5,-4.25],[9.5,-5.0],[8.5,-5.0],[8.5,-6.0],[7.25,-6.0],[7.25,-6.5],[8.5,-6.5],[8.5,-8.25],[9.5,-8.25],[9.5,-9.5],[8.5,-9.5],[8.5,-10.0],[13.0,-10.0],[13.0,-6.0],[11.75,-6.0],[11.75,-4.0],[10.75,-4.0]]]},"properties":{"id":5,"lon":10.75,"lat":-7.37,"e5":0.72,"e10":0.77,"e15":0.79,"rh":9.5,"rc":24.8,"sst":26.5,"om":3.81,"bf":false}},{"type":"Feature","geometry":{"type":"Polygon","coordinates":[[[-79.25,27.75],[-79.25,27.25],[-80.25,27.25],[-80.25,23.75],[-80.5,23.75],[-80.5,22.75],[-79.25,22.75],[-79.25,22.25],[-78.25,22.25],[-78.25,21.75],[-77.0,21.75],[-77.0,22.5],[-76.0,22.5],[-76.0,24.0],[-74.75,24.0],[-74.75,24.5],[-75.75,24.5],[-75.75,27.75],[-79.25,27.75]]]},"properties":{"id":6,"lon":-78.0,"lat":25.87,"e5":0.58,"e10":0.67,"e15":0.71,"rh":9.1,"rc":23.7,"sst":26.8,"om":4.15,"bf":false}},{"type":"Feature","geometry":{"type":"MultiPolygon","coordinates":[[[[-10.5,71.5],[-10.5,71.25],[-10.75,71.25],[-10.75,71.0],[-11.5,71.0],[-11.5,71.25],[-12.0,71.25],[-12.0,71.5],[-10.5,71.5]]],[[[-10.0,75.25],[-10.0,75.0],[-6.75,75.0],[-6.75,74.75],[-6.5,74.75],[-6.5,74.5],[-5.25,74.5],[-5.25,74.25],[-5.0,74.25],[-5.0,74.0],[-4.25,74.0],[-4.25,73.75],[-5.0,73.75],[-5.0,73.5],[-5.5,73.5],[-5.5,73.25],[-6.25,73.25],[-6.25,73.0],[-7.0,73.0],[-7.0,72.75],[-7.75,72.75],[-7.75,72.5],[-8.5,72.5],[-8.5,72.25],[-9.25,72.25],[-9.25,72.0],[-10.25,72.0],[-10.25,71.75],[-11.75,71.75],[-11.75,72.0],[-11.5,72.0],[-11.5,72.5],[-12.25,72.5],[-12.25,72.75],[-11.5,72.75],[-11.5,73.0],[-12.25,73.0],[-12.25,73.25],[-12.0,73.25],[-12.0,73.5],[-11.5,73.5],[-11.5,73.75],[-11.75,73.75],[-11.75,74.0],[-12.25,74.0],[-12.25,74.25],[-11.75,74.25],[-11.75,74.5],[-11.5,74.5],[-11.5,74.75],[-12.75,74.75],[-12.75,75.0],[-10.25,75.0],[-10.25,75.25],[-10.0,75.25]]]]},"properties":{"id":7,"lon":-8.25,"lat":73.62,"e5":0.54,"e10":0.56,"e15":0.56,"rh":13.3,"rc":34.6,"sst":-0.0,"om":1.78,"bf":false}},{"type":"Feature","geometry":{"type":"Polygon","coordinates":[[[13.75,73.75],[13.75,73.5],[13.0,73.5],[13.0,73.25],[12.25,73.25],[12.25,73.0],[11.25,73.0],[11.25,72.75],[11.5,72.75],[11.5,72.5],[12.0,72.5],[12.0,72.25],[11.25,72.25],[11.25,71.75],[11.75,71.75],[11.75,71.5],[11.5,71.5],[11.5,71.25],[12.0,71.25],[12.0,71.0],[11.5,71.0],[11.5,70.75],[12.0,70.75],[12.0,70.0],[12.5,70.0],[12.5,69.75],[12.0,69.75],[12.0,69.5],[12.5,69.5],[12.5,69.25],[11.75,69.25],[11.75,69.0],[12.25,69.0],[12.25,68.75],[12.75,68.75],[12.75,68.5],[13.0,68.5],[13.0,68.25],[13.5,68.25],[13.5,68.0],[13.75,68.0],[13.75,67.75],[14.25,67.75],[14.25,67.5],[15.25,67.5],[15.25,67.75],[15.0,67.75],[15.0,68.25],[15.25,68.25],[15.25,68.5],[15.0,68.5],[15.0,68.75],[15.75,68.75],[15.75,69.0],[16.75,69.0],[16.75,69.25],[18.0,69.25],[18.0,69.5],[17.75,69.5],[17.75,69.75],[17.5,69.75],[17.5,70.0],[18.0,70.0],[18.0,70.25],[17.5,70.25],[17.5,70.5],[18.0,70.5],[18.0,70.75],[17.5,70.75],[17.5,71.5],[16.75,71.5],[16.75,71.75],[17.5,71.75],[17.5,72.0],[16.75,72.0],[16.75,72.25],[17.0,72.25],[17.0,72.5],[16.5,72.5],[16.5,72.75],[16.25,72.75],[16.25,73.0],[17.25,73.0],[17.25,73.25],[16.75,73.25],[16.75,73.5],[15.5,73.5],[15.5,73.25],[15.25,73.25],[15.25,73.5],[14.5,73.5],[14.5,73.75],[13.75,73.75]]]},"properties":{"id":8,"lon":15.0,"lat":70.62,"e5":0.51,"e10":0.54,"e15":0.55,"rh":12.4,"rc":32.1,"sst":7.1,"om":2.35,"bf":false}},{"type":"Feature","geometry":{"type":"Polygon","coordinates":[[[-33.0,68.0],[-33.0,67.75],[-32.75,67.75],[-32.75,67.5],[-33.5,67.5],[-33.5,67.25],[-33.25,67.25],[-33.25,67.0],[-34.0,67.0],[-34.0,66.5],[-34.75,66.5],[-34.75,66.25],[-35.25,66.25],[-35.25,65.0],[-35.0,65.0],[-35.0,63.75],[-34.75,63.75],[-34.75,62.25],[-33.0,62.25],[-33.0,62.75],[-31.25,62.75],[-31.25,63.25],[-29.5,63.25],[-29.5,63.5],[-29.75,63.5],[-29.75,64.25],[-30.0,64.25],[-30.0,65.0],[-30.25,65.0],[-30.25,65.5],[-30.5,65.5],[-30.5,66.25],[-30.75,66.25],[-30.75,66.5],[-30.0,66.5],[-30.0,66.75],[-30.25,66.75],[-30.25,67.25],[-30.5,67.25],[-30.5,67.75],[-30.75,67.75],[-30.75,68.0],[-33.0,68.0]]]},"properties":{"id":9,"lon":-32.75,"lat":65.25,"e5":0.34,"e10":0.36,"e15":0.37,"rh":12.7,"rc":32.9,"sst":5.6,"om":2.16,"bf":false}},{"type":"Feature","geometry":{"type":"Polygon","coordinates":[[[-35.5,-1.5],[-35.5,-3.0],[-36.5,-3.0],[-36.5,-5.0],[-35.5,-5.0],[-35.5,-6.5],[-34.25,-6.5],[-34.25,-6.25],[-33.25,-6.25],[-33.25,-6.0],[-32.0,-6.0],[-32.0,-5.25],[-31.0,-5.25],[-31.0,-4.25],[-32.0,-4.25],[-32.0,-2.75],[-33.25,-2.75],[-33.25,-2.5],[-34.25,-2.5],[-34.25,-1.5],[-35.5,-1.5]]]},"properties":{"id":10,"lon":-34.25,"lat":-3.62,"e5":0.71,"e10":0.77,"e15":0.79,"rh":9.1,"rc":23.7,"sst":27.3,"om":4.13,"bf":false}},{"type":"Feature","geometry":{"type":"Polygon","coordinates":[[[-11.5,41.25],[-11.5,40.75],[-13.75,40.75],[-13.75,40.5],[-13.5,40.5],[-13.5,35.75],[-12.75,35.75],[-12.75,36.0],[-12.25,36.0],[-12.25,36.25],[-11.25,36.25],[-11.25,36.75],[-10.0,36.75],[-10.0,37.25],[-9.0,37.25],[-9.0,39.25],[-9.25,39.25],[-9.25,41.25],[-11.5,41.25]]]},"properties":{"id":11,"lon":-11.25,"lat":38.25,"e5":0.55,"e10":0.60,"e15":0.63,"rh":10.9,"rc":28.2,"sst":17.9,"om":3.19,"bf":false}},{"type":"Feature","geometry":{"type":"Polygon","coordinates":[[[-55.5,53.75],[-55.5,52.0],[-55.75,52.0],[-55.75,50.75],[-56.75,50.75],[-56.75,50.25],[-57.0,50.25],[-57.0,50.0],[-56.75,50.0],[-56.75,49.75],[-56.0,49.75],[-56.0,49.5],[-54.25,49.5],[-54.25,49.25],[-53.75,49.25],[-53.75,48.25],[-52.75,48.25],[-52.75,49.0],[-51.75,49.0],[-51.75,49.75],[-51.5,49.75],[-51.5,50.0],[-50.5,50.0],[-50.5,50.75],[-51.5,50.75],[-51.5,51.75],[-52.5,51.75],[-52.5,52.5],[-53.5,52.5],[-53.5,53.25],[-54.5,53.25],[-54.5,53.75],[-55.5,53.75]]]},"properties":{"id":12,"lon":-53.62,"lat":51.25,"e5":0.80,"e10":0.82,"e15":0.82,"rh":13.1,"rc":34.0,"sst":4.3,"om":1.84,"bf":false}},{"type":"Feature","geometry":{"type":"Polygon","coordinates":[[[-70.25,15.25],[-70.25,14.5],[-71.5,14.5],[-71.5,13.25],[-72.5,13.25],[-72.5,12.0],[-71.5,12.0],[-71.5,11.5],[-69.25,11.5],[-69.25,11.25],[-68.0,11.25],[-68.0,10.5],[-67.0,10.5],[-67.0,13.75],[-68.0,13.75],[-68.0,14.75],[-69.25,14.75],[-69.25,15.25],[-70.25,15.25]]]},"properties":{"id":13,"lon":-69.75,"lat":12.62,"e5":0.65,"e10":0.72,"e15":0.75,"rh":9.1,"rc":23.6,"sst":27.5,"om":4.15,"bf":false}},{"type":"Feature","geometry":{"type":"Polygon","coordinates":[[[-66.25,70.25],[-66.25,70.0],[-67.5,70.0],[-67.5,69.75],[-67.75,69.75],[-67.75,69.5],[-66.75,69.5],[-66.75,69.25],[-67.0,69.25],[-67.0,69.0],[-67.5,69.0],[-67.5,68.75],[-68.0,68.75],[-68.0,68.5],[-66.75,68.5],[-66.75,68.25],[-65.5,68.25],[-65.5,68.0],[-64.25,68.0],[-64.25,67.75],[-64.0,67.75],[-64.0,67.25],[-62.5,67.25],[-62.5,67.5],[-62.25,67.5],[-62.25,67.75],[-61.75,67.75],[-61.75,68.0],[-62.5,68.0],[-62.5,68.25],[-62.0,68.25],[-62.0,68.5],[-61.75,68.5],[-61.75,69.0],[-62.0,69.0],[-62.0,69.25],[-61.75,69.25],[-61.75,69.5],[-62.0,69.5],[-62.0,69.75],[-61.75,69.75],[-61.75,70.0],[-63.0,70.0],[-63.0,70.25],[-63.5,70.25],[-63.5,70.0],[-64.0,70.0],[-64.0,69.75],[-64.25,69.75],[-64.25,70.0],[-65.25,70.0],[-65.25,70.25],[-66.25,70.25]]]},"properties":{"id":14,"lon":-64.62,"lat":68.87,"e5":0.68,"e10":0.71,"e15":0.72,"rh":13.7,"rc":35.6,"sst":-1.1,"om":1.48,"bf":false}},{"type":"Feature","geometry":{"type":"Polygon","coordinates":[[[-5.25,5.0],[-5.25,2.25],[-0.75,2.25],[-0.75,5.0],[-5.25,5.0]]]},"properties":{"id":15,"lon":-3.0,"lat":3.62,"e5":0.76,"e10":0.81,"e15":0.82,"rh":9.3,"rc":24.1,"sst":27.9,"om":3.97,"bf":false}},{"type":"Feature","geometry":{"type":"MultiPolygon","coordinates":[[[[1.25,51.0],[1.5,51.0],[1.5,49.75],[0.5,49.75],[0.5,50.5],[0.25,50.5],[0.25,51.0],[0.75,51.0],[0.75,51.25],[1.25,51.25],[1.25,51.0]]],[[[1.25,52.0],[1.0,52.0],[1.0,52.5],[2.0,52.5],[2.0,53.0],[0.75,53.0],[0.75,52.75],[-0.25,52.75],[-0.25,53.5],[-0.5,53.5],[-0.5,54.25],[-0.75,54.25],[-0.75,54.5],[0.25,54.5],[0.25,55.25],[0.0,55.25],[0.0,55.5],[1.0,55.5],[1.0,56.0],[2.0,56.0],[2.0,56.25],[1.75,56.25],[1.75,56.5],[2.5,56.5],[2.5,56.75],[4.0,56.75],[4.0,56.25],[4.25,56.25],[4.25,56.5],[5.0,56.5],[5.0,56.25],[5.25,56.25],[5.25,55.5],[5.5,55.5],[5.5,55.0],[5.75,55.0],[5.75,54.25],[6.0,54.25],[6.0,53.5],[6.25,53.5],[6.25,52.5],[4.5,52.5],[4.5,52.25],[4.25,52.25],[4.25,52.0],[4.5,52.0],[4.5,51.5],[3.5,51.5],[3.5,51.25],[1.25,51.25],[1.25,52.0]]]]},"properties":{"id":16,"lon":2.75,"lat":53.87,"e5":0.82,"e10":0.84,"e15":0.84,"rh":12.1,"rc":31.4,"sst":11.1,"om":2.41,"bf":false}},{"type":"Feature","geometry":{"type":"Polygon","coordinates":[[[-69.5,44.25],[-69.5,43.75],[-70.0,43.75],[-70.0,44.0],[-70.5,44.0],[-70.5,42.5],[-70.75,42.5],[-70.75,41.75],[-71.75,41.75],[-71.75,41.25],[-72.25,41.25],[-72.25,41.5],[-73.0,41.5],[-73.0,41.0],[-71.75,41.0],[-71.75,40.75],[-72.0,40.75],[-72.0,39.5],[-70.75,39.5],[-70.75,39.25],[-71.0,39.25],[-71.0,38.75],[-69.75,38.75],[-69.75,38.5],[-68.75,38.5],[-68.75,39.0],[-67.5,39.0],[-67.5,39.5],[-66.5,39.5],[-66.5,40.25],[-67.5,40.25],[-67.5,42.0],[-67.25,42.0],[-67.25,43.0],[-68.5,43.0],[-68.5,43.25],[-68.25,43.25],[-68.25,44.25],[-69.5,44.25]]]},"properties":{"id":17,"lon":-69.62,"lat":41.37,"e5":0.61,"e10":0.69,"e15":0.72,"rh":10.4,"rc":26.9,"sst":17.8,"om":3.47,"bf":false}},{"type":"Feature","geometry":{"type":"Polygon","coordinates":[[[-22.25,70.75],[-22.25,70.5],[-23.5,70.5],[-23.5,70.0],[-23.25,70.0],[-23.25,69.75],[-22.75,69.75],[-22.75,69.5],[-23.75,69.5],[-23.75,69.25],[-25.5,69.25],[-25.5,69.0],[-25.75,69.0],[-25.75,68.5],[-26.0,68.5],[-26.0,68.25],[-25.75,68.25],[-25.75,68.0],[-25.5,68.0],[-25.5,67.75],[-25.25,67.75],[-25.25,67.5],[-25.0,67.5],[-25.0,67.25],[-25.75,67.25],[-25.75,67.0],[-25.5,67.0],[-25.5,66.75],[-25.25,66.75],[-25.25,66.5],[-25.0,66.5],[-25.0,66.0],[-24.75,66.0],[-24.75,65.75],[-24.0,65.75],[-24.0,66.25],[-22.75,66.25],[-22.75,66.5],[-21.75,66.5],[-21.75,66.25],[-21.5,66.25],[-21.5,66.0],[-21.25,66.0],[-21.25,65.75],[-20.5,65.75],[-20.5,66.0],[-20.75,66.0],[-20.75,66.25],[-20.0,66.25],[-20.0,66.5],[-20.25,66.5],[-20.25,66.75],[-20.5,66.75],[-20.5,67.25],[-20.0,67.25],[-20.0,67.5],[-20.25,67.5],[-20.25,67.75],[-20.75,67.75],[-20.75,68.0],[-20.0,68.0],[-20.0,68.25],[-20.5,68.25],[-20.5,68.5],[-20.75,68.5],[-20.75,68.75],[-21.0,68.75],[-21.0,69.0],[-20.5,69.0],[-20.5,69.25],[-21.0,69.25],[-21.0,69.5],[-20.5,69.5],[-20.5,69.75],[-20.75,69.75],[-20.75,70.0],[-20.5,70.0],[-20.5,70.25],[-21.0,70.25],[-21.0,70.5],[-21.5,70.5],[-21.5,70.75],[-22.25,70.75]]]},"properties":{"id":18,"lon":-23.25,"lat":68.37,"e5":0.46,"e10":0.49,"e15":0.50,"rh":13.1,"rc":34.1,"sst":1.7,"om":1.9,"bf":false}},{"type":"Feature","geometry":{"type":"Polygon","coordinates":[[[-82.75,22.25],[-82.75,21.75],[-83.75,21.75],[-83.75,21.5],[-85.0,21.5],[-85.0,20.5],[-83.75,20.5],[-83.75,18.25],[-82.75,18.25],[-82.75,17.5],[-79.25,17.5],[-79.25,19.75],[-78.25,19.75],[-78.25,21.25],[-79.25,21.25],[-79.25,21.75],[-80.5,21.75],[-80.5,22.25],[-82.75,22.25]]]},"properties":{"id":19,"lon":-81.0,"lat":20.12,"e5":0.61,"e10":0.70,"e15":0.74,"rh":9.0,"rc":23.4,"sst":27.9,"om":4.21,"bf":false}},{"type":"Feature","geometry":{"type":"Polygon","coordinates":[[[-15.25,10.75],[-15.25,9.75],[-16.5,9.75],[-16.5,8.75],[-17.5,8.75],[-17.5,7.5],[-16.5,7.5],[-16.5,5.0],[-15.25,5.0],[-15.25,4.5],[-14.25,4.5],[-14.25,5.5],[-13.0,5.5],[-13.0,6.75],[-12.0,6.75],[-12.0,7.5],[-13.0,7.5],[-13.0,9.75],[-14.25,9.75],[-14.25,10.75],[-15.25,10.75]]]},"properties":{"id":20,"lon":-15.25,"lat":8.12,"e5":0.75,"e10":0.80,"e15":0.81,"rh":9.1,"rc":23.7,"sst":27.9,"om":4.07,"bf":false}},{"type":"Feature","geometry":{"type":"Polygon","coordinates":[[[5.0,4.75],[5.0,2.75],[3.75,2.75],[3.75,1.75],[5.0,1.75],[5.0,-0.5],[6.25,-0.5],[6.25,-0.25],[8.5,-0.25],[8.5,0.0],[9.5,0.0],[9.5,4.5],[6.0,4.5],[6.0,4.75],[5.0,4.75]]]},"properties":{"id":21,"lon":6.62,"lat":2.25,"e5":0.76,"e10":0.80,"e15":0.82,"rh":9.4,"rc":24.3,"sst":27.6,"om":3.84,"bf":false}},{"type":"Feature","geometry":{"type":"Polygon","coordinates":[[[-61.75,45.5],[-61.75,44.75],[-62.75,44.75],[-62.75,43.5],[-63.0,43.5],[-63.0,41.0],[-62.0,41.0],[-62.0,41.5],[-61.25,41.5],[-61.25,41.25],[-60.75,41.25],[-60.75,41.75],[-59.75,41.75],[-59.75,42.25],[-58.5,42.25],[-58.5,42.5],[-57.5,42.5],[-57.5,44.25],[-57.25,44.25],[-57.25,45.0],[-58.5,45.0],[-58.5,45.5],[-61.75,45.5]]]},"properties":{"id":22,"lon":-60.25,"lat":43.0,"e5":0.66,"e10":0.73,"e15":0.75,"rh":11.0,"rc":28.6,"sst":15.4,"om":3.07,"bf":false}},{"type":"Feature","geometry":{"type":"Polygon","coordinates":[[[-62.25,66.0],[-62.25,65.75],[-62.5,65.75],[-62.5,65.25],[-62.75,65.25],[-62.75,65.5],[-63.5,65.5],[-63.5,65.25],[-63.75,65.25],[-63.75,65.0],[-64.0,65.0],[-64.0,64.75],[-63.75,64.75],[-63.75,64.5],[-63.25,64.5],[-63.25,64.0],[-62.75,64.0],[-62.75,63.75],[-63.0,63.75],[-63.0,63.25],[-62.25,63.25],[-62.25,63.0],[-62.5,63.0],[-62.5,62.5],[-62.75,62.5],[-62.75,62.25],[-62.0,62.25],[-62.0,61.75],[-62.25,61.75],[-62.25,61.5],[-61.25,61.5],[-61.25,61.25],[-59.5,61.25],[-59.5,61.5],[-59.25,61.5],[-59.25,62.0],[-59.0,62.0],[-59.0,62.5],[-58.75,62.5],[-58.75,63.0],[-58.5,63.0],[-58.5,63.5],[-58.25,63.5],[-58.25,64.0],[-58.0,64.0],[-58.0,64.5],[-57.75,64.5],[-57.75,64.75],[-57.5,64.75],[-57.5,65.25],[-58.25,65.25],[-58.25,65.75],[-60.25,65.75],[-60.25,66.0],[-62.25,66.0]]]},"properties":{"id":23,"lon":-60.62,"lat":63.62,"e5":0.64,"e10":0.66,"e15":0.67,"rh":13.4,"rc":34.9,"sst":0.2,"om":1.66,"bf":false}},{"type":"Feature","geometry":{"type":"Polygon","coordinates":[[[4.25,63.0],[4.25,62.75],[3.5,62.75],[3.5,62.5],[3.75,62.5],[3.75,62.25],[3.0,62.25],[3.0,61.75],[2.5,61.75],[2.5,61.25],[2.25,61.25],[2.25,61.0],[1.75,61.0],[1.75,60.5],[1.0,60.5],[1.0,60.0],[1.25,60.0],[1.25,59.75],[1.5,59.75],[1.5,59.25],[1.75,59.25],[1.75,58.75],[2.0,58.75],[2.0,58.25],[2.25,58.25],[2.25,57.75],[2.5,57.75],[2.5,57.0],[2.75,57.0],[2.75,56.75],[4.0,56.75],[4.0,56.25],[4.25,56.25],[4.25,56.5],[5.0,56.5],[5.0,56.75],[4.75,56.75],[4.75,57.25],[5.0,57.25],[5.0,57.5],[5.5,57.5],[5.5,58.0],[6.5,58.0],[6.5,58.25],[6.25,58.25],[6.25,58.75],[6.0,58.75],[6.0,59.25],[5.75,59.25],[5.75,59.5],[5.5,59.5],[5.5,60.0],[5.25,60.0],[5.25,60.5],[5.0,60.5],[5.0,60.75],[4.75,60.75],[4.75,61.0],[5.25,61.0],[5.25,61.25],[5.5,61.25],[5.5,61.75],[5.25,61.75],[5.25,62.0],[5.0,62.0],[5.0,62.25],[4.75,62.25],[4.75,62.75],[4.5,62.75],[4.5,63.0],[4.25,63.0]]]},"properties":{"id":24,"lon":3.5,"lat":59.62,"e5":0.66,"e10":0.69,"e15":0.69,"rh":12.1,"rc":31.4,"sst":10.0,"om":2.48,"bf":false}},{"type":"Feature","geometry":{"type":"Polygon","coordinates":[[[-5.5,53.25],[-5.5,53.0],[-6.5,53.0],[-6.5,52.25],[-7.25,52.25],[-7.25,52.0],[-7.5,52.0],[-7.5,51.5],[-7.25,51.5],[-7.25,50.25],[-7.0,50.25],[-7.0,48.75],[-6.75,48.75],[-6.75,48.25],[-6.25,48.25],[-6.25,48.5],[-5.75,48.5],[-5.75,47.75],[-5.5,47.75],[-5.5,47.5],[-4.75,47.5],[-4.75,47.75],[-4.5,47.75],[-4.5,48.25],[-4.75,48.25],[-4.75,48.5],[-3.0,48.5],[-3.0,48.75],[-1.5,48.75],[-1.5,49.5],[-1.25,49.5],[-1.25,49.75],[0.5,49.75],[0.5,50.5],[0.25,50.5],[0.25,51.0],[-2.0,51.0],[-2.0,50.75],[-4.0,50.75],[-4.0,51.25],[-4.25,51.25],[-4.25,52.5],[-4.5,52.5],[-4.5,53.25],[-5.5,53.25]],[[-4.75,50.75],[-4.0,50.75],[-4.0,50.25],[-5.0,50.25],[-5.0,50.5],[-4.75,50.5],[-4.75,50.75]]]},"properties":{"id":25,"lon":-1.75,"lat":50.37,"e5":0.72,"e10":0.77,"e15":0.79,"rh":11.6,"rc":30.1,"sst":13.3,"om":2.75,"bf":false}},{"type":"Feature","geometry":{"type":"Polygon","coordinates":[[[-80.5,13.25],[-80.5,13.0],[-83.75,13.0],[-83.75,10.25],[-82.75,10.25],[-82.75,9.0],[-80.5,9.0],[-80.5,9.25],[-79.25,9.25],[-79.25,9.5],[-78.25,9.5],[-78.25,13.0],[-79.25,13.0],[-79.25,13.25],[-80.5,13.25]]]},"properties":{"id":26,"lon":-81.0,"lat":11.62,"e5":0.66,"e10":0.73,"e15":0.76,"rh":9.0,"rc":23.5,"sst":27.9,"om":4.16,"bf":false}},{"type":"Feature","geometry":{"type":"Polygon","coordinates":[[[-18.75,27.0],[-18.75,26.25],[-19.0,26.25],[-19.0,26.0],[-19.75,26.0],[-19.75,24.25],[-21.0,24.25],[-21.0,22.5],[-19.75,22.5],[-19.75,22.0],[-17.5,22.0],[-17.5,21.5],[-16.5,21.5],[-16.5,23.25],[-16.0,23.25],[-16.0,23.5],[-15.25,23.5],[-15.25,25.75],[-16.5,25.75],[-16.5,26.25],[-17.5,26.25],[-17.5,27.0],[-18.75,27.0]]]},"properties":{"id":27,"lon":-17.5,"lat":25.0,"e5":0.53,"e10":0.61,"e15":0.68,"rh":10.1,"rc":26.4,"sst":21.8,"om":3.63,"bf":false}},{"type":"Feature","geometry":{"type":"Polygon","coordinates":[[[-67.0,13.75],[-67.0,10.5],[-63.5,10.5],[-63.5,10.75],[-62.5,10.75],[-62.5,13.75],[-67.0,13.75]]]},"properties":{"id":28,"lon":-64.75,"lat":12.25,"e5":0.66,"e10":0.73,"e15":0.76,"rh":9.1,"rc":23.6,"sst":27.7,"om":4.13,"bf":false}},{"type":"Feature","geometry":{"type":"Polygon","coordinates":[[[-49.0,4.75],[-49.0,4.0],[-50.0,4.0],[-50.0,3.25],[-51.25,3.25],[-51.25,2.25],[-50.0,2.25],[-50.0,0.0],[-49.0,0.0],[-49.0,-0.5],[-47.75,-0.5],[-47.75,-0.75],[-46.75,-0.75],[-46.75,0.0],[-45.5,0.0],[-45.5,2.5],[-46.75,2.5],[-46.75,4.5],[-47.75,4.5],[-47.75,4.75],[-49.0,4.75]]]},"properties":{"id":29,"lon":-47.75,"lat":1.12,"e5":0.70,"e10":0.76,"e15":0.78,"rh":9.0,"rc":23.5,"sst":28.0,"om":4.05,"bf":false}},{"type":"Feature","geometry":{"type":"MultiPolygon","coordinates":[[[[-8.0,61.5],[-8.0,61.25],[-7.75,61.25],[-7.75,61.0],[-8.75,61.0],[-8.75,60.75],[-9.5,60.75],[-9.5,61.0],[-9.75,61.0],[-9.75,61.25],[-8.25,61.25],[-8.25,61.5],[-8.0,61.5]]],[[[-9.75,67.0],[-9.75,66.75],[-9.5,66.75],[-9.5,66.5],[-9.0,66.5],[-9.0,66.25],[-8.75,66.25],[-8.75,66.0],[-8.5,66.0],[-8.5,65.75],[-8.25,65.75],[-8.25,65.5],[-8.0,65.5],[-8.0,65.25],[-7.75,65.25],[-7.75,65.0],[-7.5,65.0],[-7.5,64.75],[-7.25,64.75],[-7.25,64.5],[-7.0,64.5],[-7.0,64.0],[-6.75,64.0],[-6.75,63.75],[-6.5,63.75],[-6.5,63.5],[-6.75,63.5],[-6.75,63.25],[-7.0,63.25],[-7.0,62.75],[-7.75,62.75],[-7.75,62.5],[-7.5,62.5],[-7.5,62.25],[-9.25,62.25],[-9.25,61.75],[-9.75,61.75],[-9.75,61.5],[-11.0,61.5],[-11.0,61.75],[-11.25,61.75],[-11.25,62.25],[-11.5,62.25],[-11.5,62.5],[-11.75,62.5],[-11.75,63.0],[-12.0,63.0],[-12.0,63.25],[-12.25,63.25],[-12.25,63.75],[-12.5,63.75],[-12.5,64.0],[-12.75,64.0],[-12.75,64.25],[-12.0,64.25],[-12.0,64.5],[-12.25,64.5],[-12.25,65.0],[-12.5,65.0],[-12.5,65.25],[-11.75,65.25],[-11.75,65.5],[-12.0,65.5],[-12.0,65.75],[-11.5,65.75],[-11.5,66.0],[-11.75,66.0],[-11.75,66.25],[-11.0,66.25],[-11.0,66.5],[-10.25,66.5],[-10.25,66.75],[-10.75,66.75],[-10.75,67.0],[-9.75,67.0]]]]},"properties":{"id":30,"lon":-9.5,"lat":64.37,"e5":0.49,"e10":0.54,"e15":0.55,"rh":12.2,"rc":31.8,"sst":9.1,"om":2.43,"bf":false}},{"type":"Feature","geometry":{"type":"Polygon","coordinates":[[[-89.25,30.5],[-89.25,26.0],[-88.25,26.0],[-88.25,26.5],[-87.0,26.5],[-87.0,25.5],[-86.0,25.5],[-86.0,26.0],[-84.75,26.0],[-84.75,27.0],[-83.75,27.0],[-83.75,28.0],[-82.5,28.0],[-82.5,29.25],[-83.5,29.25],[-83.5,29.75],[-84.75,29.75],[-84.75,30.0],[-85.75,30.0],[-85.75,30.5],[-89.25,30.5]]]},"properties":{"id":31,"lon":-85.87,"lat":28.62,"e5":0.58,"e10":0.68,"e15":0.72,"rh":9.4,"rc":24.5,"sst":25.0,"om":3.93,"bf":false}},{"type":"Feature","geometry":{"type":"Polygon","coordinates":[[[-21.75,64.0],[-21.75,63.5],[-21.5,63.5],[-21.5,63.0],[-21.25,63.0],[-21.25,62.75],[-22.0,62.75],[-22.0,62.25],[-21.75,62.25],[-21.75,61.5],[-22.5,61.5],[-22.5,61.0],[-22.25,61.0],[-22.25,60.5],[-22.0,60.5],[-22.0,59.75],[-21.75,59.75],[-21.75,60.0],[-20.0,60.0],[-20.0,59.75],[-17.5,59.75],[-17.5,60.0],[-16.25,60.0],[-16.25,60.5],[-16.5,60.5],[-16.5,61.0],[-16.75,61.0],[-16.75,61.5],[-17.0,61.5],[-17.0,62.0],[-17.25,62.0],[-17.25,62.5],[-16.5,62.5],[-16.5,63.0],[-16.75,63.0],[-16.75,63.25],[-17.0,63.25],[-17.0,63.75],[-17.25,63.75],[-17.25,63.5],[-19.25,63.5],[-19.25,63.25],[-19.75,63.25],[-19.75,63.75],[-21.0,63.75],[-21.0,64.0],[-21.75,64.0]]]},"properties":{"id":32,"lon":-19.37,"lat":61.75,"e5":0.47,"e10":0.50,"e15":0.51,"rh":12.2,"rc":31.6,"sst":10.3,"om":2.47,"bf":false}},{"type":"Feature","geometry":{"type":"Polygon","coordinates":[[[-41.75,63.25],[-41.75,63.0],[-42.75,63.0],[-42.75,60.75],[-43.75,60.75],[-43.75,59.25],[-42.75,59.25],[-42.75,58.75],[-43.0,58.75],[-43.0,57.25],[-42.0,57.25],[-42.0,56.75],[-41.0,56.75],[-41.0,57.25],[-40.0,57.25],[-40.0,63.0],[-40.75,63.0],[-40.75,63.25],[-41.75,63.25]]]},"properties":{"id":33,"lon":-41.87,"lat":60.0,"e5":0.36,"e10":0.38,"e15":0.40,"rh":12.6,"rc":32.8,"sst":6.5,"om":2.2,"bf":false}},{"type":"Feature","geometry":{"type":"Polygon","coordinates":[[[-7.75,37.5],[-7.75,37.25],[-10.0,37.25],[-10.0,36.75],[-11.25,36.75],[-11.25,36.25],[-12.25,36.25],[-12.25,36.0],[-12.75,36.0],[-12.75,35.75],[-13.5,35.75],[-13.5,35.5],[-12.25,35.5],[-12.25,35.0],[-13.25,35.0],[-13.25,34.5],[-12.25,34.5],[-12.25,33.75],[-11.0,33.75],[-11.0,33.25],[-10.0,33.25],[-10.0,32.25],[-8.75,32.25],[-8.75,33.25],[-7.75,33.25],[-7.75,33.75],[-6.75,33.75],[-6.75,37.5],[-7.75,37.5]]]},"properties":{"id":34,"lon":-10.0,"lat":34.75,"e5":0.53,"e10":0.57,"e15":0.61,"rh":10.6,"rc":27.7,"sst":19.5,"om":3.33,"bf":false}},{"type":"Feature","geometry":{"type":"Polygon","coordinates":[[[-74.75,24.5],[-74.75,24.0],[-76.0,24.0],[-76.0,22.5],[-77.0,22.5],[-77.0,21.25],[-76.0,21.25],[-76.0,20.75],[-74.75,20.75],[-74.75,20.0],[-76.0,20.0],[-76.0,19.25],[-74.75,19.25],[-74.75,18.5],[-73.75,18.5],[-73.75,18.75],[-72.5,18.75],[-72.5,20.0],[-71.5,20.0],[-71.5,23.5],[-72.5,23.5],[-72.5,24.0],[-73.75,24.0],[-73.75,24.5],[-74.75,24.5]]]},"properties":{"id":35,"lon":-74.25,"lat":21.87,"e5":0.61,"e10":0.70,"e15":0.74,"rh":9.1,"rc":23.7,"sst":27.0,"om":4.14,"bf":false}},{"type":"Feature","geometry":{"type":"Polygon","coordinates":[[[-17.25,70.75],[-17.25,70.5],[-18.5,70.5],[-18.5,70.25],[-19.5,70.25],[-19.5,70.0],[-20.75,70.0],[-20.75,69.75],[-20.5,69.75],[-20.5,69.5],[-21.0,69.5],[-21.0,69.25],[-20.5,69.25],[-20.5,69.0],[-21.0,69.0],[-21.0,68.75],[-20.75,68.75],[-20.75,68.5],[-20.5,68.5],[-20.5,68.25],[-20.0,68.25],[-20.0,68.0],[-20.75,68.0],[-20.75,67.75],[-20.25,67.75],[-20.25,67.5],[-20.0,67.5],[-20.0,67.25],[-20.5,67.25],[-20.5,66.75],[-20.25,66.75],[-20.25,66.5],[-20.0,66.5],[-20.0,66.25],[-20.75,66.25],[-20.75,66.0],[-20.5,66.0],[-20.5,65.75],[-19.75,65.75],[-19.75,66.0],[-18.0,66.0],[-18.0,66.25],[-16.5,66.25],[-16.5,66.5],[-15.75,66.5],[-15.75,66.75],[-16.25,66.75],[-16.25,67.0],[-15.5,67.0],[-15.5,67.25],[-15.75,67.25],[-15.75,67.5],[-16.0,67.5],[-16.0,67.75],[-15.75,67.75],[-15.75,69.0],[-15.5,69.0],[-15.5,69.25],[-15.75,69.25],[-15.75,69.5],[-15.5,69.5],[-15.5,69.75],[-15.75,69.75],[-15.75,70.0],[-15.5,70.0],[-15.5,70.25],[-16.0,70.25],[-16.0,70.5],[-16.5,70.5],[-16.5,70.75],[-17.25,70.75]]]},"properties":{"id":36,"lon":-18.12,"lat":68.37,"e5":0.52,"e10":0.55,"e15":0.56,"rh":13.1,"rc":34.0,"sst":2.0,"om":1.91,"bf":false}},{"type":"Feature","geometry":{"type":"Polygon","coordinates":[[[23.25,75.0],[23.25,74.75],[22.25,74.75],[22.25,74.5],[21.5,74.5],[21.5,74.25],[22.25,74.25],[22.25,74.0],[22.5,74.0],[22.5,73.75],[21.5,73.75],[21.5,73.5],[22.25,73.5],[22.25,73.25],[22.5,73.25],[22.5,73.0],[21.5,73.0],[21.5,72.75],[21.75,72.75],[21.75,72.5],[22.25,72.5],[22.25,72.25],[22.0,72.25],[22.0,72.0],[22.5,72.0],[22.5,71.75],[22.0,71.75],[22.0,71.5],[22.5,71.5],[22.5,70.75],[23.0,70.75],[23.0,70.5],[23.25,70.5],[23.25,70.75],[24.25,70.75],[24.25,71.0],[25.25,71.0],[25.25,71.25],[25.75,71.25],[25.75,71.0],[26.25,71.0],[26.25,70.75],[27.0,70.75],[27.0,71.25],[26.5,71.25],[26.5,71.5],[27.0,71.5],[27.0,71.75],[26.5,71.75],[26.5,72.0],[26.75,72.0],[26.75,72.25],[27.75,72.25],[27.75,72.5],[27.25,72.5],[27.25,72.75],[27.0,72.75],[27.0,73.25],[26.25,73.25],[26.25,73.5],[27.0,73.5],[27.0,73.75],[27.5,73.75],[27.5,74.0],[26.5,74.0],[26.5,74.25],[27.0,74.25],[27.0,74.5],[26.25,74.5],[26.25,74.75],[25.25,74.75],[25.25,75.0],[23.25,75.0]]]},"properties":{"id":37,"lon":24.25,"lat":72.87,"e5":0.53,"e10":0.56,"e15":0.58,"rh":12.6,"rc":32.8,"sst":5.1,"om":2.22,"bf":false}},{"type":"Feature","geometry":{"type":"Polygon","coordinates":[[[-32.0,-5.25],[-32.0,-6.0],[-33.25,-6.0],[-33.25,-6.25],[-34.25,-6.25],[-34.25,-6.5],[-35.5,-6.5],[-35.5,-6.75],[-34.25,-6.75],[-34.25,-8.25],[-35.5,-8.25],[-35.5,-10.0],[-31.0,-10.0],[-31.0,-5.25],[-32.0,-5.25]]]},"properties":{"id":38,"lon":-32.62,"lat":-7.5,"e5":0.71,"e10":0.77,"e15":0.79,"rh":9.1,"rc":23.6,"sst":27.1,"om":4.19,"bf":false}},{"type":"Feature","geometry":{"type":"Polygon","coordinates":[[[-75.5,36.25],[-75.5,35.25],[-76.75,35.25],[-76.75,34.75],[-77.75,34.75],[-77.75,33.0],[-76.75,33.0],[-76.75,32.0],[-75.75,32.0],[-75.75,31.5],[-74.5,31.5],[-74.5,32.5],[-72.5,32.5],[-72.5,32.25],[-72.25,32.25],[-72.25,33.25],[-71.25,33.25],[-71.25,34.25],[-71.0,34.25],[-71.0,35.0],[-72.25,35.0],[-72.25,35.5],[-73.25,35.5],[-73.25,36.0],[-75.25,36.0],[-75.25,36.25],[-75.5,36.25]]]},"properties":{"id":39,"lon":-74.5,"lat":33.75,"e5":0.55,"e10":0.65,"e15":0.70,"rh":9.4,"rc":24.3,"sst":24.6,"om":4.03,"bf":false}},{"type":"Feature","geometry":{"type":"Polygon","coordinates":[[[-55.75,70.25],[-55.75,70.0],[-56.0,70.0],[-56.0,69.75],[-56.25,69.75],[-56.25,70.0],[-57.5,70.0],[-57.5,69.75],[-57.75,69.75],[-57.75,69.5],[-57.5,69.5],[-57.5,69.25],[-57.75,69.25],[-57.75,69.0],[-57.5,69.0],[-57.5,68.75],[-57.75,68.75],[-57.75,68.5],[-58.0,68.5],[-58.0,68.25],[-57.5,68.25],[-57.5,68.0],[-57.75,68.0],[-57.75,67.75],[-58.0,67.75],[-58.0,67.5],[-58.25,67.5],[-58.25,67.25],[-57.5,67.25],[-57.5,67.0],[-57.75,67.0],[-57.75,66.75],[-58.0,66.75],[-58.0,66.5],[-57.5,66.5],[-57.5,66.0],[-57.75,66.0],[-57.75,65.75],[-58.0,65.75],[-58.0,65.5],[-58.25,65.5],[-58.25,65.25],[-57.5,65.25],[-57.5,65.0],[-55.25,65.0],[-55.25,64.75],[-55.0,64.75],[-55.0,65.0],[-54.75,65.0],[-54.75,65.25],[-53.75,65.25],[-53.75,65.75],[-53.5,65.75],[-53.5,66.25],[-53.25,66.25],[-53.25,66.5],[-53.0,66.5],[-53.0,66.75],[-53.75,66.75],[-53.75,67.0],[-53.5,67.0],[-53.5,67.25],[-54.25,67.25],[-54.25,67.5],[-54.0,67.5],[-54.0,67.75],[-53.75,67.75],[-53.75,68.0],[-53.5,68.0],[-53.5,68.25],[-53.25,68.25],[-53.25,68.5],[-53.0,68.5],[-53.0,69.0],[-52.75,69.0],[-52.75,69.25],[-53.0,69.25],[-53.0,69.5],[-54.75,69.5],[-54.75,70.0],[-55.0,70.0],[-55.0,70.25],[-55.75,70.25]]]},"properties":{"id":40,"lon":-56.0,"lat":67.62,"e5":0.66,"e10":0.68,"e15":0.69,"rh":13.6,"rc":35.3,"sst":-0.2,"om":1.58,"bf":false}},{"type":"Feature","geometry":{"type":"Polygon","coordinates":[[[-65.75,21.5],[-65.75,20.0],[-67.0,20.0],[-67.0,18.5],[-65.75,18.5],[-65.75,17.0],[-64.75,17.0],[-64.75,15.5],[-62.5,15.5],[-62.5,17.25],[-61.25,17.25],[-61.25,19.25],[-62.5,19.25],[-62.5,20.75],[-63.5,20.75],[-63.5,21.25],[-64.75,21.25],[-64.75,21.5],[-65.75,21.5]]]},"properties":{"id":41,"lon":-64.12,"lat":18.87,"e5":0.64,"e10":0.72,"e15":0.75,"rh":9.1,"rc":23.7,"sst":27.2,"om":4.16,"bf":false}},{"type":"Feature","geometry":{"type":"Polygon","coordinates":[[[10.75,69.0],[10.75,68.75],[10.25,68.75],[10.25,68.5],[10.75,68.5],[10.75,68.25],[10.0,68.25],[10.0,68.0],[8.75,68.0],[8.75,67.75],[7.75,67.75],[7.75,67.5],[8.0,67.5],[8.0,67.0],[7.5,67.0],[7.5,66.75],[8.0,66.75],[8.0,66.5],[8.25,66.5],[8.25,66.0],[7.75,66.0],[7.75,65.75],[8.0,65.75],[8.0,65.5],[8.5,65.5],[8.5,65.25],[8.75,65.25],[8.75,65.0],[9.0,65.0],[9.0,64.75],[8.5,64.75],[8.5,64.0],[8.75,64.0],[8.75,63.75],[10.0,63.75],[10.0,64.0],[10.75,64.0],[10.75,64.25],[10.5,64.25],[10.5,64.5],[11.25,64.5],[11.25,64.75],[11.0,64.75],[11.0,65.25],[12.5,65.25],[12.5,65.75],[12.25,65.75],[12.25,66.0],[13.0,66.0],[13.0,66.25],[12.75,66.25],[12.75,66.5],[13.25,66.5],[13.25,66.75],[14.25,66.75],[14.25,67.0],[13.75,67.0],[13.75,67.25],[14.25,67.25],[14.25,67.75],[13.75,67.75],[13.75,68.0],[13.5,68.0],[13.5,68.25],[13.0,68.25],[13.0,68.5],[12.75,68.5],[12.75,68.75],[12.25,68.75],[12.25,69.0],[10.75,69.0]]]},"properties":{"id":42,"lon":10.5,"lat":66.37,"e5":0.55,"e10":0.58,"e15":0.59,"rh":12.1,"rc":31.5,"sst":8.7,"om":2.48,"bf":false}},{"type":"Feature","geometry":{"type":"Polygon","coordinates":[[[-50.5,50.75],[-50.5,50.0],[-51.5,50.0],[-51.5,49.75],[-51.75,49.75],[-51.75,49.0],[-52.75,49.0],[-52.75,47.0],[-53.0,47.0],[-53.0,46.5],[-51.75,46.5],[-51.75,45.5],[-52.0,45.5],[-52.0,44.5],[-50.75,44.5],[-50.75,44.0],[-49.75,44.0],[-49.75,44.5],[-48.75,44.5],[-48.75,45.5],[-47.5,45.5],[-47.5,49.25],[-48.5,49.25],[-48.5,50.75],[-50.5,50.75]]]},"properties":{"id":43,"lon":-50.12,"lat":48.0,"e5":0.76,"e10":0.79,"e15":0.80,"rh":12.8,"rc":33.4,"sst":7.0,"om":1.99,"bf":false}},{"type":"Feature","geometry":{"type":"Polygon","coordinates":[[[-10.25,53.25],[-10.25,53.0],[-10.75,53.0],[-10.75,52.25],[-11.75,52.25],[-11.75,51.5],[-11.5,51.5],[-11.5,51.25],[-12.75,51.25],[-12.75,51.0],[-12.5,51.0],[-12.5,50.5],[-13.5,50.5],[-13.5,49.0],[-13.25,49.0],[-13.25,48.75],[-12.25,48.75],[-12.25,48.5],[-11.0,48.5],[-11.0,48.0],[-10.0,48.0],[-10.0,47.75],[-9.0,47.75],[-9.0,48.25],[-8.0,48.25],[-8.0,48.75],[-7.0,48.75],[-7.0,50.25],[-7.25,50.25],[-7.25,51.5],[-7.5,51.5],[-7.5,52.0],[-8.5,52.0],[-8.5,51.5],[-9.5,51.5],[-9.5,52.0],[-9.75,52.0],[-9.75,53.25],[-10.25,53.25]]]},"properties":{"id":44,"lon":-9.87,"lat":50.75,"e5":0.63,"e10":0.70,"e15":0.71,"rh":11.5,"rc":29.8,"sst":14.3,"om":2.84,"bf":false}},{"type":"Feature","geometry":{"type":"MultiPolygon","coordinates":[[[[-56.75,59.5],[-56.75,59.25],[-55.25,59.25],[-55.25,59.0],[-55.5,59.0],[-55.5,58.5],[-54.5,58.5],[-54.5,58.0],[-54.75,58.0],[-54.75,57.75],[-54.25,57.75],[-54.25,57.5],[-53.75,57.5],[-53.75,57.25],[-52.75,57.25],[-52.75,57.0],[-53.0,57.0],[-53.0,55.25],[-54.25,55.25],[-54.25,53.75],[-55.5,53.75],[-55.5,53.5],[-56.5,53.5],[-56.5,53.75],[-57.25,53.75],[-57.25,54.0],[-57.5,54.0],[-57.5,54.25],[-57.25,54.25],[-57.25,54.75],[-59.25,54.75],[-59.25,55.75],[-59.0,55.75],[-59.0,56.75],[-58.0,56.75],[-58.0,57.0],[-57.75,57.0],[-57.75,58.0],[-57.5,58.0],[-57.5,58.75],[-57.25,58.75],[-57.25,59.5],[-56.75,59.5]]],[[[-53.5,59.25],[-53.5,58.75],[-54.5,58.75],[-54.5,59.25],[-53.5,59.25]]]]},"properties":{"id":45,"lon":-56.0,"lat":56.25,"e5":0.64,"e10":0.67,"e15":0.67,"rh":13.0,"rc":33.9,"sst":3.3,"om":1.92,"bf":false}},{"type":"Feature","geometry":{"type":"Polygon","coordinates":[[[-58.0,10.75],[-58.0,9.25],[-59.0,9.25],[-59.0,7.5],[-58.0,7.5],[-58.0,6.25],[-56.75,6.25],[-56.75,6.0],[-54.5,6.0],[-54.5,5.75],[-53.5,5.75],[-53.5,9.0],[-54.5,9.0],[-54.5,9.75],[-55.75,9.75],[-55.75,10.75],[-58.0,10.75]]]},"properties":{"id":46,"lon":-56.25,"lat":8.25,"e5":0.69,"e10":0.75,"e15":0.77,"rh":9.0,"rc":23.4,"sst":28.0,"om":4.14,"bf":false}},{"type":"Feature","geometry":{"type":"Polygon","coordinates":[[[-16.75,75.25],[-16.75,75.0],[-17.25,75.0],[-17.25,74.75],[-17.75,74.75],[-17.75,74.5],[-16.5,74.5],[-16.5,74.0],[-17.25,74.0],[-17.25,73.75],[-17.5,73.75],[-17.5,73.5],[-16.5,73.5],[-16.5,73.25],[-17.25,73.25],[-17.25,73.0],[-17.0,73.0],[-17.0,72.75],[-16.5,72.75],[-16.5,72.5],[-17.25,72.5],[-17.25,72.25],[-17.0,72.25],[-17.0,71.75],[-17.25,71.75],[-17.25,71.5],[-16.75,71.5],[-16.75,71.25],[-17.0,71.25],[-17.0,71.0],[-16.25,71.0],[-16.25,70.75],[-16.5,70.75],[-16.5,70.5],[-16.0,70.5],[-16.0,70.25],[-15.5,70.25],[-15.5,70.0],[-14.75,70.0],[-14.75,70.25],[-13.5,70.25],[-13.5,70.5],[-12.5,70.5],[-12.5,70.75],[-11.5,70.75],[-11.5,71.25],[-12.0,71.25],[-12.0,71.5],[-11.0,71.5],[-11.0,71.75],[-11.75,71.75],[-11.75,72.0],[-11.5,72.0],[-11.5,72.5],[-12.25,72.5],[-12.25,72.75],[-11.5,72.75],[-11.5,73.0],[-12.25,73.0],[-12.25,73.25],[-12.0,73.25],[-12.0,73.5],[-11.5,73.5],[-11.5,73.75],[-11.75,73.75],[-11.75,74.0],[-12.25,74.0],[-12.25,74.25],[-11.75,74.25],[-11.75,74.5],[-11.5,74.5],[-11.5,74.75],[-13.25,74.75],[-13.25,75.0],[-16.5,75.0],[-16.5,75.25],[-16.75,75.25]]]},"properties":{"id":47,"lon":-14.37,"lat":72.62,"e5":0.54,"e10":0.56,"e15":0.57,"rh":13.4,"rc":34.8,"sst":-0.7,"om":1.72,"bf":false}},{"type":"Feature","geometry":{"type":"Polygon","coordinates":[[[-27.75,68.5],[-27.75,68.25],[-30.25,68.25],[-30.25,68.0],[-30.75,68.0],[-30.75,67.75],[-30.5,67.75],[-30.5,67.25],[-30.25,67.25],[-30.25,66.75],[-30.0,66.75],[-30.0,66.5],[-30.75,66.5],[-30.75,66.25],[-30.5,66.25],[-30.5,65.5],[-30.25,65.5],[-30.25,65.0],[-30.0,65.0],[-30.0,64.25],[-29.75,64.25],[-29.75,63.75],[-28.75,63.75],[-28.75,63.25],[-28.5,63.25],[-28.5,62.5],[-27.5,62.5],[-27.5,62.75],[-27.75,62.75],[-27.75,63.0],[-26.75,63.0],[-26.75,63.25],[-27.0,63.25],[-27.0,63.75],[-26.75,63.75],[-26.75,64.0],[-26.25,64.0],[-26.25,64.25],[-25.75,64.25],[-25.75,65.0],[-26.0,65.0],[-26.0,65.25],[-25.25,65.25],[-25.25,65.5],[-25.5,65.5],[-25.5,65.75],[-24.75,65.75],[-24.75,66.0],[-25.0,66.0],[-25.0,66.5],[-25.25,66.5],[-25.25,66.75],[-25.5,66.75],[-25.5,67.0],[-25.75,67.0],[-25.75,67.25],[-25.0,67.25],[-25.0,67.5],[-25.25,67.5],[-25.25,67.75],[-25.5,67.75],[-25.5,68.0],[-25.75,68.0],[-25.75,68.25],[-26.0,68.25],[-26.0,68.5],[-27.75,68.5]]]},"properties":{"id":48,"lon":-28.0,"lat":65.62,"e5":0.37,"e10":0.39,"e15":0.40,"rh":12.7,"rc":33.1,"sst":5.4,"om":2.14,"bf":false}},{"type":"Feature","geometry":{"type":"Polygon","coordinates":[[[-14.0,57.0],[-14.0,56.5],[-15.0,56.5],[-15.0,56.25],[-14.75,56.25],[-14.75,56.0],[-15.75,56.0],[-15.75,55.25],[-16.0,55.25],[-16.0,55.0],[-16.5,55.0],[-16.5,54.0],[-16.25,54.0],[-16.25,52.75],[-16.0,52.75],[-16.0,51.5],[-15.75,51.5],[-15.75,51.0],[-15.0,51.0],[-15.0,51.25],[-14.75,51.25],[-14.75,50.25],[-14.5,50.25],[-14.5,49.5],[-13.5,49.5],[-13.5,50.5],[-12.5,50.5],[-12.5,51.0],[-12.75,51.0],[-12.75,51.25],[-11.5,51.25],[-11.5,51.5],[-11.75,51.5],[-11.75,52.25],[-10.75,52.25],[-10.75,53.0],[-10.25,53.0],[-10.25,53.25],[-10.0,53.25],[-10.0,54.25],[-10.25,54.25],[-10.25,55.0],[-10.5,55.0],[-10.5,55.25],[-11.25,55.25],[-11.25,55.0],[-11.5,55.0],[-11.5,55.75],[-11.75,55.75],[-11.75,56.75],[-12.0,56.75],[-12.0,57.0],[-14.0,57.0]]]},"properties":{"id":49,"lon":-13.12,"lat":53.62,"e5":0.59,"e10":0.65,"e15":0.66,"rh":11.6,"rc":30.2,"sst":13.4,"om":2.75,"bf":false}},{"type":"Feature","geometry":{"type":"Polygon","coordinates":[[[-4.75,62.0],[-4.75,61.75],[-6.5,61.75],[-6.5,61.5],[-8.0,61.5],[-8.0,61.25],[-7.75,61.25],[-7.75,61.0],[-7.5,61.0],[-7.5,60.5],[-7.25,60.5],[-7.25,60.0],[-7.0,60.0],[-7.0,59.5],[-6.75,59.5],[-6.75,59.0],[-6.5,59.0],[-6.5,58.5],[-6.25,58.5],[-6.25,57.75],[-5.25,57.75],[-5.25,58.25],[-4.5,58.25],[-4.5,58.5],[-2.75,58.5],[-2.75,58.75],[-2.5,58.75],[-2.5,59.25],[-2.75,59.25],[-2.75,59.5],[-1.75,59.5],[-1.75,59.75],[-2.0,59.75],[-2.0,60.25],[-2.25,60.25],[-2.25,60.5],[-1.25,60.5],[-1.25,60.75],[-1.5,60.75],[-1.5,61.25],[-1.75,61.25],[-1.75,61.5],[-2.0,61.5],[-2.0,61.75],[-3.25,61.75],[-3.25,62.0],[-4.75,62.0]]]},"properties":{"id":50,"lon":-4.5,"lat":59.87,"e5":0.59,"e10":0.63,"e15":0.63,"rh":11.9,"rc":31.0,"sst":10.7,"om":2.59,"bf":false}},{"type":"Feature","geometry":{"type":"Polygon","coordinates":[[[-97.0,28.75],[-97.0,27.25],[-97.25,27.25],[-97.25,22.5],[-96.0,22.5],[-96.0,23.0],[-95.0,23.0],[-95.0,23.25],[-93.75,23.25],[-93.75,23.75],[-92.75,23.75],[-92.75,26.25],[-93.75,26.25],[-93.75,27.75],[-94.75,27.75],[-94.75,28.75],[-97.0,28.75]]]},"properties":{"id":51,"lon":-95.0,"lat":25.0,"e5":0.58,"e10":0.69,"e15":0.73,"rh":9.3,"rc":24.1,"sst":25.8,"om":4.07,"bf":false}},{"type":"Feature","geometry":{"type":"Polygon","coordinates":[[[-14.25,65.0],[-14.25,64.75],[-14.0,64.75],[-14.0,64.5],[-15.0,64.5],[-15.0,64.25],[-16.5,64.25],[-16.5,64.0],[-16.25,64.0],[-16.25,63.75],[-17.0,63.75],[-17.0,63.25],[-16.75,63.25],[-16.75,63.0],[-16.5,63.0],[-16.5,62.5],[-17.25,62.5],[-17.25,62.0],[-17.0,62.0],[-17.0,61.5],[-16.75,61.5],[-16.75,61.0],[-16.5,61.0],[-16.5,60.5],[-16.25,60.5],[-16.25,60.0],[-15.0,60.0],[-15.0,60.25],[-13.25,60.25],[-13.25,60.5],[-13.5,60.5],[-13.5,60.75],[-12.25,60.75],[-12.25,61.0],[-11.75,61.0],[-11.75,61.25],[-11.5,61.25],[-11.5,61.5],[-11.0,61.5],[-11.0,61.75],[-11.25,61.75],[-11.25,62.25],[-11.5,62.25],[-11.5,62.5],[-11.75,62.5],[-11.75,63.0],[-12.0,63.0],[-12.0,63.25],[-12.25,63.25],[-12.25,63.75],[-12.5,63.75],[-12.5,64.0],[-12.75,64.0],[-12.75,64.25],[-12.0,64.25],[-12.0,64.5],[-12.25,64.5],[-12.25,64.75],[-13.25,64.75],[-13.25,65.0],[-14.25,65.0]]]},"properties":{"id":52,"lon":-14.12,"lat":62.75,"e5":0.49,"e10":0.53,"e15":0.54,"rh":12.2,"rc":31.6,"sst":10.2,"om":2.47,"bf":false}},{"type":"Feature","geometry":{"type":"Polygon","coordinates":[[[-79.0,34.0],[-79.0,33.0],[-80.0,33.0],[-80.0,32.5],[-80.25,32.5],[-80.25,32.25],[-81.25,32.25],[-81.25,29.0],[-81.5,29.0],[-81.5,28.75],[-80.25,28.75],[-80.25,27.25],[-79.25,27.25],[-79.25,27.75],[-75.75,27.75],[-75.75,30.25],[-76.75,30.25],[-76.75,30.5],[-75.75,30.5],[-75.75,32.0],[-76.75,32.0],[-76.75,33.0],[-77.75,33.0],[-77.75,34.0],[-79.0,34.0]]]},"properties":{"id":53,"lon":-78.5,"lat":31.25,"e5":0.57,"e10":0.67,"e15":0.71,"rh":9.2,"rc":24.0,"sst":25.6,"om":4.09,"bf":false}},{"type":"Feature","geometry":{"type":"Polygon","coordinates":[[[-86.0,21.0],[-86.0,20.5],[-87.25,20.5],[-87.25,19.0],[-88.25,19.0],[-88.25,15.75],[-86.0,15.75],[-86.0,16.0],[-85.0,16.0],[-85.0,15.75],[-83.75,15.75],[-83.75,17.0],[-82.75,17.0],[-82.75,18.25],[-83.75,18.25],[-83.75,20.5],[-85.0,20.5],[-85.0,21.0],[-86.0,21.0]]]},"properties":{"id":54,"lon":-86.0,"lat":18.62,"e5":0.61,"e10":0.70,"e15":0.73,"rh":9.0,"rc":23.4,"sst":27.9,"om":4.2,"bf":false}},{"type":"Feature","geometry":{"type":"Polygon","coordinates":[[[-78.25,14.75],[-78.25,13.5],[-79.25,13.5],[-79.25,13.0],[-78.25,13.0],[-78.25,9.0],[-76.0,9.0],[-76.0,10.5],[-74.75,10.5],[-74.75,11.0],[-73.75,11.0],[-73.75,11.25],[-72.5,11.25],[-72.5,13.25],[-73.75,13.25],[-73.75,14.0],[-74.75,14.0],[-74.75,14.75],[-78.25,14.75]]]},"properties":{"id":55,"lon":-75.37,"lat":12.12,"e5":0.65,"e10":0.72,"e15":0.75,"rh":9.1,"rc":23.6,"sst":27.6,"om":4.12,"bf":false}},{"type":"Feature","geometry":{"type":"Polygon","coordinates":[[[-45.5,1.75],[-45.5,0.0],[-46.75,0.0],[-46.75,-1.0],[-45.5,-1.0],[-45.5,-1.5],[-44.5,-1.5],[-44.5,-2.5],[-43.25,-2.5],[-43.25,-2.75],[-42.25,-2.75],[-42.25,-3.0],[-41.0,-3.0],[-41.0,-0.25],[-40.0,-0.25],[-40.0,0.0],[-41.0,0.0],[-41.0,0.75],[-42.25,0.75],[-42.25,1.25],[-43.25,1.25],[-43.25,1.5],[-44.5,1.5],[-44.5,1.75],[-45.5,1.75]]]},"properties":{"id":56,"lon":-43.87,"lat":-0.62,"e5":0.70,"e10":0.76,"e15":0.79,"rh":9.1,"rc":23.5,"sst":27.7,"om":4.17,"bf":false}},{"type":"Feature","geometry":{"type":"Polygon","coordinates":[[[-64.5,65.25],[-64.5,65.0],[-64.75,65.0],[-64.75,64.75],[-65.0,64.75],[-65.0,64.25],[-64.5,64.25],[-64.5,64.0],[-64.75,64.0],[-64.75,63.5],[-65.0,63.5],[-65.0,63.25],[-65.25,63.25],[-65.25,63.0],[-65.5,63.0],[-65.5,63.25],[-66.0,63.25],[-66.0,63.0],[-66.25,63.0],[-66.25,62.75],[-66.5,62.75],[-66.5,62.5],[-66.25,62.5],[-66.25,62.25],[-65.75,62.25],[-65.75,62.0],[-66.75,62.0],[-66.75,61.75],[-67.0,61.75],[-67.0,61.5],[-67.25,61.5],[-67.25,61.25],[-66.5,61.25],[-66.5,60.5],[-66.75,60.5],[-66.75,60.0],[-67.0,60.0],[-67.0,59.5],[-66.0,59.5],[-66.0,59.25],[-66.25,59.25],[-66.25,59.0],[-65.25,59.0],[-65.25,59.25],[-65.0,59.25],[-65.0,60.0],[-64.0,60.0],[-64.0,59.25],[-63.0,59.25],[-63.0,59.5],[-62.0,59.5],[-62.0,60.0],[-61.75,60.0],[-61.75,60.75],[-61.5,60.75],[-61.5,61.25],[-61.25,61.25],[-61.25,61.5],[-62.25,61.5],[-62.25,61.75],[-62.0,61.75],[-62.0,62.25],[-62.75,62.25],[-62.75,62.5],[-62.5,62.5],[-62.5,63.0],[-62.25,63.0],[-62.25,63.25],[-63.0,63.25],[-63.0,63.75],[-62.75,63.75],[-62.75,64.0],[-63.25,64.0],[-63.25,64.5],[-63.75,64.5],[-63.75,64.75],[-64.0,64.75],[-64.0,65.0],[-64.25,65.0],[-64.25,65.25],[-64.5,65.25]]]},"properties":{"id":57,"lon":-63.87,"lat":62.12,"e5":0.68,"e10":0.71,"e15":0.72,"rh":13.5,"rc":35.0,"sst":0.2,"om":1.64,"bf":false}},{"type":"Feature","geometry":{"type":"Polygon","coordinates":[[[-53.5,66.0],[-53.5,65.75],[-53.75,65.75],[-53.75,65.25],[-54.75,65.25],[-54.75,65.0],[-55.0,65.0],[-55.0,64.75],[-55.25,64.75],[-55.25,64.25],[-55.5,64.25],[-55.5,63.75],[-55.0,63.75],[-55.0,63.5],[-54.75,63.5],[-54.75,63.25],[-55.0,63.25],[-55.0,62.75],[-55.25,62.75],[-55.25,62.5],[-54.5,62.5],[-54.5,61.5],[-54.75,61.5],[-54.75,60.75],[-54.0,60.75],[-54.0,60.0],[-54.25,60.0],[-54.25,59.5],[-53.25,59.5],[-53.25,60.25],[-53.0,60.25],[-53.0,60.75],[-52.25,60.75],[-52.25,60.5],[-52.0,60.5],[-52.0,61.5],[-51.75,61.5],[-51.75,61.75],[-50.75,61.75],[-50.75,62.75],[-50.5,62.75],[-50.5,63.25],[-51.25,63.25],[-51.25,63.75],[-51.0,63.75],[-51.0,64.0],[-51.25,64.0],[-51.25,64.25],[-51.75,64.25],[-51.75,64.5],[-52.5,64.5],[-52.5,65.0],[-52.25,65.0],[-52.25,65.5],[-53.0,65.5],[-53.0,65.75],[-52.75,65.75],[-52.75,66.0],[-53.5,66.0]]]},"properties":{"id":58,"lon":-52.75,"lat":63.0,"e5":0.43,"e10":0.45,"e15":0.46,"rh":12.9,"rc":33.4,"sst":4.2,"om":2.04,"bf":false}},{"type":"Feature","geometry":{"type":"Polygon","coordinates":[[[-82.75,17.5],[-82.75,17.0],[-83.75,17.0],[-83.75,14.5],[-82.75,14.5],[-82.75,14.25],[-83.75,14.25],[-83.75,13.0],[-80.5,13.0],[-80.5,13.25],[-79.25,13.25],[-79.25,13.5],[-78.25,13.5],[-78.25,15.25],[-79.25,15.25],[-79.25,17.5],[-82.75,17.5]]]},"properties":{"id":59,"lon":-81.5,"lat":16.12,"e5":0.63,"e10":0.71,"e15":0.74,"rh":9.0,"rc":23.4,"sst":27.9,"om":4.18,"bf":false}},{"type":"Feature","geometry":{"type":"Polygon","coordinates":[[[-13.25,34.5],[-13.25,33.25],[-14.5,33.25],[-14.5,32.25],[-14.25,32.25],[-14.25,30.0],[-13.25,30.0],[-13.25,28.5],[-11.0,28.5],[-11.0,29.0],[-9.75,29.0],[-9.75,31.0],[-10.0,31.0],[-10.0,31.75],[-9.25,31.75],[-9.25,32.0],[-8.75,32.0],[-8.75,32.25],[-10.0,32.25],[-10.0,33.25],[-11.0,33.25],[-11.0,33.75],[-12.25,33.75],[-12.25,34.5],[-13.25,34.5]]]},"properties":{"id":60,"lon":-12.12,"lat":31.37,"e5":0.55,"e10":0.60,"e15":0.64,"rh":10.5,"rc":27.4,"sst":20.0,"om":3.39,"bf":false}},{"type":"Feature","geometry":{"type":"Polygon","coordinates":[[[-61.5,61.25],[-61.5,60.75],[-61.75,60.75],[-61.75,60.0],[-62.0,60.0],[-62.0,59.5],[-63.0,59.5],[-63.0,59.25],[-63.25,59.25],[-63.25,58.75],[-62.5,58.75],[-62.5,58.0],[-62.75,58.0],[-62.75,57.75],[-61.75,57.75],[-61.75,57.0],[-61.0,57.0],[-61.0,56.0],[-61.25,56.0],[-61.25,55.75],[-60.25,55.75],[-60.25,55.25],[-59.25,55.25],[-59.25,55.75],[-59.0,55.75],[-59.0,56.75],[-58.0,56.75],[-58.0,57.0],[-57.75,57.0],[-57.75,58.0],[-57.5,58.0],[-57.5,58.75],[-57.25,58.75],[-57.25,59.75],[-58.0,59.75],[-58.0,60.25],[-58.75,60.25],[-58.75,61.25],[-61.5,61.25]]]},"properties":{"id":61,"lon":-60.0,"lat":58.37,"e5":0.66,"e10":0.68,"e15":0.69,"rh":13.2,"rc":34.4,"sst":1.5,"om":1.79,"bf":false}},{"type":"Feature","geometry":{"type":"Polygon","coordinates":[[[10.75,59.25],[10.75,59.0],[9.25,59.0],[9.25,58.75],[9.5,58.75],[9.5,58.5],[8.75,58.5],[8.75,58.25],[7.0,58.25],[7.0,58.0],[5.5,58.0],[5.5,57.5],[5.0,57.5],[5.0,57.25],[4.75,57.25],[4.75,56.75],[5.0,56.75],[5.0,56.25],[5.25,56.25],[5.25,55.5],[5.5,55.5],[5.5,55.0],[5.75,55.0],[5.75,54.25],[6.0,54.25],[6.0,53.5],[7.75,53.5],[7.75,53.75],[9.25,53.75],[9.25,54.25],[9.0,54.25],[9.0,55.0],[8.75,55.0],[8.75,55.5],[8.5,55.5],[8.5,56.25],[8.25,56.25],[8.25,56.75],[8.0,56.75],[8.0,57.0],[10.0,57.0],[10.0,57.25],[11.75,57.25],[11.75,57.5],[12.0,57.5],[12.0,58.0],[11.75,58.0],[11.75,58.5],[11.5,58.5],[11.5,59.0],[11.25,59.0],[11.25,59.25],[10.75,59.25]]]},"properties":{"id":62,"lon":6.62,"lat":56.5,"e5":0.79,"e10":0.81,"e15":0.81,"rh":12.4,"rc":32.2,"sst":10.0,"om":2.18,"bf":false}},{"type":"Feature","geometry":{"type":"Polygon","coordinates":[[[-66.5,50.5],[-66.5,50.0],[-67.5,50.0],[-67.5,49.5],[-67.75,49.5],[-67.75,49.25],[-65.75,49.25],[-65.75,49.0],[-64.5,49.0],[-64.5,48.0],[-64.75,48.0],[-64.75,46.5],[-61.5,46.5],[-61.5,48.0],[-61.25,48.0],[-61.25,50.0],[-61.75,50.0],[-61.75,50.25],[-66.0,50.25],[-66.0,50.5],[-66.5,50.5]]]},"properties":{"id":63,"lon":-62.87,"lat":48.5,"e5":0.82,"e10":0.83,"e15":0.84,"rh":13.1,"rc":34.0,"sst":6.2,"om":1.68,"bf":false}},{"type":"Feature","geometry":{"type":"Polygon","coordinates":[[[1.5,6.25],[1.5,6.0],[0.5,6.0],[0.5,5.5],[-0.75,5.5],[-0.75,2.25],[0.5,2.25],[0.5,2.5],[2.75,2.5],[2.75,2.25],[3.75,2.25],[3.75,2.75],[5.0,2.75],[5.0,6.25],[1.5,6.25]]]},"properties":{"id":64,"lon":2.12,"lat":4.12,"e5":0.76,"e10":0.81,"e15":0.82,"rh":9.3,"rc":24.1,"sst":28.1,"om":3.96,"bf":false}},{"type":"Feature","geometry":{"type":"Polygon","coordinates":[[[-36.0,66.25],[-36.0,65.75],[-39.25,65.75],[-39.25,65.25],[-40.0,65.25],[-40.0,65.0],[-40.75,65.0],[-40.75,63.0],[-40.0,63.0],[-40.0,61.75],[-36.5,61.75],[-36.5,62.25],[-34.75,62.25],[-34.75,63.75],[-35.0,63.75],[-35.0,65.0],[-35.25,65.0],[-35.25,66.25],[-36.0,66.25]]]},"properties":{"id":65,"lon":-37.87,"lat":64.37,"e5":0.32,"e10":0.34,"e15":0.35,"rh":12.6,"rc":32.7,"sst":6.2,"om":2.22,"bf":false}},{"type":"Feature","geometry":{"type":"Polygon","coordinates":[[[2.0,66.0],[2.0,65.75],[1.75,65.75],[1.75,65.5],[2.0,65.5],[2.0,65.25],[0.5,65.25],[0.5,64.5],[-0.75,64.5],[-0.75,64.0],[-1.0,64.0],[-1.0,63.75],[-1.5,63.75],[-1.5,63.5],[-1.25,63.5],[-1.25,63.25],[-2.0,63.25],[-2.0,63.0],[-1.75,63.0],[-1.75,62.5],[-1.5,62.5],[-1.5,62.25],[-2.25,62.25],[-2.25,62.0],[-2.0,62.0],[-2.0,61.5],[-1.75,61.5],[-1.75,61.25],[-1.5,61.25],[-1.5,60.75],[-1.25,60.75],[-1.25,60.5],[-1.0,60.5],[-1.0,60.75],[-0.25,60.75],[-0.25,60.5],[0.0,60.5],[0.0,60.25],[0.25,60.25],[0.25,60.5],[1.75,60.5],[1.75,61.0],[2.25,61.0],[2.25,61.25],[2.5,61.25],[2.5,61.75],[3.0,61.75],[3.0,62.25],[3.75,62.25],[3.75,62.5],[3.5,62.5],[3.5,62.75],[4.25,62.75],[4.25,63.25],[4.0,63.25],[4.0,63.5],[3.75,63.5],[3.75,63.75],[3.5,63.75],[3.5,64.0],[3.25,64.0],[3.25,64.25],[3.0,64.25],[3.0,64.5],[2.75,64.5],[2.75,64.75],[2.5,64.75],[2.5,65.0],[3.25,65.0],[3.25,65.25],[3.0,65.25],[3.0,65.5],[2.75,65.5],[2.75,65.75],[2.5,65.75],[2.5,66.0],[2.0,66.0]]]},"properties":{"id":66,"lon":1.12,"lat":63.12,"e5":0.57,"e10":0.60,"e15":0.61,"rh":12.1,"rc":31.4,"sst":9.4,"om":2.5,"bf":false}},{"type":"Feature","geometry":{"type":"Polygon","coordinates":[[[-8.0,48.75],[-8.0,48.25],[-9.0,48.25],[-9.0,47.75],[-10.0,47.75],[-10.0,47.25],[-9.75,47.25],[-9.75,46.5],[-10.75,46.5],[-10.75,44.75],[-9.5,44.75],[-9.5,43.0],[-8.25,43.0],[-8.25,43.5],[-6.25,43.5],[-6.25,45.0],[-5.25,45.0],[-5.25,46.0],[-5.5,46.0],[-5.5,47.75],[-5.75,47.75],[-5.75,48.5],[-6.25,48.5],[-6.25,48.25],[-6.75,48.25],[-6.75,48.75],[-8.0,48.75]]]},"properties":{"id":67,"lon":-8.0,"lat":45.5,"e5":0.60,"e10":0.69,"e15":0.72,"rh":11.3,"rc":29.4,"sst":15.4,"om":2.93,"bf":false}},{"type":"Feature","geometry":{"type":"Polygon","coordinates":[[[-41.0,-0.25],[-41.0,-3.0],[-40.0,-3.0],[-40.0,-3.25],[-38.75,-3.25],[-38.75,-4.0],[-37.75,-4.0],[-37.75,-4.75],[-36.5,-4.75],[-36.5,-3.0],[-35.5,-3.0],[-35.5,-0.75],[-36.5,-0.75],[-36.5,-0.5],[-37.75,-0.5],[-37.75,-0.25],[-41.0,-0.25]]]},"properties":{"id":68,"lon":-38.25,"lat":-1.87,"e5":0.70,"e10":0.77,"e15":0.79,"rh":9.1,"rc":23.6,"sst":27.5,"om":4.16,"bf":false}},{"type":"Feature","geometry":{"type":"MultiPolygon","coordinates":[[[[-70.25,18.5],[-70.25,17.75],[-69.25,17.75],[-69.25,15.25],[-70.25,15.25],[-70.25,14.5],[-71.5,14.5],[-71.5,13.25],[-73.75,13.25],[-73.75,14.0],[-74.75,14.0],[-74.75,18.0],[-71.5,18.0],[-71.5,18.5],[-70.25,18.5]]],[[[-72.5,18.75],[-72.5,18.5],[-73.75,18.5],[-73.75,18.75],[-72.5,18.75]]]]},"properties":{"id":69,"lon":-72.0,"lat":16.5,"e5":0.63,"e10":0.71,"e15":0.74,"rh":9.0,"rc":23.5,"sst":27.7,"om":4.18,"bf":false}},{"type":"Feature","geometry":{"type":"Polygon","coordinates":[[[8.5,0.0],[8.5,-0.25],[6.25,-0.25],[6.25,-0.5],[5.0,-0.5],[5.0,-3.5],[6.25,-3.5],[6.25,-5.0],[7.25,-5.0],[7.25,-6.0],[8.5,-6.0],[8.5,-5.0],[9.5,-5.0],[9.5,-4.25],[10.75,-4.25],[10.75,-2.75],[9.5,-2.75],[9.5,-1.0],[8.5,-1.0],[8.5,-0.75],[9.5,-0.75],[9.5,0.0],[8.5,0.0]]]},"properties":{"id":70,"lon":7.87,"lat":-3.12,"e5":0.74,"e10":0.79,"e15":0.81,"rh":9.5,"rc":24.6,"sst":26.9,"om":3.85,"bf":false}},{"type":"Feature","geometry":{"type":"Polygon","coordinates":[[[-14.75,70.25],[-14.75,70.0],[-15.75,70.0],[-15.75,69.75],[-15.5,69.75],[-15.5,69.5],[-15.75,69.5],[-15.75,69.25],[-15.5,69.25],[-15.5,69.0],[-15.75,69.0],[-15.75,67.75],[-16.0,67.75],[-16.0,67.5],[-15.75,67.5],[-15.75,67.25],[-15.5,67.25],[-15.5,67.0],[-16.25,67.0],[-16.25,66.75],[-15.75,66.75],[-15.75,66.5],[-15.5,66.5],[-15.5,66.25],[-15.25,66.25],[-15.25,66.0],[-15.0,66.0],[-15.0,66.25],[-14.5,66.25],[-14.5,66.0],[-14.25,66.0],[-14.25,65.75],[-14.0,65.75],[-14.0,65.5],[-13.75,65.5],[-13.75,65.25],[-13.5,65.25],[-13.5,65.0],[-13.25,65.0],[-13.25,64.75],[-12.25,64.75],[-12.25,65.0],[-12.5,65.0],[-12.5,65.25],[-11.75,65.25],[-11.75,65.5],[-12.0,65.5],[-12.0,65.75],[-11.5,65.75],[-11.5,66.0],[-11.75,66.0],[-11.75,66.25],[-11.0,66.25],[-11.0,66.5],[-10.25,66.5],[-10.25,66.75],[-10.75,66.75],[-10.75,67.0],[-10.0,67.0],[-10.0,67.25],[-10.25,67.25],[-10.25,67.5],[-10.75,67.5],[-10.75,67.75],[-11.0,67.75],[-11.0,68.0],[-11.25,68.0],[-11.25,68.25],[-11.75,68.25],[-11.75,68.5],[-12.0,68.5],[-12.0,68.75],[-12.5,68.75],[-12.5,69.0],[-13.0,69.0],[-13.0,69.25],[-13.25,69.25],[-13.25,69.5],[-13.75,69.5],[-13.75,69.75],[-13.5,69.75],[-13.5,70.0],[-13.0,70.0],[-13.0,70.25],[-14.75,70.25]]]},"properties":{"id":71,"lon":-13.37,"lat":67.62,"e5":0.50,"e10":0.54,"e15":0.55,"rh":12.8,"rc":33.4,"sst":4.3,"om":2.07,"bf":false}},{"type":"Feature","geometry":{"type":"Polygon","coordinates":[[[-68.25,44.75],[-68.25,43.25],[-68.5,43.25],[-68.5,43.0],[-67.25,43.0],[-67.25,42.0],[-67.5,42.0],[-67.5,40.25],[-64.25,40.25],[-64.25,40.5],[-63.0,40.5],[-63.0,43.5],[-62.75,43.5],[-62.75,44.75],[-63.75,44.75],[-63.75,44.5],[-64.0,44.5],[-64.0,44.0],[-65.0,44.0],[-65.0,43.75],[-66.0,43.75],[-66.0,44.5],[-68.0,44.5],[-68.0,44.75],[-68.25,44.75]]]},"properties":{"id":72,"lon":-65.12,"lat":42.5,"e5":0.61,"e10":0.70,"e15":0.72,"rh":10.6,"rc":27.4,"sst":16.9,"om":3.35,"bf":false}},{"type":"Feature","geometry":{"type":"Polygon","coordinates":[[[-9.75,5.0],[-9.75,1.5],[-6.25,1.5],[-6.25,1.75],[-5.25,1.75],[-5.25,5.0],[-6.25,5.0],[-6.25,4.75],[-7.5,4.75],[-7.5,4.5],[-8.5,4.5],[-8.5,5.0],[-9.75,5.0]]]},"properties":{"id":73,"lon":-7.5,"lat":3.12,"e5":0.76,"e10":0.81,"e15":0.82,"rh":9.3,"rc":24.1,"sst":27.7,"om":3.99,"bf":false}},{"type":"Feature","geometry":{"type":"Polygon","coordinates":[[[-47.5,60.75],[-47.5,59.25],[-47.75,59.25],[-47.75,57.25],[-48.0,57.25],[-48.0,57.0],[-47.0,57.0],[-47.0,56.5],[-42.0,56.5],[-42.0,57.25],[-43.0,57.25],[-43.0,58.75],[-42.75,58.75],[-42.75,59.25],[-43.75,59.25],[-43.75,60.0],[-44.75,60.0],[-44.75,60.25],[-45.5,60.25],[-45.5,60.75],[-47.5,60.75]]]},"properties":{"id":74,"lon":-45.37,"lat":58.0,"e5":0.38,"e10":0.40,"e15":0.41,"rh":12.8,"rc":33.2,"sst":6.2,"om":2.12,"bf":false}},{"type":"Feature","geometry":{"type":"MultiPolygon","coordinates":[[[[-55.25,60.0],[-55.25,59.75],[-54.75,59.75],[-54.75,59.5],[-54.25,59.5],[-54.25,59.25],[-54.5,59.25],[-54.5,58.75],[-53.5,58.75],[-53.5,58.25],[-52.75,58.25],[-52.75,58.0],[-51.5,58.0],[-51.5,57.75],[-50.75,57.75],[-50.75,57.5],[-49.0,57.5],[-49.0,57.25],[-48.0,57.25],[-48.0,57.0],[-47.0,57.0],[-47.0,56.5],[-46.0,56.5],[-46.0,55.25],[-46.25,55.25],[-46.25,55.5],[-47.0,55.5],[-47.0,54.25],[-47.25,54.25],[-47.25,53.5],[-48.25,53.5],[-48.25,51.5],[-49.5,51.5],[-49.5,50.75],[-51.5,50.75],[-51.5,51.75],[-52.5,51.75],[-52.5,52.5],[-53.5,52.5],[-53.5,53.25],[-54.5,53.25],[-54.5,53.75],[-54.25,53.75],[-54.25,55.25],[-53.0,55.25],[-53.0,57.0],[-52.75,57.0],[-52.75,57.25],[-53.75,57.25],[-53.75,57.5],[-54.25,57.5],[-54.25,57.75],[-54.75,57.75],[-54.75,58.0],[-54.5,58.0],[-54.5,58.5],[-55.5,58.5],[-55.5,59.0],[-55.25,59.0],[-55.25,59.25],[-56.25,59.25],[-56.25,59.75],[-56.0,59.75],[-56.0,60.0],[-55.25,60.0]]],[[[-57.0,61.25],[-56.75,61.25],[-56.75,60.5],[-56.0,60.5],[-56.0,60.0],[-56.25,60.0],[-56.25,60.25],[-57.0,60.25],[-57.0,60.5],[-57.5,60.5],[-57.5,60.75],[-57.75,60.75],[-57.75,61.0],[-57.5,61.0],[-57.5,61.5],[-57.0,61.5],[-57.0,61.25]]],[[[-58.25,62.25],[-59.0,62.25],[-59.0,62.5],[-58.75,62.5],[-58.75,62.75],[-58.0,62.75],[-58.0,62.25],[-57.25,62.25],[-57.25,61.75],[-57.5,61.75],[-57.5,61.5],[-58.25,61.5],[-58.25,62.25]]]]},"properties":{"id":75,"lon":-50.0,"lat":55.37,"e5":0.61,"e10":0.63,"e15":0.64,"rh":12.9,"rc":33.5,"sst":4.7,"om":2.01,"bf":false}},{"type":"Feature","geometry":{"type":"MultiPolygon","coordinates":[[[[-57.25,47.75],[-56.0,47.75],[-56.0,47.5],[-57.25,47.5],[-57.25,47.75]]],[[[-57.25,45.0],[-58.5,45.0],[-58.5,45.5],[-60.5,45.5],[-60.5,46.5],[-61.5,46.5],[-61.5,48.0],[-61.25,48.0],[-61.25,50.0],[-60.0,50.0],[-60.0,50.5],[-59.0,50.5],[-59.0,50.25],[-58.0,50.25],[-58.0,48.5],[-58.25,48.5],[-58.25,48.25],[-59.25,48.25],[-59.25,47.5],[-57.25,47.5],[-57.25,45.0]]]]},"properties":{"id":76,"lon":-60.37,"lat":47.75,"e5":0.79,"e10":0.81,"e15":0.82,"rh":12.7,"rc":33.1,"sst":8.1,"om":1.95,"bf":false}},{"type":"Feature","geometry":{"type":"Polygon","coordinates":[[[-25.5,65.75],[-25.5,65.5],[-25.25,65.5],[-25.25,65.25],[-26.0,65.25],[-26.0,65.0],[-25.75,65.0],[-25.75,64.25],[-26.25,64.25],[-26.25,64.0],[-26.75,64.0],[-26.75,63.75],[-27.0,63.75],[-27.0,63.25],[-26.75,63.25],[-26.75,63.0],[-27.75,63.0],[-27.75,62.75],[-27.5,62.75],[-27.5,62.0],[-27.25,62.0],[-27.25,61.75],[-26.75,61.75],[-26.75,62.0],[-26.5,62.0],[-26.5,61.75],[-26.25,61.75],[-26.25,61.25],[-25.25,61.25],[-25.25,60.75],[-24.0,60.75],[-24.0,60.5],[-23.0,60.5],[-23.0,60.25],[-22.0,60.25],[-22.0,60.5],[-22.25,60.5],[-22.25,61.0],[-22.5,61.0],[-22.5,61.5],[-21.75,61.5],[-21.75,62.25],[-22.0,62.25],[-22.0,62.75],[-21.25,62.75],[-21.25,63.0],[-21.5,63.0],[-21.5,63.5],[-21.75,63.5],[-21.75,64.0],[-22.0,64.0],[-22.0,64.5],[-22.25,64.5],[-22.25,64.75],[-23.25,64.75],[-23.25,65.0],[-23.5,65.0],[-23.5,65.5],[-24.0,65.5],[-24.0,65.25],[-24.5,65.25],[-24.5,65.75],[-25.5,65.75]]]},"properties":{"id":77,"lon":-24.12,"lat":63.12,"e5":0.41,"e10":0.43,"e15":0.44,"rh":12.3,"rc":31.9,"sst":9.2,"om":2.41,"bf":false}},{"type":"Feature","geometry":{"type":"Polygon","coordinates":[[[-78.25,21.0],[-78.25,19.75],[-79.25,19.75],[-79.25,15.25],[-78.25,15.25],[-78.25,14.75],[-74.75,14.75],[-74.75,19.25],[-76.0,19.25],[-76.0,20.0],[-77.0,20.0],[-77.0,21.0],[-78.25,21.0]],[[-78.25,18.5],[-77.0,18.5],[-77.0,18.0],[-78.25,18.0],[-78.25,18.5]]]},"properties":{"id":78,"lon":-77.0,"lat":16.62,"e5":0.62,"e10":0.70,"e15":0.74,"rh":9.0,"rc":23.4,"sst":27.9,"om":4.2,"bf":false}},{"type":"Feature","geometry":{"type":"Polygon","coordinates":[[[-73.0,41.0],[-73.0,40.5],[-74.0,40.5],[-74.0,40.25],[-74.25,40.25],[-74.25,39.25],[-75.25,39.25],[-75.25,38.5],[-76.5,38.5],[-76.5,36.5],[-75.5,36.5],[-75.5,36.25],[-75.25,36.25],[-75.25,36.0],[-73.25,36.0],[-73.25,35.5],[-72.25,35.5],[-72.25,35.0],[-71.0,35.0],[-71.0,37.25],[-69.75,37.25],[-69.75,38.75],[-71.0,38.75],[-71.0,39.25],[-70.75,39.25],[-70.75,39.5],[-72.0,39.5],[-72.0,40.75],[-71.75,40.75],[-71.75,41.0],[-73.0,41.0]]]},"properties":{"id":79,"lon":-73.12,"lat":37.87,"e5":0.59,"e10":0.68,"e15":0.71,"rh":9.8,"rc":25.4,"sst":22.0,"om":3.8,"bf":false}},{"type":"Feature","geometry":{"type":"Polygon","coordinates":[[[-22.0,22.5],[-22.0,20.25],[-21.0,20.25],[-21.0,17.75],[-16.5,17.75],[-16.5,21.25],[-17.5,21.25],[-17.5,22.0],[-19.75,22.0],[-19.75,22.5],[-22.0,22.5]]]},"properties":{"id":80,"lon":-18.75,"lat":19.0,"e5":0.62,"e10":0.69,"e15":0.74,"rh":9.9,"rc":25.8,"sst":23.1,"om":3.72,"bf":false}},{"type":"Feature","geometry":{"type":"Polygon","coordinates":[[[-61.0,70.25],[-61.0,70.0],[-61.5,70.0],[-61.5,69.75],[-62.0,69.75],[-62.0,69.5],[-61.75,69.5],[-61.75,69.25],[-62.0,69.25],[-62.0,69.0],[-61.75,69.0],[-61.75,68.5],[-62.0,68.5],[-62.0,68.25],[-62.5,68.25],[-62.5,68.0],[-61.75,68.0],[-61.75,67.75],[-62.25,67.75],[-62.25,67.5],[-62.5,67.5],[-62.5,67.0],[-61.25,67.0],[-61.25,66.75],[-61.5,66.75],[-61.5,66.5],[-61.75,66.5],[-61.75,66.25],[-62.0,66.25],[-62.0,66.0],[-60.25,66.0],[-60.25,65.75],[-58.25,65.75],[-58.25,65.5],[-58.0,65.5],[-58.0,65.75],[-57.75,65.75],[-57.75,66.0],[-57.5,66.0],[-57.5,66.5],[-58.0,66.5],[-58.0,66.75],[-57.75,66.75],[-57.75,67.0],[-57.5,67.0],[-57.5,67.25],[-58.25,67.25],[-58.25,67.5],[-58.0,67.5],[-58.0,67.75],[-57.75,67.75],[-57.75,68.0],[-57.5,68.0],[-57.5,68.25],[-58.0,68.25],[-58.0,68.5],[-57.75,68.5],[-57.75,68.75],[-57.5,68.75],[-57.5,69.0],[-57.75,69.0],[-57.75,69.25],[-57.5,69.25],[-57.5,69.5],[-57.75,69.5],[-57.75,69.75],[-57.5,69.75],[-57.5,70.0],[-57.75,70.0],[-57.75,70.25],[-58.0,70.25],[-58.0,70.0],[-58.25,70.0],[-58.25,69.75],[-59.25,69.75],[-59.25,70.0],[-60.5,70.0],[-60.5,70.25],[-61.0,70.25]]]},"properties":{"id":81,"lon":-59.75,"lat":67.87,"e5":0.67,"e10":0.69,"e15":0.70,"rh":13.7,"rc":35.5,"sst":-0.7,"om":1.52,"bf":false}},{"type":"Feature","geometry":{"type":"Polygon","coordinates":[[[18.5,75.25],[18.5,75.0],[17.75,75.0],[17.75,74.75],[18.75,74.75],[18.75,74.25],[18.0,74.25],[18.0,74.0],[17.25,74.0],[17.25,73.75],[16.25,73.75],[16.25,73.5],[16.75,73.5],[16.75,73.25],[17.25,73.25],[17.25,73.0],[16.25,73.0],[16.25,72.75],[16.5,72.75],[16.5,72.5],[17.0,72.5],[17.0,72.25],[16.75,72.25],[16.75,72.0],[17.5,72.0],[17.5,71.75],[16.75,71.75],[16.75,71.5],[17.5,71.5],[17.5,70.75],[18.0,70.75],[18.0,70.5],[17.5,70.5],[17.5,70.25],[18.0,70.25],[18.0,70.0],[17.5,70.0],[17.5,69.75],[17.75,69.75],[17.75,69.5],[19.0,69.5],[19.0,69.75],[18.5,69.75],[18.5,70.25],[19.25,70.25],[19.25,70.0],[19.75,70.0],[19.75,69.75],[20.0,69.75],[20.0,70.0],[21.0,70.0],[21.0,70.25],[22.25,70.25],[22.25,70.5],[23.0,70.5],[23.0,70.75],[22.5,70.75],[22.5,71.5],[22.0,71.5],[22.0,71.75],[22.5,71.75],[22.5,72.0],[22.0,72.0],[22.0,72.25],[22.25,72.25],[22.25,72.5],[21.75,72.5],[21.75,72.75],[21.5,72.75],[21.5,73.0],[22.5,73.0],[22.5,73.25],[22.25,73.25],[22.25,73.5],[21.5,73.5],[21.5,73.75],[22.5,73.75],[22.5,74.0],[22.25,74.0],[22.25,74.25],[21.5,74.25],[21.5,74.5],[22.25,74.5],[22.25,75.0],[19.5,75.0],[19.5,75.25],[18.5,75.25]]]},"properties":{"id":82,"lon":19.62,"lat":72.37,"e5":0.53,"e10":0.56,"e15":0.57,"rh":12.5,"rc":32.5,"sst":5.9,"om":2.26,"bf":false}},{"type":"Feature","geometry":{"type":"Polygon","coordinates":[[[-1.0,60.75],[-1.0,60.5],[-2.25,60.5],[-2.25,60.25],[-2.0,60.25],[-2.0,59.75],[-1.75,59.75],[-1.75,59.5],[-2.75,59.5],[-2.75,59.25],[-2.5,59.25],[-2.5,58.75],[-2.75,58.75],[-2.75,58.5],[-3.25,58.5],[-3.25,58.25],[-3.0,58.25],[-3.0,57.75],[-1.75,57.75],[-1.75,57.0],[-2.5,57.0],[-2.5,56.25],[-2.25,56.25],[-2.25,55.75],[-2.0,55.75],[-2.0,55.0],[-1.75,55.0],[-1.75,54.75],[-1.0,54.75],[-1.0,55.0],[-0.75,55.0],[-0.75,54.5],[0.25,54.5],[0.25,55.25],[0.0,55.25],[0.0,55.5],[1.0,55.5],[1.0,56.0],[2.0,56.0],[2.0,56.25],[1.75,56.25],[1.75,56.5],[2.5,56.5],[2.5,56.75],[2.75,56.75],[2.75,57.0],[2.5,57.0],[2.5,57.75],[2.25,57.75],[2.25,58.25],[2.0,58.25],[2.0,58.75],[1.75,58.75],[1.75,59.25],[1.5,59.25],[1.5,59.75],[1.25,59.75],[1.25,60.0],[1.0,60.0],[1.0,60.5],[0.25,60.5],[0.25,60.25],[0.0,60.25],[0.0,60.5],[-0.25,60.5],[-0.25,60.75],[-1.0,60.75]]]},"properties":{"id":83,"lon":0.37,"lat":57.37,"e5":0.73,"e10":0.75,"e15":0.76,"rh":11.9,"rc":31.0,"sst":10.4,"om":2.57,"bf":false}},{"type":"Feature","geometry":{"type":"Polygon","coordinates":[[[10.5,72.75],[10.5,72.5],[9.75,72.5],[9.75,72.25],[8.75,72.25],[8.75,71.75],[9.5,71.75],[9.5,71.5],[8.5,71.5],[8.5,71.25],[7.5,71.25],[7.5,71.0],[6.75,71.0],[6.75,70.75],[6.25,70.75],[6.25,70.5],[6.75,70.5],[6.75,70.25],[6.25,70.25],[6.25,70.0],[6.75,70.0],[6.75,69.75],[6.5,69.75],[6.5,69.5],[5.75,69.5],[5.75,69.25],[6.0,69.25],[6.0,69.0],[5.75,69.0],[5.75,68.75],[6.0,68.75],[6.0,68.5],[6.5,68.5],[6.5,68.25],[6.75,68.25],[6.75,68.0],[7.25,68.0],[7.25,67.75],[7.5,67.75],[7.5,67.5],[7.75,67.5],[7.75,67.75],[8.75,67.75],[8.75,68.0],[10.0,68.0],[10.0,68.25],[10.75,68.25],[10.75,68.5],[10.25,68.5],[10.25,68.75],[10.75,68.75],[10.75,69.0],[11.75,69.0],[11.75,69.25],[12.5,69.25],[12.5,69.5],[12.0,69.5],[12.0,69.75],[12.5,69.75],[12.5,70.0],[12.0,70.0],[12.0,70.75],[11.5,70.75],[11.5,71.0],[12.0,71.0],[12.0,71.25],[11.5,71.25],[11.5,71.5],[11.75,71.5],[11.75,71.75],[11.25,71.75],[11.25,72.25],[12.0,72.25],[12.0,72.5],[11.5,72.5],[11.5,72.75],[10.5,72.75]]]},"properties":{"id":84,"lon":9.12,"lat":70.12,"e5":0.49,"e10":0.52,"e15":0.53,"rh":12.4,"rc":32.2,"sst":7.3,"om":2.35,"bf":false}},{"type":"Feature","geometry":{"type":"Polygon","coordinates":[[[-13.0,6.75],[-13.0,5.5],[-14.25,5.5],[-14.25,3.75],[-13.0,3.75],[-13.0,2.75],[-12.0,2.75],[-12.0,2.25],[-10.75,2.25],[-10.75,1.75],[-9.75,1.75],[-9.75,6.0],[-10.75,6.0],[-10.75,6.75],[-13.0,6.75]]]},"properties":{"id":85,"lon":-12.0,"lat":4.62,"e5":0.76,"e10":0.81,"e15":0.82,"rh":9.1,"rc":23.8,"sst":28.0,"om":4.06,"bf":false}},{"type":"Feature","geometry":{"type":"Polygon","coordinates":[[[-19.25,75.0],[-19.25,74.75],[-19.75,74.75],[-19.75,74.5],[-18.5,74.5],[-18.5,74.25],[-18.75,74.25],[-18.75,74.0],[-19.0,74.0],[-19.0,74.25],[-21.0,74.25],[-21.0,74.0],[-20.25,74.0],[-20.25,73.75],[-20.0,73.75],[-20.0,73.5],[-20.75,73.5],[-20.75,73.25],[-21.5,73.25],[-21.5,73.0],[-22.5,73.0],[-22.5,72.5],[-22.0,72.5],[-22.0,72.25],[-23.0,72.25],[-23.0,72.0],[-22.5,72.0],[-22.5,71.75],[-22.0,71.75],[-22.0,71.5],[-21.5,71.5],[-21.5,71.25],[-21.75,71.25],[-21.75,71.0],[-21.25,71.0],[-21.25,70.75],[-21.5,70.75],[-21.5,70.5],[-21.0,70.5],[-21.0,70.25],[-20.5,70.25],[-20.5,70.0],[-19.5,70.0],[-19.5,70.25],[-18.5,70.25],[-18.5,70.5],[-17.25,70.5],[-17.25,70.75],[-16.25,70.75],[-16.25,71.0],[-17.0,71.0],[-17.0,71.25],[-16.75,71.25],[-16.75,71.5],[-17.25,71.5],[-17.25,71.75],[-17.0,71.75],[-17.0,72.25],[-17.25,72.25],[-17.25,72.5],[-16.5,72.5],[-16.5,72.75],[-17.0,72.75],[-17.0,73.0],[-17.25,73.0],[-17.25,73.25],[-16.5,73.25],[-16.5,73.5],[-17.5,73.5],[-17.5,73.75],[-17.25,73.75],[-17.25,74.0],[-16.5,74.0],[-16.5,74.5],[-17.75,74.5],[-17.75,74.75],[-17.25,74.75],[-17.25,75.0],[-19.25,75.0]]]},"properties":{"id":86,"lon":-19.5,"lat":72.62,"e5":0.52,"e10":0.54,"e15":0.55,"rh":13.4,"rc":34.9,"sst":-1.3,"om":1.67,"bf":false}},{"type":"Feature","geometry":{"type":"Polygon","coordinates":[[[-94.75,29.75],[-94.75,27.75],[-93.75,27.75],[-93.75,26.25],[-92.75,26.25],[-92.75,24.25],[-90.5,24.25],[-90.5,24.75],[-89.25,24.75],[-89.25,25.25],[-88.5,25.25],[-88.5,25.0],[-87.0,25.0],[-87.0,26.5],[-88.25,26.5],[-88.25,26.0],[-89.25,26.0],[-89.25,29.5],[-93.0,29.5],[-93.0,29.75],[-94.75,29.75]]]},"properties":{"id":87,"lon":-91.5,"lat":27.12,"e5":0.59,"e10":0.69,"e15":0.73,"rh":9.3,"rc":24.3,"sst":25.5,"om":3.98,"bf":false}},{"type":"Feature","geometry":{"type":"MultiPolygon","coordinates":[[[[-68.0,18.0],[-69.25,18.0],[-69.25,17.75],[-70.25,17.75],[-70.25,18.5],[-68.0,18.5],[-68.0,18.0]]],[[[-68.0,18.75],[-69.25,18.75],[-69.25,19.5],[-70.25,19.5],[-70.25,20.0],[-71.5,20.0],[-71.5,23.5],[-69.25,23.5],[-69.25,23.0],[-68.0,23.0],[-68.0,22.5],[-67.0,22.5],[-67.0,22.0],[-65.75,22.0],[-65.75,20.0],[-67.0,20.0],[-67.0,18.5],[-68.0,18.5],[-68.0,18.75]]]]},"properties":{"id":88,"lon":-68.62,"lat":21.0,"e5":0.63,"e10":0.72,"e15":0.75,"rh":9.2,"rc":23.9,"sst":26.9,"om":4.12,"bf":false}},{"type":"Feature","geometry":{"type":"Polygon","coordinates":[[[-83.75,28.0],[-83.75,27.0],[-84.75,27.0],[-84.75,26.0],[-86.0,26.0],[-86.0,23.25],[-85.0,23.25],[-85.0,21.5],[-83.75,21.5],[-83.75,21.75],[-82.75,21.75],[-82.75,22.25],[-83.75,22.25],[-83.75,23.25],[-81.25,23.25],[-81.25,23.0],[-80.5,23.0],[-80.5,23.75],[-80.25,23.75],[-80.25,25.5],[-81.5,25.5],[-81.5,26.5],[-82.5,26.5],[-82.5,28.0],[-83.75,28.0]]]},"properties":{"id":89,"lon":-83.12,"lat":24.62,"e5":0.59,"e10":0.68,"e15":0.72,"rh":9.1,"rc":23.6,"sst":27.0,"om":4.15,"bf":false}},{"type":"Feature","geometry":{"type":"Polygon","coordinates":[[[-69.25,18.0],[-69.25,14.75],[-68.0,14.75],[-68.0,13.75],[-65.75,13.75],[-65.75,14.0],[-67.0,14.0],[-67.0,14.5],[-65.75,14.5],[-65.75,14.75],[-64.75,14.75],[-64.75,15.0],[-63.5,15.0],[-63.5,15.5],[-64.75,15.5],[-64.75,17.0],[-65.75,17.0],[-65.75,18.0],[-69.25,18.0]]]},"properties":{"id":90,"lon":-67.0,"lat":16.25,"e5":0.64,"e10":0.72,"e15":0.75,"rh":9.0,"rc":23.5,"sst":27.6,"om":4.18,"bf":false}},{"type":"Feature","geometry":{"type":"Polygon","coordinates":[[[-15.5,30.75],[-15.5,30.25],[-16.5,30.25],[-16.5,29.5],[-17.75,29.5],[-17.75,28.0],[-18.75,28.0],[-18.75,27.0],[-17.5,27.0],[-17.5,26.25],[-16.5,26.25],[-16.5,25.75],[-15.25,25.75],[-15.25,25.25],[-14.25,25.25],[-14.25,26.75],[-13.25,26.75],[-13.25,28.0],[-12.0,28.0],[-12.0,28.5],[-13.25,28.5],[-13.25,30.0],[-14.25,30.0],[-14.25,30.75],[-15.5,30.75]]]},"properties":{"id":91,"lon":-14.87,"lat":28.25,"e5":0.51,"e10":0.57,"e15":0.63,"rh":10.4,"rc":27.0,"sst":20.7,"om":3.49,"bf":false}},{"type":"Feature","geometry":{"type":"Polygon","coordinates":[[[-17.5,13.75],[-17.5,13.25],[-18.75,13.25],[-18.75,13.0],[-19.75,13.0],[-19.75,12.75],[-21.0,12.75],[-21.0,11.5],[-19.75,11.5],[-19.75,9.5],[-18.75,9.5],[-18.75,8.5],[-17.5,8.5],[-17.5,8.75],[-16.5,8.75],[-16.5,9.75],[-15.25,9.75],[-15.25,11.75],[-16.5,11.75],[-16.5,13.75],[-17.5,13.75]]]},"properties":{"id":92,"lon":-17.5,"lat":10.62,"e5":0.71,"e10":0.76,"e15":0.79,"rh":9.3,"rc":24.2,"sst":26.7,"om":3.98,"bf":false}},{"type":"Feature","geometry":{"type":"MultiPolygon","coordinates":[[[[-56.0,59.75],[-56.25,59.75],[-56.25,59.25],[-56.75,59.25],[-56.75,59.5],[-57.25,59.5],[-57.25,59.75],[-58.0,59.75],[-58.0,60.25],[-58.75,60.25],[-58.75,61.25],[-59.5,61.25],[-59.5,61.5],[-59.25,61.5],[-59.25,62.0],[-59.0,62.0],[-59.0,62.25],[-58.25,62.25],[-58.25,61.5],[-57.5,61.5],[-57.5,61.0],[-57.75,61.0],[-57.75,60.75],[-57.5,60.75],[-57.5,60.5],[-57.0,60.5],[-57.0,60.25],[-56.25,60.25],[-56.25,60.0],[-56.0,60.0],[-56.0,59.75]]],[[[-57.5,61.75],[-57.25,61.75],[-57.25,62.25],[-58.0,62.25],[-58.0,62.75],[-58.75,62.75],[-58.75,63.0],[-58.5,63.0],[-58.5,63.5],[-58.25,63.5],[-58.25,64.0],[-58.0,64.0],[-58.0,64.5],[-57.75,64.5],[-57.75,64.75],[-57.5,64.75],[-57.5,65.0],[-55.25,65.0],[-55.25,64.25],[-55.5,64.25],[-55.5,63.75],[-55.0,63.75],[-55.0,63.5],[-54.75,63.5],[-54.75,63.25],[-55.0,63.25],[-55.0,62.75],[-55.25,62.75],[-55.25,62.5],[-54.5,62.5],[-54.5,61.5],[-54.75,61.5],[-54.75,60.75],[-54.0,60.75],[-54.0,60.0],[-54.25,60.0],[-54.25,59.5],[-54.75,59.5],[-54.75,59.75],[-55.25,59.75],[-55.25,60.0],[-56.0,60.0],[-56.0,60.5],[-56.75,60.5],[-56.75,61.25],[-57.0,61.25],[-57.0,61.5],[-57.5,61.5],[-57.5,61.75]]]]},"properties":{"id":93,"lon":-56.25,"lat":62.37,"e5":0.46,"e10":0.49,"e15":0.50,"rh":13.0,"rc":33.7,"sst":3.3,"om":1.97,"bf":false}},{"type":"Feature","geometry":{"type":"Polygon","coordinates":[[[-62.5,13.75],[-62.5,10.0],[-61.25,10.0],[-61.25,9.0],[-60.25,9.0],[-60.25,8.5],[-59.0,8.5],[-59.0,9.25],[-58.0,9.25],[-58.0,10.75],[-56.75,10.75],[-56.75,11.25],[-58.0,11.25],[-58.0,12.25],[-59.0,12.25],[-59.0,13.25],[-60.25,13.25],[-60.25,13.5],[-61.25,13.5],[-61.25,13.75],[-62.5,13.75]]]},"properties":{"id":94,"lon":-59.62,"lat":11.0,"e5":0.67,"e10":0.74,"e15":0.77,"rh":9.1,"rc":23.6,"sst":27.8,"om":4.08,"bf":false}},{"type":"Feature","geometry":{"type":"Polygon","coordinates":[[[-87.0,25.5],[-87.0,25.0],[-88.5,25.0],[-88.5,25.25],[-89.25,25.25],[-89.25,24.75],[-90.5,24.75],[-90.5,24.25],[-91.5,24.25],[-91.5,22.75],[-90.5,22.75],[-90.5,21.0],[-89.5,21.0],[-89.5,21.5],[-87.25,21.5],[-87.25,20.5],[-86.0,20.5],[-86.0,21.0],[-85.0,21.0],[-85.0,23.25],[-86.0,23.25],[-86.0,25.5],[-87.0,25.5]]]},"properties":{"id":95,"lon":-88.25,"lat":23.0,"e5":0.61,"e10":0.70,"e15":0.74,"rh":9.1,"rc":23.6,"sst":27.2,"om":4.17,"bf":false}},{"type":"Feature","geometry":{"type":"MultiPolygon","coordinates":[[[[-54.0,47.0],[-53.0,47.0],[-53.0,46.5],[-51.75,46.5],[-51.75,45.5],[-52.0,45.5],[-52.0,44.5],[-50.75,44.5],[-50.75,43.5],[-51.5,43.5],[-51.5,43.75],[-53.0,43.75],[-53.0,43.25],[-54.25,43.25],[-54.25,43.75],[-56.25,43.75],[-56.25,43.25],[-57.5,43.25],[-57.5,44.25],[-57.25,44.25],[-57.25,47.5],[-56.0,47.5],[-56.0,47.75],[-54.0,47.75],[-54.0,47.0]]],[[[-54.0,48.0],[-53.75,48.0],[-53.75,48.25],[-52.75,48.25],[-52.75,47.75],[-54.0,47.75],[-54.0,48.0]]]]},"properties":{"id":96,"lon":-54.5,"lat":46.0,"e5":0.74,"e10":0.78,"e15":0.79,"rh":12.0,"rc":31.2,"sst":11.1,"om":2.45,"bf":false}},{"type":"Feature","geometry":{"type":"Polygon","coordinates":[[[-12.0,46.0],[-12.0,45.75],[-11.75,45.75],[-11.75,45.5],[-13.0,45.5],[-13.0,45.0],[-14.0,45.0],[-14.0,43.75],[-15.0,43.75],[-15.0,42.75],[-14.75,42.75],[-14.75,40.75],[-11.5,40.75],[-11.5,41.25],[-9.25,41.25],[-9.25,42.5],[-9.5,42.5],[-9.5,44.75],[-10.75,44.75],[-10.75,46.0],[-12.0,46.0]]]},"properties":{"id":97,"lon":-12.25,"lat":43.25,"e5":0.59,"e10":0.65,"e15":0.67,"rh":11.1,"rc":28.8,"sst":16.5,"om":3.06,"bf":false}},{"type":"Feature","geometry":{"type":"Polygon","coordinates":[[[-4.75,47.75],[-4.75,47.5],[-5.5,47.5],[-5.5,46.0],[-5.25,46.0],[-5.25,45.0],[-6.25,45.0],[-6.25,43.75],[-5.0,43.75],[-5.0,43.25],[-3.0,43.25],[-3.0,43.5],[-1.75,43.5],[-1.75,44.0],[-0.75,44.0],[-0.75,45.25],[-1.0,45.25],[-1.0,46.5],[-2.25,46.5],[-2.25,47.75],[-4.75,47.75]]]},"properties":{"id":98,"lon":-3.12,"lat":45.62,"e5":0.58,"e10":0.69,"e15":0.73,"rh":11.2,"rc":29.2,"sst":15.6,"om":2.96,"bf":false}},{"type":"Feature","geometry":{"type":"Polygon","coordinates":[[[4.75,68.75],[4.75,68.5],[5.25,68.5],[5.25,68.25],[5.0,68.25],[5.0,67.75],[5.25,67.75],[5.25,67.5],[4.25,67.5],[4.25,67.25],[4.0,67.25],[4.0,67.0],[4.25,67.0],[4.25,66.75],[3.0,66.75],[3.0,66.25],[3.25,66.25],[3.25,66.0],[2.5,66.0],[2.5,65.75],[2.75,65.75],[2.75,65.5],[3.0,65.5],[3.0,65.25],[3.25,65.25],[3.25,65.0],[2.5,65.0],[2.5,64.75],[2.75,64.75],[2.75,64.5],[3.0,64.5],[3.0,64.25],[3.25,64.25],[3.25,64.0],[3.5,64.0],[3.5,63.75],[3.75,63.75],[3.75,63.5],[4.0,63.5],[4.0,63.25],[4.25,63.25],[4.25,63.0],[4.5,63.0],[4.5,62.75],[4.75,62.75],[4.75,62.25],[5.0,62.25],[5.0,62.0],[5.5,62.0],[5.5,62.25],[7.0,62.25],[7.0,62.5],[6.75,62.5],[6.75,62.75],[7.0,62.75],[7.0,63.0],[8.5,63.0],[8.5,63.25],[8.25,63.25],[8.25,63.5],[8.5,63.5],[8.5,63.75],[8.75,63.75],[8.75,64.0],[8.5,64.0],[8.5,64.75],[9.0,64.75],[9.0,65.0],[8.75,65.0],[8.75,65.25],[8.5,65.25],[8.5,65.5],[8.0,65.5],[8.0,65.75],[7.75,65.75],[7.75,66.0],[8.25,66.0],[8.25,66.5],[8.0,66.5],[8.0,66.75],[7.5,66.75],[7.5,67.0],[8.0,67.0],[8.0,67.5],[7.5,67.5],[7.5,67.75],[7.25,67.75],[7.25,68.0],[6.75,68.0],[6.75,68.25],[6.5,68.25],[6.5,68.5],[6.0,68.5],[6.0,68.75],[4.75,68.75]]]},"properties":{"id":99,"lon":5.75,"lat":65.37,"e5":0.56,"e10":0.59,"e15":0.59,"rh":12.1,"rc":31.6,"sst":9.0,"om":2.46,"bf":false}},{"type":"Feature","geometry":{"type":"Polygon","coordinates":[[[-28.25,48.0],[-28.25,47.75],[-29.25,47.75],[-29.25,46.5],[-30.25,46.5],[-30.25,45.25],[-31.25,45.25],[-31.25,43.25],[-30.25,43.25],[-30.25,40.5],[-30.0,40.5],[-30.0,39.75],[-29.0,39.75],[-29.0,39.5],[-28.0,39.5],[-28.0,39.0],[-25.75,39.0],[-25.75,38.75],[-24.5,38.75],[-24.5,38.25],[-23.5,38.25],[-23.5,38.75],[-22.25,38.75],[-22.25,39.0],[-22.5,39.0],[-22.5,40.0],[-21.25,40.0],[-21.25,41.25],[-20.25,41.25],[-20.25,43.0],[-20.5,43.0],[-20.5,44.25],[-21.5,44.25],[-21.5,45.5],[-21.75,45.5],[-21.75,46.75],[-22.75,46.75],[-22.75,47.0],[-24.0,47.0],[-24.0,47.5],[-25.5,47.5],[-25.5,47.25],[-26.0,47.25],[-26.0,47.75],[-27.25,47.75],[-27.25,48.0],[-28.25,48.0]]]},"properties":{"id":100,"lon":-25.37,"lat":43.12,"e5":0.63,"e10":0.69,"e15":0.71,"rh":10.9,"rc":28.4,"sst":17.3,"om":3.15,"bf":false}},{"type":"Feature","geometry":{"type":"Polygon","coordinates":[[[-41.0,8.25],[-41.0,6.75],[-42.25,6.75],[-42.25,5.0],[-43.25,5.0],[-43.25,3.25],[-44.5,3.25],[-44.5,1.5],[-43.25,1.5],[-43.25,1.25],[-42.25,1.25],[-42.25,0.75],[-41.0,0.75],[-41.0,0.0],[-40.0,0.0],[-40.0,-0.25],[-37.75,-0.25],[-37.75,-0.5],[-36.5,-0.5],[-36.5,2.25],[-36.75,2.25],[-36.75,2.5],[-35.5,2.5],[-35.5,5.5],[-36.75,5.5],[-36.75,6.25],[-37.75,6.25],[-37.75,7.0],[-39.0,7.0],[-39.0,8.0],[-40.0,8.0],[-40.0,8.25],[-41.0,8.25]]]},"properties":{"id":101,"lon":-39.37,"lat":4.12,"e5":0.71,"e10":0.77,"e15":0.79,"rh":9.0,"rc":23.5,"sst":27.8,"om":4.18,"bf":false}},{"type":"Feature","geometry":{"type":"Polygon","coordinates":[[[-61.0,34.75],[-61.0,33.75],[-61.25,33.75],[-61.25,33.5],[-62.25,33.5],[-62.25,31.75],[-63.5,31.75],[-63.5,29.5],[-62.25,29.5],[-62.25,28.5],[-61.25,28.5],[-61.25,27.5],[-60.25,27.5],[-60.25,26.5],[-59.0,26.5],[-59.0,25.75],[-57.5,25.75],[-57.5,25.5],[-56.75,25.5],[-56.75,26.0],[-55.75,26.0],[-55.75,27.0],[-54.5,27.0],[-54.5,34.25],[-56.75,34.25],[-56.75,34.75],[-61.0,34.75]]]},"properties":{"id":102,"lon":-59.0,"lat":30.62,"e5":0.54,"e10":0.66,"e15":0.72,"rh":9.6,"rc":25.1,"sst":23.8,"om":3.88,"bf":false}},{"type":"Feature","geometry":{"type":"Polygon","coordinates":[[[4.0,-2.75],[4.0,-3.5],[2.75,-3.5],[2.75,-4.0],[1.75,-4.0],[1.75,-4.5],[0.5,-4.5],[0.5,-5.25],[-0.5,-5.25],[-0.5,-10.0],[8.5,-10.0],[8.5,-9.5],[9.5,-9.5],[9.5,-8.25],[8.5,-8.25],[8.5,-6.5],[7.25,-6.5],[7.25,-5.0],[6.25,-5.0],[6.25,-3.5],[5.0,-3.5],[5.0,-2.75],[4.0,-2.75]]]},"properties":{"id":103,"lon":3.37,"lat":-5.87,"e5":0.69,"e10":0.76,"e15":0.79,"rh":9.6,"rc":24.9,"sst":25.9,"om":3.83,"bf":false}},{"type":"Feature","geometry":{"type":"Polygon","coordinates":[[[-6.25,75.0],[-6.25,74.75],[-6.5,74.75],[-6.5,74.5],[-5.25,74.5],[-5.25,74.25],[-5.0,74.25],[-5.0,74.0],[-4.25,74.0],[-4.25,73.75],[-5.0,73.75],[-5.0,73.5],[-5.5,73.5],[-5.5,73.25],[-6.25,73.25],[-6.25,73.0],[-7.0,73.0],[-7.0,72.75],[-7.75,72.75],[-7.75,72.5],[-8.5,72.5],[-8.5,72.25],[-9.25,72.25],[-9.25,72.0],[-10.25,72.0],[-10.25,71.75],[-11.0,71.75],[-11.0,71.5],[-10.5,71.5],[-10.5,71.25],[-10.75,71.25],[-10.75,71.0],[-11.5,71.0],[-11.5,70.75],[-12.5,70.75],[-12.5,70.5],[-13.5,70.5],[-13.5,70.25],[-13.0,70.25],[-13.0,70.0],[-13.5,70.0],[-13.5,69.75],[-13.75,69.75],[-13.75,69.5],[-13.25,69.5],[-13.25,69.25],[-13.0,69.25],[-13.0,69.0],[-12.5,69.0],[-12.5,68.75],[-12.0,68.75],[-12.0,68.5],[-11.75,68.5],[-11.75,68.25],[-11.25,68.25],[-11.25,68.0],[-11.0,68.0],[-11.0,67.75],[-10.75,67.75],[-10.75,67.5],[-10.25,67.5],[-10.25,67.25],[-10.0,67.25],[-10.0,67.0],[-9.75,67.0],[-9.75,66.75],[-9.5,66.75],[-9.5,66.5],[-9.0,66.5],[-9.0,66.25],[-8.25,66.25],[-8.25,66.5],[-7.5,66.5],[-7.5,66.75],[-7.75,66.75],[-7.75,67.0],[-7.0,67.0],[-7.0,67.25],[-5.75,67.25],[-5.75,67.5],[-6.0,67.5],[-6.0,67.75],[-5.75,67.75],[-5.75,68.0],[-4.5,68.0],[-4.5,68.25],[-4.0,68.25],[-4.0,68.5],[-4.5,68.5],[-4.5,68.75],[-3.5,68.75],[-3.5,69.0],[-2.5,69.0],[-2.5,69.25],[-2.75,69.25],[-2.75,70.0],[-3.25,70.0],[-3.25,70.25],[-3.0,70.25],[-3.0,70.5],[-3.5,70.5],[-3.5,70.75],[-3.0,70.75],[-3.0,71.0],[-3.75,71.0],[-3.75,71.25],[-3.0,71.25],[-3.0,71.75],[-3.5,71.75],[-3.5,72.0],[-2.75,72.0],[-2.75,72.25],[-3.25,72.25],[-3.25,72.75],[-2.75,72.75],[-2.75,73.0],[-3.75,73.0],[-3.75,73.25],[-3.25,73.25],[-3.25,73.5],[-2.75,73.5],[-2.75,73.75],[-3.5,73.75],[-3.5,74.25],[-3.0,74.25],[-3.0,74.5],[-2.5,74.5],[-2.5,74.75],[-4.0,74.75],[-4.0,75.0],[-6.25,75.0]]]},"properties":{"id":104,"lon":-8.0,"lat":70.62,"e5":0.50,"e10":0.54,"e15":0.54,"rh":13.0,"rc":33.7,"sst":3.2,"om":2.0,"bf":false}},{"type":"Feature","geometry":{"type":"Polygon","coordinates":[[[-28.75,-1.25],[-28.75,-1.5],[-29.75,-1.5],[-29.75,-2.25],[-31.0,-2.25],[-31.0,-3.0],[-32.0,-3.0],[-32.0,-4.25],[-31.0,-4.25],[-31.0,-10.0],[-24.25,-10.0],[-24.25,-2.5],[-25.25,-2.5],[-25.25,-2.25],[-26.5,-2.25],[-26.5,-1.75],[-27.5,-1.75],[-27.5,-1.25],[-28.75,-1.25]]]},"properties":{"id":105,"lon":-27.62,"lat":-7.12,"e5":0.71,"e10":0.78,"e15":0.80,"rh":9.2,"rc":24.0,"sst":27.0,"om":4.08,"bf":false}},{"type":"Feature","geometry":{"type":"Polygon","coordinates":[[[-41.0,40.25],[-41.0,39.75],[-44.5,39.75],[-44.5,39.25],[-45.5,39.25],[-45.5,37.75],[-46.75,37.75],[-46.75,36.0],[-47.75,36.0],[-47.75,35.0],[-46.75,35.0],[-46.75,32.75],[-45.5,32.75],[-45.5,30.5],[-40.0,30.5],[-40.0,32.0],[-39.0,32.0],[-39.0,33.25],[-37.75,33.25],[-37.75,34.5],[-36.75,34.5],[-36.75,36.0],[-37.75,36.0],[-37.75,37.75],[-39.0,37.75],[-39.0,39.25],[-40.0,39.25],[-40.0,40.25],[-41.0,40.25]]]},"properties":{"id":106,"lon":-42.25,"lat":35.5,"e5":0.60,"e10":0.67,"e15":0.72,"rh":10.0,"rc":26.0,"sst":21.8,"om":3.67,"bf":false}},{"type":"Feature","geometry":{"type":"Polygon","coordinates":[[[-31.0,16.0],[-31.0,15.5],[-32.25,15.5],[-32.25,14.75],[-33.25,14.75],[-33.25,11.25],[-32.25,11.25],[-32.25,6.5],[-31.0,6.5],[-31.0,6.0],[-30.0,6.0],[-30.0,5.75],[-28.75,5.75],[-28.75,6.0],[-27.75,6.0],[-27.75,6.5],[-26.5,6.5],[-26.5,9.75],[-25.5,9.75],[-25.5,13.5],[-26.5,13.5],[-26.5,14.0],[-27.75,14.0],[-27.75,14.75],[-28.75,14.75],[-28.75,15.25],[-30.0,15.25],[-30.0,16.0],[-31.0,16.0]]]},"properties":{"id":107,"lon":-28.87,"lat":10.5,"e5":0.68,"e10":0.76,"e15":0.78,"rh":9.3,"rc":24.1,"sst":26.2,"om":4.04,"bf":false}},{"type":"Feature","geometry":{"type":"Polygon","coordinates":[[[-36.5,62.25],[-36.5,61.75],[-40.0,61.75],[-40.0,57.25],[-41.0,57.25],[-41.0,56.0],[-40.0,56.0],[-40.0,54.5],[-39.0,54.5],[-39.0,53.5],[-38.0,53.5],[-38.0,53.0],[-37.0,53.0],[-37.0,53.5],[-35.0,53.5],[-35.0,53.75],[-33.75,53.75],[-33.75,54.0],[-34.0,54.0],[-34.0,54.25],[-33.0,54.25],[-33.0,54.75],[-32.0,54.75],[-32.0,57.25],[-32.25,57.25],[-32.25,59.25],[-32.5,59.25],[-32.5,61.0],[-32.75,61.0],[-32.75,62.25],[-36.5,62.25]]]},"properties":{"id":108,"lon":-36.12,"lat":58.25,"e5":0.48,"e10":0.49,"e15":0.50,"rh":12.5,"rc":32.5,"sst":8.1,"om":2.26,"bf":false}},{"type":"Feature","geometry":{"type":"Polygon","coordinates":[[[-53.5,17.5],[-53.5,17.25],[-54.5,17.25],[-54.5,15.0],[-55.75,15.0],[-55.75,12.5],[-56.75,12.5],[-56.75,10.75],[-55.75,10.75],[-55.75,9.75],[-54.5,9.75],[-54.5,9.0],[-53.5,9.0],[-53.5,8.75],[-52.25,8.75],[-52.25,8.5],[-51.25,8.5],[-51.25,8.25],[-50.0,8.25],[-50.0,9.0],[-49.0,9.0],[-49.0,10.25],[-47.75,10.25],[-47.75,11.5],[-46.75,11.5],[-46.75,13.75],[-47.75,13.75],[-47.75,15.0],[-49.0,15.0],[-49.0,16.0],[-50.0,16.0],[-50.0,17.25],[-51.25,17.25],[-51.25,17.5],[-53.5,17.5]]]},"properties":{"id":109,"lon":-51.25,"lat":13.12,"e5":0.67,"e10":0.75,"e15":0.77,"rh":9.1,"rc":23.5,"sst":27.2,"om":4.18,"bf":false}},{"type":"Feature","geometry":{"type":"Polygon","coordinates":[[[-13.0,2.75],[-13.0,-0.75],[-14.0,-0.75],[-14.0,-1.25],[-13.0,-1.25],[-13.0,-2.5],[-11.75,-2.5],[-11.75,-3.5],[-10.75,-3.5],[-10.75,-4.5],[-9.5,-4.5],[-9.5,-5.25],[-8.5,-5.25],[-8.5,-4.5],[-7.25,-4.5],[-7.25,-3.75],[-6.25,-3.75],[-6.25,-3.25],[-5.0,-3.25],[-5.0,-2.5],[-4.0,-2.5],[-4.0,2.25],[-5.25,2.25],[-5.25,1.75],[-6.25,1.75],[-6.25,1.5],[-9.75,1.5],[-9.75,1.75],[-10.75,1.75],[-10.75,2.25],[-12.0,2.25],[-12.0,2.75],[-13.0,2.75]]]},"properties":{"id":110,"lon":-9.0,"lat":-1.0,"e5":0.73,"e10":0.79,"e15":0.81,"rh":9.5,"rc":24.6,"sst":26.8,"om":3.89,"bf":false}},{"type":"Feature","geometry":{"type":"Polygon","coordinates":[[[-30.0,29.75],[-30.0,29.25],[-31.0,29.25],[-31.0,28.25],[-32.25,28.25],[-32.25,27.0],[-33.25,27.0],[-33.25,25.5],[-34.5,25.5],[-34.5,22.75],[-33.25,22.75],[-33.25,21.5],[-32.25,21.5],[-32.25,20.25],[-31.0,20.25],[-31.0,19.5],[-30.0,19.5],[-30.0,20.0],[-28.75,20.0],[-28.75,20.75],[-27.75,20.75],[-27.75,21.0],[-26.5,21.0],[-26.5,22.0],[-25.5,22.0],[-25.5,22.5],[-24.25,22.5],[-24.25,25.25],[-25.5,25.25],[-25.5,27.5],[-26.5,27.5],[-26.5,29.25],[-27.75,29.25],[-27.75,29.75],[-30.0,29.75]]]},"properties":{"id":111,"lon":-29.37,"lat":24.0,"e5":0.46,"e10":0.60,"e15":0.68,"rh":9.7,"rc":25.3,"sst":23.4,"om":3.86,"bf":false}},{"type":"Feature","geometry":{"type":"Polygon","coordinates":[[[-33.0,54.75],[-33.0,54.25],[-34.0,54.25],[-34.0,54.0],[-33.75,54.0],[-33.75,53.75],[-35.0,53.75],[-35.0,53.5],[-37.0,53.5],[-37.0,53.0],[-38.0,53.0],[-38.0,51.0],[-39.0,51.0],[-39.0,48.0],[-37.75,48.0],[-37.75,46.0],[-36.75,46.0],[-36.75,45.25],[-34.5,45.25],[-34.5,44.75],[-31.25,44.75],[-31.25,45.25],[-30.25,45.25],[-30.25,46.5],[-29.25,46.5],[-29.25,47.75],[-28.25,47.75],[-28.25,49.75],[-28.5,49.75],[-28.5,51.75],[-29.5,51.75],[-29.5,52.25],[-29.75,52.25],[-29.75,53.5],[-30.75,53.5],[-30.75,54.25],[-31.75,54.25],[-31.75,54.5],[-32.0,54.5],[-32.0,54.75],[-33.0,54.75]]]},"properties":{"id":112,"lon":-33.75,"lat":50.37,"e5":0.72,"e10":0.75,"e15":0.75,"rh":12.1,"rc":31.5,"sst":11.7,"om":2.45,"bf":false}},{"type":"Feature","geometry":{"type":"Polygon","coordinates":[[[-17.5,7.5],[-17.5,6.75],[-18.75,6.75],[-18.75,6.0],[-19.75,6.0],[-19.75,5.25],[-21.0,5.25],[-21.0,4.5],[-22.0,4.5],[-22.0,-1.0],[-20.75,-1.0],[-20.75,-1.5],[-19.75,-1.5],[-19.75,-1.75],[-18.5,-1.75],[-18.5,-2.5],[-17.5,-2.5],[-17.5,-2.75],[-16.25,-2.75],[-16.25,-2.25],[-15.25,-2.25],[-15.25,-1.5],[-14.0,-1.5],[-14.0,-0.75],[-13.0,-0.75],[-13.0,3.75],[-14.25,3.75],[-14.25,4.5],[-15.25,4.5],[-15.25,5.0],[-16.5,5.0],[-16.5,7.5],[-17.5,7.5]]]},"properties":{"id":113,"lon":-17.5,"lat":1.5,"e5":0.74,"e10":0.79,"e15":0.81,"rh":9.2,"rc":24.0,"sst":27.5,"om":4.02,"bf":false}},{"type":"Feature","geometry":{"type":"Polygon","coordinates":[[[-19.0,51.75],[-19.0,50.5],[-20.0,50.5],[-20.0,49.75],[-19.75,49.75],[-19.75,49.25],[-21.0,49.25],[-21.0,49.0],[-20.75,49.0],[-20.75,48.0],[-21.75,48.0],[-21.75,45.5],[-21.5,45.5],[-21.5,44.25],[-20.5,44.25],[-20.5,43.0],[-20.25,43.0],[-20.25,42.25],[-19.25,42.25],[-19.25,41.75],[-17.0,41.75],[-17.0,41.5],[-14.75,41.5],[-14.75,42.75],[-15.0,42.75],[-15.0,43.75],[-14.0,43.75],[-14.0,45.0],[-13.0,45.0],[-13.0,45.5],[-11.75,45.5],[-11.75,45.75],[-12.0,45.75],[-12.0,46.0],[-10.75,46.0],[-10.75,46.5],[-9.75,46.5],[-9.75,47.25],[-10.0,47.25],[-10.0,48.0],[-11.0,48.0],[-11.0,48.5],[-12.25,48.5],[-12.25,48.75],[-13.25,48.75],[-13.25,49.0],[-13.5,49.0],[-13.5,49.5],[-14.5,49.5],[-14.5,50.25],[-14.75,50.25],[-14.75,51.25],[-15.0,51.25],[-15.0,51.0],[-15.75,51.0],[-15.75,51.5],[-16.0,51.5],[-16.0,51.75],[-19.0,51.75]]]},"properties":{"id":114,"lon":-15.75,"lat":46.87,"e5":0.63,"e10":0.68,"e15":0.70,"rh":11.3,"rc":29.3,"sst":15.6,"om":2.95,"bf":false}},{"type":"Feature","geometry":{"type":"Polygon","coordinates":[[[-24.0,56.5],[-24.0,56.25],[-24.75,56.25],[-24.75,56.0],[-25.0,56.0],[-25.0,55.75],[-26.0,55.75],[-26.0,55.5],[-25.75,55.5],[-25.75,55.0],[-26.25,55.0],[-26.25,54.75],[-26.75,54.75],[-26.75,54.5],[-27.75,54.5],[-27.75,54.0],[-28.75,54.0],[-28.75,53.25],[-29.75,53.25],[-29.75,52.25],[-29.5,52.25],[-29.5,51.75],[-28.5,51.75],[-28.5,49.75],[-28.25,49.75],[-28.25,48.0],[-27.25,48.0],[-27.25,47.75],[-26.0,47.75],[-26.0,47.25],[-25.5,47.25],[-25.5,47.5],[-24.0,47.5],[-24.0,47.0],[-22.75,47.0],[-22.75,46.75],[-21.75,46.75],[-21.75,48.0],[-20.75,48.0],[-20.75,49.0],[-21.0,49.0],[-21.0,49.25],[-19.75,49.25],[-19.75,49.75],[-20.0,49.75],[-20.0,50.5],[-19.0,50.5],[-19.0,52.0],[-19.25,52.0],[-19.25,53.0],[-19.5,53.0],[-19.5,52.75],[-20.25,52.75],[-20.25,53.25],[-20.5,53.25],[-20.5,54.5],[-21.0,54.5],[-21.0,54.25],[-21.5,54.25],[-21.5,54.5],[-21.75,54.5],[-21.75,55.75],[-22.0,55.75],[-22.0,56.0],[-22.25,56.0],[-22.25,55.75],[-23.0,55.75],[-23.0,56.5],[-24.0,56.5]]]},"properties":{"id":115,"lon":-23.75,"lat":51.12,"e5":0.67,"e10":0.70,"e15":0.71,"rh":11.9,"rc":30.9,"sst":12.5,"om":2.58,"bf":false}},{"type":"Feature","geometry":{"type":"Polygon","coordinates":[[[-22.0,-1.0],[-22.0,-1.5],[-23.0,-1.5],[-23.0,-2.25],[-24.25,-2.25],[-24.25,-10.0],[-17.5,-10.0],[-17.5,-2.5],[-18.5,-2.5],[-18.5,-1.75],[-19.75,-1.75],[-19.75,-1.5],[-20.75,-1.5],[-20.75,-1.0],[-22.0,-1.0]]]},"properties":{"id":116,"lon":-20.87,"lat":-6.25,"e5":0.71,"e10":0.78,"e15":0.80,"rh":9.3,"rc":24.3,"sst":26.6,"om":4.01,"bf":false}},{"type":"Feature","geometry":{"type":"Polygon","coordinates":[[[-64.5,30.25],[-64.5,30.0],[-65.75,30.0],[-65.75,29.5],[-66.75,29.5],[-66.75,26.25],[-68.0,26.25],[-68.0,23.5],[-69.25,23.5],[-69.25,23.0],[-68.0,23.0],[-68.0,22.5],[-67.0,22.5],[-67.0,22.0],[-65.75,22.0],[-65.75,21.5],[-64.75,21.5],[-64.75,21.25],[-63.5,21.25],[-63.5,20.75],[-62.5,20.75],[-62.5,20.25],[-61.25,20.25],[-61.25,20.75],[-60.25,20.75],[-60.25,21.25],[-59.0,21.25],[-59.0,23.0],[-58.0,23.0],[-58.0,25.75],[-59.0,25.75],[-59.0,26.5],[-60.25,26.5],[-60.25,27.5],[-61.25,27.5],[-61.25,28.5],[-62.25,28.5],[-62.25,29.5],[-63.5,29.5],[-63.5,30.25],[-64.5,30.25]]]},"properties":{"id":117,"lon":-63.0,"lat":24.62,"e5":0.59,"e10":0.70,"e15":0.74,"rh":9.3,"rc":24.3,"sst":25.9,"om":4.05,"bf":false}},{"type":"Feature","geometry":{"type":"Polygon","coordinates":[[[-56.25,43.75],[-56.25,43.25],[-57.5,43.25],[-57.5,42.5],[-58.5,42.5],[-58.5,42.25],[-59.75,42.25],[-59.75,41.75],[-60.75,41.75],[-60.75,41.25],[-61.25,41.25],[-61.25,41.5],[-62.0,41.5],[-62.0,41.0],[-63.0,41.0],[-63.0,39.5],[-63.25,39.5],[-63.25,38.75],[-62.0,38.75],[-62.0,37.0],[-62.25,37.0],[-62.25,36.75],[-62.0,36.75],[-62.0,36.5],[-61.0,36.5],[-61.0,34.75],[-56.75,34.75],[-56.75,34.25],[-54.5,34.25],[-54.5,35.25],[-53.25,35.25],[-53.25,40.25],[-54.25,40.25],[-54.25,43.75],[-56.25,43.75]]]},"properties":{"id":118,"lon":-58.25,"lat":39.12,"e5":0.61,"e10":0.68,"e15":0.71,"rh":10.3,"rc":26.7,"sst":19.9,"om":3.52,"bf":false}},{"type":"Feature","geometry":{"type":"Polygon","coordinates":[[[-37.75,24.25],[-37.75,23.25],[-39.0,23.25],[-39.0,22.5],[-40.0,22.5],[-40.0,21.0],[-41.0,21.0],[-41.0,17.25],[-40.0,17.25],[-40.0,16.25],[-39.0,16.25],[-39.0,15.25],[-37.75,15.25],[-37.75,14.0],[-33.25,14.0],[-33.25,14.75],[-32.25,14.75],[-32.25,15.5],[-31.0,15.5],[-31.0,20.25],[-32.25,20.25],[-32.25,21.5],[-33.25,21.5],[-33.25,22.75],[-34.5,22.75],[-34.5,24.25],[-37.75,24.25]]]},"properties":{"id":119,"lon":-36.0,"lat":18.75,"e5":0.57,"e10":0.69,"e15":0.74,"rh":9.4,"rc":24.5,"sst":24.9,"om":4.02,"bf":false}},{"type":"Feature","geometry":{"type":"Polygon","coordinates":[[[-30.0,39.5],[-30.0,38.25],[-31.0,38.25],[-31.0,38.0],[-31.25,38.0],[-31.25,36.75],[-32.25,36.75],[-32.25,35.5],[-33.25,35.5],[-33.25,34.25],[-32.25,34.25],[-32.25,32.5],[-31.0,32.5],[-31.0,30.75],[-30.0,30.75],[-30.0,29.75],[-27.75,29.75],[-27.75,29.25],[-26.5,29.25],[-26.5,30.75],[-25.5,30.75],[-25.5,31.5],[-24.5,31.5],[-24.5,32.5],[-23.25,32.5],[-23.25,33.5],[-22.25,33.5],[-22.25,35.75],[-23.5,35.75],[-23.5,38.25],[-24.5,38.25],[-24.5,38.75],[-25.75,38.75],[-25.75,39.0],[-28.0,39.0],[-28.0,39.5],[-30.0,39.5]]]},"properties":{"id":120,"lon":-27.75,"lat":34.87,"e5":0.52,"e10":0.60,"e15":0.67,"rh":10.2,"rc":26.4,"sst":21.3,"om":3.6,"bf":false}},{"type":"Feature","geometry":{"type":"Polygon","coordinates":[[[-53.25,36.0],[-53.25,35.25],[-54.5,35.25],[-54.5,27.5],[-53.5,27.5],[-53.5,27.0],[-51.25,27.0],[-51.25,26.5],[-50.0,26.5],[-50.0,26.0],[-49.0,26.0],[-49.0,26.5],[-47.75,26.5],[-47.75,28.0],[-46.75,28.0],[-46.75,29.25],[-45.5,29.25],[-45.5,32.75],[-46.75,32.75],[-46.75,35.0],[-47.75,35.0],[-47.75,35.5],[-50.0,35.5],[-50.0,36.0],[-53.25,36.0]]]},"properties":{"id":121,"lon":-50.0,"lat":31.0,"e5":0.55,"e10":0.66,"e15":0.72,"rh":9.7,"rc":25.3,"sst":23.5,"om":3.84,"bf":false}},{"type":"Feature","geometry":{"type":"Polygon","coordinates":[[[-5.0,-2.5],[-5.0,-3.25],[-6.25,-3.25],[-6.25,-3.75],[-7.25,-3.75],[-7.25,-4.5],[-8.5,-4.5],[-8.5,-5.25],[-9.5,-5.25],[-9.5,-10.0],[-0.5,-10.0],[-0.5,-5.0],[-1.75,-5.0],[-1.75,-4.0],[-2.75,-4.0],[-2.75,-3.0],[-4.0,-3.0],[-4.0,-2.5],[-5.0,-2.5]]]},"properties":{"id":122,"lon":-5.0,"lat":-7.62,"e5":0.69,"e10":0.77,"e15":0.79,"rh":9.5,"rc":24.8,"sst":25.8,"om":3.88,"bf":false}},{"type":"Feature","geometry":{"type":"Polygon","coordinates":[[[-36.75,45.25],[-36.75,44.75],[-37.75,44.75],[-37.75,42.75],[-39.0,42.75],[-39.0,41.0],[-40.0,41.0],[-40.0,39.25],[-39.0,39.25],[-39.0,37.75],[-37.75,37.75],[-37.75,36.0],[-36.75,36.0],[-36.75,35.0],[-33.25,35.0],[-33.25,35.5],[-32.25,35.5],[-32.25,36.75],[-31.25,36.75],[-31.25,38.0],[-31.0,38.0],[-31.0,38.25],[-30.0,38.25],[-30.0,39.5],[-29.0,39.5],[-29.0,39.75],[-30.0,39.75],[-30.0,40.5],[-30.25,40.5],[-30.25,43.25],[-31.25,43.25],[-31.25,44.75],[-34.5,44.75],[-34.5,45.25],[-36.75,45.25]]]},"properties":{"id":123,"lon":-35.0,"lat":40.12,"e5":0.65,"e10":0.70,"e15":0.72,"rh":10.6,"rc":27.6,"sst":19.0,"om":3.32,"bf":false}},{"type":"Feature","geometry":{"type":"Polygon","coordinates":[[[-27.75,6.5],[-27.75,6.0],[-28.75,6.0],[-28.75,-1.25],[-27.5,-1.25],[-27.5,-1.75],[-26.5,-1.75],[-26.5,-2.25],[-25.25,-2.25],[-25.25,-2.5],[-24.25,-2.5],[-24.25,-2.25],[-23.0,-2.25],[-23.0,-1.5],[-22.0,-1.5],[-22.0,4.75],[-23.25,4.75],[-23.25,5.25],[-24.25,5.25],[-24.25,5.75],[-25.5,5.75],[-25.5,6.25],[-26.5,6.25],[-26.5,6.5],[-27.75,6.5]]]},"properties":{"id":124,"lon":-25.37,"lat":1.75,"e5":0.73,"e10":0.79,"e15":0.80,"rh":9.2,"rc":23.8,"sst":27.5,"om":4.08,"bf":false}},{"type":"Feature","geometry":{"type":"Polygon","coordinates":[[[-59.0,21.5],[-59.0,21.25],[-60.25,21.25],[-60.25,20.75],[-61.25,20.75],[-61.25,20.25],[-62.5,20.25],[-62.5,19.25],[-61.25,19.25],[-61.25,17.25],[-62.5,17.25],[-62.5,15.5],[-63.5,15.5],[-63.5,15.0],[-64.75,15.0],[-64.75,14.75],[-65.75,14.75],[-65.75,14.5],[-67.0,14.5],[-67.0,14.0],[-65.75,14.0],[-65.75,13.75],[-61.25,13.75],[-61.25,13.5],[-60.25,13.5],[-60.25,13.25],[-59.0,13.25],[-59.0,12.25],[-58.0,12.25],[-58.0,11.25],[-56.75,11.25],[-56.75,12.5],[-55.75,12.5],[-55.75,15.0],[-54.5,15.0],[-54.5,18.25],[-55.75,18.25],[-55.75,19.5],[-56.75,19.5],[-56.75,20.25],[-58.0,20.25],[-58.0,21.5],[-59.0,21.5]]]},"properties":{"id":125,"lon":-58.5,"lat":16.37,"e5":0.65,"e10":0.73,"e15":0.76,"rh":9.1,"rc":23.6,"sst":27.2,"om":4.18,"bf":false}},{"type":"Feature","geometry":{"type":"Polygon","coordinates":[[[-40.0,49.0],[-40.0,48.75],[-42.25,48.75],[-42.25,48.25],[-45.25,48.25],[-45.25,48.0],[-47.5,48.0],[-47.5,44.0],[-46.5,44.0],[-46.5,42.25],[-45.5,42.25],[-45.5,40.75],[-44.5,40.75],[-44.5,39.75],[-41.0,39.75],[-41.0,40.25],[-40.0,40.25],[-40.0,41.0],[-39.0,41.0],[-39.0,42.75],[-37.75,42.75],[-37.75,44.75],[-36.75,44.75],[-36.75,46.0],[-37.75,46.0],[-37.75,48.0],[-39.0,48.0],[-39.0,49.0],[-40.0,49.0]]]},"properties":{"id":126,"lon":-42.62,"lat":44.37,"e5":0.74,"e10":0.78,"e15":0.78,"rh":11.9,"rc":31.0,"sst":12.7,"om":2.52,"bf":false}},{"type":"Feature","geometry":{"type":"Polygon","coordinates":[[[-23.25,33.5],[-23.25,32.5],[-24.5,32.5],[-24.5,31.5],[-25.5,31.5],[-25.5,30.75],[-26.5,30.75],[-26.5,27.5],[-25.5,27.5],[-25.5,25.25],[-24.25,25.25],[-24.25,23.25],[-23.25,23.25],[-23.25,22.75],[-22.5,22.75],[-22.5,23.0],[-22.0,23.0],[-22.0,22.5],[-21.0,22.5],[-21.0,24.25],[-19.75,24.25],[-19.75,26.0],[-19.0,26.0],[-19.0,26.25],[-18.75,26.25],[-18.75,28.0],[-17.75,28.0],[-17.75,29.5],[-16.5,29.5],[-16.5,30.25],[-15.5,30.25],[-15.5,30.75],[-16.5,30.75],[-16.5,31.25],[-17.75,31.25],[-17.75,31.75],[-18.75,31.75],[-18.75,32.5],[-20.0,32.5],[-20.0,33.0],[-21.0,33.0],[-21.0,33.5],[-23.25,33.5]]]},"properties":{"id":127,"lon":-22.12,"lat":28.75,"e5":0.47,"e10":0.56,"e15":0.64,"rh":10.1,"rc":26.3,"sst":21.9,"om":3.64,"bf":false}},{"type":"Feature","geometry":{"type":"Polygon","coordinates":[[[-11.5,61.5],[-11.5,61.25],[-11.75,61.25],[-11.75,61.0],[-12.25,61.0],[-12.25,60.75],[-13.5,60.75],[-13.5,60.5],[-13.25,60.5],[-13.25,60.25],[-15.0,60.25],[-15.0,60.0],[-17.5,60.0],[-17.5,59.75],[-20.0,59.75],[-20.0,60.0],[-21.75,60.0],[-21.75,59.75],[-22.0,59.75],[-22.0,60.25],[-23.0,60.25],[-23.0,59.75],[-22.75,59.75],[-22.75,58.75],[-22.5,58.75],[-22.5,58.25],[-23.5,58.25],[-23.5,58.0],[-23.25,58.0],[-23.25,57.0],[-23.0,57.0],[-23.0,55.75],[-22.25,55.75],[-22.25,56.0],[-22.0,56.0],[-22.0,55.75],[-21.75,55.75],[-21.75,54.5],[-21.5,54.5],[-21.5,54.25],[-21.0,54.25],[-21.0,54.5],[-20.5,54.5],[-20.5,53.25],[-20.25,53.25],[-20.25,52.75],[-19.5,52.75],[-19.5,53.0],[-19.25,53.0],[-19.25,52.0],[-19.0,52.0],[-19.0,51.75],[-16.0,51.75],[-16.0,52.75],[-16.25,52.75],[-16.25,54.0],[-16.5,54.0],[-16.5,55.0],[-16.0,55.0],[-16.0,55.25],[-15.75,55.25],[-15.75,56.0],[-14.75,56.0],[-14.75,56.25],[-15.0,56.25],[-15.0,56.5],[-14.0,56.5],[-14.0,57.0],[-13.0,57.0],[-13.0,57.25],[-13.25,57.25],[-13.25,57.5],[-12.25,57.5],[-12.25,58.0],[-12.5,58.0],[-12.5,58.75],[-11.75,58.75],[-11.75,59.25],[-12.0,59.25],[-12.0,59.75],[-11.0,59.75],[-11.0,60.0],[-11.25,60.0],[-11.25,60.25],[-10.25,60.25],[-10.25,60.5],[-10.5,60.5],[-10.5,61.0],[-10.75,61.0],[-10.75,61.25],[-11.0,61.25],[-11.0,61.5],[-11.5,61.5]]]},"properties":{"id":128,"lon":-18.5,"lat":56.75,"e5":0.56,"e10":0.60,"e15":0.61,"rh":11.9,"rc":30.9,"sst":12.1,"om":2.61,"bf":false}},{"type":"Feature","geometry":{"type":"Polygon","coordinates":[[[-14.0,-1.25],[-14.0,-1.5],[-15.25,-1.5],[-15.25,-2.25],[-16.25,-2.25],[-16.25,-2.75],[-17.5,-2.75],[-17.5,-10.0],[-9.5,-10.0],[-9.5,-4.5],[-10.75,-4.5],[-10.75,-3.5],[-11.75,-3.5],[-11.75,-2.5],[-13.0,-2.5],[-13.0,-1.25],[-14.0,-1.25]]]},"properties":{"id":129,"lon":-13.5,"lat":-7.25,"e5":0.70,"e10":0.77,"e15":0.79,"rh":9.4,"rc":24.5,"sst":26.2,"om":3.95,"bf":false}},{"type":"Feature","geometry":{"type":"Polygon","coordinates":[[[-24.25,23.25],[-24.25,22.5],[-25.5,22.5],[-25.5,22.0],[-26.5,22.0],[-26.5,21.0],[-27.75,21.0],[-27.75,20.75],[-28.75,20.75],[-28.75,20.0],[-30.0,20.0],[-30.0,19.5],[-31.0,19.5],[-31.0,16.0],[-30.0,16.0],[-30.0,15.25],[-28.75,15.25],[-28.75,14.75],[-27.75,14.75],[-27.75,14.0],[-26.5,14.0],[-26.5,13.5],[-25.5,13.5],[-25.5,13.0],[-24.25,13.0],[-24.25,13.5],[-23.25,13.5],[-23.25,13.75],[-22.0,13.75],[-22.0,16.0],[-21.0,16.0],[-21.0,20.25],[-22.0,20.25],[-22.0,23.0],[-22.5,23.0],[-22.5,22.75],[-23.25,22.75],[-23.25,23.25],[-24.25,23.25]]]},"properties":{"id":130,"lon":-26.0,"lat":17.75,"e5":0.61,"e10":0.70,"e15":0.75,"rh":9.7,"rc":25.1,"sst":24.2,"om":3.87,"bf":false}},{"type":"Feature","geometry":{"type":"Polygon","coordinates":[[[-42.0,56.75],[-42.0,56.5],[-46.0,56.5],[-46.0,55.25],[-46.25,55.25],[-46.25,55.5],[-47.0,55.5],[-47.0,54.25],[-47.25,54.25],[-47.25,53.5],[-48.25,53.5],[-48.25,51.5],[-49.5,51.5],[-49.5,50.75],[-48.5,50.75],[-48.5,49.25],[-47.5,49.25],[-47.5,48.0],[-45.25,48.0],[-45.25,48.25],[-42.25,48.25],[-42.25,48.75],[-40.0,48.75],[-40.0,49.0],[-39.0,49.0],[-39.0,51.0],[-38.0,51.0],[-38.0,53.5],[-39.0,53.5],[-39.0,54.5],[-40.0,54.5],[-40.0,56.0],[-41.0,56.0],[-41.0,56.75],[-42.0,56.75]]]},"properties":{"id":131,"lon":-43.12,"lat":52.5,"e5":0.68,"e10":0.70,"e15":0.71,"rh":12.8,"rc":33.2,"sst":7.2,"om":2.1,"bf":false}},{"type":"Feature","geometry":{"type":"Polygon","coordinates":[[[-23.25,13.75],[-23.25,13.5],[-24.25,13.5],[-24.25,13.0],[-25.5,13.0],[-25.5,9.75],[-26.5,9.75],[-26.5,6.25],[-25.5,6.25],[-25.5,5.75],[-24.25,5.75],[-24.25,5.25],[-23.25,5.25],[-23.25,4.75],[-22.0,4.75],[-22.0,4.5],[-21.0,4.5],[-21.0,5.25],[-19.75,5.25],[-19.75,6.0],[-18.75,6.0],[-18.75,6.75],[-17.5,6.75],[-17.5,8.5],[-18.75,8.5],[-18.75,9.5],[-19.75,9.5],[-19.75,11.5],[-21.0,11.5],[-21.0,13.75],[-23.25,13.75]]]},"properties":{"id":132,"lon":-22.62,"lat":9.0,"e5":0.72,"e10":0.78,"e15":0.80,"rh":9.2,"rc":24.0,"sst":26.8,"om":4.04,"bf":false}},{"type":"Feature","geometry":{"type":"Polygon","coordinates":[[[-3.5,75.25],[-3.5,75.0],[-4.0,75.0],[-4.0,74.75],[-2.5,74.75],[-2.5,74.5],[-3.0,74.5],[-3.0,74.25],[-3.5,74.25],[-3.5,73.75],[-2.75,73.75],[-2.75,73.5],[-3.25,73.5],[-3.25,73.25],[-3.75,73.25],[-3.75,73.0],[-2.75,73.0],[-2.75,72.75],[-3.25,72.75],[-3.25,72.25],[-2.75,72.25],[-2.75,72.0],[-3.5,72.0],[-3.5,71.75],[-3.0,71.75],[-3.0,71.25],[-3.75,71.25],[-3.75,71.0],[-3.0,71.0],[-3.0,70.75],[-3.5,70.75],[-3.5,70.5],[-3.0,70.5],[-3.0,70.25],[-3.25,70.25],[-3.25,70.0],[-2.75,70.0],[-2.75,69.25],[-2.5,69.25],[-2.5,69.0],[-3.0,69.0],[-3.0,68.75],[-2.5,68.75],[-2.5,68.5],[-2.0,68.5],[-2.0,68.25],[-1.75,68.25],[-1.75,68.0],[-1.25,68.0],[-1.25,67.75],[-1.0,67.75],[-1.0,67.5],[-0.5,67.5],[-0.5,67.25],[-0.25,67.25],[-0.25,67.0],[-0.75,67.0],[-0.75,66.75],[-0.5,66.75],[-0.5,66.5],[-0.25,66.5],[-0.25,66.25],[0.0,66.25],[0.0,66.0],[0.5,66.0],[0.5,65.75],[0.75,65.75],[0.75,65.5],[1.0,65.5],[1.0,65.25],[2.0,65.25],[2.0,65.5],[1.75,65.5],[1.75,65.75],[2.0,65.75],[2.0,66.0],[3.25,66.0],[3.25,66.25],[3.0,66.25],[3.0,66.75],[4.25,66.75],[4.25,67.0],[4.0,67.0],[4.0,67.25],[4.25,67.25],[4.25,67.5],[5.25,67.5],[5.25,67.75],[5.0,67.75],[5.0,68.25],[5.25,68.25],[5.25,68.5],[4.75,68.5],[4.75,68.75],[5.75,68.75],[5.75,69.0],[6.0,69.0],[6.0,69.25],[5.75,69.25],[5.75,69.5],[6.5,69.5],[6.5,69.75],[6.75,69.75],[6.75,70.0],[6.25,70.0],[6.25,70.25],[6.75,70.25],[6.75,70.5],[6.25,70.5],[6.25,70.75],[6.75,70.75],[6.75,71.0],[6.25,71.0],[6.25,71.5],[6.0,71.5],[6.0,71.75],[5.5,71.75],[5.5,72.0],[6.5,72.0],[6.5,72.25],[6.0,72.25],[6.0,72.5],[5.75,72.5],[5.75,72.75],[5.5,72.75],[5.5,73.0],[5.0,73.0],[5.0,73.25],[5.75,73.25],[5.75,73.5],[5.0,73.5],[5.0,74.0],[5.5,74.0],[5.5,74.25],[5.75,74.25],[5.75,74.5],[4.5,74.5],[4.5,74.75],[5.25,74.75],[5.25,75.0],[4.25,75.0],[4.25,75.25],[3.5,75.25],[3.5,75.0],[1.5,75.0],[1.5,75.25],[1.25,75.25],[1.25,75.0],[0.5,75.0],[0.5,74.75],[0.0,74.75],[0.0,75.0],[-3.0,75.0],[-3.0,75.25],[-3.5,75.25]]]},"properties":{"id":133,"lon":1.87,"lat":70.37,"e5":0.46,"e10":0.48,"e15":0.49,"rh":12.7,"rc":33.0,"sst":5.1,"om":2.17,"bf":false}},{"type":"Feature","geometry":{"type":"Polygon","coordinates":[[[-64.25,40.5],[-64.25,40.25],[-66.5,40.25],[-66.5,39.5],[-67.5,39.5],[-67.5,39.0],[-68.75,39.0],[-68.75,38.5],[-69.75,38.5],[-69.75,37.25],[-71.0,37.25],[-71.0,34.25],[-71.25,34.25],[-71.25,33.25],[-70.0,33.25],[-70.0,32.25],[-69.0,32.25],[-69.0,31.25],[-68.0,31.25],[-68.0,30.5],[-66.75,30.5],[-66.75,30.0],[-64.5,30.0],[-64.5,30.25],[-63.5,30.25],[-63.5,31.75],[-62.25,31.75],[-62.25,33.5],[-61.25,33.5],[-61.25,33.75],[-61.0,33.75],[-61.0,36.5],[-62.0,36.5],[-62.0,36.75],[-62.25,36.75],[-62.25,37.0],[-62.0,37.0],[-62.0,38.75],[-63.25,38.75],[-63.25,39.5],[-63.0,39.5],[-63.0,40.5],[-64.25,40.5]]]},"properties":{"id":134,"lon":-66.0,"lat":35.37,"e5":0.52,"e10":0.63,"e15":0.68,"rh":9.8,"rc":25.5,"sst":22.6,"om":3.79,"bf":false}},{"type":"Feature","geometry":{"type":"Polygon","coordinates":[[[-42.25,17.25],[-42.25,16.5],[-43.25,16.5],[-43.25,15.5],[-44.5,15.5],[-44.5,14.75],[-45.5,14.75],[-45.5,13.75],[-46.75,13.75],[-46.75,11.75],[-45.5,11.75],[-45.5,11.0],[-44.5,11.0],[-44.5,10.25],[-43.25,10.25],[-43.25,9.5],[-42.25,9.5],[-42.25,8.75],[-41.0,8.75],[-41.0,8.25],[-40.0,8.25],[-40.0,9.75],[-39.0,9.75],[-39.0,12.0],[-37.75,12.0],[-37.75,15.25],[-39.0,15.25],[-39.0,16.25],[-40.0,16.25],[-40.0,17.25],[-42.25,17.25]]]},"properties":{"id":135,"lon":-42.25,"lat":12.87,"e5":0.66,"e10":0.75,"e15":0.78,"rh":9.2,"rc":23.9,"sst":26.4,"om":4.12,"bf":false}},{"type":"Feature","geometry":{"type":"Polygon","coordinates":[[[-72.25,33.25],[-72.25,32.25],[-72.5,32.25],[-72.5,32.5],[-74.5,32.5],[-74.5,31.5],[-75.75,31.5],[-75.75,30.5],[-76.75,30.5],[-76.75,30.25],[-75.75,30.25],[-75.75,24.5],[-73.75,24.5],[-73.75,24.0],[-72.5,24.0],[-72.5,23.5],[-68.0,23.5],[-68.0,26.25],[-66.75,26.25],[-66.75,29.5],[-65.75,29.5],[-65.75,30.0],[-66.75,30.0],[-66.75,30.5],[-68.0,30.5],[-68.0,31.25],[-69.0,31.25],[-69.0,32.25],[-70.0,32.25],[-70.0,33.25],[-72.25,33.25]]]},"properties":{"id":136,"lon":-71.25,"lat":27.87,"e5":0.55,"e10":0.67,"e15":0.72,"rh":9.3,"rc":24.3,"sst":25.3,"om":4.04,"bf":false}},{"type":"Feature","geometry":{"type":"Polygon","coordinates":[[[-54.5,27.5],[-54.5,27.0],[-55.75,27.0],[-55.75,26.0],[-56.75,26.0],[-56.75,25.5],[-57.5,25.5],[-57.5,25.75],[-58.0,25.75],[-58.0,23.0],[-59.0,23.0],[-59.0,21.5],[-58.0,21.5],[-58.0,20.25],[-56.75,20.25],[-56.75,19.5],[-55.75,19.5],[-55.75,18.25],[-54.5,18.25],[-54.5,17.25],[-53.5,17.25],[-53.5,17.5],[-51.25,17.5],[-51.25,18.75],[-50.0,18.75],[-50.0,20.75],[-49.0,20.75],[-49.0,22.75],[-47.75,22.75],[-47.75,24.75],[-49.0,24.75],[-49.0,26.0],[-50.0,26.0],[-50.0,26.5],[-51.25,26.5],[-51.25,27.0],[-53.5,27.0],[-53.5,27.5],[-54.5,27.5]]]},"properties":{"id":137,"lon":-54.0,"lat":22.12,"e5":0.58,"e10":0.70,"e15":0.74,"rh":9.3,"rc":24.2,"sst":25.9,"om":4.09,"bf":false}},{"type":"Feature","geometry":{"type":"Polygon","coordinates":[[[-29.75,63.75],[-29.75,63.5],[-29.5,63.5],[-29.5,63.25],[-31.25,63.25],[-31.25,62.75],[-33.0,62.75],[-33.0,62.25],[-32.75,62.25],[-32.75,61.0],[-32.5,61.0],[-32.5,59.25],[-32.25,59.25],[-32.25,57.25],[-32.0,57.25],[-32.0,54.5],[-31.75,54.5],[-31.75,54.25],[-30.75,54.25],[-30.75,53.5],[-29.75,53.5],[-29.75,53.25],[-28.75,53.25],[-28.75,54.0],[-27.75,54.0],[-27.75,54.5],[-26.75,54.5],[-26.75,54.75],[-26.25,54.75],[-26.25,55.0],[-25.75,55.0],[-25.75,55.5],[-26.0,55.5],[-26.0,55.75],[-25.0,55.75],[-25.0,56.0],[-24.75,56.0],[-24.75,56.25],[-24.0,56.25],[-24.0,56.5],[-23.0,56.5],[-23.0,57.0],[-23.25,57.0],[-23.25,58.0],[-23.5,58.0],[-23.5,58.25],[-22.5,58.25],[-22.5,58.75],[-22.75,58.75],[-22.75,59.75],[-23.0,59.75],[-23.0,60.5],[-24.0,60.5],[-24.0,60.75],[-25.25,60.75],[-25.25,61.25],[-26.25,61.25],[-26.25,61.75],[-26.5,61.75],[-26.5,62.0],[-26.75,62.0],[-26.75,61.75],[-27.25,61.75],[-27.25,62.0],[-27.5,62.0],[-27.5,62.5],[-28.5,62.5],[-28.5,63.25],[-28.75,63.25],[-28.75,63.75],[-29.75,63.75]]]},"properties":{"id":138,"lon":-27.37,"lat":58.5,"e5":0.50,"e10":0.52,"e15":0.53,"rh":12.2,"rc":31.8,"sst":9.9,"om":2.42,"bf":false}},{"type":"Feature","geometry":{"type":"Polygon","coordinates":[[[-48.75,45.5],[-48.75,44.5],[-49.75,44.5],[-49.75,44.0],[-50.75,44.0],[-50.75,43.5],[-51.5,43.5],[-51.5,43.75],[-53.0,43.75],[-53.0,43.25],[-54.25,43.25],[-54.25,40.25],[-53.25,40.25],[-53.25,36.0],[-50.0,36.0],[-50.0,35.5],[-47.75,35.5],[-47.75,36.0],[-46.75,36.0],[-46.75,37.75],[-45.5,37.75],[-45.5,39.25],[-44.5,39.25],[-44.5,40.75],[-45.5,40.75],[-45.5,42.25],[-46.5,42.25],[-46.5,44.0],[-47.5,44.0],[-47.5,45.5],[-48.75,45.5]]]},"properties":{"id":139,"lon":-49.37,"lat":40.5,"e5":0.67,"e10":0.72,"e15":0.74,"rh":10.7,"rc":27.9,"sst":17.7,"om":3.24,"bf":false}},{"type":"Feature","geometry":{"type":"Polygon","coordinates":[[[-45.5,30.5],[-45.5,29.25],[-46.75,29.25],[-46.75,28.0],[-47.75,28.0],[-47.75,26.5],[-49.0,26.5],[-49.0,24.75],[-47.75,24.75],[-47.75,23.25],[-46.75,23.25],[-46.75,22.75],[-45.5,22.75],[-45.5,22.5],[-44.5,22.5],[-44.5,22.0],[-43.25,22.0],[-43.25,21.5],[-42.25,21.5],[-42.25,21.0],[-40.0,21.0],[-40.0,22.5],[-39.0,22.5],[-39.0,23.25],[-37.75,23.25],[-37.75,26.0],[-39.0,26.0],[-39.0,28.25],[-40.0,28.25],[-40.0,30.25],[-41.0,30.25],[-41.0,30.5],[-45.5,30.5]]]},"properties":{"id":140,"lon":-43.37,"lat":25.37,"e5":0.51,"e10":0.65,"e15":0.71,"rh":9.5,"rc":24.8,"sst":24.7,"om":3.97,"bf":false}},{"type":"Feature","geometry":{"type":"Polygon","coordinates":[[[-3.5,69.0],[-3.5,68.75],[-4.5,68.75],[-4.5,68.5],[-4.0,68.5],[-4.0,68.25],[-4.5,68.25],[-4.5,68.0],[-5.75,68.0],[-5.75,67.75],[-6.0,67.75],[-6.0,67.5],[-5.75,67.5],[-5.75,67.25],[-7.0,67.25],[-7.0,67.0],[-7.75,67.0],[-7.75,66.75],[-7.5,66.75],[-7.5,66.5],[-8.25,66.5],[-8.25,66.25],[-8.75,66.25],[-8.75,66.0],[-8.5,66.0],[-8.5,65.75],[-8.25,65.75],[-8.25,65.5],[-8.0,65.5],[-8.0,65.25],[-7.75,65.25],[-7.75,65.0],[-7.5,65.0],[-7.5,64.75],[-7.25,64.75],[-7.25,64.5],[-7.0,64.5],[-7.0,64.0],[-6.75,64.0],[-6.75,63.75],[-6.5,63.75],[-6.5,63.5],[-6.75,63.5],[-6.75,63.25],[-7.0,63.25],[-7.0,62.75],[-7.75,62.75],[-7.75,62.5],[-7.5,62.5],[-7.5,62.25],[-9.25,62.25],[-9.25,61.75],[-9.75,61.75],[-9.75,61.5],[-11.0,61.5],[-11.0,61.25],[-10.75,61.25],[-10.75,61.0],[-10.5,61.0],[-10.5,60.75],[-9.5,60.75],[-9.5,61.0],[-9.75,61.0],[-9.75,61.25],[-8.25,61.25],[-8.25,61.5],[-6.5,61.5],[-6.5,61.75],[-4.75,61.75],[-4.75,62.0],[-3.25,62.0],[-3.25,61.75],[-2.0,61.75],[-2.0,62.0],[-2.25,62.0],[-2.25,62.25],[-1.5,62.25],[-1.5,62.5],[-1.75,62.5],[-1.75,63.0],[-2.0,63.0],[-2.0,63.25],[-1.25,63.25],[-1.25,63.5],[-1.5,63.5],[-1.5,63.75],[-1.0,63.75],[-1.0,64.0],[-0.75,64.0],[-0.75,64.5],[0.5,64.5],[0.5,65.25],[1.0,65.25],[1.0,65.5],[0.75,65.5],[0.75,65.75],[0.5,65.75],[0.5,66.0],[0.0,66.0],[0.0,66.25],[-0.25,66.25],[-0.25,66.5],[-0.5,66.5],[-0.5,66.75],[-0.75,66.75],[-0.75,67.0],[-0.25,67.0],[-0.25,67.25],[-0.5,67.25],[-0.5,67.5],[-1.0,67.5],[-1.0,67.75],[-1.25,67.75],[-1.25,68.0],[-1.75,68.0],[-1.75,68.25],[-2.0,68.25],[-2.0,68.5],[-2.5,68.5],[-2.5,68.75],[-3.0,68.75],[-3.0,69.0],[-3.5,69.0]]]},"properties":{"id":141,"lon":-3.5,"lat":64.87,"e5":0.50,"e10":0.55,"e15":0.56,"rh":12.3,"rc":32.0,"sst":8.1,"om":2.39,"bf":false}},{"type":"Feature","geometry":{"type":"Polygon","coordinates":[[[-36.75,35.0],[-36.75,34.5],[-37.75,34.5],[-37.75,33.25],[-39.0,33.25],[-39.0,32.0],[-40.0,32.0],[-40.0,30.5],[-41.0,30.5],[-41.0,30.25],[-40.0,30.25],[-40.0,28.25],[-39.0,28.25],[-39.0,26.0],[-37.75,26.0],[-37.75,24.25],[-34.5,24.25],[-34.5,25.5],[-33.25,25.5],[-33.25,27.0],[-32.25,27.0],[-32.25,28.25],[-31.0,28.25],[-31.0,29.25],[-30.0,29.25],[-30.0,30.75],[-31.0,30.75],[-31.0,32.5],[-32.25,32.5],[-32.25,34.25],[-33.25,34.25],[-33.25,35.0],[-36.75,35.0]]]},"properties":{"id":142,"lon":-35.0,"lat":29.75,"e5":0.50,"e10":0.62,"e15":0.69,"rh":9.8,"rc":25.4,"sst":23.4,"om":3.82,"bf":false}},{"type":"Feature","geometry":{"type":"Polygon","coordinates":[[[-32.25,6.5],[-32.25,6.25],[-33.25,6.25],[-33.25,5.75],[-34.5,5.75],[-34.5,5.25],[-35.5,5.25],[-35.5,2.5],[-36.75,2.5],[-36.75,2.25],[-36.5,2.25],[-36.5,-0.75],[-35.5,-0.75],[-35.5,-1.5],[-34.25,-1.5],[-34.25,-2.5],[-33.25,-2.5],[-33.25,-2.75],[-32.0,-2.75],[-32.0,-3.0],[-31.0,-3.0],[-31.0,-2.25],[-29.75,-2.25],[-29.75,-1.5],[-28.75,-1.5],[-28.75,5.75],[-30.0,5.75],[-30.0,6.0],[-31.0,6.0],[-31.0,6.5],[-32.25,6.5]]]},"properties":{"id":143,"lon":-32.62,"lat":0.75,"e5":0.72,"e10":0.78,"e15":0.80,"rh":9.1,"rc":23.6,"sst":27.7,"om":4.13,"bf":false}},{"type":"Feature","geometry":{"type":"Polygon","coordinates":[[[-47.75,23.25],[-47.75,22.75],[-49.0,22.75],[-49.0,20.75],[-50.0,20.75],[-50.0,18.75],[-51.25,18.75],[-51.25,17.25],[-50.0,17.25],[-50.0,16.0],[-49.0,16.0],[-49.0,15.0],[-47.75,15.0],[-47.75,13.75],[-45.5,13.75],[-45.5,14.75],[-44.5,14.75],[-44.5,15.5],[-43.25,15.5],[-43.25,16.5],[-42.25,16.5],[-42.25,17.25],[-41.0,17.25],[-41.0,21.0],[-42.25,21.0],[-42.25,21.5],[-43.25,21.5],[-43.25,22.0],[-44.5,22.0],[-44.5,22.5],[-45.5,22.5],[-45.5,22.75],[-46.75,22.75],[-46.75,23.25],[-47.75,23.25]]]},"properties":{"id":144,"lon":-46.12,"lat":18.0,"e5":0.60,"e10":0.71,"e15":0.75,"rh":9.2,"rc":24.0,"sst":26.0,"om":4.12,"bf":false}},{"type":"Feature","geometry":{"type":"Polygon","coordinates":[[[0.5,2.5],[0.5,2.25],[-4.0,2.25],[-4.0,-3.0],[-2.75,-3.0],[-2.75,-4.0],[-1.75,-4.0],[-1.75,-5.0],[-0.5,-5.0],[-0.5,-5.25],[0.5,-5.25],[0.5,-4.5],[1.75,-4.5],[1.75,-4.0],[2.75,-4.0],[2.75,-3.5],[4.0,-3.5],[4.0,-2.75],[5.0,-2.75],[5.0,1.75],[3.75,1.75],[3.75,2.25],[2.75,2.25],[2.75,2.5],[0.5,2.5]]]},"properties":{"id":145,"lon":0.5,"lat":-0.5,"e5":0.74,"e10":0.79,"e15":0.81,"rh":9.5,"rc":24.6,"sst":27.0,"om":3.87,"bf":false}},{"type":"Feature","geometry":{"type":"Polygon","coordinates":[[[-37.75,14.0],[-37.75,12.0],[-39.0,12.0],[-39.0,9.75],[-40.0,9.75],[-40.0,8.0],[-39.0,8.0],[-39.0,7.0],[-37.75,7.0],[-37.75,6.25],[-36.75,6.25],[-36.75,5.5],[-35.5,5.5],[-35.5,5.25],[-34.5,5.25],[-34.5,5.75],[-33.25,5.75],[-33.25,6.25],[-32.25,6.25],[-32.25,11.25],[-33.25,11.25],[-33.25,14.0],[-37.75,14.0]]]},"properties":{"id":146,"lon":-36.12,"lat":8.87,"e5":0.69,"e10":0.76,"e15":0.79,"rh":9.2,"rc":23.8,"sst":26.7,"om":4.11,"bf":false}},{"type":"Feature","geometry":{"type":"Polygon","coordinates":[[[8.25,75.25],[8.25,75.0],[7.75,75.0],[7.75,74.75],[7.25,74.75],[7.25,75.0],[5.25,75.0],[5.25,74.75],[4.5,74.75],[4.5,74.5],[5.75,74.5],[5.75,74.25],[5.5,74.25],[5.5,74.0],[5.0,74.0],[5.0,73.5],[5.75,73.5],[5.75,73.25],[5.0,73.25],[5.0,73.0],[5.5,73.0],[5.5,72.75],[5.75,72.75],[5.75,72.5],[6.0,72.5],[6.0,72.25],[6.5,72.25],[6.5,72.0],[5.5,72.0],[5.5,71.75],[6.0,71.75],[6.0,71.5],[6.25,71.5],[6.25,71.0],[7.5,71.0],[7.5,71.25],[8.5,71.25],[8.5,71.5],[9.5,71.5],[9.5,71.75],[8.75,71.75],[8.75,72.25],[9.75,72.25],[9.75,72.5],[10.5,72.5],[10.5,72.75],[11.25,72.75],[11.25,73.0],[12.25,73.0],[12.25,73.25],[13.0,73.25],[13.0,73.5],[13.75,73.5],[13.75,73.75],[14.5,73.75],[14.5,73.5],[15.25,73.5],[15.25,73.25],[15.5,73.25],[15.5,73.5],[16.25,73.5],[16.25,73.75],[17.25,73.75],[17.25,74.0],[18.0,74.0],[18.0,74.25],[18.75,74.25],[18.75,74.75],[17.75,74.75],[17.75,75.0],[16.5,75.0],[16.5,75.25],[16.0,75.25],[16.0,75.0],[15.25,75.0],[15.25,74.75],[14.75,74.75],[14.75,75.0],[13.5,75.0],[13.5,75.25],[13.25,75.25],[13.25,75.0],[12.75,75.0],[12.75,74.75],[11.75,74.75],[11.75,75.0],[8.75,75.0],[8.75,75.25],[8.25,75.25]]]},"properties":{"id":147,"lon":8.62,"lat":73.12,"e5":0.40,"e10":0.43,"e15":0.43,"rh":12.7,"rc":33.0,"sst":5.0,"om":2.17,"bf":false}},{"type":"Feature","geometry":{"type":"Polygon","coordinates":[[[-20.25,42.25],[-20.25,41.25],[-21.25,41.25],[-21.25,40.0],[-22.5,40.0],[-22.5,39.0],[-22.25,39.0],[-22.25,38.75],[-23.5,38.75],[-23.5,35.75],[-22.25,35.75],[-22.25,33.5],[-21.0,33.5],[-21.0,33.0],[-20.0,33.0],[-20.0,32.5],[-18.75,32.5],[-18.75,31.75],[-17.75,31.75],[-17.75,31.25],[-16.5,31.25],[-16.5,30.75],[-14.25,30.75],[-14.25,32.25],[-14.5,32.25],[-14.5,33.25],[-13.25,33.25],[-13.25,35.0],[-12.25,35.0],[-12.25,35.5],[-13.5,35.5],[-13.5,40.5],[-13.75,40.5],[-13.75,40.75],[-14.75,40.75],[-14.75,41.5],[-17.0,41.5],[-17.0,41.75],[-19.25,41.75],[-19.25,42.25],[-20.25,42.25]]]},"properties":{"id":148,"lon":-18.5,"lat":37.25,"e5":0.54,"e10":0.60,"e15":0.64,"rh":10.6,"rc":27.5,"sst":19.3,"om":3.36,"bf":false}},{"type":"Feature","geometry":{"type":"Polygon","coordinates":[[[-46.75,11.75],[-46.75,11.5],[-47.75,11.5],[-47.75,10.25],[-49.0,10.25],[-49.0,9.0],[-50.0,9.0],[-50.0,7.75],[-49.0,7.75],[-49.0,6.75],[-47.75,6.75],[-47.75,4.5],[-46.75,4.5],[-46.75,2.5],[-45.5,2.5],[-45.5,1.75],[-44.5,1.75],[-44.5,3.25],[-43.25,3.25],[-43.25,5.0],[-42.25,5.0],[-42.25,6.75],[-41.0,6.75],[-41.0,8.75],[-42.25,8.75],[-42.25,9.5],[-43.25,9.5],[-43.25,10.25],[-44.5,10.25],[-44.5,11.0],[-45.5,11.0],[-45.5,11.75],[-46.75,11.75]]]},"properties":{"id":149,"lon":-45.0,"lat":7.25,"e5":0.70,"e10":0.77,"e15":0.79,"rh":9.0,"rc":23.4,"sst":27.6,"om":4.18,"bf":false}},{"type":"Feature","geometry":{"type":"Polygon","coordinates":[[[-80.5,8.5],[-80.5,7.75],[-81.5,7.75],[-81.5,5.5],[-82.75,5.5],[-82.75,4.75],[-81.5,4.75],[-81.5,3.75],[-80.5,3.75],[-80.5,3.25],[-79.25,3.25],[-79.25,2.5],[-78.25,2.5],[-78.25,2.75],[-77.0,2.75],[-77.0,7.25],[-78.25,7.25],[-78.25,8.5],[-80.5,8.5]]]},"properties":{"id":150,"lon":-79.25,"lat":6.37,"e5":0.80,"e10":0.82,"e15":0.82,"rh":9.8,"rc":25.6,"sst":26.7,"om":3.5,"bf":false}},{"type":"Feature","geometry":{"type":"Polygon","coordinates":[[[126.5,16.0],[126.5,15.25],[125.25,15.25],[125.25,14.25],[124.25,14.25],[124.25,13.5],[125.25,13.5],[125.25,10.25],[126.5,10.25],[126.5,10.75],[127.5,10.75],[127.5,11.0],[128.75,11.0],[128.75,11.25],[129.75,11.25],[129.75,14.0],[128.75,14.0],[128.75,16.0],[126.5,16.0]]]},"properties":{"id":151,"lon":127.5,"lat":12.37,"e5":0.66,"e10":0.73,"e15":0.76,"rh":8.9,"rc":23.0,"sst":29.0,"om":4.18,"bf":false}},{"type":"Feature","geometry":{"type":"Polygon","coordinates":[[[-166.0,57.25],[-166.0,56.75],[-166.25,56.75],[-166.25,56.5],[-167.0,56.5],[-167.0,56.75],[-167.25,56.75],[-167.25,56.5],[-167.5,56.5],[-167.5,56.0],[-168.5,56.0],[-168.5,56.25],[-168.75,56.25],[-168.75,55.0],[-169.0,55.0],[-169.0,54.0],[-169.25,54.0],[-169.25,53.75],[-168.0,53.75],[-168.0,53.0],[-167.0,53.0],[-167.0,52.25],[-166.0,52.25],[-166.0,51.75],[-165.5,51.75],[-165.5,51.5],[-162.5,51.5],[-162.5,52.5],[-162.25,52.5],[-162.25,53.75],[-162.0,53.75],[-162.0,54.75],[-161.75,54.75],[-161.75,55.0],[-163.0,55.0],[-163.0,55.5],[-162.75,55.5],[-162.75,56.25],[-163.75,56.25],[-163.75,57.0],[-165.5,57.0],[-165.5,57.25],[-166.0,57.25]]]},"properties":{"id":152,"lon":-165.5,"lat":54.37,"e5":0.85,"e10":0.86,"e15":0.86,"rh":13.1,"rc":34.1,"sst":5.5,"om":1.8,"bf":false}},{"type":"Feature","geometry":{"type":"Polygon","coordinates":[[[142.5,59.5],[142.5,58.75],[141.25,58.75],[141.25,58.25],[140.0,58.25],[140.0,57.5],[138.75,57.5],[138.75,57.0],[137.5,57.0],[137.5,55.5],[136.5,55.5],[136.5,54.25],[140.0,54.25],[140.0,53.75],[143.5,53.75],[143.5,57.75],[143.75,57.75],[143.75,59.5],[142.5,59.5]]]},"properties":{"id":153,"lon":140.5,"lat":56.25,"e5":0.76,"e10":0.81,"e15":0.82,"rh":13.4,"rc":34.9,"sst":2.0,"om":1.58,"bf":false}},{"type":"Feature","geometry":{"type":"Polygon","coordinates":[[[-123.5,38.0],[-123.5,37.0],[-124.75,37.0],[-124.75,36.5],[-125.75,36.5],[-125.75,36.0],[-126.0,36.0],[-126.0,34.0],[-125.0,34.0],[-125.0,32.75],[-123.75,32.75],[-123.75,32.0],[-124.0,32.0],[-124.0,31.75],[-122.75,31.75],[-122.75,31.25],[-122.25,31.25],[-122.25,31.0],[-121.75,31.0],[-121.75,32.0],[-121.5,32.0],[-121.5,32.25],[-121.0,32.25],[-121.0,32.0],[-120.5,32.0],[-120.5,33.75],[-119.5,33.75],[-119.5,33.5],[-119.25,33.5],[-119.25,34.25],[-120.25,34.25],[-120.25,35.25],[-121.5,35.25],[-121.5,35.75],[-121.25,35.75],[-121.25,36.75],[-121.75,36.75],[-121.75,37.0],[-122.5,37.0],[-122.5,37.5],[-122.25,37.5],[-122.25,38.0],[-123.5,38.0]]]},"properties":{"id":154,"lon":-123.12,"lat":34.75,"e5":0.67,"e10":0.74,"e15":0.77,"rh":11.7,"rc":30.5,"sst":15.3,"om":2.53,"bf":false}},{"type":"Feature","geometry":{"type":"Polygon","coordinates":[[[151.25,-1.25],[151.25,-4.25],[152.5,-4.25],[152.5,-6.0],[153.5,-6.0],[153.5,-6.5],[154.75,-6.5],[154.75,-7.0],[155.75,-7.0],[155.75,-1.75],[154.75,-1.75],[154.75,-1.5],[153.5,-1.5],[153.5,-1.25],[151.25,-1.25]]]},"properties":{"id":155,"lon":153.5,"lat":-3.0,"e5":0.65,"e10":0.75,"e15":0.78,"rh":8.8,"rc":22.8,"sst":29.6,"om":4.25,"bf":false}},{"type":"Feature","geometry":{"type":"Polygon","coordinates":[[[106.25,2.75],[106.25,2.5],[105.0,2.5],[105.0,2.25],[104.0,2.25],[104.0,1.5],[102.75,1.5],[102.75,0.75],[103.0,0.75],[103.0,0.25],[104.0,0.25],[104.0,-1.5],[109.75,-1.5],[109.75,0.25],[108.5,0.25],[108.5,2.5],[107.25,2.5],[107.25,2.75],[106.25,2.75]]]},"properties":{"id":156,"lon":105.75,"lat":0.5,"e5":0.75,"e10":0.79,"e15":0.80,"rh":9.2,"rc":24.0,"sst":29.2,"om":3.79,"bf":false}},{"type":"Feature","geometry":{"type":"Polygon","coordinates":[[[-152.5,21.0],[-152.5,20.75],[-153.5,20.75],[-153.5,19.75],[-154.75,19.75],[-154.75,19.5],[-155.75,19.5],[-155.75,16.0],[-153.5,16.0],[-153.5,16.25],[-152.5,16.25],[-152.5,17.0],[-151.25,17.0],[-151.25,18.5],[-150.25,18.5],[-150.25,20.75],[-151.25,20.75],[-151.25,21.0],[-152.5,21.0]]]},"properties":{"id":157,"lon":-153.0,"lat":19.0,"e5":0.59,"e10":0.72,"e15":0.77,"rh":9.7,"rc":25.3,"sst":24.3,"om":3.73,"bf":false}},{"type":"Feature","geometry":{"type":"MultiPolygon","coordinates":[[[[138.75,34.75],[138.75,33.0],[140.0,33.0],[140.0,31.0],[138.75,31.0],[138.75,30.5],[137.75,30.5],[137.75,30.0],[135.5,30.0],[135.5,29.25],[134.25,29.25],[134.25,31.0],[133.25,31.0],[133.25,33.5],[136.5,33.5],[136.5,34.75],[138.75,34.75]]],[[[134.25,35.25],[134.25,36.0],[135.5,36.0],[135.5,35.25],[134.25,35.25]]],[[[136.5,36.5],[136.5,36.0],[135.5,36.0],[135.5,36.5],[136.5,36.5]]]]},"properties":{"id":158,"lon":136.62,"lat":32.0,"e5":0.58,"e10":0.66,"e15":0.70,"rh":9.8,"rc":25.6,"sst":22.8,"om":3.65,"bf":false}},{"type":"Feature","geometry":{"type":"Polygon","coordinates":[[[-136.25,57.75],[-136.25,57.5],[-136.5,57.5],[-136.5,56.75],[-136.75,56.75],[-136.75,56.25],[-137.0,56.25],[-137.0,55.5],[-137.25,55.5],[-137.25,54.75],[-137.5,54.75],[-137.5,54.0],[-137.75,54.0],[-137.75,53.25],[-136.75,53.25],[-136.75,52.5],[-135.75,52.5],[-135.75,52.0],[-134.75,52.0],[-134.75,51.5],[-135.0,51.5],[-135.0,51.25],[-133.0,51.25],[-133.0,51.0],[-132.75,51.0],[-132.75,51.25],[-132.5,51.25],[-132.5,52.25],[-132.25,52.25],[-132.25,52.75],[-131.25,52.75],[-131.25,52.5],[-131.0,52.5],[-131.0,53.5],[-130.75,53.5],[-130.75,54.25],[-130.5,54.25],[-130.5,54.75],[-131.5,54.75],[-131.5,55.25],[-131.25,55.25],[-131.25,55.5],[-133.25,55.5],[-133.25,55.75],[-133.5,55.75],[-133.5,56.25],[-133.25,56.25],[-133.25,56.75],[-134.25,56.75],[-134.25,57.0],[-135.25,57.0],[-135.25,57.5],[-135.75,57.5],[-135.75,57.75],[-136.25,57.75]]]},"properties":{"id":159,"lon":-134.0,"lat":54.5,"e5":0.85,"e10":0.87,"e15":0.87,"rh":12.6,"rc":32.7,"sst":9.3,"om":2.04,"bf":false}},{"type":"Feature","geometry":{"type":"MultiPolygon","coordinates":[[[[-179.25,61.25],[-179.25,61.0],[-179.5,61.0],[-179.5,60.0],[-178.5,60.0],[-178.5,59.25],[-179.0,59.25],[-179.0,59.5],[-179.75,59.5],[-179.75,59.25],[-180.0,59.25],[-180.0,61.25],[-179.25,61.25]]],[[[179.75,62.75],[179.75,61.75],[179.5,61.75],[179.5,61.25],[180.0,61.25],[180.0,58.75],[179.0,58.75],[179.0,59.0],[177.75,59.0],[177.75,58.75],[177.5,58.75],[177.5,58.25],[176.75,58.25],[176.75,58.5],[176.25,58.5],[176.25,57.75],[175.0,57.75],[175.0,58.5],[175.25,58.5],[175.25,59.5],[175.5,59.5],[175.5,59.75],[174.25,59.75],[174.25,60.5],[174.5,60.5],[174.5,61.5],[174.75,61.5],[174.75,62.25],[177.25,62.25],[177.25,62.5],[177.5,62.5],[177.5,62.75],[179.75,62.75]]]]},"properties":{"id":160,"lon":177.12,"lat":60.12,"e5":0.73,"e10":0.77,"e15":0.79,"rh":13.3,"rc":34.6,"sst":2.8,"om":1.71,"bf":false}},{"type":"Feature","geometry":{"type":"Polygon","coordinates":[[[-95.0,15.75],[-95.0,11.75],[-94.0,11.75],[-94.0,11.0],[-92.75,11.0],[-92.75,10.75],[-91.75,10.75],[-91.75,10.5],[-90.5,10.5],[-90.5,12.25],[-89.5,12.25],[-89.5,14.0],[-91.75,14.0],[-91.75,14.5],[-92.75,14.5],[-92.75,15.75],[-95.0,15.75]]]},"properties":{"id":161,"lon":-92.25,"lat":13.12,"e5":0.76,"e10":0.79,"e15":0.80,"rh":9.7,"rc":25.1,"sst":28.0,"om":3.65,"bf":false}},{"type":"Feature","geometry":{"type":"Polygon","coordinates":[[[127.5,2.5],[127.5,2.25],[126.5,2.25],[126.5,-1.5],[131.0,-1.5],[131.0,0.25],[130.0,0.25],[130.0,1.25],[129.75,1.25],[129.75,2.25],[128.75,2.25],[128.75,2.5],[127.5,2.5]],[[127.5,1.5],[128.75,1.5],[128.75,0.5],[127.75,0.5],[127.75,1.0],[127.5,1.0],[127.5,1.5]]]},"properties":{"id":162,"lon":127.12,"lat":0.75,"e5":0.61,"e10":0.72,"e15":0.76,"rh":8.8,"rc":22.8,"sst":29.7,"om":4.22,"bf":false}},{"type":"Feature","geometry":{"type":"Polygon","coordinates":[[[162.75,57.0],[162.75,55.75],[161.75,55.75],[161.75,56.0],[161.5,56.0],[161.5,54.25],[161.25,54.25],[161.25,53.25],[162.5,53.25],[162.5,52.25],[162.25,52.25],[162.25,52.0],[163.5,52.0],[163.5,50.75],[164.5,50.75],[164.5,51.0],[164.75,51.0],[164.75,52.0],[166.0,52.0],[166.0,53.25],[167.25,53.25],[167.25,53.75],[168.5,53.75],[168.5,55.0],[167.5,55.0],[167.5,55.75],[165.0,55.75],[165.0,56.0],[165.25,56.0],[165.25,56.5],[164.0,56.5],[164.0,57.0],[162.75,57.0]]]},"properties":{"id":163,"lon":164.87,"lat":54.0,"e5":0.79,"e10":0.81,"e15":0.81,"rh":13.1,"rc":34.0,"sst":4.5,"om":1.84,"bf":false}},{"type":"Feature","geometry":{"type":"Polygon","coordinates":[[[-111.75,28.25],[-111.75,25.75],[-113.0,25.75],[-113.0,23.75],[-114.0,23.75],[-114.0,21.5],[-114.25,21.5],[-114.25,21.0],[-113.0,21.0],[-113.0,20.0],[-112.0,20.0],[-112.0,19.75],[-110.75,19.75],[-110.75,20.5],[-109.75,20.5],[-109.75,21.5],[-109.5,21.5],[-109.5,21.75],[-108.5,21.75],[-108.5,22.75],[-107.25,22.75],[-107.25,25.0],[-108.5,25.0],[-108.5,26.5],[-109.5,26.5],[-109.5,28.0],[-109.75,28.0],[-109.75,28.25],[-111.75,28.25]],[[-111.75,25.75],[-111.25,25.75],[-111.25,25.5],[-110.75,25.5],[-110.75,24.25],[-111.75,24.25],[-111.75,25.75]],[[-110.75,24.25],[-110.5,24.25],[-110.5,24.0],[-109.5,24.0],[-109.5,23.25],[-110.75,23.25],[-110.75,24.25]]]},"properties":{"id":164,"lon":-108.87,"lat":24.12,"e5":0.60,"e10":0.72,"e15":0.76,"rh":10.0,"rc":26.0,"sst":24.3,"om":3.56,"bf":false}},{"type":"Feature","geometry":{"type":"Polygon","coordinates":[[[-89.5,-1.0],[-89.5,-1.25],[-90.5,-1.25],[-90.5,-2.25],[-91.75,-2.25],[-91.75,-3.75],[-92.75,-3.75],[-92.75,-4.0],[-91.75,-4.0],[-91.75,-4.25],[-88.25,-4.25],[-88.25,-4.0],[-87.25,-4.0],[-87.25,-3.75],[-86.0,-3.75],[-86.0,-1.5],[-87.25,-1.5],[-87.25,-1.25],[-88.25,-1.25],[-88.25,-1.0],[-89.5,-1.0]]]},"properties":{"id":165,"lon":-88.87,"lat":-3.0,"e5":0.72,"e10":0.78,"e15":0.80,"rh":10.5,"rc":27.4,"sst":23.9,"om":3.23,"bf":false}},{"type":"Feature","geometry":{"type":"Polygon","coordinates":[[[110.75,18.5],[110.75,17.25],[109.5,17.25],[109.5,16.25],[108.5,16.25],[108.5,14.5],[109.5,14.5],[109.5,13.25],[114.0,13.25],[114.0,14.75],[113.0,14.75],[113.0,16.25],[114.0,16.25],[114.0,17.25],[113.0,17.25],[113.0,17.75],[111.75,17.75],[111.75,18.5],[110.75,18.5]]]},"properties":{"id":166,"lon":110.75,"lat":15.5,"e5":0.71,"e10":0.77,"e15":0.79,"rh":9.4,"rc":24.3,"sst":27.5,"om":3.84,"bf":false}},{"type":"Feature","geometry":{"type":"MultiPolygon","coordinates":[[[[-160.5,55.5],[-160.5,55.0],[-161.75,55.0],[-161.75,55.5],[-160.5,55.5]]],[[[-162.25,55.5],[-162.25,55.75],[-162.75,55.75],[-162.75,56.25],[-163.75,56.25],[-163.75,57.0],[-164.75,57.0],[-164.75,57.75],[-164.5,57.75],[-164.5,58.5],[-164.25,58.5],[-164.25,59.25],[-164.0,59.25],[-164.0,60.0],[-161.75,60.0],[-161.75,59.75],[-161.5,59.75],[-161.5,59.5],[-161.75,59.5],[-161.75,58.75],[-161.5,58.75],[-161.5,58.5],[-160.75,58.5],[-160.75,59.0],[-160.5,59.0],[-160.5,59.25],[-160.25,59.25],[-160.25,59.0],[-157.75,59.0],[-157.75,58.75],[-157.25,58.75],[-157.25,58.0],[-157.5,58.0],[-157.5,57.25],[-157.75,57.25],[-157.75,57.0],[-158.5,57.0],[-158.5,57.25],[-158.75,57.25],[-158.75,57.0],[-159.0,57.0],[-159.0,56.5],[-159.75,56.5],[-159.75,56.75],[-160.25,56.75],[-160.25,56.0],[-161.0,56.0],[-161.0,56.25],[-161.5,56.25],[-161.5,55.75],[-161.75,55.75],[-161.75,55.5],[-162.25,55.5]]]]},"properties":{"id":167,"lon":-161.0,"lat":57.87,"e5":0.87,"e10":0.88,"e15":0.88,"rh":13.4,"rc":34.8,"sst":3.2,"om":1.59,"bf":false}},{"type":"Feature","geometry":{"type":"Polygon","coordinates":[[[136.5,45.25],[136.5,44.75],[135.5,44.75],[135.5,43.5],[134.25,43.5],[134.25,42.75],[133.0,42.75],[133.0,42.25],[134.25,42.25],[134.25,39.75],[135.5,39.75],[135.5,37.25],[136.5,37.25],[136.5,36.5],[137.75,36.5],[137.75,37.25],[138.75,37.25],[138.75,38.5],[140.0,38.5],[140.0,41.0],[141.25,41.0],[141.25,42.25],[140.0,42.25],[140.0,42.75],[141.25,42.75],[141.25,43.5],[140.0,43.5],[140.0,44.0],[138.75,44.0],[138.75,44.75],[137.75,44.75],[137.75,45.25],[136.5,45.25]]]},"properties":{"id":168,"lon":137.12,"lat":40.37,"e5":0.57,"e10":0.62,"e15":0.65,"rh":11.7,"rc":30.4,"sst":12.5,"om":2.6,"bf":false}},{"type":"Feature","geometry":{"type":"Polygon","coordinates":[[[119.75,26.25],[119.75,25.25],[118.5,25.25],[118.5,24.0],[117.5,24.0],[117.5,23.5],[116.25,23.5],[116.25,20.75],[117.5,20.75],[117.5,20.25],[119.75,20.25],[119.75,19.75],[122.0,19.75],[122.0,23.0],[120.75,23.0],[120.75,22.5],[119.75,22.5],[119.75,23.5],[120.75,23.5],[120.75,26.25],[119.75,26.25]]]},"properties":{"id":169,"lon":118.0,"lat":23.25,"e5":0.66,"e10":0.71,"e15":0.74,"rh":9.4,"rc":24.5,"sst":26.0,"om":3.84,"bf":false}},{"type":"Feature","geometry":{"type":"Polygon","coordinates":[[[117.5,2.75],[117.5,1.5],[118.5,1.5],[118.5,1.0],[118.75,1.0],[118.75,0.75],[117.5,0.75],[117.5,-1.0],[116.5,-1.0],[116.5,-1.5],[119.75,-1.5],[119.75,-0.75],[122.0,-0.75],[122.0,0.5],[121.0,0.5],[121.0,1.0],[122.0,1.0],[122.0,2.0],[120.75,2.0],[120.75,2.25],[119.75,2.25],[119.75,2.5],[118.5,2.5],[118.5,2.75],[117.5,2.75]]]},"properties":{"id":170,"lon":119.25,"lat":0.62,"e5":0.66,"e10":0.74,"e15":0.77,"rh":8.8,"rc":22.9,"sst":29.5,"om":4.19,"bf":false}},{"type":"Feature","geometry":{"type":"Polygon","coordinates":[[[142.25,0.25],[142.25,-3.25],[143.5,-3.25],[143.5,-3.75],[144.5,-3.75],[144.5,-4.25],[145.75,-4.25],[145.75,-3.75],[146.75,-3.75],[146.75,-0.75],[145.75,-0.75],[145.75,-0.5],[144.5,-0.5],[144.5,0.0],[143.5,0.0],[143.5,0.25],[142.25,0.25]]]},"properties":{"id":171,"lon":144.5,"lat":-2.0,"e5":0.63,"e10":0.74,"e15":0.77,"rh":8.7,"rc":22.7,"sst":29.8,"om":4.26,"bf":false}},{"type":"Feature","geometry":{"type":"Polygon","coordinates":[[[-126.25,49.25],[-126.25,48.75],[-126.5,48.75],[-126.5,49.0],[-127.5,49.0],[-127.5,48.25],[-127.75,48.25],[-127.75,48.0],[-128.75,48.0],[-128.75,47.75],[-129.0,47.75],[-129.0,46.5],[-129.25,46.5],[-129.25,45.0],[-129.5,45.0],[-129.5,43.25],[-129.75,43.25],[-129.75,42.75],[-129.0,42.75],[-129.0,42.5],[-128.5,42.5],[-128.5,42.25],[-128.75,42.25],[-128.75,42.0],[-127.5,42.0],[-127.5,42.5],[-125.5,42.5],[-125.5,42.25],[-124.0,42.25],[-124.0,44.0],[-123.75,44.0],[-123.75,45.5],[-123.5,45.5],[-123.5,47.0],[-124.5,47.0],[-124.5,47.5],[-124.25,47.5],[-124.25,48.75],[-125.25,48.75],[-125.25,49.25],[-126.25,49.25]]]},"properties":{"id":172,"lon":-126.37,"lat":46.0,"e5":0.79,"e10":0.80,"e15":0.81,"rh":12.2,"rc":31.8,"sst":12.3,"om":2.22,"bf":false}},{"type":"Feature","geometry":{"type":"Polygon","coordinates":[[[149.75,59.5],[149.75,57.0],[149.5,57.0],[149.5,53.0],[150.75,53.0],[150.75,52.75],[150.5,52.75],[150.5,52.25],[151.75,52.25],[151.75,53.0],[153.0,53.0],[153.0,53.5],[154.25,53.5],[154.25,54.25],[155.5,54.25],[155.5,56.75],[155.75,56.75],[155.75,58.0],[154.5,58.0],[154.5,59.25],[150.75,59.25],[150.75,59.5],[149.75,59.5]]]},"properties":{"id":173,"lon":152.5,"lat":55.5,"e5":0.74,"e10":0.81,"e15":0.82,"rh":13.5,"rc":35.0,"sst":2.7,"om":1.63,"bf":false}},{"type":"Feature","geometry":{"type":"Polygon","coordinates":[[[-105.25,18.5],[-105.25,17.25],[-106.25,17.25],[-106.25,15.5],[-105.25,15.5],[-105.25,15.0],[-104.0,15.0],[-104.0,14.5],[-103.0,14.5],[-103.0,14.0],[-101.75,14.0],[-101.75,13.75],[-100.75,13.75],[-100.75,15.75],[-99.5,15.75],[-99.5,16.75],[-100.75,16.75],[-100.75,17.5],[-101.75,17.5],[-101.75,18.0],[-103.0,18.0],[-103.0,18.25],[-104.75,18.25],[-104.75,18.5],[-105.25,18.5]]]},"properties":{"id":174,"lon":-102.87,"lat":16.25,"e5":0.74,"e10":0.79,"e15":0.80,"rh":9.5,"rc":24.7,"sst":27.8,"om":3.75,"bf":false}},{"type":"Feature","geometry":{"type":"Polygon","coordinates":[[[117.5,11.25],[117.5,10.25],[118.5,10.25],[118.5,9.75],[115.25,9.75],[115.25,8.5],[116.25,8.5],[116.25,6.75],[117.5,6.75],[117.5,6.0],[118.5,6.0],[118.5,6.25],[119.75,6.25],[119.75,6.75],[120.75,6.75],[120.75,10.0],[119.75,10.0],[119.75,11.25],[117.5,11.25]]]},"properties":{"id":175,"lon":118.0,"lat":9.12,"e5":0.69,"e10":0.76,"e15":0.78,"rh":9.0,"rc":23.5,"sst":29.1,"om":4.01,"bf":false}},{"type":"Feature","geometry":{"type":"Polygon","coordinates":[[[125.25,36.5],[125.25,34.75],[124.0,34.75],[124.0,33.5],[123.0,33.5],[123.0,32.75],[124.0,32.75],[124.0,32.25],[124.25,32.25],[124.25,31.75],[125.25,31.75],[125.25,31.0],[126.5,31.0],[126.5,29.75],[127.5,29.75],[127.5,30.5],[128.75,30.5],[128.75,31.75],[129.75,31.75],[129.75,33.5],[131.0,33.5],[131.0,35.25],[129.75,35.25],[129.75,36.0],[128.5,36.0],[128.5,35.5],[128.75,35.5],[128.75,34.75],[126.25,34.75],[126.25,36.5],[125.25,36.5]]]},"properties":{"id":176,"lon":126.37,"lat":33.12,"e5":0.63,"e10":0.69,"e15":0.71,"rh":10.3,"rc":26.9,"sst":19.2,"om":3.34,"bf":false}},{"type":"Feature","geometry":{"type":"Polygon","coordinates":[[[-81.5,-5.25],[-81.5,-5.5],[-82.75,-5.5],[-82.75,-6.0],[-83.75,-6.0],[-83.75,-6.25],[-85.0,-6.25],[-85.0,-8.5],[-83.75,-8.5],[-83.75,-9.0],[-82.75,-9.0],[-82.75,-10.0],[-78.25,-10.0],[-78.25,-8.5],[-79.25,-8.5],[-79.25,-6.75],[-80.5,-6.75],[-80.5,-6.25],[-81.5,-6.25],[-81.5,-6.0],[-80.5,-6.0],[-80.5,-5.25],[-81.5,-5.25]]]},"properties":{"id":177,"lon":-82.12,"lat":-7.62,"e5":0.74,"e10":0.77,"e15":0.79,"rh":11.1,"rc":28.9,"sst":21.9,"om":2.93,"bf":false}},{"type":"Feature","geometry":{"type":"Polygon","coordinates":[[[107.25,11.0],[107.25,10.25],[106.25,10.25],[106.25,9.25],[105.0,9.25],[105.0,6.75],[106.25,6.75],[106.25,6.25],[107.25,6.25],[107.25,6.5],[108.5,6.5],[108.5,6.75],[109.5,6.75],[109.5,8.0],[110.75,8.0],[110.75,9.0],[109.5,9.0],[109.5,10.25],[108.5,10.25],[108.5,11.0],[107.25,11.0]]]},"properties":{"id":178,"lon":107.87,"lat":8.5,"e5":0.73,"e10":0.78,"e15":0.80,"rh":9.3,"rc":24.2,"sst":28.2,"om":3.8,"bf":false}},{"type":"Feature","geometry":{"type":"MultiPolygon","coordinates":[[[[-168.75,56.25],[-168.75,55.5],[-170.0,55.5],[-170.0,56.0],[-169.75,56.0],[-169.75,56.25],[-168.75,56.25]]],[[[-167.5,61.75],[-167.5,61.5],[-164.75,61.5],[-164.75,60.5],[-165.0,60.5],[-165.0,60.25],[-164.5,60.25],[-164.5,60.0],[-164.0,60.0],[-164.0,59.25],[-164.25,59.25],[-164.25,58.5],[-164.5,58.5],[-164.5,57.75],[-164.75,57.75],[-164.75,57.0],[-165.5,57.0],[-165.5,57.25],[-166.0,57.25],[-166.0,56.75],[-166.25,56.75],[-166.25,56.5],[-167.0,56.5],[-167.0,56.75],[-167.25,56.75],[-167.25,56.5],[-167.5,56.5],[-167.5,56.0],[-168.5,56.0],[-168.5,57.5],[-169.5,57.5],[-169.5,57.75],[-169.25,57.75],[-169.25,58.0],[-170.25,58.0],[-170.25,58.25],[-170.5,58.25],[-170.5,58.5],[-170.25,58.5],[-170.25,58.75],[-171.5,58.75],[-171.5,59.25],[-171.25,59.25],[-171.25,59.5],[-170.0,59.5],[-170.0,60.25],[-169.75,60.25],[-169.75,61.0],[-169.5,61.0],[-169.5,61.5],[-169.25,61.5],[-169.25,61.75],[-167.5,61.75]]]]},"properties":{"id":179,"lon":-167.87,"lat":59.0,"e5":0.84,"e10":0.85,"e15":0.86,"rh":13.4,"rc":34.8,"sst":2.6,"om":1.62,"bf":false}},{"type":"Feature","geometry":{"type":"Polygon","coordinates":[[[-148.0,60.75],[-148.0,60.25],[-148.25,60.25],[-148.25,59.75],[-150.0,59.75],[-150.0,60.0],[-150.75,60.0],[-150.75,59.5],[-151.0,59.5],[-151.0,59.25],[-149.75,59.25],[-149.75,59.0],[-150.0,59.0],[-150.0,58.25],[-150.25,58.25],[-150.25,57.75],[-150.5,57.75],[-150.5,57.5],[-149.25,57.5],[-149.25,57.25],[-149.5,57.25],[-149.5,56.5],[-149.75,56.5],[-149.75,55.75],[-149.25,55.75],[-149.25,55.5],[-148.75,55.5],[-148.75,55.25],[-149.0,55.25],[-149.0,55.0],[-147.75,55.0],[-147.75,55.5],[-147.5,55.5],[-147.5,56.0],[-146.25,56.0],[-146.25,56.5],[-146.0,56.5],[-146.0,57.0],[-144.25,57.0],[-144.25,56.75],[-143.5,56.75],[-143.5,57.5],[-143.25,57.5],[-143.25,58.25],[-143.0,58.25],[-143.0,58.75],[-142.75,58.75],[-142.75,59.0],[-143.5,59.0],[-143.5,59.25],[-143.75,59.25],[-143.75,59.75],[-143.5,59.75],[-143.5,60.25],[-144.0,60.25],[-144.0,60.5],[-146.0,60.5],[-146.0,60.75],[-148.0,60.75]]]},"properties":{"id":180,"lon":-146.75,"lat":58.0,"e5":0.84,"e10":0.86,"e15":0.86,"rh":12.8,"rc":33.2,"sst":7.7,"om":1.97,"bf":false}},{"type":"Feature","geometry":{"type":"Polygon","coordinates":[[[134.25,2.25],[134.25,1.5],[134.5,1.5],[134.5,1.25],[133.25,1.25],[133.25,-0.75],[134.5,-0.75],[134.5,-2.75],[136.75,-2.75],[136.75,-2.25],[137.75,-2.25],[137.75,1.5],[136.75,1.5],[136.75,1.75],[136.5,1.75],[136.5,2.0],[135.5,2.0],[135.5,2.25],[134.25,2.25]]]},"properties":{"id":181,"lon":135.5,"lat":0.25,"e5":0.62,"e10":0.74,"e15":0.77,"rh":8.7,"rc":22.6,"sst":29.9,"om":4.25,"bf":false}},{"type":"Feature","geometry":{"type":"Polygon","coordinates":[[[141.25,37.75],[141.25,36.0],[140.0,36.0],[140.0,35.5],[138.75,35.5],[138.75,33.0],[140.0,33.0],[140.0,31.75],[141.25,31.75],[141.25,32.25],[142.25,32.25],[142.25,33.0],[143.5,33.0],[143.5,33.5],[144.5,33.5],[144.5,34.75],[145.75,34.75],[145.75,36.0],[144.5,36.0],[144.5,36.5],[143.5,36.5],[143.5,37.25],[142.25,37.25],[142.25,37.75],[141.25,37.75]]]},"properties":{"id":182,"lon":142.25,"lat":35.12,"e5":0.57,"e10":0.64,"e15":0.69,"rh":10.0,"rc":26.0,"sst":21.9,"om":3.57,"bf":false}},{"type":"Feature","geometry":{"type":"Polygon","coordinates":[[[125.25,7.0],[125.25,5.0],[124.25,5.0],[124.25,3.5],[125.25,3.5],[125.25,2.75],[126.5,2.75],[126.5,2.25],[127.5,2.25],[127.5,2.5],[128.75,2.5],[128.75,3.25],[129.75,3.25],[129.75,6.25],[128.75,6.25],[128.75,6.5],[127.5,6.5],[127.5,6.75],[126.5,6.75],[126.5,7.0],[125.25,7.0]]]},"properties":{"id":183,"lon":127.0,"lat":4.25,"e5":0.65,"e10":0.75,"e15":0.78,"rh":8.8,"rc":22.8,"sst":29.5,"om":4.22,"bf":false}},{"type":"Feature","geometry":{"type":"Polygon","coordinates":[[[-82.75,3.75],[-82.75,3.25],[-83.75,3.25],[-83.75,-0.75],[-82.75,-0.75],[-82.75,-1.0],[-81.5,-1.0],[-81.5,-1.25],[-80.5,-1.25],[-80.5,0.75],[-79.25,0.75],[-79.25,1.25],[-78.25,1.25],[-78.25,2.5],[-79.25,2.5],[-79.25,3.25],[-80.5,3.25],[-80.5,3.75],[-82.75,3.75]]]},"properties":{"id":184,"lon":-81.0,"lat":1.87,"e5":0.80,"e10":0.82,"e15":0.83,"rh":10.1,"rc":26.2,"sst":25.4,"om":3.43,"bf":false}},{"type":"Feature","geometry":{"type":"Polygon","coordinates":[[[147.0,47.75],[147.0,47.25],[144.75,47.25],[144.75,45.75],[144.5,45.75],[144.5,44.75],[143.5,44.75],[143.5,44.0],[145.75,44.0],[145.75,43.5],[144.5,43.5],[144.5,42.25],[145.75,42.25],[145.75,41.5],[147.0,41.5],[147.0,41.0],[149.25,41.0],[149.25,41.5],[150.25,41.5],[150.25,43.5],[151.5,43.5],[151.5,44.0],[150.25,44.0],[150.25,44.25],[150.5,44.25],[150.5,46.0],[149.25,46.0],[149.25,47.75],[147.0,47.75]]]},"properties":{"id":185,"lon":147.0,"lat":44.5,"e5":0.69,"e10":0.72,"e15":0.73,"rh":12.6,"rc":32.7,"sst":8.0,"om":2.1,"bf":false}},{"type":"Feature","geometry":{"type":"Polygon","coordinates":[[[160.25,54.75],[160.25,53.5],[160.0,53.5],[160.0,53.25],[159.75,53.25],[159.75,53.5],[159.0,53.5],[159.0,52.5],[158.75,52.5],[158.75,52.25],[157.75,52.25],[157.75,51.5],[157.5,51.5],[157.5,47.75],[158.5,47.75],[158.5,48.25],[159.75,48.25],[159.75,49.0],[161.0,49.0],[161.0,49.5],[162.25,49.5],[162.25,50.0],[163.5,50.0],[163.5,52.0],[162.25,52.0],[162.25,52.25],[162.5,52.25],[162.5,53.25],[161.25,53.25],[161.25,54.25],[161.5,54.25],[161.5,54.5],[160.75,54.5],[160.75,54.75],[160.25,54.75]]]},"properties":{"id":186,"lon":160.5,"lat":50.75,"e5":0.81,"e10":0.82,"e15":0.83,"rh":13.1,"rc":34.0,"sst":4.6,"om":1.84,"bf":false}},{"type":"Feature","geometry":{"type":"Polygon","coordinates":[[[119.5,40.25],[119.5,39.5],[118.25,39.5],[118.25,37.75],[121.75,37.75],[121.75,36.5],[120.75,36.5],[120.75,35.75],[119.5,35.75],[119.5,34.0],[120.75,34.0],[120.75,32.75],[123.0,32.75],[123.0,33.5],[124.0,33.5],[124.0,34.75],[125.25,34.75],[125.25,36.5],[126.25,36.5],[126.25,37.75],[125.25,37.75],[125.25,39.5],[121.75,39.5],[121.75,40.25],[119.5,40.25]]]},"properties":{"id":187,"lon":124.0,"lat":37.12,"e5":0.75,"e10":0.78,"e15":0.79,"rh":10.9,"rc":28.4,"sst":15.0,"om":2.94,"bf":false}},{"type":"Feature","geometry":{"type":"Polygon","coordinates":[[[-99.5,16.5],[-99.5,15.75],[-100.75,15.75],[-100.75,13.0],[-99.5,13.0],[-99.5,12.75],[-98.5,12.75],[-98.5,12.5],[-96.25,12.5],[-96.25,12.25],[-95.0,12.25],[-95.0,15.75],[-97.25,15.75],[-97.25,16.25],[-98.5,16.25],[-98.5,16.5],[-99.5,16.5]]]},"properties":{"id":188,"lon":-97.87,"lat":14.37,"e5":0.75,"e10":0.79,"e15":0.80,"rh":9.5,"rc":24.8,"sst":28.1,"om":3.73,"bf":false}},{"type":"Feature","geometry":{"type":"Polygon","coordinates":[[[116.25,20.75],[116.25,19.75],[117.5,19.75],[117.5,19.25],[116.25,19.25],[116.25,17.0],[115.25,17.0],[115.25,16.25],[117.5,16.25],[117.5,16.0],[119.75,16.0],[119.75,16.25],[120.75,16.25],[120.75,18.5],[122.0,18.5],[122.0,19.75],[119.75,19.75],[119.75,20.25],[117.5,20.25],[117.5,20.75],[116.25,20.75]]]},"properties":{"id":189,"lon":118.5,"lat":17.75,"e5":0.66,"e10":0.73,"e15":0.75,"rh":9.2,"rc":23.9,"sst":28.1,"om":3.93,"bf":false}},{"type":"Feature","geometry":{"type":"Polygon","coordinates":[[[-86.0,9.5],[-86.0,8.25],[-87.25,8.25],[-87.25,6.0],[-86.0,6.0],[-86.0,5.75],[-85.0,5.75],[-85.0,5.25],[-83.75,5.25],[-83.75,5.0],[-82.75,5.0],[-82.75,5.5],[-81.5,5.5],[-81.5,8.25],[-82.75,8.25],[-82.75,8.5],[-83.75,8.5],[-83.75,9.5],[-86.0,9.5]]]},"properties":{"id":190,"lon":-84.37,"lat":7.12,"e5":0.79,"e10":0.81,"e15":0.82,"rh":9.8,"rc":25.5,"sst":27.1,"om":3.53,"bf":false}},{"type":"Feature","geometry":{"type":"MultiPolygon","coordinates":[[[[150.25,-6.25],[150.25,-6.5],[149.0,-6.5],[149.0,-6.75],[148.0,-6.75],[148.0,-6.25],[150.25,-6.25]]],[[[148.0,-1.25],[148.0,-1.75],[149.0,-1.75],[149.0,-1.5],[150.25,-1.5],[150.25,-1.25],[151.25,-1.25],[151.25,-5.25],[150.25,-5.25],[150.25,-5.5],[146.75,-5.5],[146.75,-5.25],[145.75,-5.25],[145.75,-3.75],[146.75,-3.75],[146.75,-1.25],[148.0,-1.25]]]]},"properties":{"id":191,"lon":149.0,"lat":-2.75,"e5":0.63,"e10":0.75,"e15":0.78,"rh":8.7,"rc":22.7,"sst":29.7,"om":4.26,"bf":false}},{"type":"Feature","geometry":{"type":"Polygon","coordinates":[[[-127.5,42.5],[-127.5,42.0],[-128.75,42.0],[-128.75,40.0],[-129.0,40.0],[-129.0,38.25],[-128.0,38.25],[-128.0,36.75],[-127.0,36.75],[-127.0,35.5],[-126.0,35.5],[-126.0,36.0],[-125.75,36.0],[-125.75,36.5],[-124.75,36.5],[-124.75,37.0],[-123.5,37.0],[-123.5,38.75],[-123.25,38.75],[-123.25,39.5],[-124.0,39.5],[-124.0,39.75],[-124.5,39.75],[-124.5,40.0],[-124.25,40.0],[-124.25,42.0],[-124.0,42.0],[-124.0,42.25],[-125.5,42.25],[-125.5,42.5],[-127.5,42.5]]]},"properties":{"id":192,"lon":-126.12,"lat":39.12,"e5":0.72,"e10":0.76,"e15":0.78,"rh":12.0,"rc":31.2,"sst":13.7,"om":2.38,"bf":false}},{"type":"Feature","geometry":{"type":"Polygon","coordinates":[[[173.5,61.75],[173.5,61.5],[173.25,61.5],[173.25,61.25],[172.0,61.25],[172.0,60.5],[170.75,60.5],[170.75,60.25],[170.5,60.25],[170.5,60.0],[169.25,60.0],[169.25,58.75],[169.0,58.75],[169.0,57.5],[170.0,57.5],[170.0,56.25],[171.25,56.25],[171.25,56.75],[173.75,56.75],[173.75,57.25],[175.0,57.25],[175.0,58.5],[175.25,58.5],[175.25,59.5],[175.5,59.5],[175.5,59.75],[174.25,59.75],[174.25,60.5],[174.5,60.5],[174.5,61.5],[174.75,61.5],[174.75,61.75],[173.5,61.75]]]},"properties":{"id":193,"lon":172.25,"lat":59.12,"e5":0.72,"e10":0.76,"e15":0.77,"rh":13.2,"rc":34.3,"sst":3.6,"om":1.78,"bf":false}},{"type":"Feature","geometry":{"type":"Polygon","coordinates":[[[-143.5,60.25],[-143.5,59.75],[-143.75,59.75],[-143.75,59.25],[-143.5,59.25],[-143.5,59.0],[-142.75,59.0],[-142.75,58.75],[-143.0,58.75],[-143.0,58.25],[-143.25,58.25],[-143.25,57.5],[-143.5,57.5],[-143.5,56.75],[-142.5,56.75],[-142.5,56.5],[-142.75,56.5],[-142.75,56.0],[-141.75,56.0],[-141.75,55.5],[-141.25,55.5],[-141.25,55.25],[-139.5,55.25],[-139.5,55.0],[-139.75,55.0],[-139.75,54.75],[-139.5,54.75],[-139.5,54.5],[-138.75,54.5],[-138.75,54.0],[-137.5,54.0],[-137.5,54.75],[-137.25,54.75],[-137.25,55.5],[-137.0,55.5],[-137.0,56.25],[-136.75,56.25],[-136.75,56.75],[-136.5,56.75],[-136.5,57.5],[-136.25,57.5],[-136.25,58.0],[-136.0,58.0],[-136.0,58.25],[-137.25,58.25],[-137.25,58.5],[-138.25,58.5],[-138.25,58.75],[-138.0,58.75],[-138.0,59.0],[-138.5,59.0],[-138.5,59.25],[-139.0,59.25],[-139.0,59.75],[-140.0,59.75],[-140.0,60.0],[-142.0,60.0],[-142.0,60.25],[-143.5,60.25]]]},"properties":{"id":194,"lon":-140.0,"lat":57.12,"e5":0.85,"e10":0.87,"e15":0.86,"rh":12.7,"rc":32.9,"sst":8.5,"om":2.01,"bf":false}},{"type":"Feature","geometry":{"type":"Polygon","coordinates":[[[109.5,8.0],[109.5,6.75],[108.5,6.75],[108.5,6.5],[107.25,6.5],[107.25,2.5],[108.5,2.5],[108.5,1.25],[109.5,1.25],[109.5,1.5],[110.75,1.5],[110.75,2.5],[111.75,2.5],[111.75,3.0],[113.0,3.0],[113.0,4.5],[111.75,4.5],[111.75,6.0],[110.75,6.0],[110.75,8.0],[109.5,8.0]]]},"properties":{"id":195,"lon":109.5,"lat":5.25,"e5":0.73,"e10":0.78,"e15":0.79,"rh":9.2,"rc":23.9,"sst":28.9,"om":3.87,"bf":false}},{"type":"Feature","geometry":{"type":"Polygon","coordinates":[[[-171.25,65.75],[-171.25,65.5],[-171.5,65.5],[-171.5,65.0],[-171.75,65.0],[-171.75,64.5],[-173.0,64.5],[-173.0,64.75],[-174.25,64.75],[-174.25,64.5],[-174.5,64.5],[-174.5,64.0],[-174.75,64.0],[-174.75,63.25],[-175.0,63.25],[-175.0,62.75],[-175.25,62.75],[-175.25,62.25],[-174.0,62.25],[-174.0,62.0],[-174.25,62.0],[-174.25,61.25],[-174.5,61.25],[-174.5,61.0],[-173.5,61.0],[-173.5,60.75],[-172.25,60.75],[-172.25,60.0],[-172.5,60.0],[-172.5,59.5],[-170.0,59.5],[-170.0,60.25],[-169.75,60.25],[-169.75,61.0],[-169.5,61.0],[-169.5,61.5],[-169.25,61.5],[-169.25,62.25],[-169.0,62.25],[-169.0,62.75],[-168.75,62.75],[-168.75,63.0],[-170.0,63.0],[-170.0,63.5],[-169.75,63.5],[-169.75,64.0],[-169.5,64.0],[-169.5,64.5],[-169.25,64.5],[-169.25,65.0],[-170.25,65.0],[-170.25,65.5],[-170.0,65.5],[-170.0,65.75],[-171.25,65.75]]]},"properties":{"id":196,"lon":-172.12,"lat":62.5,"e5":0.73,"e10":0.78,"e15":0.81,"rh":13.5,"rc":35.1,"sst":1.1,"om":1.57,"bf":false}},{"type":"Feature","geometry":{"type":"Polygon","coordinates":[[[130.75,42.75],[130.75,42.25],[129.75,42.25],[129.75,40.25],[127.5,40.25],[127.5,39.0],[128.5,39.0],[128.5,37.25],[129.75,37.25],[129.75,35.25],[131.0,35.25],[131.0,34.75],[132.0,34.75],[132.0,35.25],[134.25,35.25],[134.25,36.0],[135.5,36.0],[135.5,36.5],[136.5,36.5],[136.5,37.25],[135.5,37.25],[135.5,39.75],[134.25,39.75],[134.25,42.25],[133.0,42.25],[133.0,42.75],[130.75,42.75]]]},"properties":{"id":197,"lon":132.0,"lat":38.12,"e5":0.61,"e10":0.66,"e15":0.69,"rh":11.2,"rc":29.1,"sst":14.8,"om":2.88,"bf":false}},{"type":"Feature","geometry":{"type":"MultiPolygon","coordinates":[[[[145.75,-7.75],[145.75,-8.25],[146.75,-8.25],[146.75,-9.5],[148.0,-9.5],[148.0,-10.0],[143.5,-10.0],[143.5,-7.75],[145.75,-7.75]]],[[[149.0,-8.75],[148.0,-8.75],[148.0,-7.5],[146.75,-7.5],[146.75,-6.75],[149.0,-6.75],[149.0,-8.75]]],[[[146.75,-5.5],[145.75,-5.5],[145.75,-5.25],[146.75,-5.25],[146.75,-5.5]]]]},"properties":{"id":198,"lon":145.12,"lat":-8.87,"e5":0.68,"e10":0.77,"e15":0.79,"rh":9.0,"rc":23.3,"sst":28.2,"om":4.09,"bf":false}},{"type":"Feature","geometry":{"type":"Polygon","coordinates":[[[-130.75,53.75],[-130.75,53.5],[-131.0,53.5],[-131.0,52.5],[-131.25,52.5],[-131.25,52.75],[-132.25,52.75],[-132.25,52.25],[-132.5,52.25],[-132.5,51.25],[-132.75,51.25],[-132.75,51.0],[-133.0,51.0],[-133.0,51.25],[-133.75,51.25],[-133.75,50.75],[-134.0,50.75],[-134.0,49.75],[-134.25,49.75],[-134.25,49.5],[-133.0,49.5],[-133.0,49.25],[-133.25,49.25],[-133.25,48.5],[-133.0,48.5],[-133.0,48.25],[-132.25,48.25],[-132.25,47.75],[-131.25,47.75],[-131.25,47.0],[-130.25,47.0],[-130.25,46.5],[-129.0,46.5],[-129.0,47.75],[-128.75,47.75],[-128.75,48.0],[-127.75,48.0],[-127.75,48.25],[-127.5,48.25],[-127.5,49.0],[-126.5,49.0],[-126.5,48.75],[-126.25,48.75],[-126.25,50.0],[-128.25,50.0],[-128.25,51.0],[-128.0,51.0],[-128.0,52.0],[-127.75,52.0],[-127.75,52.25],[-129.0,52.25],[-129.0,52.5],[-128.75,52.5],[-128.75,53.0],[-129.75,53.0],[-129.75,53.5],[-130.5,53.5],[-130.5,53.75],[-130.75,53.75]]]},"properties":{"id":199,"lon":-131.12,"lat":50.37,"e5":0.84,"e10":0.85,"e15":0.85,"rh":12.4,"rc":32.3,"sst":10.7,"om":2.12,"bf":false}},{"type":"Feature","geometry":{"type":"Polygon","coordinates":[[[143.5,53.75],[143.5,48.5],[144.75,48.5],[144.75,47.25],[147.0,47.25],[147.0,47.75],[149.25,47.75],[149.25,50.5],[149.5,50.5],[149.5,52.25],[150.5,52.25],[150.5,52.75],[150.75,52.75],[150.75,53.0],[149.5,53.0],[149.5,53.5],[146.75,53.5],[146.75,53.75],[143.5,53.75]]]},"properties":{"id":200,"lon":146.5,"lat":51.37,"e5":0.77,"e10":0.79,"e15":0.79,"rh":13.3,"rc":34.6,"sst":3.3,"om":1.69,"bf":false}},{"type":"Feature","geometry":{"type":"MultiPolygon","coordinates":[[[[-115.0,29.25],[-115.0,28.75],[-114.0,28.75],[-114.0,26.75],[-112.75,26.75],[-112.75,26.25],[-113.0,26.25],[-113.0,23.75],[-114.0,23.75],[-114.0,21.75],[-115.25,21.75],[-115.25,23.25],[-116.25,23.25],[-116.25,24.25],[-117.5,24.25],[-117.5,25.75],[-118.5,25.75],[-118.5,27.25],[-117.25,27.25],[-117.25,28.25],[-116.25,28.25],[-116.25,29.25],[-115.0,29.25]]],[[[-111.75,28.25],[-111.75,27.25],[-112.75,27.25],[-112.75,28.25],[-111.75,28.25]]]]},"properties":{"id":201,"lon":-115.25,"lat":25.0,"e5":0.64,"e10":0.74,"e15":0.77,"rh":10.9,"rc":28.4,"sst":19.9,"om":3.01,"bf":false}},{"type":"Feature","geometry":{"type":"Polygon","coordinates":[[[128.75,11.25],[128.75,11.0],[127.5,11.0],[127.5,10.75],[126.5,10.75],[126.5,10.25],[125.25,10.25],[125.25,10.0],[126.5,10.0],[126.5,6.75],[127.5,6.75],[127.5,6.5],[128.75,6.5],[128.75,6.25],[129.75,6.25],[129.75,9.75],[131.0,9.75],[131.0,10.0],[129.75,10.0],[129.75,11.25],[128.75,11.25]]]},"properties":{"id":202,"lon":128.12,"lat":8.25,"e5":0.65,"e10":0.75,"e15":0.78,"rh":8.8,"rc":22.9,"sst":29.3,"om":4.2,"bf":false}},{"type":"Feature","geometry":{"type":"Polygon","coordinates":[[[109.5,13.25],[109.5,11.5],[108.5,11.5],[108.5,10.25],[109.5,10.25],[109.5,9.0],[110.75,9.0],[110.75,8.75],[111.75,8.75],[111.75,9.25],[113.0,9.25],[113.0,11.25],[114.0,11.25],[114.0,13.25],[109.5,13.25]]]},"properties":{"id":203,"lon":110.75,"lat":10.75,"e5":0.72,"e10":0.77,"e15":0.79,"rh":9.3,"rc":24.3,"sst":27.8,"om":3.82,"bf":false}},{"type":"Feature","geometry":{"type":"Polygon","coordinates":[[[-90.5,2.75],[-90.5,-0.25],[-89.5,-0.25],[-89.5,-1.0],[-88.25,-1.0],[-88.25,-1.25],[-87.25,-1.25],[-87.25,-1.5],[-86.0,-1.5],[-86.0,2.25],[-87.25,2.25],[-87.25,2.5],[-88.25,2.5],[-88.25,2.75],[-90.5,2.75]]]},"properties":{"id":204,"lon":-88.25,"lat":1.0,"e5":0.77,"e10":0.80,"e15":0.82,"rh":10.3,"rc":26.7,"sst":24.6,"om":3.35,"bf":false}},{"type":"Feature","geometry":{"type":"Polygon","coordinates":[[[124.25,9.25],[124.25,9.0],[122.0,9.0],[122.0,8.75],[120.75,8.75],[120.75,5.5],[122.0,5.5],[122.0,4.25],[123.0,4.25],[123.0,3.75],[124.25,3.75],[124.25,5.0],[125.25,5.0],[125.25,6.0],[124.25,6.0],[124.25,7.5],[122.0,7.5],[122.0,8.25],[123.0,8.25],[123.0,8.5],[124.25,8.5],[124.25,8.75],[125.25,8.75],[125.25,9.25],[124.25,9.25]]]},"properties":{"id":205,"lon":122.5,"lat":6.75,"e5":0.66,"e10":0.75,"e15":0.78,"rh":8.9,"rc":23.1,"sst":29.3,"om":4.12,"bf":false}},{"type":"Feature","geometry":{"type":"Polygon","coordinates":[[[115.25,23.0],[115.25,22.5],[113.0,22.5],[113.0,22.0],[111.75,22.0],[111.75,21.5],[110.75,21.5],[110.75,18.5],[111.75,18.5],[111.75,17.75],[113.0,17.75],[113.0,17.25],[114.0,17.25],[114.0,17.75],[115.25,17.75],[115.25,19.25],[116.25,19.25],[116.25,23.0],[115.25,23.0]]]},"properties":{"id":206,"lon":113.5,"lat":20.37,"e5":0.67,"e10":0.74,"e15":0.77,"rh":9.4,"rc":24.5,"sst":26.5,"om":3.83,"bf":false}},{"type":"Feature","geometry":{"type":"Polygon","coordinates":[[[122.0,20.25],[122.0,14.5],[123.0,14.5],[123.0,14.0],[124.25,14.0],[124.25,14.25],[125.25,14.25],[125.25,15.25],[126.5,15.25],[126.5,16.0],[127.5,16.0],[127.5,16.5],[126.5,16.5],[126.5,19.5],[125.25,19.5],[125.25,20.25],[122.0,20.25]]]},"properties":{"id":207,"lon":124.25,"lat":18.0,"e5":0.65,"e10":0.71,"e15":0.74,"rh":8.9,"rc":23.3,"sst":28.4,"om":4.14,"bf":false}},{"type":"Feature","geometry":{"type":"Polygon","coordinates":[[[99.5,12.5],[99.5,8.5],[100.5,8.5],[100.5,8.75],[101.75,8.75],[101.75,9.5],[102.75,9.5],[102.75,10.25],[104.0,10.25],[104.0,11.25],[102.75,11.25],[102.75,12.25],[101.75,12.25],[101.75,12.5],[99.5,12.5]]]},"properties":{"id":208,"lon":101.75,"lat":10.75,"e5":0.75,"e10":0.79,"e15":0.80,"rh":9.4,"rc":24.5,"sst":28.6,"om":3.64,"bf":false}},{"type":"Feature","geometry":{"type":"Polygon","coordinates":[[[151.25,-5.25],[151.25,-6.25],[150.25,-6.25],[150.25,-6.5],[149.0,-6.5],[149.0,-9.5],[150.25,-9.5],[150.25,-10.0],[154.75,-10.0],[154.75,-9.5],[153.5,-9.5],[153.5,-8.5],[154.75,-8.5],[154.75,-7.75],[155.75,-7.75],[155.75,-7.0],[154.75,-7.0],[154.75,-6.5],[153.5,-6.5],[153.5,-6.0],[152.5,-6.0],[152.5,-5.25],[151.25,-5.25]]]},"properties":{"id":209,"lon":152.37,"lat":-7.37,"e5":0.67,"e10":0.76,"e15":0.79,"rh":8.8,"rc":22.9,"sst":29.0,"om":4.21,"bf":false}},{"type":"Feature","geometry":{"type":"Polygon","coordinates":[[[140.0,51.0],[140.0,48.0],[138.75,48.0],[138.75,46.5],[137.75,46.5],[137.75,44.75],[138.75,44.75],[138.75,44.0],[140.0,44.0],[140.0,43.5],[141.25,43.5],[141.25,45.25],[142.25,45.25],[142.25,44.75],[144.5,44.75],[144.5,45.75],[144.75,45.75],[144.75,48.5],[143.5,48.5],[143.5,46.5],[142.25,46.5],[142.25,51.0],[140.0,51.0]]]},"properties":{"id":210,"lon":140.5,"lat":47.25,"e5":0.61,"e10":0.65,"e15":0.67,"rh":12.8,"rc":33.4,"sst":6.2,"om":1.96,"bf":false}},{"type":"Feature","geometry":{"type":"Polygon","coordinates":[[[-155.75,23.5],[-155.75,23.0],[-156.75,23.0],[-156.75,22.5],[-158.0,22.5],[-158.0,21.75],[-157.0,21.75],[-157.0,20.25],[-155.75,20.25],[-155.75,19.75],[-153.5,19.75],[-153.5,20.75],[-152.5,20.75],[-152.5,21.0],[-151.25,21.0],[-151.25,22.0],[-152.25,22.0],[-152.25,22.5],[-153.5,22.5],[-153.5,23.0],[-154.5,23.0],[-154.5,23.5],[-155.75,23.5]]]},"properties":{"id":211,"lon":-154.12,"lat":21.37,"e5":0.55,"e10":0.69,"e15":0.75,"rh":9.7,"rc":25.2,"sst":24.1,"om":3.77,"bf":false}},{"type":"Feature","geometry":{"type":"Polygon","coordinates":[[[129.75,4.25],[129.75,3.25],[128.75,3.25],[128.75,2.25],[129.75,2.25],[129.75,1.25],[130.0,1.25],[130.0,0.25],[131.0,0.25],[131.0,-0.75],[132.25,-0.75],[132.25,-0.5],[133.25,-0.5],[133.25,1.25],[134.5,1.25],[134.5,1.5],[134.25,1.5],[134.25,2.5],[132.0,2.5],[132.0,4.0],[131.0,4.0],[131.0,4.25],[129.75,4.25]]]},"properties":{"id":212,"lon":132.0,"lat":1.87,"e5":0.63,"e10":0.74,"e15":0.77,"rh":8.7,"rc":22.6,"sst":29.9,"om":4.26,"bf":false}},{"type":"Feature","geometry":{"type":"Polygon","coordinates":[[[143.75,59.5],[143.75,57.75],[143.5,57.75],[143.5,53.75],[146.75,53.75],[146.75,53.5],[149.5,53.5],[149.5,55.0],[148.25,55.0],[148.25,55.5],[149.5,55.5],[149.5,57.0],[149.75,57.0],[149.75,59.5],[143.75,59.5]]]},"properties":{"id":213,"lon":146.5,"lat":56.25,"e5":0.73,"e10":0.79,"e15":0.81,"rh":13.6,"rc":35.3,"sst":2.2,"om":1.55,"bf":false}},{"type":"Feature","geometry":{"type":"Polygon","coordinates":[[[-119.25,34.25],[-119.25,33.5],[-119.5,33.5],[-119.5,33.75],[-120.5,33.75],[-120.5,32.0],[-121.0,32.0],[-121.0,32.25],[-121.5,32.25],[-121.5,32.0],[-121.75,32.0],[-121.75,30.0],[-120.5,30.0],[-120.5,29.5],[-120.75,29.5],[-120.75,28.5],[-119.5,28.5],[-119.5,27.25],[-117.25,27.25],[-117.25,28.25],[-116.25,28.25],[-116.25,29.25],[-115.0,29.25],[-115.0,29.75],[-116.0,29.75],[-116.0,31.5],[-117.25,31.5],[-117.25,32.0],[-117.0,32.0],[-117.0,33.5],[-118.25,33.5],[-118.25,34.0],[-119.0,34.0],[-119.0,34.25],[-119.25,34.25]]]},"properties":{"id":214,"lon":-118.87,"lat":30.75,"e5":0.66,"e10":0.74,"e15":0.77,"rh":11.4,"rc":29.7,"sst":17.0,"om":2.71,"bf":false}},{"type":"Feature","geometry":{"type":"Polygon","coordinates":[[[167.0,60.75],[167.0,60.25],[164.5,60.25],[164.5,59.75],[163.25,59.75],[163.25,59.0],[163.0,59.0],[163.0,57.25],[162.75,57.25],[162.75,57.0],[164.0,57.0],[164.0,56.5],[165.25,56.5],[165.25,56.0],[165.0,56.0],[165.0,55.75],[167.5,55.75],[167.5,55.0],[168.5,55.0],[168.5,55.25],[168.75,55.25],[168.75,56.25],[170.0,56.25],[170.0,57.5],[169.0,57.5],[169.0,58.75],[169.25,58.75],[169.25,60.0],[169.5,60.0],[169.5,60.75],[167.0,60.75]]]},"properties":{"id":215,"lon":166.0,"lat":58.12,"e5":0.72,"e10":0.75,"e15":0.76,"rh":13.1,"rc":34.1,"sst":3.7,"om":1.82,"bf":false}},{"type":"Feature","geometry":{"type":"Polygon","coordinates":[[[-83.75,-0.75],[-83.75,-1.5],[-85.0,-1.5],[-85.0,-6.25],[-83.75,-6.25],[-83.75,-6.0],[-82.75,-6.0],[-82.75,-5.5],[-81.5,-5.5],[-81.5,-4.0],[-80.5,-4.0],[-80.5,-3.25],[-79.25,-3.25],[-79.25,-2.75],[-80.5,-2.75],[-80.5,-1.25],[-81.5,-1.25],[-81.5,-1.0],[-82.75,-1.0],[-82.75,-0.75],[-83.75,-0.75]]]},"properties":{"id":216,"lon":-82.75,"lat":-3.62,"e5":0.76,"e10":0.79,"e15":0.80,"rh":10.5,"rc":27.4,"sst":23.2,"om":3.23,"bf":false}},{"type":"Feature","geometry":{"type":"Polygon","coordinates":[[[107.25,21.5],[107.25,20.5],[106.25,20.5],[106.25,17.25],[107.25,17.25],[107.25,16.25],[109.5,16.25],[109.5,17.25],[110.75,17.25],[110.75,18.5],[108.5,18.5],[108.5,19.75],[109.5,19.75],[109.5,21.5],[107.25,21.5]]]},"properties":{"id":217,"lon":107.37,"lat":19.12,"e5":0.70,"e10":0.78,"e15":0.80,"rh":9.6,"rc":25.0,"sst":26.2,"om":3.67,"bf":false}},{"type":"Feature","geometry":{"type":"Polygon","coordinates":[[[157.25,61.75],[157.25,61.25],[156.0,61.25],[156.0,60.5],[154.75,60.5],[154.75,59.25],[154.5,59.25],[154.5,58.0],[155.75,58.0],[155.75,56.75],[156.75,56.75],[156.75,57.25],[157.0,57.25],[157.0,58.0],[158.25,58.0],[158.25,58.5],[159.5,58.5],[159.5,59.25],[160.5,59.25],[160.5,59.0],[160.75,59.0],[160.75,59.75],[162.0,59.75],[162.0,60.5],[162.25,60.5],[162.25,61.0],[159.75,61.0],[159.75,61.75],[157.25,61.75]]]},"properties":{"id":218,"lon":157.75,"lat":59.5,"e5":0.75,"e10":0.84,"e15":0.85,"rh":13.6,"rc":35.3,"sst":1.5,"om":1.56,"bf":false}},{"type":"Feature","geometry":{"type":"Polygon","coordinates":[[[-157.75,57.0],[-157.75,56.5],[-159.0,56.5],[-159.0,56.25],[-159.25,56.25],[-159.25,56.0],[-160.5,56.0],[-160.5,55.0],[-161.75,55.0],[-161.75,54.75],[-162.0,54.75],[-162.0,53.75],[-162.25,53.75],[-162.25,52.5],[-162.5,52.5],[-162.5,51.5],[-162.0,51.5],[-162.0,51.25],[-160.25,51.25],[-160.25,51.75],[-159.0,51.75],[-159.0,52.25],[-157.75,52.25],[-157.75,52.75],[-156.5,52.75],[-156.5,53.25],[-155.25,53.25],[-155.25,53.75],[-155.0,53.75],[-155.0,54.5],[-156.0,54.5],[-156.0,55.25],[-155.75,55.25],[-155.75,56.25],[-156.75,56.25],[-156.75,56.75],[-156.5,56.75],[-156.5,57.0],[-157.75,57.0]]]},"properties":{"id":219,"lon":-158.5,"lat":54.12,"e5":0.84,"e10":0.85,"e15":0.85,"rh":12.9,"rc":33.6,"sst":6.5,"om":1.89,"bf":false}},{"type":"Feature","geometry":{"type":"Polygon","coordinates":[[[-107.25,23.5],[-107.25,22.75],[-108.5,22.75],[-108.5,21.75],[-109.5,21.75],[-109.5,21.5],[-109.75,21.5],[-109.75,20.5],[-110.75,20.5],[-110.75,19.75],[-109.75,19.75],[-109.75,18.5],[-108.5,18.5],[-108.5,17.0],[-107.5,17.0],[-107.5,16.0],[-106.25,16.0],[-106.25,17.25],[-105.25,17.25],[-105.25,18.5],[-104.75,18.5],[-104.75,18.25],[-104.0,18.25],[-104.0,19.25],[-105.25,19.25],[-105.25,21.75],[-105.0,21.75],[-105.0,22.5],[-106.25,22.5],[-106.25,23.5],[-107.25,23.5]]]},"properties":{"id":220,"lon":-108.0,"lat":20.12,"e5":0.69,"e10":0.76,"e15":0.79,"rh":9.6,"rc":25.0,"sst":26.7,"om":3.72,"bf":false}},{"type":"Feature","geometry":{"type":"Polygon","coordinates":[[[137.75,1.25],[137.75,-1.5],[139.0,-1.5],[139.0,-2.25],[140.0,-2.25],[140.0,-2.5],[141.25,-2.5],[141.25,-3.0],[142.25,-3.0],[142.25,0.75],[141.25,0.75],[141.25,1.0],[140.0,1.0],[140.0,1.25],[137.75,1.25]]]},"properties":{"id":221,"lon":140.0,"lat":-0.37,"e5":0.63,"e10":0.74,"e15":0.77,"rh":8.7,"rc":22.6,"sst":29.8,"om":4.26,"bf":false}},{"type":"Feature","geometry":{"type":"Polygon","coordinates":[[[-89.5,13.25],[-89.5,12.25],[-90.5,12.25],[-90.5,9.75],[-89.5,9.75],[-89.5,7.75],[-88.25,7.75],[-88.25,7.25],[-87.25,7.25],[-87.25,8.25],[-86.0,8.25],[-86.0,9.5],[-85.0,9.5],[-85.0,10.0],[-86.0,10.0],[-86.0,12.25],[-87.25,12.25],[-87.25,13.25],[-89.5,13.25]]]},"properties":{"id":222,"lon":-88.25,"lat":11.12,"e5":0.76,"e10":0.80,"e15":0.81,"rh":9.8,"rc":25.5,"sst":27.5,"om":3.56,"bf":false}},{"type":"Feature","geometry":{"type":"Polygon","coordinates":[[[120.75,26.25],[120.75,25.25],[122.0,25.25],[122.0,20.25],[125.25,20.25],[125.25,22.0],[125.5,22.0],[125.5,22.25],[126.5,22.25],[126.5,26.25],[120.75,26.25]]]},"properties":{"id":223,"lon":124.25,"lat":23.75,"e5":0.62,"e10":0.69,"e15":0.72,"rh":9.3,"rc":24.1,"sst":26.6,"om":3.96,"bf":false}},{"type":"Feature","geometry":{"type":"Polygon","coordinates":[[[119.75,6.75],[119.75,6.25],[118.5,6.25],[118.5,5.5],[119.75,5.5],[119.75,5.0],[118.5,5.0],[118.5,4.25],[117.5,4.25],[117.5,2.75],[118.5,2.75],[118.5,2.5],[119.75,2.5],[119.75,2.25],[120.75,2.25],[120.75,2.0],[122.0,2.0],[122.0,2.75],[123.0,2.75],[123.0,4.25],[122.0,4.25],[122.0,5.5],[120.75,5.5],[120.75,6.75],[119.75,6.75]]]},"properties":{"id":224,"lon":120.25,"lat":4.62,"e5":0.66,"e10":0.75,"e15":0.78,"rh":8.8,"rc":22.9,"sst":29.5,"om":4.18,"bf":false}},{"type":"Feature","geometry":{"type":"Polygon","coordinates":[[[-91.75,2.75],[-91.75,2.5],[-92.75,2.5],[-92.75,2.25],[-94.0,2.25],[-94.0,-3.75],[-91.75,-3.75],[-91.75,-2.25],[-90.5,-2.25],[-90.5,2.75],[-91.75,2.75]]]},"properties":{"id":225,"lon":-92.25,"lat":0.0,"e5":0.73,"e10":0.79,"e15":0.81,"rh":10.2,"rc":26.5,"sst":24.4,"om":3.42,"bf":false}},{"type":"Feature","geometry":{"type":"Polygon","coordinates":[[[-153.25,59.5],[-153.25,59.25],[-153.5,59.25],[-153.5,58.5],[-153.75,58.5],[-153.75,57.75],[-152.75,57.75],[-152.75,57.25],[-154.75,57.25],[-154.75,57.5],[-156.5,57.5],[-156.5,56.75],[-156.75,56.75],[-156.75,56.25],[-155.75,56.25],[-155.75,55.25],[-156.0,55.25],[-156.0,54.5],[-155.0,54.5],[-155.0,53.75],[-153.0,53.75],[-153.0,53.5],[-151.75,53.5],[-151.75,53.75],[-151.5,53.75],[-151.5,54.0],[-150.25,54.0],[-150.25,54.5],[-149.0,54.5],[-149.0,55.25],[-148.75,55.25],[-148.75,55.5],[-149.25,55.5],[-149.25,55.75],[-149.75,55.75],[-149.75,56.5],[-149.5,56.5],[-149.5,57.25],[-149.25,57.25],[-149.25,57.5],[-150.5,57.5],[-150.5,57.75],[-150.25,57.75],[-150.25,58.25],[-150.0,58.25],[-150.0,59.0],[-149.75,59.0],[-149.75,59.25],[-151.0,59.25],[-151.0,59.5],[-153.25,59.5]]]},"properties":{"id":226,"lon":-153.12,"lat":56.62,"e5":0.84,"e10":0.86,"e15":0.86,"rh":12.9,"rc":33.4,"sst":6.8,"om":1.92,"bf":false}},{"type":"Feature","geometry":{"type":"MultiPolygon","coordinates":[[[[-177.5,65.75],[-177.5,65.5],[-175.25,65.5],[-175.25,65.25],[-175.5,65.25],[-175.5,64.75],[-174.25,64.75],[-174.25,64.5],[-174.5,64.5],[-174.5,64.0],[-174.75,64.0],[-174.75,63.25],[-175.0,63.25],[-175.0,62.75],[-175.25,62.75],[-175.25,62.25],[-174.0,62.25],[-174.0,62.0],[-174.25,62.0],[-174.25,61.25],[-174.5,61.25],[-174.5,61.0],[-175.75,61.0],[-175.75,60.5],[-177.0,60.5],[-177.0,60.25],[-177.25,60.25],[-177.25,60.0],[-179.5,60.0],[-179.5,61.0],[-179.25,61.0],[-179.25,61.25],[-180.0,61.25],[-180.0,65.25],[-179.5,65.25],[-179.5,65.0],[-179.25,65.0],[-179.25,65.25],[-179.0,65.25],[-179.0,65.75],[-177.5,65.75]]],[[[180.0,65.25],[180.0,61.25],[179.5,61.25],[179.5,61.75],[179.75,61.75],[179.75,62.75],[178.75,62.75],[178.75,63.25],[179.0,63.25],[179.0,64.0],[179.25,64.0],[179.25,64.75],[179.5,64.75],[179.5,65.25],[180.0,65.25]]]]},"properties":{"id":227,"lon":-177.5,"lat":63.0,"e5":0.74,"e10":0.78,"e15":0.81,"rh":13.5,"rc":35.0,"sst":1.4,"om":1.61,"bf":false}},{"type":"Feature","geometry":{"type":"Polygon","coordinates":[[[115.25,16.25],[115.25,14.5],[116.25,14.5],[116.25,12.25],[117.5,12.25],[117.5,11.25],[119.75,11.25],[119.75,12.75],[120.75,12.75],[120.75,14.75],[119.75,14.75],[119.75,16.0],[117.5,16.0],[117.5,16.25],[115.25,16.25]]]},"properties":{"id":228,"lon":118.5,"lat":13.62,"e5":0.69,"e10":0.75,"e15":0.77,"rh":9.2,"rc":23.9,"sst":28.6,"om":3.91,"bf":false}},{"type":"Feature","geometry":{"type":"Polygon","coordinates":[[[132.0,33.0],[132.0,31.75],[128.75,31.75],[128.75,30.5],[127.5,30.5],[127.5,28.75],[128.75,28.75],[128.75,28.0],[133.25,28.0],[133.25,28.75],[134.25,28.75],[134.25,31.0],[133.25,31.0],[133.25,33.0],[132.0,33.0]]]},"properties":{"id":229,"lon":131.5,"lat":30.75,"e5":0.59,"e10":0.66,"e15":0.70,"rh":9.6,"rc":25.1,"sst":24.0,"om":3.77,"bf":false}},{"type":"Feature","geometry":{"type":"Polygon","coordinates":[[[105.0,6.75],[105.0,6.5],[104.0,6.5],[104.0,5.75],[102.75,5.75],[102.75,4.5],[104.0,4.5],[104.0,4.25],[102.75,4.25],[102.75,3.0],[104.0,3.0],[104.0,2.25],[105.0,2.25],[105.0,2.5],[106.25,2.5],[106.25,2.75],[107.25,2.75],[107.25,6.25],[106.25,6.25],[106.25,6.75],[105.0,6.75]]]},"properties":{"id":230,"lon":105.0,"lat":5.12,"e5":0.74,"e10":0.78,"e15":0.80,"rh":9.3,"rc":24.1,"sst":28.7,"om":3.83,"bf":false}},{"type":"Feature","geometry":{"type":"Polygon","coordinates":[[[154.25,54.25],[154.25,53.5],[153.0,53.5],[153.0,53.0],[151.75,53.0],[151.75,52.25],[150.5,52.25],[150.5,50.25],[151.75,50.25],[151.75,49.75],[152.75,49.75],[152.75,49.0],[154.0,49.0],[154.0,48.5],[155.25,48.5],[155.25,48.25],[155.0,48.25],[155.0,47.75],[157.5,47.75],[157.5,51.5],[156.5,51.5],[156.5,53.5],[155.5,53.5],[155.5,54.25],[154.25,54.25]]]},"properties":{"id":231,"lon":154.0,"lat":50.87,"e5":0.77,"e10":0.80,"e15":0.81,"rh":13.2,"rc":34.2,"sst":4.1,"om":1.78,"bf":false}},{"type":"Feature","geometry":{"type":"Polygon","coordinates":[[[102.75,10.25],[102.75,9.5],[101.75,9.5],[101.75,8.75],[100.5,8.75],[100.5,7.0],[101.75,7.0],[101.75,6.25],[102.75,6.25],[102.75,5.75],[104.0,5.75],[104.0,6.5],[105.0,6.5],[105.0,10.25],[102.75,10.25]]]},"properties":{"id":232,"lon":102.75,"lat":7.87,"e5":0.75,"e10":0.79,"e15":0.80,"rh":9.3,"rc":24.2,"sst":28.8,"om":3.77,"bf":false}},{"type":"Feature","geometry":{"type":"Polygon","coordinates":[[[-170.75,67.0],[-170.75,66.5],[-171.0,66.5],[-171.0,66.25],[-169.75,66.25],[-169.75,66.0],[-170.0,66.0],[-170.0,65.5],[-170.25,65.5],[-170.25,65.0],[-169.25,65.0],[-169.25,64.5],[-169.5,64.5],[-169.5,64.0],[-169.75,64.0],[-169.75,63.5],[-170.0,63.5],[-170.0,63.0],[-168.75,63.0],[-168.75,62.75],[-169.0,62.75],[-169.0,62.25],[-169.25,62.25],[-169.25,61.75],[-167.5,61.75],[-167.5,61.5],[-165.75,61.5],[-165.75,61.75],[-165.5,61.75],[-165.5,62.5],[-165.25,62.5],[-165.25,63.0],[-165.0,63.0],[-165.0,63.25],[-163.5,63.25],[-163.5,63.0],[-162.5,63.0],[-162.5,63.5],[-162.25,63.5],[-162.25,64.0],[-162.0,64.0],[-162.0,64.25],[-163.5,64.25],[-163.5,64.5],[-166.0,64.5],[-166.0,64.75],[-166.75,64.75],[-166.75,65.0],[-166.5,65.0],[-166.5,65.25],[-167.25,65.25],[-167.25,65.5],[-167.5,65.5],[-167.5,66.0],[-166.0,66.0],[-166.0,66.25],[-165.75,66.25],[-165.75,66.5],[-167.0,66.5],[-167.0,66.75],[-169.75,66.75],[-169.75,67.0],[-170.75,67.0]]]},"properties":{"id":233,"lon":-166.5,"lat":64.37,"e5":0.65,"e10":0.73,"e15":0.77,"rh":13.5,"rc":35.0,"sst":1.3,"om":1.55,"bf":false}},{"type":"Feature","geometry":{"type":"Polygon","coordinates":[[[120.75,32.75],[120.75,32.25],[121.75,32.25],[121.75,31.0],[122.0,31.0],[122.0,28.0],[120.75,28.0],[120.75,27.0],[119.75,27.0],[119.75,26.25],[125.25,26.25],[125.25,27.0],[126.5,27.0],[126.5,29.25],[127.5,29.25],[127.5,29.75],[126.5,29.75],[126.5,31.0],[125.25,31.0],[125.25,31.75],[124.25,31.75],[124.25,32.25],[124.0,32.25],[124.0,32.75],[120.75,32.75]]]},"properties":{"id":234,"lon":124.75,"lat":29.5,"e5":0.67,"e10":0.72,"e15":0.74,"rh":9.9,"rc":25.8,"sst":22.0,"om":3.55,"bf":false}},{"type":"Feature","geometry":{"type":"Polygon","coordinates":[[[113.0,9.5],[113.0,9.25],[111.75,9.25],[111.75,8.75],[110.75,8.75],[110.75,6.0],[111.75,6.0],[111.75,4.5],[113.0,4.5],[113.0,3.75],[114.0,3.75],[114.0,4.75],[115.25,4.75],[115.25,5.75],[116.25,5.75],[116.25,8.5],[115.25,8.5],[115.25,9.5],[113.0,9.5]]]},"properties":{"id":235,"lon":113.5,"lat":7.25,"e5":0.71,"e10":0.77,"e15":0.79,"rh":9.1,"rc":23.8,"sst":28.8,"om":3.92,"bf":false}},{"type":"Feature","geometry":{"type":"MultiPolygon","coordinates":[[[[123.0,11.25],[125.25,11.25],[125.25,10.25],[124.25,10.25],[124.25,10.75],[123.0,10.75],[123.0,11.25]]],[[[123.0,13.5],[124.25,13.5],[124.25,11.5],[122.0,11.5],[122.0,10.75],[123.0,10.75],[123.0,10.25],[124.25,10.25],[124.25,10.0],[125.25,10.0],[125.25,9.25],[124.25,9.25],[124.25,9.0],[122.0,9.0],[122.0,8.75],[120.75,8.75],[120.75,10.0],[119.75,10.0],[119.75,12.75],[122.0,12.75],[122.0,13.25],[120.75,13.25],[120.75,14.0],[123.0,14.0],[123.0,13.5]],[[123.0,9.5],[123.0,9.75],[122.0,9.75],[122.0,9.5],[123.0,9.5]]],[[[123.0,14.25],[122.0,14.25],[122.0,14.5],[123.0,14.5],[123.0,14.25]]]]},"properties":{"id":236,"lon":124.12,"lat":11.0,"e5":0.67,"e10":0.75,"e15":0.78,"rh":9.1,"rc":23.6,"sst":29.2,"om":3.99,"bf":false}},{"type":"Feature","geometry":{"type":"Polygon","coordinates":[[[143.5,42.75],[143.5,42.25],[141.25,42.25],[141.25,40.25],[142.25,40.25],[142.25,39.0],[141.25,39.0],[141.25,37.75],[142.25,37.75],[142.25,37.25],[143.5,37.25],[143.5,36.5],[144.5,36.5],[144.5,36.0],[145.75,36.0],[145.75,37.25],[146.75,37.25],[146.75,40.25],[148.0,40.25],[148.0,41.0],[147.0,41.0],[147.0,41.5],[145.75,41.5],[145.75,42.25],[144.5,42.25],[144.5,42.75],[143.5,42.75]]]},"properties":{"id":237,"lon":144.5,"lat":39.62,"e5":0.59,"e10":0.63,"e15":0.65,"rh":10.8,"rc":28.1,"sst":17.5,"om":3.13,"bf":false}},{"type":"Feature","geometry":{"type":"Polygon","coordinates":[[[-159.25,22.25],[-159.25,20.75],[-160.25,20.75],[-160.25,18.75],[-159.25,18.75],[-159.25,17.0],[-158.0,17.0],[-158.0,16.25],[-157.0,16.25],[-157.0,16.0],[-155.75,16.0],[-155.75,20.25],[-157.0,20.25],[-157.0,21.75],[-158.0,21.75],[-158.0,22.25],[-159.25,22.25]]]},"properties":{"id":238,"lon":-158.0,"lat":19.5,"e5":0.58,"e10":0.72,"e15":0.76,"rh":9.6,"rc":24.9,"sst":25.0,"om":3.83,"bf":false}},{"type":"Feature","geometry":{"type":"Polygon","coordinates":[[[123.0,3.75],[123.0,2.75],[122.0,2.75],[122.0,1.0],[123.25,1.0],[123.25,0.75],[124.25,0.75],[124.25,0.25],[123.25,0.25],[123.25,0.5],[122.0,0.5],[122.0,-0.75],[123.25,-0.75],[123.25,-1.25],[122.0,-1.25],[122.0,-1.5],[126.5,-1.5],[126.5,2.75],[125.25,2.75],[125.25,3.5],[124.25,3.5],[124.25,3.75],[123.0,3.75]]]},"properties":{"id":239,"lon":124.25,"lat":1.87,"e5":0.62,"e10":0.73,"e15":0.77,"rh":8.8,"rc":22.8,"sst":29.6,"om":4.21,"bf":false}},{"type":"Feature","geometry":{"type":"Polygon","coordinates":[[[-169.25,19.5],[-169.25,18.25],[-170.5,18.25],[-170.5,17.25],[-171.5,17.25],[-171.5,16.0],[-172.75,16.0],[-172.75,15.75],[-171.5,15.75],[-171.5,13.75],[-170.5,13.75],[-170.5,11.75],[-169.25,11.75],[-169.25,10.75],[-168.25,10.75],[-168.25,11.0],[-167.0,11.0],[-167.0,11.5],[-166.0,11.5],[-166.0,11.75],[-164.75,11.75],[-164.75,13.75],[-163.75,13.75],[-163.75,17.5],[-164.75,17.5],[-164.75,18.25],[-166.0,18.25],[-166.0,19.0],[-167.0,19.0],[-167.0,19.5],[-169.25,19.5]]]},"properties":{"id":240,"lon":-167.62,"lat":14.75,"e5":0.63,"e10":0.74,"e15":0.78,"rh":9.4,"rc":24.5,"sst":26.1,"om":3.88,"bf":false}},{"type":"Feature","geometry":{"type":"Polygon","coordinates":[[[-95.0,-2.5],[-95.0,-2.75],[-97.25,-2.75],[-97.25,-3.0],[-98.5,-3.0],[-98.5,-3.25],[-100.75,-3.25],[-100.75,-10.0],[-92.75,-10.0],[-92.75,-3.75],[-94.0,-3.75],[-94.0,-2.5],[-95.0,-2.5]]]},"properties":{"id":241,"lon":-96.75,"lat":-6.87,"e5":0.68,"e10":0.76,"e15":0.79,"rh":10.4,"rc":26.9,"sst":24.3,"om":3.35,"bf":false}},{"type":"Feature","geometry":{"type":"Polygon","coordinates":[[[141.25,16.75],[141.25,16.25],[140.0,16.25],[140.0,16.0],[138.75,16.0],[138.75,15.5],[137.75,15.5],[137.75,15.25],[136.5,15.25],[136.5,12.5],[136.0,12.5],[136.0,12.25],[135.5,12.25],[135.5,10.75],[136.5,10.75],[136.5,9.25],[137.75,9.25],[137.75,8.25],[138.75,8.25],[138.75,8.5],[141.25,8.5],[141.25,8.75],[143.5,8.75],[143.5,13.25],[144.5,13.25],[144.5,16.0],[143.5,16.0],[143.5,16.75],[141.25,16.75]]]},"properties":{"id":242,"lon":140.0,"lat":12.87,"e5":0.67,"e10":0.74,"e15":0.77,"rh":8.8,"rc":23.0,"sst":29.1,"om":4.2,"bf":false}},{"type":"Feature","geometry":{"type":"Polygon","coordinates":[[[-135.25,28.25],[-135.25,26.75],[-136.5,26.75],[-136.5,25.25],[-137.75,25.25],[-137.75,23.25],[-138.75,23.25],[-138.75,21.5],[-139.0,21.5],[-139.0,21.25],[-137.75,21.25],[-137.75,20.0],[-136.75,20.0],[-136.75,18.75],[-135.5,18.75],[-135.5,18.25],[-131.0,18.25],[-131.0,19.5],[-130.0,19.5],[-130.0,21.25],[-128.75,21.25],[-128.75,25.0],[-129.75,25.0],[-129.75,27.25],[-130.75,27.25],[-130.75,27.75],[-133.0,27.75],[-133.0,28.25],[-135.25,28.25]]]},"properties":{"id":243,"lon":-133.25,"lat":24.12,"e5":0.54,"e10":0.67,"e15":0.73,"rh":10.4,"rc":27.1,"sst":21.3,"om":3.33,"bf":false}},{"type":"Feature","geometry":{"type":"Polygon","coordinates":[[[-169.25,53.75],[-169.25,53.0],[-169.5,53.0],[-169.5,53.25],[-170.5,53.25],[-170.5,52.5],[-171.25,52.5],[-171.25,52.75],[-171.75,52.75],[-171.75,52.0],[-173.0,52.0],[-173.0,51.5],[-174.25,51.5],[-174.25,50.75],[-174.5,50.75],[-174.5,50.5],[-175.5,50.5],[-175.5,50.0],[-175.75,50.0],[-175.75,48.5],[-174.75,48.5],[-174.75,46.75],[-175.0,46.75],[-175.0,45.5],[-173.75,45.5],[-173.75,45.25],[-174.0,45.25],[-174.0,43.75],[-173.75,43.75],[-173.75,43.5],[-168.5,43.5],[-168.5,43.25],[-167.25,43.25],[-167.25,43.75],[-167.0,43.75],[-167.0,46.0],[-166.75,46.0],[-166.75,46.75],[-165.75,46.75],[-165.75,47.0],[-165.5,47.0],[-165.5,48.75],[-165.25,48.75],[-165.25,50.25],[-165.0,50.25],[-165.0,51.5],[-165.5,51.5],[-165.5,51.75],[-166.0,51.75],[-166.0,52.25],[-167.0,52.25],[-167.0,53.0],[-168.0,53.0],[-168.0,53.75],[-169.25,53.75]]]},"properties":{"id":244,"lon":-170.62,"lat":48.62,"e5":0.81,"e10":0.83,"e15":0.83,"rh":12.8,"rc":33.3,"sst":7.7,"om":1.98,"bf":false}},{"type":"Feature","geometry":{"type":"Polygon","coordinates":[[[-141.25,-1.75],[-141.25,-2.5],[-142.25,-2.5],[-142.25,-3.25],[-143.5,-3.25],[-143.5,-10.0],[-135.5,-10.0],[-135.5,-4.25],[-136.75,-4.25],[-136.75,-3.5],[-137.75,-3.5],[-137.75,-2.75],[-139.0,-2.75],[-139.0,-1.75],[-141.25,-1.75]]]},"properties":{"id":245,"lon":-139.5,"lat":-7.12,"e5":0.65,"e10":0.77,"e15":0.79,"rh":9.5,"rc":24.8,"sst":26.8,"om":3.83,"bf":false}},{"type":"Feature","geometry":{"type":"Polygon","coordinates":[[[158.0,14.5],[158.0,13.5],[157.0,13.5],[157.0,12.75],[155.75,12.75],[155.75,10.0],[157.0,10.0],[157.0,6.0],[158.0,6.0],[158.0,5.5],[160.25,5.5],[160.25,5.75],[161.5,5.75],[161.5,6.0],[162.5,6.0],[162.5,8.5],[163.75,8.5],[163.75,13.0],[162.5,13.0],[162.5,13.5],[161.5,13.5],[161.5,14.0],[160.25,14.0],[160.25,14.25],[159.25,14.25],[159.25,14.5],[158.0,14.5]]]},"properties":{"id":246,"lon":159.75,"lat":11.37,"e5":0.67,"e10":0.76,"e15":0.78,"rh":9.0,"rc":23.3,"sst":28.5,"om":4.13,"bf":false}},{"type":"Feature","geometry":{"type":"Polygon","coordinates":[[[-122.0,17.0],[-122.0,15.25],[-123.25,15.25],[-123.25,11.75],[-122.0,11.75],[-122.0,9.75],[-121.0,9.75],[-121.0,9.5],[-118.75,9.5],[-118.75,9.25],[-116.5,9.25],[-116.5,9.75],[-115.25,9.75],[-115.25,11.5],[-114.25,11.5],[-114.25,13.75],[-115.25,13.75],[-115.25,17.0],[-122.0,17.0]]]},"properties":{"id":247,"lon":-118.75,"lat":12.75,"e5":0.72,"e10":0.77,"e15":0.79,"rh":9.8,"rc":25.4,"sst":26.3,"om":3.62,"bf":false}},{"type":"Feature","geometry":{"type":"MultiPolygon","coordinates":[[[[177.25,5.0],[177.25,4.5],[178.25,4.5],[178.25,3.75],[179.5,3.75],[179.5,3.0],[180.0,3.0],[180.0,-0.75],[179.5,-0.75],[179.5,-3.0],[178.25,-3.0],[178.25,-3.5],[177.25,-3.5],[177.25,-3.25],[176.0,-3.25],[176.0,-3.0],[175.0,-3.0],[175.0,-2.5],[173.75,-2.5],[173.75,-2.25],[172.75,-2.25],[172.75,4.0],[173.75,4.0],[173.75,4.25],[175.0,4.25],[175.0,4.75],[176.0,4.75],[176.0,5.0],[177.25,5.0]]],[[[-179.5,3.0],[-179.5,-0.75],[-180.0,-0.75],[-180.0,3.0],[-179.5,3.0]]]]},"properties":{"id":248,"lon":176.37,"lat":1.12,"e5":0.66,"e10":0.77,"e15":0.79,"rh":9.3,"rc":24.2,"sst":27.8,"om":3.96,"bf":false}},{"type":"Feature","geometry":{"type":"Polygon","coordinates":[[[165.0,31.0],[165.0,30.25],[163.75,30.25],[163.75,29.75],[161.5,29.75],[161.5,29.25],[160.25,29.25],[160.25,22.5],[161.5,22.5],[161.5,22.0],[162.5,22.0],[162.5,21.5],[164.75,21.5],[164.75,21.0],[166.0,21.0],[166.0,20.75],[168.25,20.75],[168.25,21.0],[169.25,21.0],[169.25,25.0],[170.5,25.0],[170.5,27.25],[169.5,27.25],[169.5,28.5],[168.25,28.5],[168.25,29.75],[167.25,29.75],[167.25,31.0],[165.0,31.0]]]},"properties":{"id":249,"lon":165.37,"lat":26.12,"e5":0.56,"e10":0.70,"e15":0.74,"rh":9.4,"rc":24.5,"sst":25.9,"om":3.91,"bf":false}},{"type":"Feature","geometry":{"type":"Polygon","coordinates":[[[-151.5,54.0],[-151.5,53.75],[-151.75,53.75],[-151.75,53.5],[-153.0,53.5],[-153.0,53.75],[-155.25,53.75],[-155.25,53.25],[-156.5,53.25],[-156.5,52.75],[-157.75,52.75],[-157.75,52.25],[-159.0,52.25],[-159.0,51.75],[-160.25,51.75],[-160.25,51.0],[-160.5,51.0],[-160.5,50.75],[-160.0,50.75],[-160.0,50.5],[-159.25,50.5],[-159.25,50.0],[-159.5,50.0],[-159.5,48.75],[-158.5,48.75],[-158.5,47.5],[-158.75,47.5],[-158.75,47.0],[-157.5,47.0],[-157.5,46.5],[-157.75,46.5],[-157.75,45.25],[-157.5,45.25],[-157.5,45.0],[-156.75,45.0],[-156.75,44.0],[-156.0,44.0],[-156.0,43.75],[-152.25,43.75],[-152.25,44.75],[-151.0,44.75],[-151.0,45.75],[-150.75,45.75],[-150.75,46.5],[-150.0,46.5],[-150.0,46.25],[-149.75,46.25],[-149.75,46.5],[-149.5,46.5],[-149.5,48.0],[-149.25,48.0],[-149.25,49.25],[-149.0,49.25],[-149.0,50.25],[-149.25,50.25],[-149.25,50.5],[-150.0,50.5],[-150.0,51.25],[-149.75,51.25],[-149.75,52.25],[-150.75,52.25],[-150.75,53.0],[-150.5,53.0],[-150.5,54.0],[-151.5,54.0]]]},"properties":{"id":250,"lon":-154.37,"lat":49.0,"e5":0.80,"e10":0.83,"e15":0.83,"rh":12.7,"rc":33.1,"sst":8.3,"om":2.0,"bf":false}},{"type":"Feature","geometry":{"type":"Polygon","coordinates":[[[-118.75,2.75],[-118.75,2.5],[-122.0,2.5],[-122.0,2.25],[-123.25,2.25],[-123.25,-3.0],[-122.0,-3.0],[-122.0,-3.5],[-121.0,-3.5],[-121.0,-4.0],[-119.75,-4.0],[-119.75,-4.5],[-118.75,-4.5],[-118.75,-5.0],[-117.5,-5.0],[-117.5,-4.5],[-116.5,-4.5],[-116.5,-3.25],[-115.25,-3.25],[-115.25,0.25],[-116.5,0.25],[-116.5,2.75],[-118.75,2.75]]]},"properties":{"id":251,"lon":-119.25,"lat":-1.37,"e5":0.70,"e10":0.78,"e15":0.80,"rh":10.0,"rc":26.0,"sst":25.1,"om":3.54,"bf":false}},{"type":"Feature","geometry":{"type":"Polygon","coordinates":[[[132.0,19.0],[132.0,18.5],[129.75,18.5],[129.75,18.25],[128.75,18.25],[128.75,17.75],[127.5,17.75],[127.5,17.25],[126.5,17.25],[126.5,16.5],[127.5,16.5],[127.5,16.0],[128.75,16.0],[128.75,14.0],[129.75,14.0],[129.75,10.0],[132.0,10.0],[132.0,10.25],[133.25,10.25],[133.25,10.75],[134.25,10.75],[134.25,11.0],[135.5,11.0],[135.5,12.25],[136.0,12.25],[136.0,12.5],[136.5,12.5],[136.5,16.0],[135.5,16.0],[135.5,17.0],[134.25,17.0],[134.25,18.5],[133.25,18.5],[133.25,19.0],[132.0,19.0]]]},"properties":{"id":252,"lon":132.62,"lat":15.0,"e5":0.66,"e10":0.73,"e15":0.76,"rh":8.9,"rc":23.1,"sst":28.9,"om":4.18,"bf":false}},{"type":"Feature","geometry":{"type":"Polygon","coordinates":[[[-139.0,13.0],[-139.0,12.75],[-141.25,12.75],[-141.25,12.5],[-142.25,12.5],[-142.25,9.5],[-143.5,9.5],[-143.5,6.25],[-142.25,6.25],[-142.25,5.25],[-141.25,5.25],[-141.25,4.75],[-140.0,4.75],[-140.0,4.0],[-139.0,4.0],[-139.0,3.75],[-137.75,3.75],[-137.75,4.25],[-136.75,4.25],[-136.75,6.5],[-135.5,6.5],[-135.5,11.0],[-136.75,11.0],[-136.75,12.0],[-137.75,12.0],[-137.75,13.0],[-139.0,13.0]]]},"properties":{"id":253,"lon":-139.5,"lat":8.0,"e5":0.71,"e10":0.77,"e15":0.79,"rh":9.6,"rc":24.9,"sst":26.3,"om":3.76,"bf":false}},{"type":"Feature","geometry":{"type":"Polygon","coordinates":[[[-163.75,4.0],[-163.75,3.75],[-167.0,3.75],[-167.0,3.5],[-168.25,3.5],[-168.25,1.5],[-169.25,1.5],[-169.25,-0.25],[-170.5,-0.25],[-170.5,-1.5],[-169.25,-1.5],[-169.25,-2.75],[-168.25,-2.75],[-168.25,-3.5],[-167.0,-3.5],[-167.0,-4.25],[-166.0,-4.25],[-166.0,-4.5],[-164.75,-4.5],[-164.75,-4.0],[-163.75,-4.0],[-163.75,-3.25],[-162.5,-3.25],[-162.5,-2.75],[-161.5,-2.75],[-161.5,3.0],[-162.5,3.0],[-162.5,4.0],[-163.75,4.0]]]},"properties":{"id":254,"lon":-165.37,"lat":0.62,"e5":0.67,"e10":0.77,"e15":0.80,"rh":9.6,"rc":24.9,"sst":26.9,"om":3.8,"bf":false}},{"type":"Feature","geometry":{"type":"Polygon","coordinates":[[[-157.75,33.5],[-157.75,32.5],[-158.75,32.5],[-158.75,31.25],[-160.0,31.25],[-160.0,30.75],[-161.25,30.75],[-161.25,29.75],[-162.25,29.75],[-162.25,28.0],[-162.5,28.0],[-162.5,26.75],[-161.25,26.75],[-161.25,25.75],[-160.25,25.75],[-160.25,24.25],[-159.0,24.25],[-159.0,23.0],[-158.0,23.0],[-158.0,22.5],[-156.75,22.5],[-156.75,23.0],[-155.75,23.0],[-155.75,23.5],[-154.5,23.5],[-154.5,23.0],[-153.5,23.0],[-153.5,23.5],[-152.25,23.5],[-152.25,25.0],[-151.25,25.0],[-151.25,27.0],[-151.0,27.0],[-151.0,27.75],[-152.25,27.75],[-152.25,30.0],[-153.25,30.0],[-153.25,31.75],[-154.25,31.75],[-154.25,32.75],[-154.5,32.75],[-154.5,33.0],[-155.5,33.0],[-155.5,33.5],[-157.75,33.5]]]},"properties":{"id":255,"lon":-157.25,"lat":28.87,"e5":0.51,"e10":0.62,"e15":0.71,"rh":9.9,"rc":25.8,"sst":23.1,"om":3.64,"bf":false}},{"type":"Feature","geometry":{"type":"Polygon","coordinates":[[[162.25,50.0],[162.25,49.5],[161.0,49.5],[161.0,49.0],[159.75,49.0],[159.75,48.25],[158.5,48.25],[158.5,45.75],[157.25,45.75],[157.25,39.5],[166.25,39.5],[166.25,41.75],[166.5,41.75],[166.5,43.0],[167.5,43.0],[167.5,43.75],[167.75,43.75],[167.75,45.5],[166.5,45.5],[166.5,46.5],[166.75,46.5],[166.75,46.75],[165.75,46.75],[165.75,47.0],[165.5,47.0],[165.5,48.25],[164.5,48.25],[164.5,49.5],[163.25,49.5],[163.25,50.0],[162.25,50.0]]]},"properties":{"id":256,"lon":162.5,"lat":44.62,"e5":0.76,"e10":0.78,"e15":0.79,"rh":12.4,"rc":32.2,"sst":9.4,"om":2.22,"bf":false}},{"type":"Feature","geometry":{"type":"MultiPolygon","coordinates":[[[[179.75,32.0],[179.75,31.75],[180.0,31.75],[180.0,22.0],[179.5,22.0],[179.5,23.5],[178.25,23.5],[178.25,25.0],[177.25,25.0],[177.25,26.75],[176.25,26.75],[176.25,29.5],[177.25,29.5],[177.25,31.25],[177.5,31.25],[177.5,32.0],[179.75,32.0]]],[[[-174.75,33.0],[-174.75,31.75],[-173.5,31.75],[-173.5,29.5],[-173.75,29.5],[-173.75,25.5],[-174.75,25.5],[-174.75,24.5],[-176.0,24.5],[-176.0,24.0],[-177.25,24.0],[-177.25,23.0],[-178.25,23.0],[-178.25,22.0],[-180.0,22.0],[-180.0,31.75],[-179.25,31.75],[-179.25,32.5],[-176.5,32.5],[-176.5,32.25],[-175.75,32.25],[-175.75,33.0],[-174.75,33.0]]]]},"properties":{"id":257,"lon":-176.87,"lat":27.5,"e5":0.58,"e10":0.67,"e15":0.73,"rh":9.8,"rc":25.4,"sst":24.1,"om":3.73,"bf":false}},{"type":"Feature","geometry":{"type":"Polygon","coordinates":[[[146.75,6.75],[146.75,6.5],[145.75,6.5],[145.75,5.25],[144.5,5.25],[144.5,1.5],[143.5,1.5],[143.5,0.0],[144.5,0.0],[144.5,-0.5],[145.75,-0.5],[145.75,-0.75],[146.75,-0.75],[146.75,-1.25],[148.0,-1.25],[148.0,-1.75],[149.0,-1.75],[149.0,-1.5],[150.25,-1.5],[150.25,-1.25],[151.25,-1.25],[151.25,1.0],[152.5,1.0],[152.5,4.25],[151.25,4.25],[151.25,5.5],[150.25,5.5],[150.25,6.25],[149.0,6.25],[149.0,6.75],[146.75,6.75]]]},"properties":{"id":258,"lon":148.5,"lat":2.87,"e5":0.66,"e10":0.76,"e15":0.78,"rh":8.7,"rc":22.7,"sst":29.7,"om":4.24,"bf":false}},{"type":"Feature","geometry":{"type":"Polygon","coordinates":[[[-138.75,54.0],[-138.75,53.5],[-139.0,53.5],[-139.0,52.75],[-139.25,52.75],[-139.25,53.0],[-140.25,53.0],[-140.25,52.5],[-140.5,52.5],[-140.5,51.5],[-140.75,51.5],[-140.75,50.25],[-141.0,50.25],[-141.0,49.75],[-142.25,49.75],[-142.25,48.75],[-142.5,48.75],[-142.5,47.25],[-142.75,47.25],[-142.75,45.75],[-141.75,45.75],[-141.75,44.75],[-142.0,44.75],[-142.0,44.0],[-140.75,44.0],[-140.75,43.75],[-141.0,43.75],[-141.0,43.0],[-140.5,43.0],[-140.5,42.75],[-140.0,42.75],[-140.0,42.25],[-138.75,42.25],[-138.75,42.75],[-137.5,42.75],[-137.5,43.75],[-136.25,43.75],[-136.25,44.75],[-135.0,44.75],[-135.0,45.75],[-133.75,45.75],[-133.75,46.5],[-133.5,46.5],[-133.5,46.75],[-132.5,46.75],[-132.5,47.25],[-132.25,47.25],[-132.25,48.25],[-133.0,48.25],[-133.0,48.5],[-133.25,48.5],[-133.25,49.25],[-133.0,49.25],[-133.0,49.5],[-134.25,49.5],[-134.25,49.75],[-134.0,49.75],[-134.0,50.75],[-133.75,50.75],[-133.75,51.25],[-135.0,51.25],[-135.0,51.5],[-134.75,51.5],[-134.75,52.0],[-135.75,52.0],[-135.75,52.5],[-136.75,52.5],[-136.75,53.25],[-137.75,53.25],[-137.75,54.0],[-138.75,54.0]]]},"properties":{"id":259,"lon":-137.37,"lat":47.75,"e5":0.80,"e10":0.82,"e15":0.83,"rh":12.4,"rc":32.3,"sst":10.5,"om":2.17,"bf":false}},{"type":"Feature","geometry":{"type":"Polygon","coordinates":[[[-97.25,12.5],[-97.25,10.75],[-98.5,10.75],[-98.5,8.0],[-99.5,8.0],[-99.5,5.5],[-98.5,5.5],[-98.5,5.0],[-97.25,5.0],[-97.25,4.5],[-96.25,4.5],[-96.25,3.75],[-95.0,3.75],[-95.0,3.25],[-94.0,3.25],[-94.0,2.75],[-92.75,2.75],[-92.75,2.5],[-91.75,2.5],[-91.75,4.25],[-90.5,4.25],[-90.5,6.5],[-89.5,6.5],[-89.5,9.75],[-90.5,9.75],[-90.5,10.5],[-91.75,10.5],[-91.75,10.75],[-92.75,10.75],[-92.75,11.0],[-94.0,11.0],[-94.0,11.75],[-95.0,11.75],[-95.0,12.25],[-96.25,12.25],[-96.25,12.5],[-97.25,12.5]]]},"properties":{"id":260,"lon":-94.5,"lat":7.25,"e5":0.77,"e10":0.80,"e15":0.81,"rh":9.9,"rc":25.6,"sst":26.9,"om":3.54,"bf":false}},{"type":"Feature","geometry":{"type":"Polygon","coordinates":[[[-151.25,8.0],[-151.25,7.75],[-152.5,7.75],[-152.5,7.5],[-153.5,7.5],[-153.5,6.0],[-154.75,6.0],[-154.75,1.5],[-153.5,1.5],[-153.5,-0.25],[-152.5,-0.25],[-152.5,-1.5],[-151.25,-1.5],[-151.25,-1.75],[-150.25,-1.75],[-150.25,-1.5],[-149.0,-1.5],[-149.0,-1.0],[-148.0,-1.0],[-148.0,0.25],[-146.75,0.25],[-146.75,6.5],[-148.0,6.5],[-148.0,7.0],[-149.0,7.0],[-149.0,7.75],[-150.25,7.75],[-150.25,8.0],[-151.25,8.0]]]},"properties":{"id":261,"lon":-150.75,"lat":3.75,"e5":0.71,"e10":0.78,"e15":0.80,"rh":9.7,"rc":25.1,"sst":26.4,"om":3.74,"bf":false}},{"type":"Feature","geometry":{"type":"MultiPolygon","coordinates":[[[[-178.25,11.75],[-178.25,10.75],[-177.25,10.75],[-177.25,9.5],[-176.0,9.5],[-176.0,8.0],[-175.0,8.0],[-175.0,5.5],[-176.0,5.5],[-176.0,3.5],[-177.25,3.5],[-177.25,3.0],[-178.25,3.0],[-178.25,2.75],[-179.5,2.75],[-179.5,3.0],[-180.0,3.0],[-180.0,11.5],[-179.5,11.5],[-179.5,11.75],[-178.25,11.75]]],[[[180.0,11.5],[180.0,3.0],[179.5,3.0],[179.5,3.75],[178.25,3.75],[178.25,4.5],[177.25,4.5],[177.25,9.0],[178.25,9.0],[178.25,11.25],[179.5,11.25],[179.5,11.5],[180.0,11.5]]]]},"properties":{"id":262,"lon":-177.5,"lat":6.75,"e5":0.68,"e10":0.77,"e15":0.79,"rh":9.2,"rc":24.0,"sst":27.7,"om":3.98,"bf":false}},{"type":"Feature","geometry":{"type":"Polygon","coordinates":[[[164.75,-1.75],[164.75,-2.5],[163.75,-2.5],[163.75,-3.0],[162.5,-3.0],[162.5,-10.0],[170.5,-10.0],[170.5,-3.25],[169.25,-3.25],[169.25,-3.0],[168.25,-3.0],[168.25,-2.5],[167.0,-2.5],[167.0,-1.75],[164.75,-1.75]]]},"properties":{"id":263,"lon":166.5,"lat":-6.62,"e5":0.65,"e10":0.76,"e15":0.79,"rh":8.9,"rc":23.0,"sst":29.1,"om":4.21,"bf":false}},{"type":"Feature","geometry":{"type":"Polygon","coordinates":[[[-107.5,8.75],[-107.5,6.75],[-108.5,6.75],[-108.5,2.75],[-107.5,2.75],[-107.5,2.5],[-106.25,2.5],[-106.25,2.25],[-105.25,2.25],[-105.25,1.5],[-104.0,1.5],[-104.0,1.25],[-103.0,1.25],[-103.0,1.0],[-101.75,1.0],[-101.75,2.75],[-100.75,2.75],[-100.75,4.25],[-99.5,4.25],[-99.5,7.0],[-100.75,7.0],[-100.75,7.25],[-101.75,7.25],[-101.75,7.75],[-103.0,7.75],[-103.0,8.0],[-104.0,8.0],[-104.0,8.25],[-105.25,8.25],[-105.25,8.5],[-106.25,8.5],[-106.25,8.75],[-107.5,8.75]]]},"properties":{"id":264,"lon":-104.0,"lat":5.5,"e5":0.75,"e10":0.80,"e15":0.81,"rh":9.9,"rc":25.8,"sst":26.2,"om":3.53,"bf":false}},{"type":"Feature","geometry":{"type":"Polygon","coordinates":[[[-132.25,10.25],[-132.25,10.0],[-134.5,10.0],[-134.5,9.75],[-135.5,9.75],[-135.5,6.5],[-136.75,6.5],[-136.75,4.25],[-135.5,4.25],[-135.5,3.5],[-134.5,3.5],[-134.5,3.0],[-133.25,3.0],[-133.25,2.5],[-132.25,2.5],[-132.25,1.75],[-131.0,1.75],[-131.0,2.5],[-130.0,2.5],[-130.0,3.75],[-128.75,3.75],[-128.75,4.75],[-127.75,4.75],[-127.75,6.25],[-128.75,6.25],[-128.75,8.25],[-130.0,8.25],[-130.0,10.25],[-132.25,10.25]]]},"properties":{"id":265,"lon":-132.25,"lat":5.5,"e5":0.72,"e10":0.78,"e15":0.80,"rh":9.6,"rc":25.0,"sst":26.5,"om":3.74,"bf":false}},{"type":"Feature","geometry":{"type":"Polygon","coordinates":[[[143.5,25.25],[143.5,23.75],[142.25,23.75],[142.25,16.75],[143.5,16.75],[143.5,16.0],[144.5,16.0],[144.5,15.5],[148.0,15.5],[148.0,16.0],[149.0,16.0],[149.0,17.0],[150.25,17.0],[150.25,19.0],[151.25,19.0],[151.25,21.25],[152.5,21.25],[152.5,22.25],[151.25,22.25],[151.25,23.75],[150.25,23.75],[150.25,25.25],[143.5,25.25]]]},"properties":{"id":266,"lon":146.75,"lat":20.12,"e5":0.63,"e10":0.73,"e15":0.76,"rh":9.0,"rc":23.4,"sst":28.2,"om":4.13,"bf":false}},{"type":"Feature","geometry":{"type":"Polygon","coordinates":[[[168.25,21.0],[168.25,20.75],[167.0,20.75],[167.0,17.25],[166.0,17.25],[166.0,13.25],[167.0,13.25],[167.0,12.75],[168.25,12.75],[168.25,12.0],[169.25,12.0],[169.25,11.5],[171.5,11.5],[171.5,12.0],[172.75,12.0],[172.75,12.75],[173.0,12.75],[173.0,12.5],[173.75,12.5],[173.75,13.25],[175.0,13.25],[175.0,18.0],[173.75,18.0],[173.75,18.75],[172.75,18.75],[172.75,19.25],[171.5,19.25],[171.5,19.75],[170.5,19.75],[170.5,20.5],[170.0,20.5],[170.0,20.75],[169.25,20.75],[169.25,21.0],[168.25,21.0]]]},"properties":{"id":267,"lon":170.5,"lat":15.25,"e5":0.64,"e10":0.74,"e15":0.77,"rh":9.1,"rc":23.7,"sst":27.5,"om":4.06,"bf":false}},{"type":"Feature","geometry":{"type":"Polygon","coordinates":[[[168.75,56.25],[168.75,55.25],[168.5,55.25],[168.5,53.75],[167.25,53.75],[167.25,53.25],[166.0,53.25],[166.0,52.0],[164.75,52.0],[164.75,51.0],[164.5,51.0],[164.5,50.75],[163.5,50.75],[163.5,50.0],[163.25,50.0],[163.25,49.5],[164.5,49.5],[164.5,48.25],[165.5,48.25],[165.5,47.0],[165.75,47.0],[165.75,46.75],[166.75,46.75],[166.75,46.5],[166.5,46.5],[166.5,45.5],[167.75,45.5],[167.75,45.0],[169.75,45.0],[169.75,44.75],[170.0,44.75],[170.0,45.5],[172.25,45.5],[172.25,46.0],[174.75,46.0],[174.75,48.25],[175.0,48.25],[175.0,49.75],[173.75,49.75],[173.75,50.0],[174.0,50.0],[174.0,51.5],[173.25,51.5],[173.25,51.75],[173.0,51.75],[173.0,53.5],[172.0,53.5],[172.0,54.75],[171.0,54.75],[171.0,56.25],[168.75,56.25]]]},"properties":{"id":268,"lon":168.75,"lat":50.37,"e5":0.82,"e10":0.84,"e15":0.84,"rh":13.0,"rc":33.8,"sst":5.9,"om":1.89,"bf":false}},{"type":"Feature","geometry":{"type":"Polygon","coordinates":[[[-156.75,44.0],[-156.75,43.5],[-157.0,43.5],[-157.0,43.25],[-157.5,43.25],[-157.5,43.5],[-158.0,43.5],[-158.0,42.5],[-158.25,42.5],[-158.25,41.75],[-159.25,41.75],[-159.25,41.25],[-159.5,41.25],[-159.5,38.25],[-158.5,38.25],[-158.5,36.25],[-158.75,36.25],[-158.75,36.0],[-158.25,36.0],[-158.25,35.75],[-157.5,35.75],[-157.5,33.75],[-157.75,33.75],[-157.75,33.5],[-155.5,33.5],[-155.5,33.0],[-154.5,33.0],[-154.5,32.75],[-154.25,32.75],[-154.25,33.5],[-153.0,33.5],[-153.0,34.5],[-152.0,34.5],[-152.0,35.5],[-150.75,35.5],[-150.75,36.75],[-149.5,36.75],[-149.5,38.75],[-149.25,38.75],[-149.25,39.5],[-150.5,39.5],[-150.5,40.25],[-150.25,40.25],[-150.25,41.25],[-151.5,41.25],[-151.5,41.5],[-151.25,41.5],[-151.25,43.0],[-152.25,43.0],[-152.25,43.75],[-156.0,43.75],[-156.0,44.0],[-156.75,44.0]]]},"properties":{"id":269,"lon":-154.5,"lat":38.5,"e5":0.64,"e10":0.67,"e15":0.72,"rh":11.5,"rc":29.9,"sst":15.8,"om":2.71,"bf":false}},{"type":"Feature","geometry":{"type":"Polygon","coordinates":[[[-130.25,37.75],[-130.25,37.25],[-131.0,37.25],[-131.0,37.5],[-133.75,37.5],[-133.75,37.0],[-134.75,37.0],[-134.75,36.5],[-136.0,36.5],[-136.0,34.5],[-136.25,34.5],[-136.25,33.25],[-137.25,33.25],[-137.25,32.25],[-137.5,32.25],[-137.5,31.75],[-136.25,31.75],[-136.25,30.0],[-135.25,30.0],[-135.25,28.25],[-133.0,28.25],[-133.0,27.75],[-129.75,27.75],[-129.75,29.25],[-128.5,29.25],[-128.5,30.25],[-127.25,30.25],[-127.25,31.75],[-126.25,31.75],[-126.25,32.0],[-126.0,32.0],[-126.0,33.5],[-125.75,33.5],[-125.75,33.25],[-125.0,33.25],[-125.0,34.0],[-126.0,34.0],[-126.0,35.5],[-127.0,35.5],[-127.0,36.75],[-128.0,36.75],[-128.0,37.75],[-130.25,37.75]]]},"properties":{"id":270,"lon":-131.62,"lat":32.75,"e5":0.58,"e10":0.67,"e15":0.73,"rh":11.2,"rc":29.2,"sst":17.8,"om":2.86,"bf":false}},{"type":"Feature","geometry":{"type":"Polygon","coordinates":[[[-128.75,23.0],[-128.75,21.25],[-130.0,21.25],[-130.0,19.5],[-131.0,19.5],[-131.0,17.25],[-130.0,17.25],[-130.0,15.0],[-128.75,15.0],[-128.75,13.75],[-123.25,13.75],[-123.25,15.25],[-122.0,15.25],[-122.0,19.75],[-123.25,19.75],[-123.25,21.25],[-123.0,21.25],[-123.0,22.5],[-126.5,22.5],[-126.5,23.0],[-128.75,23.0]]]},"properties":{"id":271,"lon":-126.5,"lat":18.37,"e5":0.65,"e10":0.73,"e15":0.77,"rh":10.1,"rc":26.2,"sst":23.3,"om":3.49,"bf":false}},{"type":"Feature","geometry":{"type":"Polygon","coordinates":[[[-155.75,3.25],[-155.75,3.0],[-157.0,3.0],[-157.0,2.75],[-159.25,2.75],[-159.25,2.5],[-160.25,2.5],[-160.25,2.25],[-161.5,2.25],[-161.5,-2.75],[-160.25,-2.75],[-160.25,-3.5],[-159.25,-3.5],[-159.25,-4.25],[-158.0,-4.25],[-158.0,-5.0],[-157.0,-5.0],[-157.0,-4.25],[-155.75,-4.25],[-155.75,-3.5],[-154.75,-3.5],[-154.75,-2.75],[-153.5,-2.75],[-153.5,-1.75],[-152.5,-1.75],[-152.5,-0.25],[-153.5,-0.25],[-153.5,1.5],[-154.75,1.5],[-154.75,3.25],[-155.75,3.25]]]},"properties":{"id":272,"lon":-157.0,"lat":-1.0,"e5":0.68,"e10":0.78,"e15":0.80,"rh":9.7,"rc":25.1,"sst":26.5,"om":3.75,"bf":false}},{"type":"Feature","geometry":{"type":"Polygon","coordinates":[[[-101.75,-3.0],[-101.75,-3.25],[-103.0,-3.25],[-103.0,-3.5],[-104.0,-3.5],[-104.0,-3.75],[-105.25,-3.75],[-105.25,-4.25],[-106.25,-4.25],[-106.25,-4.5],[-107.5,-4.5],[-107.5,-4.75],[-108.5,-4.75],[-108.5,-10.0],[-100.75,-10.0],[-100.75,-3.0],[-101.75,-3.0]]]},"properties":{"id":273,"lon":-104.62,"lat":-7.37,"e5":0.67,"e10":0.75,"e15":0.79,"rh":10.2,"rc":26.4,"sst":24.7,"om":3.46,"bf":false}},{"type":"Feature","geometry":{"type":"Polygon","coordinates":[[[-127.75,5.25],[-127.75,4.75],[-128.75,4.75],[-128.75,3.75],[-130.0,3.75],[-130.0,2.5],[-131.0,2.5],[-131.0,-2.25],[-130.0,-2.25],[-130.0,-2.75],[-128.75,-2.75],[-128.75,-3.25],[-127.75,-3.25],[-127.75,-4.0],[-125.5,-4.0],[-125.5,-3.25],[-124.25,-3.25],[-124.25,-2.5],[-123.25,-2.5],[-123.25,2.25],[-122.0,2.25],[-122.0,2.5],[-123.25,2.5],[-123.25,3.75],[-124.25,3.75],[-124.25,5.0],[-126.5,5.0],[-126.5,5.25],[-127.75,5.25]]]},"properties":{"id":274,"lon":-127.12,"lat":0.0,"e5":0.71,"e10":0.78,"e15":0.80,"rh":9.9,"rc":25.7,"sst":25.6,"om":3.59,"bf":false}},{"type":"Feature","geometry":{"type":"Polygon","coordinates":[[[152.5,21.75],[152.5,21.25],[151.25,21.25],[151.25,19.0],[150.25,19.0],[150.25,17.0],[149.0,17.0],[149.0,15.0],[150.25,15.0],[150.25,13.5],[151.25,13.5],[151.25,12.25],[154.75,12.25],[154.75,12.0],[155.75,12.0],[155.75,12.75],[157.0,12.75],[157.0,13.5],[158.0,13.5],[158.0,20.75],[157.0,20.75],[157.0,21.25],[153.5,21.25],[153.5,21.75],[152.5,21.75]]]},"properties":{"id":275,"lon":153.5,"lat":16.0,"e5":0.65,"e10":0.74,"e15":0.77,"rh":8.9,"rc":23.2,"sst":28.4,"om":4.17,"bf":false}},{"type":"Feature","geometry":{"type":"Polygon","coordinates":[[[-143.0,32.5],[-143.0,31.25],[-143.75,31.25],[-143.75,31.5],[-144.25,31.5],[-144.25,29.25],[-145.5,29.25],[-145.5,27.0],[-146.5,27.0],[-146.5,26.75],[-146.75,26.75],[-146.75,26.5],[-145.5,26.5],[-145.5,25.5],[-144.5,25.5],[-144.5,23.75],[-143.25,23.75],[-143.25,22.75],[-142.25,22.75],[-142.25,22.25],[-138.75,22.25],[-138.75,23.25],[-137.75,23.25],[-137.75,25.25],[-136.5,25.25],[-136.5,26.75],[-135.25,26.75],[-135.25,30.0],[-136.25,30.0],[-136.25,31.75],[-137.5,31.75],[-137.5,32.25],[-141.0,32.25],[-141.0,32.5],[-143.0,32.5]]]},"properties":{"id":276,"lon":-140.37,"lat":28.12,"e5":0.44,"e10":0.58,"e15":0.68,"rh":10.3,"rc":26.9,"sst":21.2,"om":3.41,"bf":false}},{"type":"Feature","geometry":{"type":"MultiPolygon","coordinates":[[[[180.0,-0.75],[180.0,-2.75],[179.5,-2.75],[179.5,-0.75],[180.0,-0.75]]],[[[-176.0,3.5],[-176.0,3.0],[-175.0,3.0],[-175.0,1.75],[-173.75,1.75],[-173.75,0.75],[-172.75,0.75],[-172.75,-0.25],[-171.5,-0.25],[-171.5,-2.5],[-172.75,-2.5],[-172.75,-3.5],[-173.75,-3.5],[-173.75,-4.75],[-176.0,-4.75],[-176.0,-4.25],[-177.25,-4.25],[-177.25,-3.75],[-178.25,-3.75],[-178.25,-3.25],[-179.5,-3.25],[-179.5,-2.75],[-180.0,-2.75],[-180.0,-0.75],[-179.5,-0.75],[-179.5,2.75],[-178.25,2.75],[-178.25,3.0],[-177.25,3.0],[-177.25,3.5],[-176.0,3.5]]]]},"properties":{"id":277,"lon":-175.5,"lat":-0.5,"e5":0.66,"e10":0.77,"e15":0.79,"rh":9.4,"rc":24.5,"sst":27.5,"om":3.9,"bf":false}},{"type":"Feature","geometry":{"type":"Polygon","coordinates":[[[141.25,8.75],[141.25,8.5],[138.75,8.5],[138.75,8.25],[137.75,8.25],[137.75,4.5],[136.5,4.5],[136.5,1.75],[136.75,1.75],[136.75,1.5],[137.75,1.5],[137.75,1.25],[140.0,1.25],[140.0,1.0],[141.25,1.0],[141.25,0.75],[142.25,0.75],[142.25,0.25],[143.5,0.25],[143.5,1.5],[144.5,1.5],[144.5,5.25],[145.75,5.25],[145.75,7.0],[144.5,7.0],[144.5,8.25],[143.5,8.25],[143.5,8.75],[141.25,8.75]]]},"properties":{"id":278,"lon":141.12,"lat":4.87,"e5":0.66,"e10":0.76,"e15":0.78,"rh":8.7,"rc":22.7,"sst":29.8,"om":4.24,"bf":false}},{"type":"Feature","geometry":{"type":"Polygon","coordinates":[[[-174.0,43.75],[-174.0,43.0],[-175.25,43.0],[-175.25,41.25],[-176.5,41.25],[-176.5,40.0],[-175.5,40.0],[-175.5,36.5],[-174.5,36.5],[-174.5,33.5],[-174.75,33.5],[-174.75,33.0],[-173.0,33.0],[-173.0,32.75],[-172.5,32.75],[-172.5,33.0],[-172.25,33.0],[-172.25,33.5],[-170.0,33.5],[-170.0,34.0],[-167.75,34.0],[-167.75,36.25],[-166.5,36.25],[-166.5,39.0],[-166.25,39.0],[-166.25,39.75],[-165.25,39.75],[-165.25,40.5],[-165.0,40.5],[-165.0,40.75],[-166.0,40.75],[-166.0,41.0],[-166.25,41.0],[-166.25,42.0],[-167.25,42.0],[-167.25,43.25],[-168.5,43.25],[-168.5,43.5],[-173.75,43.5],[-173.75,43.75],[-174.0,43.75]]]},"properties":{"id":279,"lon":-171.0,"lat":37.75,"e5":0.67,"e10":0.70,"e15":0.73,"rh":11.4,"rc":29.7,"sst":15.7,"om":2.76,"bf":false}},{"type":"Feature","geometry":{"type":"Polygon","coordinates":[[[157.0,6.0],[157.0,5.5],[155.75,5.5],[155.75,5.0],[154.75,5.0],[154.75,4.5],[153.5,4.5],[153.5,4.25],[152.5,4.25],[152.5,1.0],[151.25,1.0],[151.25,-1.25],[153.5,-1.25],[153.5,-1.5],[154.75,-1.5],[154.75,-1.75],[155.75,-1.75],[155.75,-3.0],[157.0,-3.0],[157.0,-2.5],[158.0,-2.5],[158.0,-1.75],[159.25,-1.75],[159.25,5.5],[158.0,5.5],[158.0,6.0],[157.0,6.0]]]},"properties":{"id":280,"lon":155.87,"lat":2.62,"e5":0.66,"e10":0.76,"e15":0.79,"rh":8.8,"rc":23.0,"sst":29.3,"om":4.2,"bf":false}},{"type":"Feature","geometry":{"type":"Polygon","coordinates":[[[-152.5,17.0],[-152.5,16.25],[-153.5,16.25],[-153.5,16.0],[-157.0,16.0],[-157.0,9.75],[-155.75,9.75],[-155.75,8.5],[-154.75,8.5],[-154.75,7.75],[-153.5,7.75],[-153.5,7.5],[-152.5,7.5],[-152.5,7.75],[-151.25,7.75],[-151.25,8.0],[-150.25,8.0],[-150.25,11.5],[-149.0,11.5],[-149.0,16.25],[-150.25,16.25],[-150.25,17.0],[-152.5,17.0]]]},"properties":{"id":281,"lon":-153.0,"lat":13.75,"e5":0.67,"e10":0.76,"e15":0.79,"rh":9.6,"rc":24.9,"sst":25.7,"om":3.78,"bf":false}},{"type":"Feature","geometry":{"type":"Polygon","coordinates":[[[134.25,23.25],[134.25,20.75],[133.25,20.75],[133.25,18.5],[134.25,18.5],[134.25,17.0],[135.5,17.0],[135.5,16.0],[136.5,16.0],[136.5,15.25],[137.75,15.25],[137.75,15.5],[138.75,15.5],[138.75,16.0],[140.0,16.0],[140.0,16.25],[141.25,16.25],[141.25,16.75],[142.25,16.75],[142.25,22.75],[138.75,22.75],[138.75,23.25],[134.25,23.25]]]},"properties":{"id":282,"lon":137.75,"lat":19.62,"e5":0.66,"e10":0.73,"e15":0.76,"rh":9.0,"rc":23.3,"sst":28.3,"om":4.13,"bf":false}},{"type":"Feature","geometry":{"type":"MultiPolygon","coordinates":[[[[180.0,22.0],[180.0,11.5],[179.5,11.5],[179.5,11.25],[178.25,11.25],[178.25,11.5],[177.25,11.5],[177.25,12.25],[176.0,12.25],[176.0,13.0],[175.0,13.0],[175.0,18.5],[176.0,18.5],[176.0,19.25],[177.25,19.25],[177.25,20.0],[178.25,20.0],[178.25,21.0],[179.5,21.0],[179.5,22.0],[180.0,22.0]]],[[[-179.5,22.0],[-179.5,21.0],[-178.25,21.0],[-178.25,19.25],[-177.25,19.25],[-177.25,17.5],[-176.0,17.5],[-176.0,14.75],[-177.25,14.75],[-177.25,13.0],[-178.25,13.0],[-178.25,11.75],[-179.5,11.75],[-179.5,11.5],[-180.0,11.5],[-180.0,22.0],[-179.5,22.0]]]]},"properties":{"id":283,"lon":177.5,"lat":15.75,"e5":0.63,"e10":0.74,"e15":0.77,"rh":9.3,"rc":24.1,"sst":26.9,"om":3.99,"bf":false}},{"type":"Feature","geometry":{"type":"Polygon","coordinates":[[[149.25,41.5],[149.25,41.0],[148.0,41.0],[148.0,40.25],[146.75,40.25],[146.75,37.25],[145.75,37.25],[145.75,36.0],[146.75,36.0],[146.75,35.25],[148.0,35.25],[148.0,34.25],[149.0,34.25],[149.0,33.5],[150.25,33.5],[150.25,32.25],[151.25,32.25],[151.25,31.75],[152.5,31.75],[152.5,31.0],[153.5,31.0],[153.5,31.75],[155.75,31.75],[155.75,32.25],[157.0,32.25],[157.0,37.75],[158.25,37.75],[158.25,39.5],[157.25,39.5],[157.25,40.75],[153.25,40.75],[153.25,41.0],[152.5,41.0],[152.5,41.5],[149.25,41.5]]]},"properties":{"id":284,"lon":151.37,"lat":36.62,"e5":0.61,"e10":0.66,"e15":0.70,"rh":10.6,"rc":27.7,"sst":18.8,"om":3.21,"bf":false}},{"type":"Feature","geometry":{"type":"Polygon","coordinates":[[[-122.0,9.75],[-122.0,8.25],[-123.25,8.25],[-123.25,6.5],[-124.25,6.5],[-124.25,3.75],[-123.25,3.75],[-123.25,2.5],[-118.75,2.5],[-118.75,2.75],[-116.5,2.75],[-116.5,4.25],[-115.25,4.25],[-115.25,7.75],[-116.5,7.75],[-116.5,9.25],[-118.75,9.25],[-118.75,9.5],[-121.0,9.5],[-121.0,9.75],[-122.0,9.75]]]},"properties":{"id":285,"lon":-119.75,"lat":5.37,"e5":0.73,"e10":0.78,"e15":0.80,"rh":9.7,"rc":25.2,"sst":26.5,"om":3.67,"bf":false}},{"type":"Feature","geometry":{"type":"Polygon","coordinates":[[[169.25,5.75],[169.25,5.0],[168.25,5.0],[168.25,4.75],[167.0,4.75],[167.0,4.25],[166.0,4.25],[166.0,-1.75],[167.0,-1.75],[167.0,-2.5],[168.25,-2.5],[168.25,-3.0],[169.25,-3.0],[169.25,-3.25],[170.5,-3.25],[170.5,-3.0],[171.5,-3.0],[171.5,-2.25],[172.75,-2.25],[172.75,4.5],[171.5,4.5],[171.5,5.5],[170.5,5.5],[170.5,5.75],[169.25,5.75]]]},"properties":{"id":286,"lon":169.37,"lat":1.25,"e5":0.66,"e10":0.77,"e15":0.79,"rh":9.1,"rc":23.8,"sst":28.3,"om":4.04,"bf":false}},{"type":"Feature","geometry":{"type":"Polygon","coordinates":[[[-86.0,-2.25],[-86.0,-3.75],[-87.25,-3.75],[-87.25,-4.0],[-88.25,-4.0],[-88.25,-4.25],[-91.75,-4.25],[-91.75,-4.0],[-92.75,-4.0],[-92.75,-10.0],[-82.75,-10.0],[-82.75,-9.0],[-83.75,-9.0],[-83.75,-8.5],[-85.0,-8.5],[-85.0,-2.25],[-86.0,-2.25]]]},"properties":{"id":287,"lon":-88.87,"lat":-6.37,"e5":0.71,"e10":0.76,"e15":0.78,"rh":10.6,"rc":27.6,"sst":23.5,"om":3.2,"bf":false}},{"type":"Feature","geometry":{"type":"Polygon","coordinates":[[[-137.75,4.25],[-137.75,3.75],[-139.0,3.75],[-139.0,0.5],[-140.0,0.5],[-140.0,-1.75],[-139.0,-1.75],[-139.0,-2.75],[-137.75,-2.75],[-137.75,-3.5],[-136.75,-3.5],[-136.75,-4.25],[-135.5,-4.25],[-135.5,-4.5],[-134.5,-4.5],[-134.5,-3.75],[-133.25,-3.75],[-133.25,-3.0],[-132.25,-3.0],[-132.25,-2.25],[-131.0,-2.25],[-131.0,1.75],[-132.25,1.75],[-132.25,2.5],[-133.25,2.5],[-133.25,3.0],[-134.5,3.0],[-134.5,3.5],[-135.5,3.5],[-135.5,4.25],[-137.75,4.25]]]},"properties":{"id":288,"lon":-135.5,"lat":-0.62,"e5":0.70,"e10":0.78,"e15":0.80,"rh":9.9,"rc":25.7,"sst":25.7,"om":3.62,"bf":false}},{"type":"Feature","geometry":{"type":"Polygon","coordinates":[[[-149.0,26.5],[-149.0,26.0],[-151.25,26.0],[-151.25,25.0],[-152.25,25.0],[-152.25,23.5],[-153.5,23.5],[-153.5,22.5],[-152.25,22.5],[-152.25,22.0],[-151.25,22.0],[-151.25,20.75],[-150.25,20.75],[-150.25,18.5],[-151.25,18.5],[-151.25,17.0],[-150.25,17.0],[-150.25,16.25],[-149.0,16.25],[-149.0,15.5],[-148.0,15.5],[-148.0,16.0],[-145.75,16.0],[-145.75,17.25],[-144.5,17.25],[-144.5,19.25],[-143.5,19.25],[-143.5,21.5],[-142.25,21.5],[-142.25,22.75],[-143.25,22.75],[-143.25,23.75],[-144.5,23.75],[-144.5,25.5],[-145.5,25.5],[-145.5,26.5],[-149.0,26.5]]]},"properties":{"id":289,"lon":-147.37,"lat":21.12,"e5":0.54,"e10":0.68,"e15":0.74,"rh":9.9,"rc":25.7,"sst":23.4,"om":3.65,"bf":false}},{"type":"Feature","geometry":{"type":"Polygon","coordinates":[[[-135.5,18.25],[-135.5,17.5],[-136.75,17.5],[-136.75,14.75],[-137.75,14.75],[-137.75,12.0],[-136.75,12.0],[-136.75,11.0],[-135.5,11.0],[-135.5,9.75],[-134.5,9.75],[-134.5,10.0],[-132.25,10.0],[-132.25,10.25],[-131.0,10.25],[-131.0,10.5],[-130.0,10.5],[-130.0,12.25],[-128.75,12.25],[-128.75,15.0],[-130.0,15.0],[-130.0,17.25],[-131.0,17.25],[-131.0,18.25],[-135.5,18.25]]]},"properties":{"id":290,"lon":-133.25,"lat":13.5,"e5":0.68,"e10":0.75,"e15":0.78,"rh":9.8,"rc":25.5,"sst":25.1,"om":3.63,"bf":false}},{"type":"Feature","geometry":{"type":"MultiPolygon","coordinates":[[[[-177.75,41.5],[-177.75,41.25],[-176.5,41.25],[-176.5,40.0],[-175.5,40.0],[-175.5,36.5],[-174.5,36.5],[-174.5,33.5],[-174.75,33.5],[-174.75,33.0],[-175.75,33.0],[-175.75,32.25],[-176.5,32.25],[-176.5,32.5],[-179.25,32.5],[-179.25,31.75],[-180.0,31.75],[-180.0,41.5],[-177.75,41.5]]],[[[180.0,41.5],[180.0,31.75],[179.75,31.75],[179.75,32.0],[177.5,32.0],[177.5,33.0],[176.75,33.0],[176.75,33.25],[176.25,33.25],[176.25,35.0],[175.25,35.0],[175.25,38.75],[175.5,38.75],[175.5,39.25],[176.5,39.25],[176.5,40.75],[176.75,40.75],[176.75,41.5],[180.0,41.5]]]]},"properties":{"id":291,"lon":177.62,"lat":36.87,"e5":0.64,"e10":0.68,"e15":0.72,"rh":11.0,"rc":28.7,"sst":17.6,"om":2.99,"bf":false}},{"type":"Feature","geometry":{"type":"Polygon","coordinates":[[[-113.0,20.0],[-113.0,19.75],[-114.25,19.75],[-114.25,18.0],[-115.25,18.0],[-115.25,13.75],[-114.25,13.75],[-114.25,12.25],[-113.0,12.25],[-113.0,12.0],[-110.75,12.0],[-110.75,11.75],[-108.5,11.75],[-108.5,11.5],[-107.5,11.5],[-107.5,12.75],[-106.25,12.75],[-106.25,15.0],[-105.25,15.0],[-105.25,15.5],[-106.25,15.5],[-106.25,16.0],[-107.5,16.0],[-107.5,17.0],[-108.5,17.0],[-108.5,18.5],[-109.75,18.5],[-109.75,19.75],[-112.0,19.75],[-112.0,20.0],[-113.0,20.0]]]},"properties":{"id":292,"lon":-110.75,"lat":15.75,"e5":0.73,"e10":0.78,"e15":0.79,"rh":9.7,"rc":25.2,"sst":26.5,"om":3.66,"bf":false}},{"type":"Feature","geometry":{"type":"Polygon","coordinates":[[[-166.0,11.75],[-166.0,11.5],[-167.0,11.5],[-167.0,11.0],[-168.25,11.0],[-168.25,10.75],[-169.25,10.75],[-169.25,9.75],[-170.5,9.75],[-170.5,7.0],[-169.25,7.0],[-169.25,5.5],[-168.25,5.5],[-168.25,3.75],[-163.75,3.75],[-163.75,4.0],[-162.5,4.0],[-162.5,8.25],[-161.5,8.25],[-161.5,9.25],[-162.5,9.25],[-162.5,10.25],[-163.75,10.25],[-163.75,11.5],[-164.75,11.5],[-164.75,11.75],[-166.0,11.75]]]},"properties":{"id":293,"lon":-166.5,"lat":7.62,"e5":0.69,"e10":0.77,"e15":0.79,"rh":9.4,"rc":24.4,"sst":27.1,"om":3.9,"bf":false}},{"type":"Feature","geometry":{"type":"Polygon","coordinates":[[[159.25,22.5],[159.25,21.5],[158.5,21.5],[158.5,21.75],[158.0,21.75],[158.0,14.5],[159.25,14.5],[159.25,14.25],[160.25,14.25],[160.25,14.0],[161.5,14.0],[161.5,13.5],[162.5,13.5],[162.5,13.0],[164.75,13.0],[164.75,13.5],[166.0,13.5],[166.0,17.25],[167.0,17.25],[167.0,20.75],[166.0,20.75],[166.0,21.0],[164.75,21.0],[164.75,21.5],[162.5,21.5],[162.5,22.0],[161.5,22.0],[161.5,22.5],[159.25,22.5]]]},"properties":{"id":294,"lon":162.5,"lat":19.0,"e5":0.63,"e10":0.74,"e15":0.77,"rh":9.0,"rc":23.5,"sst":27.9,"om":4.13,"bf":false}},{"type":"Feature","geometry":{"type":"Polygon","coordinates":[[[-165.0,51.5],[-165.0,50.25],[-165.25,50.25],[-165.25,48.75],[-165.5,48.75],[-165.5,47.0],[-165.75,47.0],[-165.75,46.75],[-166.75,46.75],[-166.75,46.0],[-167.0,46.0],[-167.0,43.75],[-167.25,43.75],[-167.25,42.0],[-166.25,42.0],[-166.25,41.0],[-166.0,41.0],[-166.0,40.75],[-165.0,40.75],[-165.0,40.5],[-165.25,40.5],[-165.25,40.25],[-162.5,40.25],[-162.5,40.0],[-159.5,40.0],[-159.5,41.25],[-159.25,41.25],[-159.25,41.75],[-158.25,41.75],[-158.25,42.5],[-158.0,42.5],[-158.0,43.5],[-157.5,43.5],[-157.5,43.25],[-157.0,43.25],[-157.0,43.5],[-156.75,43.5],[-156.75,45.0],[-157.5,45.0],[-157.5,45.25],[-157.75,45.25],[-157.75,46.5],[-157.5,46.5],[-157.5,47.0],[-158.75,47.0],[-158.75,47.5],[-158.5,47.5],[-158.5,48.75],[-159.5,48.75],[-159.5,50.0],[-159.25,50.0],[-159.25,50.5],[-160.0,50.5],[-160.0,50.75],[-160.5,50.75],[-160.5,51.0],[-160.25,51.0],[-160.25,51.25],[-162.0,51.25],[-162.0,51.5],[-165.0,51.5]]]},"properties":{"id":295,"lon":-162.37,"lat":45.62,"e5":0.76,"e10":0.78,"e15":0.79,"rh":12.4,"rc":32.4,"sst":10.0,"om":2.17,"bf":false}},{"type":"Feature","geometry":{"type":"Polygon","coordinates":[[[-144.5,6.75],[-144.5,6.25],[-145.75,6.25],[-145.75,6.0],[-146.75,6.0],[-146.75,0.25],[-148.0,0.25],[-148.0,-0.5],[-146.75,-0.5],[-146.75,-1.0],[-145.75,-1.0],[-145.75,-1.5],[-144.5,-1.5],[-144.5,-2.25],[-143.5,-2.25],[-143.5,-2.75],[-142.25,-2.75],[-142.25,-2.5],[-141.25,-2.5],[-141.25,-1.75],[-140.0,-1.75],[-140.0,0.5],[-139.0,0.5],[-139.0,4.0],[-140.0,4.0],[-140.0,4.75],[-141.25,4.75],[-141.25,5.25],[-142.25,5.25],[-142.25,6.25],[-143.5,6.25],[-143.5,6.75],[-144.5,6.75]]]},"properties":{"id":296,"lon":-142.87,"lat":2.25,"e5":0.71,"e10":0.78,"e15":0.80,"rh":9.8,"rc":25.4,"sst":26.0,"om":3.68,"bf":false}},{"type":"Feature","geometry":{"type":"Polygon","coordinates":[[[-132.25,-2.25],[-132.25,-3.0],[-133.25,-3.0],[-133.25,-3.75],[-134.5,-3.75],[-134.5,-4.5],[-135.5,-4.5],[-135.5,-10.0],[-126.5,-10.0],[-126.5,-4.0],[-127.75,-4.0],[-127.75,-3.25],[-128.75,-3.25],[-128.75,-2.75],[-130.0,-2.75],[-130.0,-2.25],[-132.25,-2.25]]]},"properties":{"id":297,"lon":-131.0,"lat":-7.25,"e5":0.65,"e10":0.76,"e15":0.79,"rh":9.7,"rc":25.1,"sst":26.3,"om":3.76,"bf":false}},{"type":"Feature","geometry":{"type":"MultiPolygon","coordinates":[[[[179.0,59.0],[179.0,58.75],[180.0,58.75],[180.0,50.75],[179.75,50.75],[179.75,50.0],[178.5,50.0],[178.5,49.5],[177.25,49.5],[177.25,49.0],[176.0,49.0],[176.0,48.5],[175.0,48.5],[175.0,49.75],[173.75,49.75],[173.75,50.0],[174.0,50.0],[174.0,51.5],[173.25,51.5],[173.25,51.75],[173.0,51.75],[173.0,53.5],[172.0,53.5],[172.0,54.75],[171.0,54.75],[171.0,56.25],[171.25,56.25],[171.25,56.75],[173.75,56.75],[173.75,57.25],[175.0,57.25],[175.0,57.75],[176.25,57.75],[176.25,58.5],[176.75,58.5],[176.75,58.25],[177.5,58.25],[177.5,58.75],[177.75,58.75],[177.75,59.0],[179.0,59.0]]],[[[-179.0,58.25],[-179.0,57.25],[-179.25,57.25],[-179.25,56.0],[-179.5,56.0],[-179.5,55.75],[-179.25,55.75],[-179.25,55.5],[-178.25,55.5],[-178.25,55.0],[-178.5,55.0],[-178.5,53.5],[-178.75,53.5],[-178.75,52.5],[-177.75,52.5],[-177.75,51.25],[-179.0,51.25],[-179.0,50.75],[-180.0,50.75],[-180.0,58.25],[-179.0,58.25]]]]},"properties":{"id":298,"lon":176.0,"lat":54.12,"e5":0.80,"e10":0.82,"e15":0.83,"rh":13.1,"rc":33.9,"sst":5.4,"om":1.86,"bf":false}},{"type":"Feature","geometry":{"type":"Polygon","coordinates":[[[-119.5,26.75],[-119.5,26.25],[-119.75,26.25],[-119.75,25.25],[-120.75,25.25],[-120.75,24.25],[-122.0,24.25],[-122.0,23.5],[-123.0,23.5],[-123.0,21.25],[-123.25,21.25],[-123.25,19.75],[-122.0,19.75],[-122.0,17.0],[-115.25,17.0],[-115.25,18.0],[-114.25,18.0],[-114.25,19.75],[-113.0,19.75],[-113.0,21.0],[-114.25,21.0],[-114.25,21.5],[-114.0,21.5],[-114.0,21.75],[-115.25,21.75],[-115.25,23.25],[-116.25,23.25],[-116.25,24.25],[-117.5,24.25],[-117.5,25.75],[-118.5,25.75],[-118.5,26.75],[-119.5,26.75]]]},"properties":{"id":299,"lon":-119.12,"lat":22.5,"e5":0.65,"e10":0.74,"e15":0.78,"rh":10.4,"rc":27.0,"sst":22.2,"om":3.33,"bf":false}},{"type":"Feature","geometry":{"type":"Polygon","coordinates":[[[-173.75,26.0],[-173.75,25.5],[-174.75,25.5],[-174.75,24.5],[-176.0,24.5],[-176.0,24.0],[-177.25,24.0],[-177.25,23.0],[-178.25,23.0],[-178.25,22.0],[-179.5,22.0],[-179.5,21.0],[-178.25,21.0],[-178.25,19.25],[-177.25,19.25],[-177.25,17.5],[-176.0,17.5],[-176.0,16.25],[-175.25,16.25],[-175.25,16.0],[-171.5,16.0],[-171.5,17.25],[-170.5,17.25],[-170.5,18.25],[-169.25,18.25],[-169.25,19.5],[-168.25,19.5],[-168.25,23.25],[-169.25,23.25],[-169.25,24.25],[-170.25,24.25],[-170.25,24.75],[-171.5,24.75],[-171.5,25.5],[-172.5,25.5],[-172.5,26.0],[-173.75,26.0]]]},"properties":{"id":300,"lon":-173.87,"lat":21.5,"e5":0.59,"e10":0.71,"e15":0.76,"rh":9.3,"rc":24.3,"sst":26.0,"om":3.97,"bf":false}},{"type":"Feature","geometry":{"type":"Polygon","coordinates":[[[172.25,46.0],[172.25,45.5],[170.0,45.5],[170.0,44.75],[169.75,44.75],[169.75,45.0],[167.75,45.0],[167.75,43.75],[167.5,43.75],[167.5,43.0],[166.5,43.0],[166.5,41.75],[166.25,41.75],[166.25,37.5],[167.25,37.5],[167.25,36.25],[174.25,36.25],[174.25,36.75],[175.25,36.75],[175.25,38.75],[175.5,38.75],[175.5,39.25],[176.5,39.25],[176.5,40.75],[176.75,40.75],[176.75,42.75],[175.5,42.75],[175.5,43.25],[175.75,43.25],[175.75,44.75],[174.5,44.75],[174.5,45.25],[174.75,45.25],[174.75,46.0],[172.25,46.0]]]},"properties":{"id":301,"lon":171.5,"lat":41.25,"e5":0.70,"e10":0.73,"e15":0.75,"rh":11.7,"rc":30.4,"sst":13.4,"om":2.61,"bf":false}},{"type":"Feature","geometry":{"type":"Polygon","coordinates":[[[155.75,32.25],[155.75,31.75],[153.5,31.75],[153.5,31.0],[152.5,31.0],[152.5,29.25],[151.25,29.25],[151.25,27.0],[150.25,27.0],[150.25,23.75],[151.25,23.75],[151.25,22.25],[152.5,22.25],[152.5,21.75],[153.5,21.75],[153.5,21.25],[157.0,21.25],[157.0,20.75],[158.0,20.75],[158.0,21.75],[158.5,21.75],[158.5,21.5],[159.25,21.5],[159.25,22.5],[160.25,22.5],[160.25,29.75],[159.25,29.75],[159.25,30.5],[158.0,30.5],[158.0,31.0],[158.25,31.0],[158.25,31.75],[157.0,31.75],[157.0,32.25],[155.75,32.25]]]},"properties":{"id":302,"lon":155.25,"lat":25.37,"e5":0.57,"e10":0.70,"e15":0.74,"rh":9.4,"rc":24.5,"sst":26.0,"om":3.89,"bf":false}},{"type":"Feature","geometry":{"type":"Polygon","coordinates":[[[-115.25,5.5],[-115.25,4.25],[-116.5,4.25],[-116.5,0.25],[-115.25,0.25],[-115.25,-2.25],[-114.25,-2.25],[-114.25,-2.5],[-110.75,-2.5],[-110.75,-1.5],[-109.75,-1.5],[-109.75,0.75],[-108.5,0.75],[-108.5,4.75],[-110.75,4.75],[-110.75,5.0],[-113.0,5.0],[-113.0,5.25],[-114.25,5.25],[-114.25,5.5],[-115.25,5.5]]]},"properties":{"id":303,"lon":-112.5,"lat":2.5,"e5":0.72,"e10":0.79,"e15":0.81,"rh":10.0,"rc":25.9,"sst":25.4,"om":3.55,"bf":false}},{"type":"Feature","geometry":{"type":"Polygon","coordinates":[[[-162.5,-2.75],[-162.5,-3.25],[-163.75,-3.25],[-163.75,-4.0],[-164.75,-4.0],[-164.75,-4.5],[-166.0,-4.5],[-166.0,-10.0],[-157.0,-10.0],[-157.0,-5.0],[-158.0,-5.0],[-158.0,-4.25],[-159.25,-4.25],[-159.25,-3.5],[-160.25,-3.5],[-160.25,-2.75],[-162.5,-2.75]]]},"properties":{"id":304,"lon":-161.5,"lat":-7.5,"e5":0.63,"e10":0.76,"e15":0.79,"rh":9.2,"rc":23.9,"sst":27.9,"om":4.04,"bf":false}},{"type":"Feature","geometry":{"type":"Polygon","coordinates":[[[-175.75,61.0],[-175.75,60.5],[-177.0,60.5],[-177.0,60.25],[-177.25,60.25],[-177.25,60.0],[-178.5,60.0],[-178.5,59.25],[-179.0,59.25],[-179.0,59.5],[-179.75,59.5],[-179.75,59.25],[-180.0,59.25],[-180.0,58.25],[-179.0,58.25],[-179.0,57.25],[-179.25,57.25],[-179.25,56.0],[-179.5,56.0],[-179.5,55.75],[-179.25,55.75],[-179.25,55.5],[-178.25,55.5],[-178.25,55.0],[-178.5,55.0],[-178.5,53.5],[-178.75,53.5],[-178.75,52.5],[-177.75,52.5],[-177.75,51.25],[-177.0,51.25],[-177.0,51.0],[-176.75,51.0],[-176.75,50.5],[-174.5,50.5],[-174.5,50.75],[-174.25,50.75],[-174.25,51.5],[-173.0,51.5],[-173.0,52.0],[-171.75,52.0],[-171.75,52.75],[-171.25,52.75],[-171.25,52.5],[-170.5,52.5],[-170.5,53.25],[-169.5,53.25],[-169.5,53.0],[-169.25,53.0],[-169.25,54.0],[-169.0,54.0],[-169.0,55.0],[-168.75,55.0],[-168.75,55.5],[-170.0,55.5],[-170.0,56.0],[-169.75,56.0],[-169.75,56.25],[-168.5,56.25],[-168.5,57.5],[-169.5,57.5],[-169.5,57.75],[-169.25,57.75],[-169.25,58.0],[-170.25,58.0],[-170.25,58.25],[-170.5,58.25],[-170.5,58.5],[-170.25,58.5],[-170.25,58.75],[-171.5,58.75],[-171.5,59.25],[-171.25,59.25],[-171.25,59.5],[-172.5,59.5],[-172.5,60.0],[-172.25,60.0],[-172.25,60.75],[-173.5,60.75],[-173.5,61.0],[-175.75,61.0]]]},"properties":{"id":305,"lon":-174.75,"lat":55.87,"e5":0.81,"e10":0.83,"e15":0.84,"rh":13.2,"rc":34.2,"sst":4.8,"om":1.79,"bf":false}},{"type":"Feature","geometry":{"type":"Polygon","coordinates":[[[-149.5,37.75],[-149.5,36.75],[-150.75,36.75],[-150.75,35.5],[-152.0,35.5],[-152.0,34.5],[-153.0,34.5],[-153.0,33.5],[-154.25,33.5],[-154.25,31.75],[-153.25,31.75],[-153.25,30.0],[-152.25,30.0],[-152.25,27.75],[-151.0,27.75],[-151.0,27.0],[-151.25,27.0],[-151.25,26.0],[-149.0,26.0],[-149.0,26.5],[-146.75,26.5],[-146.75,26.75],[-146.5,26.75],[-146.5,27.0],[-145.5,27.0],[-145.5,29.25],[-144.25,29.25],[-144.25,31.5],[-143.75,31.5],[-143.75,31.25],[-143.0,31.25],[-143.0,32.5],[-144.25,32.5],[-144.25,32.75],[-144.0,32.75],[-144.0,34.25],[-145.25,34.25],[-145.25,35.0],[-145.0,35.0],[-145.0,36.0],[-146.25,36.0],[-146.25,36.75],[-146.0,36.75],[-146.0,37.0],[-147.75,37.0],[-147.75,37.25],[-148.25,37.25],[-148.25,37.75],[-149.5,37.75]]]},"properties":{"id":306,"lon":-148.62,"lat":32.12,"e5":0.49,"e10":0.58,"e15":0.67,"rh":10.5,"rc":27.3,"sst":20.7,"om":3.31,"bf":false}},{"type":"Feature","geometry":{"type":"Polygon","coordinates":[[[-89.5,7.75],[-89.5,6.5],[-90.5,6.5],[-90.5,4.25],[-91.75,4.25],[-91.75,2.75],[-88.25,2.75],[-88.25,2.5],[-87.25,2.5],[-87.25,2.25],[-86.0,2.25],[-86.0,-2.25],[-85.0,-2.25],[-85.0,-1.5],[-83.75,-1.5],[-83.75,3.25],[-82.75,3.25],[-82.75,3.75],[-81.5,3.75],[-81.5,4.75],[-82.75,4.75],[-82.75,5.0],[-83.75,5.0],[-83.75,5.25],[-85.0,5.25],[-85.0,5.75],[-86.0,5.75],[-86.0,6.0],[-87.25,6.0],[-87.25,7.25],[-88.25,7.25],[-88.25,7.75],[-89.5,7.75]]]},"properties":{"id":307,"lon":-87.75,"lat":3.0,"e5":0.78,"e10":0.81,"e15":0.82,"rh":10.1,"rc":26.1,"sst":25.9,"om":3.44,"bf":false}},{"type":"Feature","geometry":{"type":"MultiPolygon","coordinates":[[[[-179.5,-2.75],[-179.5,-3.25],[-178.25,-3.25],[-178.25,-3.75],[-177.25,-3.75],[-177.25,-4.25],[-176.0,-4.25],[-176.0,-4.75],[-175.0,-4.75],[-175.0,-10.0],[-180.0,-10.0],[-180.0,-2.75],[-179.5,-2.75]]],[[[180.0,-2.75],[180.0,-10.0],[177.25,-10.0],[177.25,-3.5],[178.25,-3.5],[178.25,-3.0],[179.5,-3.0],[179.5,-2.75],[180.0,-2.75]]]]},"properties":{"id":308,"lon":-177.5,"lat":-7.37,"e5":0.64,"e10":0.76,"e15":0.79,"rh":9.0,"rc":23.3,"sst":28.6,"om":4.16,"bf":false}},{"type":"Feature","geometry":{"type":"Polygon","coordinates":[[[-115.25,-2.25],[-115.25,-3.25],[-116.5,-3.25],[-116.5,-4.5],[-117.5,-4.5],[-117.5,-10.0],[-108.5,-10.0],[-108.5,-4.5],[-109.75,-4.5],[-109.75,-3.0],[-110.75,-3.0],[-110.75,-2.5],[-114.25,-2.5],[-114.25,-2.25],[-115.25,-2.25]]]},"properties":{"id":309,"lon":-113.0,"lat":-7.25,"e5":0.66,"e10":0.76,"e15":0.79,"rh":10.0,"rc":25.9,"sst":25.2,"om":3.57,"bf":false}},{"type":"Feature","geometry":{"type":"Polygon","coordinates":[[[-170.0,34.0],[-170.0,33.5],[-172.25,33.5],[-172.25,33.0],[-172.5,33.0],[-172.5,32.75],[-173.0,32.75],[-173.0,33.0],[-174.75,33.0],[-174.75,31.75],[-173.5,31.75],[-173.5,29.5],[-173.75,29.5],[-173.75,26.0],[-172.5,26.0],[-172.5,25.5],[-171.5,25.5],[-171.5,24.75],[-170.25,24.75],[-170.25,24.25],[-169.25,24.25],[-169.25,23.75],[-168.0,23.75],[-168.0,24.25],[-167.0,24.25],[-167.0,25.25],[-165.75,25.25],[-165.75,26.5],[-165.0,26.5],[-165.0,26.25],[-164.75,26.25],[-164.75,27.0],[-163.5,27.0],[-163.5,28.0],[-162.25,28.0],[-162.25,29.0],[-162.5,29.0],[-162.5,29.25],[-163.5,29.25],[-163.5,30.25],[-164.5,30.25],[-164.5,31.5],[-165.75,31.5],[-165.75,32.0],[-165.5,32.0],[-165.5,32.75],[-166.75,32.75],[-166.75,33.75],[-167.25,33.75],[-167.25,34.0],[-170.0,34.0]]]},"properties":{"id":310,"lon":-168.0,"lat":28.5,"e5":0.57,"e10":0.66,"e15":0.72,"rh":9.9,"rc":25.8,"sst":23.2,"om":3.62,"bf":false}},{"type":"Feature","geometry":{"type":"Polygon","coordinates":[[[140.0,31.75],[140.0,31.0],[138.75,31.0],[138.75,30.5],[137.75,30.5],[137.75,30.0],[135.5,30.0],[135.5,29.25],[134.25,29.25],[134.25,28.75],[133.25,28.75],[133.25,25.75],[134.25,25.75],[134.25,23.25],[138.75,23.25],[138.75,22.75],[142.25,22.75],[142.25,23.75],[143.5,23.75],[143.5,28.0],[142.25,28.0],[142.25,31.0],[141.25,31.0],[141.25,31.75],[140.0,31.75]]]},"properties":{"id":311,"lon":138.37,"lat":26.87,"e5":0.60,"e10":0.69,"e15":0.73,"rh":9.6,"rc":24.9,"sst":25.1,"om":3.81,"bf":false}},{"type":"Feature","geometry":{"type":"Polygon","coordinates":[[[164.75,13.5],[164.75,13.0],[163.75,13.0],[163.75,8.5],[162.5,8.5],[162.5,6.0],[163.75,6.0],[163.75,5.5],[164.75,5.5],[164.75,4.5],[166.0,4.5],[166.0,4.25],[167.0,4.25],[167.0,4.75],[168.25,4.75],[168.25,5.0],[169.25,5.0],[169.25,5.75],[170.5,5.75],[170.5,11.5],[169.25,11.5],[169.25,12.0],[168.25,12.0],[168.25,12.75],[167.0,12.75],[167.0,13.25],[166.0,13.25],[166.0,13.5],[164.75,13.5]]]},"properties":{"id":312,"lon":167.12,"lat":10.0,"e5":0.67,"e10":0.76,"e15":0.79,"rh":9.0,"rc":23.5,"sst":28.2,"om":4.09,"bf":false}},{"type":"Feature","geometry":{"type":"Polygon","coordinates":[[[-152.5,-1.5],[-152.5,-1.75],[-153.5,-1.75],[-153.5,-2.75],[-154.75,-2.75],[-154.75,-3.5],[-155.75,-3.5],[-155.75,-4.25],[-157.0,-4.25],[-157.0,-10.0],[-149.0,-10.0],[-149.0,-8.75],[-150.25,-8.75],[-150.25,-1.75],[-151.25,-1.75],[-151.25,-1.5],[-152.5,-1.5]]]},"properties":{"id":313,"lon":-153.62,"lat":-6.5,"e5":0.64,"e10":0.77,"e15":0.79,"rh":9.3,"rc":24.3,"sst":27.4,"om":3.95,"bf":false}},{"type":"Feature","geometry":{"type":"Polygon","coordinates":[[[148.0,16.0],[148.0,15.5],[144.5,15.5],[144.5,13.25],[143.5,13.25],[143.5,8.25],[144.5,8.25],[144.5,7.0],[145.75,7.0],[145.75,6.5],[146.75,6.5],[146.75,6.75],[149.0,6.75],[149.0,8.5],[150.25,8.5],[150.25,10.75],[151.25,10.75],[151.25,13.5],[150.25,13.5],[150.25,15.0],[149.0,15.0],[149.0,16.0],[148.0,16.0]]]},"properties":{"id":314,"lon":147.37,"lat":12.0,"e5":0.67,"e10":0.75,"e15":0.77,"rh":8.9,"rc":23.0,"sst":29.0,"om":4.19,"bf":false}},{"type":"Feature","geometry":{"type":"Polygon","coordinates":[[[134.25,11.0],[134.25,10.75],[133.25,10.75],[133.25,10.25],[132.0,10.25],[132.0,10.0],[131.0,10.0],[131.0,9.75],[129.75,9.75],[129.75,4.25],[131.0,4.25],[131.0,4.0],[132.0,4.0],[132.0,2.5],[134.25,2.5],[134.25,2.25],[135.5,2.25],[135.5,2.0],[136.5,2.0],[136.5,4.5],[137.75,4.5],[137.75,9.25],[136.5,9.25],[136.5,10.75],[135.5,10.75],[135.5,11.0],[134.25,11.0]]]},"properties":{"id":315,"lon":133.75,"lat":6.87,"e5":0.66,"e10":0.75,"e15":0.78,"rh":8.7,"rc":22.7,"sst":29.6,"om":4.23,"bf":false}},{"type":"Feature","geometry":{"type":"Polygon","coordinates":[[[-106.25,15.0],[-106.25,12.75],[-107.5,12.75],[-107.5,8.75],[-106.25,8.75],[-106.25,8.5],[-105.25,8.5],[-105.25,8.25],[-104.0,8.25],[-104.0,8.0],[-103.0,8.0],[-103.0,7.75],[-101.75,7.75],[-101.75,7.25],[-100.75,7.25],[-100.75,7.0],[-99.5,7.0],[-99.5,8.0],[-98.5,8.0],[-98.5,10.75],[-97.25,10.75],[-97.25,12.5],[-98.5,12.5],[-98.5,12.75],[-99.5,12.75],[-99.5,13.0],[-100.75,13.0],[-100.75,13.75],[-101.75,13.75],[-101.75,14.0],[-103.0,14.0],[-103.0,14.5],[-104.0,14.5],[-104.0,15.0],[-106.25,15.0]]]},"properties":{"id":316,"lon":-102.37,"lat":11.62,"e5":0.75,"e10":0.79,"e15":0.80,"rh":9.7,"rc":25.2,"sst":27.4,"om":3.64,"bf":false}},{"type":"Feature","geometry":{"type":"Polygon","coordinates":[[[-158.0,10.25],[-158.0,10.0],[-159.25,10.0],[-159.25,9.75],[-160.25,9.75],[-160.25,9.5],[-161.5,9.5],[-161.5,8.25],[-162.5,8.25],[-162.5,3.0],[-161.5,3.0],[-161.5,2.25],[-160.25,2.25],[-160.25,2.5],[-159.25,2.5],[-159.25,2.75],[-157.0,2.75],[-157.0,3.0],[-155.75,3.0],[-155.75,3.25],[-154.75,3.25],[-154.75,6.0],[-153.5,6.0],[-153.5,7.75],[-154.75,7.75],[-154.75,8.5],[-155.75,8.5],[-155.75,9.75],[-157.0,9.75],[-157.0,10.25],[-158.0,10.25]]]},"properties":{"id":317,"lon":-158.0,"lat":6.87,"e5":0.70,"e10":0.77,"e15":0.79,"rh":9.5,"rc":24.6,"sst":26.9,"om":3.84,"bf":false}},{"type":"Feature","geometry":{"type":"Polygon","coordinates":[[[174.0,27.75],[174.0,27.25],[171.75,27.25],[171.75,26.75],[170.5,26.75],[170.5,25.0],[169.25,25.0],[169.25,20.75],[170.0,20.75],[170.0,20.5],[170.5,20.5],[170.5,19.75],[171.5,19.75],[171.5,19.25],[172.75,19.25],[172.75,18.75],[173.75,18.75],[173.75,18.0],[175.0,18.0],[175.0,18.5],[176.0,18.5],[176.0,19.25],[177.25,19.25],[177.25,20.0],[178.25,20.0],[178.25,21.0],[179.5,21.0],[179.5,23.5],[178.25,23.5],[178.25,25.0],[177.25,25.0],[177.25,26.75],[176.25,26.75],[176.25,27.75],[174.0,27.75]]]},"properties":{"id":318,"lon":174.37,"lat":22.25,"e5":0.58,"e10":0.71,"e15":0.75,"rh":9.3,"rc":24.1,"sst":26.4,"om":4.0,"bf":false}},{"type":"Feature","geometry":{"type":"Polygon","coordinates":[[[-114.25,12.25],[-114.25,11.5],[-115.25,11.5],[-115.25,9.75],[-116.5,9.75],[-116.5,7.75],[-115.25,7.75],[-115.25,5.5],[-114.25,5.5],[-114.25,5.25],[-113.0,5.25],[-113.0,5.0],[-110.75,5.0],[-110.75,4.75],[-108.5,4.75],[-108.5,6.75],[-107.5,6.75],[-107.5,11.5],[-108.5,11.5],[-108.5,11.75],[-110.75,11.75],[-110.75,12.0],[-113.0,12.0],[-113.0,12.25],[-114.25,12.25]]]},"properties":{"id":319,"lon":-112.0,"lat":8.75,"e5":0.74,"e10":0.78,"e15":0.80,"rh":9.7,"rc":25.3,"sst":26.9,"om":3.62,"bf":false}},{"type":"Feature","geometry":{"type":"Polygon","coordinates":[[[-149.5,48.0],[-149.5,46.5],[-149.75,46.5],[-149.75,46.25],[-150.0,46.25],[-150.0,46.5],[-150.75,46.5],[-150.75,45.75],[-151.0,45.75],[-151.0,44.75],[-152.25,44.75],[-152.25,43.0],[-151.25,43.0],[-151.25,41.5],[-151.5,41.5],[-151.5,41.25],[-150.25,41.25],[-150.25,40.25],[-150.5,40.25],[-150.5,39.5],[-149.25,39.5],[-149.25,38.75],[-149.5,38.75],[-149.5,37.75],[-148.25,37.75],[-148.25,37.25],[-147.75,37.25],[-147.75,37.0],[-146.0,37.0],[-146.0,38.25],[-145.25,38.25],[-145.25,38.0],[-145.0,38.0],[-145.0,38.25],[-144.75,38.25],[-144.75,39.25],[-143.75,39.25],[-143.75,39.5],[-143.5,39.5],[-143.5,40.75],[-142.25,40.75],[-142.25,41.75],[-141.0,41.75],[-141.0,43.75],[-140.75,43.75],[-140.75,44.0],[-142.0,44.0],[-142.0,44.75],[-141.75,44.75],[-141.75,45.75],[-142.75,45.75],[-142.75,47.0],[-144.75,47.0],[-144.75,47.25],[-145.0,47.25],[-145.0,47.5],[-144.75,47.5],[-144.75,47.75],[-147.0,47.75],[-147.0,48.0],[-149.5,48.0]]]},"properties":{"id":320,"lon":-146.12,"lat":42.37,"e5":0.71,"e10":0.74,"e15":0.76,"rh":12.1,"rc":31.5,"sst":12.4,"om":2.34,"bf":false}},{"type":"Feature","geometry":{"type":"Polygon","coordinates":[[[151.25,12.25],[151.25,10.75],[150.25,10.75],[150.25,8.5],[149.0,8.5],[149.0,6.25],[150.25,6.25],[150.25,5.5],[151.25,5.5],[151.25,4.25],[153.5,4.25],[153.5,4.5],[154.75,4.5],[154.75,5.0],[155.75,5.0],[155.75,5.5],[157.0,5.5],[157.0,10.0],[155.75,10.0],[155.75,12.0],[154.75,12.0],[154.75,12.25],[151.25,12.25]]]},"properties":{"id":321,"lon":153.0,"lat":7.37,"e5":0.67,"e10":0.76,"e15":0.78,"rh":8.9,"rc":23.0,"sst":28.9,"om":4.18,"bf":false}},{"type":"Feature","geometry":{"type":"Polygon","coordinates":[[[-160.25,18.25],[-160.25,17.75],[-161.5,17.75],[-161.5,17.5],[-162.5,17.5],[-162.5,17.0],[-163.5,17.0],[-163.5,17.25],[-163.75,17.25],[-163.75,13.75],[-164.75,13.75],[-164.75,11.5],[-163.75,11.5],[-163.75,10.25],[-162.5,10.25],[-162.5,9.25],[-161.5,9.25],[-161.5,9.5],[-160.25,9.5],[-160.25,9.75],[-159.25,9.75],[-159.25,10.0],[-158.0,10.0],[-158.0,10.25],[-157.0,10.25],[-157.0,16.25],[-158.0,16.25],[-158.0,17.0],[-159.25,17.0],[-159.25,18.25],[-160.25,18.25]]]},"properties":{"id":322,"lon":-160.37,"lat":15.0,"e5":0.65,"e10":0.75,"e15":0.78,"rh":9.5,"rc":24.7,"sst":25.8,"om":3.82,"bf":false}},{"type":"Feature","geometry":{"type":"Polygon","coordinates":[[[-176.0,16.25],[-176.0,14.75],[-177.25,14.75],[-177.25,13.0],[-178.25,13.0],[-178.25,10.75],[-177.25,10.75],[-177.25,9.5],[-176.0,9.5],[-176.0,8.0],[-175.0,8.0],[-175.0,7.25],[-173.75,7.25],[-173.75,7.5],[-172.75,7.5],[-172.75,7.75],[-171.5,7.75],[-171.5,8.0],[-170.5,8.0],[-170.5,9.75],[-169.25,9.75],[-169.25,11.75],[-170.5,11.75],[-170.5,13.75],[-171.5,13.75],[-171.5,15.75],[-172.75,15.75],[-172.75,16.0],[-175.25,16.0],[-175.25,16.25],[-176.0,16.25]]]},"properties":{"id":323,"lon":-174.37,"lat":12.37,"e5":0.66,"e10":0.76,"e15":0.78,"rh":9.3,"rc":24.2,"sst":26.9,"om":3.94,"bf":false}},{"type":"Feature","geometry":{"type":"Polygon","coordinates":[[[-146.0,57.0],[-146.0,56.5],[-146.25,56.5],[-146.25,56.0],[-147.5,56.0],[-147.5,55.5],[-147.75,55.5],[-147.75,55.0],[-149.0,55.0],[-149.0,54.5],[-150.25,54.5],[-150.25,54.0],[-150.5,54.0],[-150.5,53.0],[-150.75,53.0],[-150.75,52.25],[-149.75,52.25],[-149.75,51.25],[-150.0,51.25],[-150.0,50.5],[-149.25,50.5],[-149.25,50.25],[-149.0,50.25],[-149.0,49.25],[-149.25,49.25],[-149.25,48.0],[-147.0,48.0],[-147.0,47.75],[-144.75,47.75],[-144.75,47.5],[-145.0,47.5],[-145.0,47.25],[-144.75,47.25],[-144.75,47.0],[-142.75,47.0],[-142.75,47.25],[-142.5,47.25],[-142.5,48.75],[-142.25,48.75],[-142.25,49.75],[-141.0,49.75],[-141.0,50.25],[-140.75,50.25],[-140.75,51.5],[-140.5,51.5],[-140.5,52.5],[-140.25,52.5],[-140.25,53.0],[-139.25,53.0],[-139.25,52.75],[-139.0,52.75],[-139.0,53.5],[-138.75,53.5],[-138.75,54.5],[-139.5,54.5],[-139.5,54.75],[-139.75,54.75],[-139.75,55.0],[-139.5,55.0],[-139.5,55.25],[-141.25,55.25],[-141.25,55.5],[-141.75,55.5],[-141.75,56.0],[-142.75,56.0],[-142.75,56.5],[-142.5,56.5],[-142.5,56.75],[-144.25,56.75],[-144.25,57.0],[-146.0,57.0]]]},"properties":{"id":324,"lon":-145.12,"lat":51.87,"e5":0.83,"e10":0.85,"e15":0.85,"rh":12.7,"rc":33.1,"sst":8.3,"om":2.0,"bf":false}},{"type":"Feature","geometry":{"type":"Polygon","coordinates":[[[-99.5,5.5],[-99.5,4.25],[-100.75,4.25],[-100.75,2.75],[-101.75,2.75],[-101.75,-3.0],[-100.75,-3.0],[-100.75,-3.25],[-98.5,-3.25],[-98.5,-3.0],[-97.25,-3.0],[-97.25,-2.75],[-95.0,-2.75],[-95.0,-2.5],[-94.0,-2.5],[-94.0,2.25],[-92.75,2.25],[-92.75,2.75],[-94.0,2.75],[-94.0,3.25],[-95.0,3.25],[-95.0,3.75],[-96.25,3.75],[-96.25,4.5],[-97.25,4.5],[-97.25,5.0],[-98.5,5.0],[-98.5,5.5],[-99.5,5.5]]]},"properties":{"id":325,"lon":-97.87,"lat":-0.12,"e5":0.74,"e10":0.79,"e15":0.81,"rh":10.2,"rc":26.4,"sst":24.9,"om":3.43,"bf":false}},{"type":"Feature","geometry":{"type":"Polygon","coordinates":[[[-141.0,43.0],[-141.0,41.75],[-142.25,41.75],[-142.25,40.75],[-143.5,40.75],[-143.5,39.5],[-143.75,39.5],[-143.75,39.25],[-144.75,39.25],[-144.75,38.25],[-145.0,38.25],[-145.0,38.0],[-145.25,38.0],[-145.25,38.25],[-146.0,38.25],[-146.0,36.75],[-146.25,36.75],[-146.25,36.0],[-145.0,36.0],[-145.0,35.0],[-145.25,35.0],[-145.25,34.25],[-144.0,34.25],[-144.0,32.75],[-144.25,32.75],[-144.25,32.5],[-141.0,32.5],[-141.0,32.25],[-137.25,32.25],[-137.25,33.25],[-136.25,33.25],[-136.25,34.5],[-136.0,34.5],[-136.0,36.5],[-134.75,36.5],[-134.75,37.0],[-136.0,37.0],[-136.0,37.75],[-135.75,37.75],[-135.75,38.75],[-137.0,38.75],[-137.0,39.25],[-136.75,39.25],[-136.75,40.5],[-137.75,40.5],[-137.75,41.5],[-138.5,41.5],[-138.5,41.75],[-138.75,41.75],[-138.75,42.25],[-140.0,42.25],[-140.0,42.75],[-140.5,42.75],[-140.5,43.0],[-141.0,43.0]]]},"properties":{"id":326,"lon":-141.0,"lat":37.37,"e5":0.58,"e10":0.64,"e15":0.71,"rh":11.4,"rc":29.5,"sst":16.9,"om":2.78,"bf":false}},{"type":"Feature","geometry":{"type":"Polygon","coordinates":[[[-124.25,-2.5],[-124.25,-3.25],[-125.5,-3.25],[-125.5,-4.0],[-126.5,-4.0],[-126.5,-10.0],[-117.5,-10.0],[-117.5,-5.0],[-118.75,-5.0],[-118.75,-4.5],[-119.75,-4.5],[-119.75,-4.0],[-121.0,-4.0],[-121.0,-3.5],[-122.0,-3.5],[-122.0,-3.0],[-123.25,-3.0],[-123.25,-2.5],[-124.25,-2.5]]]},"properties":{"id":327,"lon":-122.0,"lat":-7.5,"e5":0.66,"e10":0.76,"e15":0.79,"rh":9.8,"rc":25.5,"sst":25.8,"om":3.68,"bf":false}},{"type":"Feature","geometry":{"type":"Polygon","coordinates":[[[-165.25,40.25],[-165.25,39.75],[-166.25,39.75],[-166.25,39.0],[-166.5,39.0],[-166.5,36.25],[-167.75,36.25],[-167.75,34.0],[-167.25,34.0],[-167.25,33.75],[-166.75,33.75],[-166.75,32.75],[-165.5,32.75],[-165.5,32.0],[-165.75,32.0],[-165.75,31.5],[-164.5,31.5],[-164.5,30.25],[-163.5,30.25],[-163.5,29.25],[-162.5,29.25],[-162.5,29.0],[-162.25,29.0],[-162.25,29.75],[-161.25,29.75],[-161.25,30.75],[-160.0,30.75],[-160.0,31.25],[-158.75,31.25],[-158.75,32.5],[-157.75,32.5],[-157.75,33.75],[-157.5,33.75],[-157.5,35.75],[-158.25,35.75],[-158.25,36.0],[-158.75,36.0],[-158.75,36.25],[-158.5,36.25],[-158.5,38.25],[-159.5,38.25],[-159.5,40.0],[-162.5,40.0],[-162.5,40.25],[-165.25,40.25]]]},"properties":{"id":328,"lon":-162.62,"lat":34.87,"e5":0.60,"e10":0.65,"e15":0.70,"rh":10.8,"rc":28.1,"sst":19.1,"om":3.11,"bf":false}},{"type":"Feature","geometry":{"type":"Polygon","coordinates":[[[158.0,-1.75],[158.0,-2.5],[157.0,-2.5],[157.0,-3.0],[155.75,-3.0],[155.75,-7.75],[154.75,-7.75],[154.75,-8.5],[153.5,-8.5],[153.5,-9.5],[154.75,-9.5],[154.75,-10.0],[162.5,-10.0],[162.5,-3.0],[161.5,-3.0],[161.5,-2.5],[160.25,-2.5],[160.25,-1.75],[158.0,-1.75]]]},"properties":{"id":329,"lon":159.12,"lat":-5.37,"e5":0.66,"e10":0.76,"e15":0.79,"rh":8.8,"rc":22.8,"sst":29.4,"om":4.24,"bf":false}},{"type":"Feature","geometry":{"type":"MultiPolygon","coordinates":[[[[150.5,52.25],[150.5,50.25],[151.75,50.25],[151.75,49.75],[152.75,49.75],[152.75,49.0],[154.0,49.0],[154.0,48.5],[155.25,48.5],[155.25,48.25],[155.0,48.25],[155.0,47.75],[158.5,47.75],[158.5,45.75],[157.25,45.75],[157.25,40.75],[153.25,40.75],[153.25,41.0],[152.5,41.0],[152.5,41.5],[150.25,41.5],[150.25,43.5],[151.5,43.5],[151.5,44.0],[150.25,44.0],[150.25,44.25],[150.5,44.25],[150.5,46.0],[149.25,46.0],[149.25,50.5],[149.5,50.5],[149.5,52.25],[150.5,52.25]]],[[[149.5,55.5],[149.5,55.0],[148.25,55.0],[148.25,55.5],[149.5,55.5]]]]},"properties":{"id":330,"lon":153.87,"lat":46.87,"e5":0.76,"e10":0.78,"e15":0.78,"rh":12.8,"rc":33.2,"sst":6.9,"om":1.99,"bf":false}},{"type":"Feature","geometry":{"type":"Polygon","coordinates":[[[-142.25,22.25],[-142.25,21.5],[-143.5,21.5],[-143.5,19.25],[-144.5,19.25],[-144.5,17.25],[-145.75,17.25],[-145.75,15.25],[-144.5,15.25],[-144.5,14.25],[-143.5,14.25],[-143.5,13.25],[-142.25,13.25],[-142.25,12.5],[-141.25,12.5],[-141.25,12.75],[-139.0,12.75],[-139.0,13.0],[-137.75,13.0],[-137.75,14.75],[-136.75,14.75],[-136.75,17.5],[-135.5,17.5],[-135.5,18.75],[-136.75,18.75],[-136.75,20.0],[-137.75,20.0],[-137.75,21.25],[-139.0,21.25],[-139.0,21.5],[-138.75,21.5],[-138.75,22.25],[-142.25,22.25]]]},"properties":{"id":331,"lon":-140.62,"lat":17.37,"e5":0.63,"e10":0.73,"e15":0.77,"rh":9.9,"rc":25.7,"sst":23.9,"om":3.62,"bf":false}},{"type":"Feature","geometry":{"type":"Polygon","coordinates":[[[-171.5,-1.25],[-171.5,-2.5],[-172.75,-2.5],[-172.75,-3.5],[-173.75,-3.5],[-173.75,-4.75],[-175.0,-4.75],[-175.0,-10.0],[-166.0,-10.0],[-166.0,-4.25],[-167.0,-4.25],[-167.0,-3.5],[-168.25,-3.5],[-168.25,-2.75],[-169.25,-2.75],[-169.25,-1.5],[-170.5,-1.5],[-170.5,-1.25],[-171.5,-1.25]]]},"properties":{"id":332,"lon":-170.5,"lat":-7.37,"e5":0.63,"e10":0.76,"e15":0.79,"rh":9.1,"rc":23.7,"sst":28.2,"om":4.09,"bf":false}},{"type":"Feature","geometry":{"type":"Polygon","coordinates":[[[-163.5,28.0],[-163.5,27.0],[-164.75,27.0],[-164.75,26.25],[-165.0,26.25],[-165.0,26.5],[-165.75,26.5],[-165.75,25.25],[-167.0,25.25],[-167.0,24.25],[-168.0,24.25],[-168.0,23.75],[-169.25,23.75],[-169.25,23.25],[-168.25,23.25],[-168.25,19.5],[-167.0,19.5],[-167.0,19.0],[-166.0,19.0],[-166.0,18.25],[-164.75,18.25],[-164.75,17.5],[-163.75,17.5],[-163.75,17.25],[-163.5,17.25],[-163.5,17.0],[-162.5,17.0],[-162.5,17.5],[-161.5,17.5],[-161.5,17.75],[-160.25,17.75],[-160.25,18.25],[-159.25,18.25],[-159.25,18.75],[-160.25,18.75],[-160.25,20.75],[-159.25,20.75],[-159.25,22.25],[-158.0,22.25],[-158.0,23.0],[-159.0,23.0],[-159.0,24.25],[-160.25,24.25],[-160.25,25.75],[-161.25,25.75],[-161.25,26.75],[-162.5,26.75],[-162.5,28.0],[-163.5,28.0]]]},"properties":{"id":333,"lon":-163.12,"lat":22.62,"e5":0.56,"e10":0.69,"e15":0.75,"rh":9.5,"rc":24.7,"sst":25.0,"om":3.87,"bf":false}},{"type":"Feature","geometry":{"type":"Polygon","coordinates":[[[161.5,6.0],[161.5,5.75],[160.25,5.75],[160.25,5.5],[159.25,5.5],[159.25,-1.75],[160.25,-1.75],[160.25,-2.5],[161.5,-2.5],[161.5,-3.0],[163.75,-3.0],[163.75,-2.5],[164.75,-2.5],[164.75,-1.75],[166.0,-1.75],[166.0,4.5],[164.75,4.5],[164.75,5.5],[163.75,5.5],[163.75,6.0],[161.5,6.0]]]},"properties":{"id":334,"lon":162.62,"lat":1.37,"e5":0.66,"e10":0.76,"e15":0.79,"rh":9.0,"rc":23.4,"sst":28.8,"om":4.13,"bf":false}},{"type":"Feature","geometry":{"type":"Polygon","coordinates":[[[-108.5,2.75],[-108.5,0.75],[-109.75,0.75],[-109.75,-1.5],[-110.75,-1.5],[-110.75,-3.0],[-109.75,-3.0],[-109.75,-4.5],[-108.5,-4.5],[-108.5,-4.75],[-107.5,-4.75],[-107.5,-4.5],[-106.25,-4.5],[-106.25,-4.25],[-105.25,-4.25],[-105.25,-3.75],[-104.0,-3.75],[-104.0,-3.5],[-103.0,-3.5],[-103.0,-3.25],[-101.75,-3.25],[-101.75,1.0],[-103.0,1.0],[-103.0,1.25],[-104.0,1.25],[-104.0,1.5],[-105.25,1.5],[-105.25,2.25],[-106.25,2.25],[-106.25,2.5],[-107.5,2.5],[-107.5,2.75],[-108.5,2.75]]]},"properties":{"id":335,"lon":-105.75,"lat":-0.37,"e5":0.71,"e10":0.78,"e15":0.80,"rh":10.1,"rc":26.3,"sst":24.6,"om":3.46,"bf":false}},{"type":"Feature","geometry":{"type":"Polygon","coordinates":[[[145.75,36.0],[145.75,34.75],[144.5,34.75],[144.5,33.5],[143.5,33.5],[143.5,33.0],[142.25,33.0],[142.25,32.25],[141.25,32.25],[141.25,31.0],[142.25,31.0],[142.25,28.0],[143.5,28.0],[143.5,25.25],[150.25,25.25],[150.25,27.0],[151.25,27.0],[151.25,29.25],[152.5,29.25],[152.5,31.75],[151.25,31.75],[151.25,32.25],[150.25,32.25],[150.25,33.5],[149.0,33.5],[149.0,34.25],[148.0,34.25],[148.0,35.25],[146.75,35.25],[146.75,36.0],[145.75,36.0]]]},"properties":{"id":336,"lon":147.37,"lat":30.12,"e5":0.56,"e10":0.67,"e15":0.72,"rh":9.8,"rc":25.6,"sst":23.7,"om":3.65,"bf":false}},{"type":"Feature","geometry":{"type":"Polygon","coordinates":[[[-148.0,16.0],[-148.0,15.5],[-149.0,15.5],[-149.0,11.5],[-150.25,11.5],[-150.25,7.75],[-149.0,7.75],[-149.0,7.0],[-148.0,7.0],[-148.0,6.5],[-146.75,6.5],[-146.75,6.0],[-145.75,6.0],[-145.75,6.25],[-144.5,6.25],[-144.5,6.75],[-143.5,6.75],[-143.5,9.5],[-142.25,9.5],[-142.25,13.25],[-143.5,13.25],[-143.5,14.25],[-144.5,14.25],[-144.5,15.25],[-145.75,15.25],[-145.75,16.0],[-148.0,16.0]]]},"properties":{"id":337,"lon":-146.25,"lat":10.5,"e5":0.69,"e10":0.76,"e15":0.79,"rh":9.6,"rc":24.9,"sst":25.9,"om":3.76,"bf":false}},{"type":"Feature","geometry":{"type":"Polygon","coordinates":[[[-128.75,13.75],[-128.75,12.25],[-130.0,12.25],[-130.0,10.5],[-131.0,10.5],[-131.0,10.25],[-130.0,10.25],[-130.0,8.25],[-128.75,8.25],[-128.75,6.25],[-127.75,6.25],[-127.75,5.25],[-126.5,5.25],[-126.5,5.0],[-124.25,5.0],[-124.25,6.5],[-123.25,6.5],[-123.25,8.25],[-122.0,8.25],[-122.0,11.75],[-123.25,11.75],[-123.25,13.75],[-128.75,13.75]]]},"properties":{"id":338,"lon":-126.0,"lat":9.25,"e5":0.72,"e10":0.77,"e15":0.79,"rh":9.7,"rc":25.1,"sst":26.5,"om":3.69,"bf":false}},{"type":"Feature","geometry":{"type":"Polygon","coordinates":[[[-171.5,8.0],[-171.5,7.75],[-172.75,7.75],[-172.75,7.5],[-173.75,7.5],[-173.75,7.25],[-175.0,7.25],[-175.0,5.5],[-176.0,5.5],[-176.0,3.0],[-175.0,3.0],[-175.0,1.75],[-173.75,1.75],[-173.75,0.75],[-172.75,0.75],[-172.75,-0.25],[-171.5,-0.25],[-171.5,-1.25],[-170.5,-1.25],[-170.5,-0.25],[-169.25,-0.25],[-169.25,1.5],[-168.25,1.5],[-168.25,3.5],[-167.0,3.5],[-167.0,3.75],[-168.25,3.75],[-168.25,5.5],[-169.25,5.5],[-169.25,7.0],[-170.5,7.0],[-170.5,8.0],[-171.5,8.0]]]},"properties":{"id":339,"lon":-172.12,"lat":3.25,"e5":0.69,"e10":0.77,"e15":0.80,"rh":9.4,"rc":24.5,"sst":27.3,"om":3.88,"bf":false}},{"type":"Feature","geometry":{"type":"MultiPolygon","coordinates":[[[[116.25,17.0],[115.25,17.0],[115.25,14.5],[116.25,14.5],[116.25,12.25],[117.5,12.25],[117.5,10.25],[118.5,10.25],[118.5,9.75],[115.25,9.75],[115.25,9.5],[113.0,9.5],[113.0,11.25],[114.0,11.25],[114.0,14.75],[113.0,14.75],[113.0,16.25],[114.0,16.25],[114.0,17.75],[115.25,17.75],[115.25,19.25],[116.25,19.25],[116.25,17.0]]],[[[116.25,19.75],[117.5,19.75],[117.5,19.25],[116.25,19.25],[116.25,19.75]]]]},"properties":{"id":340,"lon":115.12,"lat":13.37,"e5":0.69,"e10":0.75,"e15":0.77,"rh":9.3,"rc":24.1,"sst":28.3,"om":3.87,"bf":false}},{"type":"Feature","geometry":{"type":"Polygon","coordinates":[[[126.5,29.25],[126.5,27.0],[125.25,27.0],[125.25,26.25],[126.5,26.25],[126.5,22.25],[125.5,22.25],[125.5,22.0],[125.25,22.0],[125.25,19.5],[126.5,19.5],[126.5,17.25],[127.5,17.25],[127.5,17.75],[128.75,17.75],[128.75,18.25],[129.75,18.25],[129.75,18.5],[132.0,18.5],[132.0,19.0],[133.25,19.0],[133.25,20.75],[134.25,20.75],[134.25,25.75],[133.25,25.75],[133.25,28.0],[128.75,28.0],[128.75,28.75],[127.5,28.75],[127.5,29.25],[126.5,29.25]]]},"properties":{"id":341,"lon":130.37,"lat":24.0,"e5":0.63,"e10":0.7,"e15":0.73,"rh":9.3,"rc":24.1,"sst":26.6,"om":3.97,"bf":false}},{"type":"Feature","geometry":{"type":"Polygon","coordinates":[[[174.25,36.75],[174.25,36.25],[168.5,36.25],[168.5,35.75],[167.25,35.75],[167.25,31.5],[166.0,31.5],[166.0,31.0],[167.25,31.0],[167.25,29.75],[168.25,29.75],[168.25,28.5],[169.5,28.5],[169.5,27.25],[170.5,27.25],[170.5,26.75],[171.75,26.75],[171.75,27.25],[174.0,27.25],[174.0,27.75],[176.25,27.75],[176.25,29.5],[177.25,29.5],[177.25,31.25],[177.5,31.25],[177.5,33.0],[176.75,33.0],[176.75,33.25],[176.25,33.25],[176.25,35.0],[175.25,35.0],[175.25,36.75],[174.25,36.75]]]},"properties":{"id":342,"lon":172.37,"lat":32.25,"e5":0.58,"e10":0.66,"e15":0.72,"rh":10.2,"rc":26.6,"sst":21.9,"om":3.45,"bf":false}},{"type":"Feature","geometry":{"type":"Polygon","coordinates":[[[173.75,13.25],[173.75,12.5],[173.0,12.5],[173.0,12.75],[172.75,12.75],[172.75,12.0],[171.5,12.0],[171.5,11.5],[170.5,11.5],[170.5,5.5],[171.5,5.5],[171.5,4.5],[172.75,4.5],[172.75,4.0],[173.75,4.0],[173.75,4.25],[175.0,4.25],[175.0,4.75],[176.0,4.75],[176.0,5.0],[177.25,5.0],[177.25,9.0],[178.25,9.0],[178.25,11.5],[177.25,11.5],[177.25,12.25],[176.0,12.25],[176.0,13.0],[175.0,13.0],[175.0,13.25],[173.75,13.25]]]},"properties":{"id":343,"lon":173.87,"lat":7.25,"e5":0.67,"e10":0.76,"e15":0.79,"rh":9.1,"rc":23.7,"sst":27.9,"om":4.04,"bf":false}},{"type":"Feature","geometry":{"type":"Polygon","coordinates":[[[-148.0,-0.5],[-148.0,-1.0],[-149.0,-1.0],[-149.0,-1.5],[-150.25,-1.5],[-150.25,-8.75],[-149.0,-8.75],[-149.0,-10.0],[-143.5,-10.0],[-143.5,-3.25],[-142.25,-3.25],[-142.25,-2.75],[-143.5,-2.75],[-143.5,-2.25],[-144.5,-2.25],[-144.5,-1.5],[-145.75,-1.5],[-145.75,-1.0],[-146.75,-1.0],[-146.75,-0.5],[-148.0,-0.5]]]},"properties":{"id":344,"lon":-146.87,"lat":-6.0,"e5":0.65,"e10":0.77,"e15":0.80,"rh":9.5,"rc":24.7,"sst":27.0,"om":3.86,"bf":false}},{"type":"Feature","geometry":{"type":"Polygon","coordinates":[[[-126.0,33.5],[-126.0,32.0],[-126.25,32.0],[-126.25,31.75],[-127.25,31.75],[-127.25,30.25],[-128.5,30.25],[-128.5,29.25],[-129.75,29.25],[-129.75,27.75],[-130.75,27.75],[-130.75,27.25],[-129.75,27.25],[-129.75,25.0],[-128.75,25.0],[-128.75,23.0],[-126.5,23.0],[-126.5,22.5],[-123.0,22.5],[-123.0,23.5],[-122.0,23.5],[-122.0,24.25],[-120.75,24.25],[-120.75,25.25],[-119.75,25.25],[-119.75,26.25],[-119.5,26.25],[-119.5,26.75],[-118.5,26.75],[-118.5,27.25],[-119.5,27.25],[-119.5,28.5],[-120.75,28.5],[-120.75,29.5],[-120.5,29.5],[-120.5,30.0],[-121.75,30.0],[-121.75,31.0],[-122.25,31.0],[-122.25,31.25],[-122.75,31.25],[-122.75,31.75],[-124.0,31.75],[-124.0,32.0],[-123.75,32.0],[-123.75,32.75],[-125.0,32.75],[-125.0,33.25],[-125.75,33.25],[-125.75,33.5],[-126.0,33.5]]]},"properties":{"id":345,"lon":-124.62,"lat":28.12,"e5":0.60,"e10":0.70,"e15":0.75,"rh":11.1,"rc":28.8,"sst":18.8,"om":2.92,"bf":false}},{"type":"Feature","geometry":{"type":"Polygon","coordinates":[[[158.25,39.5],[158.25,37.75],[157.0,37.75],[157.0,31.75],[158.25,31.75],[158.25,31.0],[158.0,31.0],[158.0,30.5],[159.25,30.5],[159.25,29.75],[160.25,29.75],[160.25,29.25],[161.5,29.25],[161.5,29.75],[163.75,29.75],[163.75,30.25],[165.0,30.25],[165.0,31.0],[166.0,31.0],[166.0,31.5],[167.25,31.5],[167.25,35.75],[168.5,35.75],[168.5,36.25],[167.25,36.25],[167.25,37.5],[166.25,37.5],[166.25,39.5],[158.25,39.5]]]},"properties":{"id":346,"lon":162.12,"lat":33.75,"e5":0.59,"e10":0.66,"e15":0.71,"rh":10.5,"rc":27.3,"sst":20.1,"om":3.28,"bf":false}},{"type":"Feature","geometry":{"type":"MultiPolygon","coordinates":[[[[180.0,50.75],[180.0,41.5],[176.75,41.5],[176.75,42.75],[175.5,42.75],[175.5,43.25],[175.75,43.25],[175.75,44.75],[174.5,44.75],[174.5,45.25],[174.75,45.25],[174.75,48.25],[175.0,48.25],[175.0,48.5],[176.0,48.5],[176.0,49.0],[177.25,49.0],[177.25,49.5],[178.5,49.5],[178.5,50.0],[179.75,50.0],[179.75,50.75],[180.0,50.75]]],[[[-177.0,51.25],[-177.0,51.0],[-176.75,51.0],[-176.75,50.5],[-175.5,50.5],[-175.5,50.0],[-175.75,50.0],[-175.75,48.5],[-174.75,48.5],[-174.75,46.75],[-175.0,46.75],[-175.0,45.5],[-173.75,45.5],[-173.75,45.25],[-174.0,45.25],[-174.0,43.0],[-175.25,43.0],[-175.25,41.25],[-177.75,41.25],[-177.75,41.5],[-180.0,41.5],[-180.0,50.75],[-179.0,50.75],[-179.0,51.25],[-177.0,51.25]]]]},"properties":{"id":347,"lon":177.37,"lat":46.75,"e5":0.79,"e10":0.81,"e15":0.81,"rh":12.6,"rc":32.8,"sst":8.5,"om":2.09,"bf":false}},{"type":"Feature","geometry":{"type":"Polygon","coordinates":[[[-132.25,47.75],[-132.25,47.25],[-132.5,47.25],[-132.5,46.75],[-133.5,46.75],[-133.5,46.5],[-133.75,46.5],[-133.75,45.75],[-135.0,45.75],[-135.0,44.75],[-136.25,44.75],[-136.25,43.75],[-137.5,43.75],[-137.5,42.75],[-138.75,42.75],[-138.75,41.75],[-138.5,41.75],[-138.5,41.5],[-137.75,41.5],[-137.75,40.5],[-136.75,40.5],[-136.75,39.25],[-137.0,39.25],[-137.0,38.75],[-135.75,38.75],[-135.75,37.75],[-136.0,37.75],[-136.0,37.0],[-133.75,37.0],[-133.75,37.5],[-131.0,37.5],[-131.0,37.25],[-130.25,37.25],[-130.25,37.75],[-128.0,37.75],[-128.0,38.25],[-129.0,38.25],[-129.0,40.0],[-128.75,40.0],[-128.75,42.25],[-128.5,42.25],[-128.5,42.5],[-129.0,42.5],[-129.0,42.75],[-129.75,42.75],[-129.75,43.25],[-129.5,43.25],[-129.5,45.0],[-129.25,45.0],[-129.25,46.5],[-130.25,46.5],[-130.25,47.0],[-131.25,47.0],[-131.25,47.75],[-132.25,47.75]]]},"properties":{"id":348,"lon":-133.62,"lat":42.37,"e5":0.71,"e10":0.75,"e15":0.77,"rh":12.0,"rc":31.1,"sst":13.7,"om":2.42,"bf":false}},{"type":"Feature","geometry":{"type":"Polygon","coordinates":[[[171.5,-2.25],[171.5,-3.0],[170.5,-3.0],[170.5,-10.0],[177.25,-10.0],[177.25,-3.25],[176.0,-3.25],[176.0,-3.0],[175.0,-3.0],[175.0,-2.5],[173.75,-2.5],[173.75,-2.25],[171.5,-2.25]]]},"properties":{"id":349,"lon":173.87,"lat":-6.62,"e5":0.64,"e10":0.76,"e15":0.79,"rh":8.9,"rc":23.2,"sst":28.8,"om":4.18,"bf":false}},{"type":"Feature","geometry":{"type":"Polygon","coordinates":[[[135.5,-34.5],[135.5,-35.75],[134.5,-35.75],[134.5,-37.25],[133.25,-37.25],[133.25,-39.0],[134.5,-39.0],[134.5,-39.5],[135.5,-39.5],[135.5,-40.0],[136.75,-40.0],[136.75,-40.5],[137.75,-40.5],[137.75,-41.0],[139.0,-41.0],[139.0,-40.0],[140.0,-40.0],[140.0,-35.75],[139.0,-35.75],[139.0,-34.5],[135.5,-34.5]],[[136.75,-35.75],[137.75,-35.75],[137.75,-36.25],[136.75,-36.25],[136.75,-35.75]]]},"properties":{"id":350,"lon":136.62,"lat":-38.12,"e5":0.63,"e10":0.70,"e15":0.72,"rh":11.4,"rc":29.5,"sst":15.7,"om":2.89,"bf":false}},{"type":"Feature","geometry":{"type":"Polygon","coordinates":[[[-36.5,-10.0],[-36.5,-11.25],[-37.75,-11.25],[-37.75,-12.5],[-38.75,-12.5],[-38.75,-14.0],[-37.75,-14.0],[-37.75,-14.25],[-36.5,-14.25],[-36.5,-14.75],[-35.5,-14.75],[-35.5,-15.0],[-34.25,-15.0],[-34.25,-13.75],[-33.25,-13.75],[-33.25,-12.25],[-32.0,-12.25],[-32.0,-10.75],[-31.0,-10.75],[-31.0,-10.0],[-36.5,-10.0]]]},"properties":{"id":351,"lon":-35.5,"lat":-12.37,"e5":0.71,"e10":0.77,"e15":0.80,"rh":9.0,"rc":23.5,"sst":26.8,"om":4.24,"bf":false}},{"type":"Feature","geometry":{"type":"Polygon","coordinates":[[[55.5,17.5],[55.5,17.25],[54.5,17.25],[54.5,16.75],[53.25,16.75],[53.25,12.75],[54.5,12.75],[54.5,12.5],[53.25,12.5],[53.25,12.0],[54.5,12.0],[54.5,11.5],[55.5,11.5],[55.5,11.0],[56.75,11.0],[56.75,10.25],[57.75,10.25],[57.75,12.0],[58.25,12.0],[58.25,12.25],[59.0,12.25],[59.0,13.0],[57.75,13.0],[57.75,14.75],[59.0,14.75],[59.0,15.75],[57.75,15.75],[57.75,17.0],[57.0,17.0],[57.0,16.75],[56.75,16.75],[56.75,17.5],[55.5,17.5]]]},"properties":{"id":352,"lon":55.5,"lat":13.87,"e5":0.65,"e10":0.74,"e15":0.77,"rh":9.3,"rc":24.2,"sst":26.8,"om":4.0,"bf":false}},{"type":"Feature","geometry":{"type":"Polygon","coordinates":[[[-74.75,-26.25],[-74.75,-26.75],[-76.0,-26.75],[-76.0,-31.5],[-72.5,-31.5],[-72.5,-32.0],[-71.5,-32.0],[-71.5,-27.75],[-70.25,-27.75],[-70.25,-27.25],[-71.5,-27.25],[-71.5,-26.75],[-73.75,-26.75],[-73.75,-26.25],[-74.75,-26.25]]]},"properties":{"id":353,"lon":-73.75,"lat":-29.62,"e5":0.71,"e10":0.75,"e15":0.76,"rh":11.5,"rc":29.9,"sst":16.8,"om":2.74,"bf":false}},{"type":"Feature","geometry":{"type":"Polygon","coordinates":[[[49.0,-19.75],[49.0,-21.5],[47.75,-21.5],[47.75,-24.5],[49.0,-24.5],[49.0,-25.25],[50.0,-25.25],[50.0,-26.25],[51.25,-26.25],[51.25,-25.75],[52.25,-25.75],[52.25,-22.25],[53.5,-22.25],[53.5,-20.75],[52.25,-20.75],[52.25,-20.25],[51.25,-20.25],[51.25,-20.0],[50.0,-20.0],[50.0,-19.75],[49.0,-19.75]]]},"properties":{"id":354,"lon":50.0,"lat":-23.37,"e5":0.66,"e10":0.73,"e15":0.76,"rh":9.4,"rc":24.5,"sst":25.4,"om":3.92,"bf":false}},{"type":"Feature","geometry":{"type":"Polygon","coordinates":[[[104.0,-1.5],[104.0,-1.75],[106.25,-1.75],[106.25,-2.75],[108.5,-2.75],[108.5,-3.0],[106.25,-3.0],[106.25,-6.0],[107.5,-6.0],[107.5,-6.25],[108.5,-6.25],[108.5,-6.75],[109.75,-6.75],[109.75,-6.5],[110.75,-6.5],[110.75,-2.5],[109.75,-2.5],[109.75,-1.5],[104.0,-1.5]]]},"properties":{"id":355,"lon":108.5,"lat":-4.5,"e5":0.74,"e10":0.78,"e15":0.80,"rh":9.2,"rc":24.0,"sst":28.9,"om":3.84,"bf":false}},{"type":"Feature","geometry":{"type":"Polygon","coordinates":[[[-67.0,-48.5],[-67.0,-49.0],[-68.0,-49.0],[-68.0,-50.0],[-69.25,-50.0],[-69.25,-52.75],[-68.0,-52.75],[-68.0,-53.75],[-67.0,-53.75],[-67.0,-54.5],[-64.75,-54.5],[-64.75,-53.25],[-63.5,-53.25],[-63.5,-52.25],[-62.5,-52.25],[-62.5,-50.75],[-63.5,-50.75],[-63.5,-49.0],[-64.75,-49.0],[-64.75,-48.5],[-67.0,-48.5]]]},"properties":{"id":356,"lon":-65.87,"lat":-51.5,"e5":0.79,"e10":0.81,"e15":0.82,"rh":12.6,"rc":32.8,"sst":8.6,"om":2.14,"bf":false}},{"type":"Feature","geometry":{"type":"MultiPolygon","coordinates":[[[[-179.5,-34.5],[-179.5,-35.25],[-178.25,-35.25],[-178.25,-36.25],[-177.25,-36.25],[-177.25,-40.5],[-178.25,-40.5],[-178.25,-42.5],[-178.5,-42.5],[-178.5,-42.75],[-179.5,-42.75],[-179.5,-42.0],[-180.0,-42.0],[-180.0,-34.5],[-179.5,-34.5]]],[[[179.5,-33.5],[179.5,-34.5],[180.0,-34.5],[180.0,-42.0],[179.5,-42.0],[179.5,-41.5],[178.25,-41.5],[178.25,-41.0],[177.25,-41.0],[177.25,-39.0],[178.25,-39.0],[178.25,-37.75],[176.0,-37.75],[176.0,-36.75],[177.25,-36.75],[177.25,-35.25],[178.25,-35.25],[178.25,-33.5],[179.5,-33.5]]]]},"properties":{"id":357,"lon":178.0,"lat":-37.25,"e5":0.61,"e10":0.66,"e15":0.69,"rh":10.7,"rc":27.8,"sst":18.2,"om":3.26,"bf":false}},{"type":"Feature","geometry":{"type":"Polygon","coordinates":[[[8.5,-10.0],[8.5,-10.25],[9.5,-10.25],[9.5,-12.25],[8.5,-12.25],[8.5,-13.0],[9.5,-13.0],[9.5,-13.75],[10.75,-13.75],[10.75,-14.5],[11.75,-14.5],[11.75,-14.75],[13.0,-14.75],[13.0,-12.5],[14.0,-12.5],[14.0,-10.25],[13.0,-10.25],[13.0,-10.0],[8.5,-10.0]]]},"properties":{"id":358,"lon":11.25,"lat":-12.37,"e5":0.69,"e10":0.75,"e15":0.78,"rh":9.8,"rc":25.5,"sst":25.3,"om":3.72,"bf":false}},{"type":"Feature","geometry":{"type":"Polygon","coordinates":[[[133.25,-3.75],[133.25,-6.0],[132.25,-6.0],[132.25,-7.0],[133.25,-7.0],[133.25,-7.25],[134.5,-7.25],[134.5,-8.75],[135.5,-8.75],[135.5,-8.25],[136.75,-8.25],[136.75,-8.0],[137.75,-8.0],[137.75,-7.5],[139.0,-7.5],[139.0,-6.0],[137.75,-6.0],[137.75,-4.75],[136.75,-4.75],[136.75,-4.5],[135.5,-4.5],[135.5,-4.25],[134.5,-4.25],[134.5,-3.75],[133.25,-3.75]]]},"properties":{"id":359,"lon":135.62,"lat":-6.5,"e5":0.67,"e10":0.74,"e15":0.77,"rh":9.2,"rc":23.8,"sst":28.2,"om":3.93,"bf":false}},{"type":"Feature","geometry":{"type":"Polygon","coordinates":[[[95.25,16.25],[95.25,16.0],[93.75,16.0],[93.75,15.5],[92.75,15.5],[92.75,14.5],[91.5,14.5],[91.5,13.25],[92.75,13.25],[92.75,12.75],[93.0,12.75],[93.0,13.0],[93.75,13.0],[93.75,9.75],[96.0,9.75],[96.0,10.0],[97.25,10.0],[97.25,10.25],[98.25,10.25],[98.25,15.5],[97.25,15.5],[97.25,16.25],[95.25,16.25]]]},"properties":{"id":360,"lon":95.5,"lat":13.12,"e5":0.70,"e10":0.77,"e15":0.79,"rh":9.4,"rc":24.4,"sst":28.3,"om":3.69,"bf":false}},{"type":"Feature","geometry":{"type":"Polygon","coordinates":[[[31.0,-29.25],[31.0,-30.75],[29.75,-30.75],[29.75,-32.0],[28.75,-32.0],[28.75,-34.5],[29.75,-34.5],[29.75,-36.25],[31.0,-36.25],[31.0,-35.75],[32.0,-35.75],[32.0,-34.5],[33.25,-34.5],[33.25,-33.5],[34.25,-33.5],[34.25,-32.5],[35.5,-32.5],[35.5,-30.75],[34.25,-30.75],[34.25,-30.25],[33.25,-30.25],[33.25,-29.25],[31.0,-29.25]]]},"properties":{"id":361,"lon":31.5,"lat":-33.0,"e5":0.62,"e10":0.69,"e15":0.73,"rh":9.8,"rc":25.4,"sst":23.3,"om":3.74,"bf":false}},{"type":"Feature","geometry":{"type":"Polygon","coordinates":[[[151.25,-17.25],[151.25,-19.0],[150.25,-19.0],[150.25,-20.25],[149.0,-20.25],[149.0,-20.75],[151.25,-20.75],[151.25,-21.0],[152.5,-21.0],[152.5,-22.0],[150.25,-22.0],[150.25,-22.75],[151.25,-22.75],[151.25,-24.5],[152.5,-24.5],[152.5,-24.0],[153.5,-24.0],[153.5,-23.5],[154.75,-23.5],[154.75,-22.75],[155.75,-22.75],[155.75,-22.25],[157.0,-22.25],[157.0,-20.25],[155.75,-20.25],[155.75,-18.75],[154.75,-18.75],[154.75,-18.25],[153.5,-18.25],[153.5,-17.75],[152.5,-17.75],[152.5,-17.25],[151.25,-17.25]]]},"properties":{"id":362,"lon":154.12,"lat":-20.87,"e5":0.64,"e10":0.72,"e15":0.75,"rh":9.2,"rc":24.0,"sst":25.6,"om":4.03,"bf":false}},{"type":"Feature","geometry":{"type":"Polygon","coordinates":[[[69.25,-45.25],[69.25,-49.0],[70.25,-49.0],[70.25,-49.5],[69.25,-49.5],[69.25,-53.25],[71.5,-53.25],[71.5,-52.75],[72.5,-52.75],[72.5,-52.25],[73.75,-52.25],[73.75,-51.75],[74.75,-51.75],[74.75,-51.25],[76.0,-51.25],[76.0,-48.0],[74.75,-48.0],[74.75,-47.0],[73.75,-47.0],[73.75,-46.25],[72.5,-46.25],[72.5,-45.75],[71.5,-45.75],[71.5,-45.25],[69.25,-45.25]]]},"properties":{"id":363,"lon":73.12,"lat":-49.25,"e5":0.73,"e10":0.77,"e15":0.79,"rh":13.1,"rc":34.1,"sst":5.7,"om":1.89,"bf":false}},{"type":"Feature","geometry":{"type":"Polygon","coordinates":[[[121.0,-10.0],[121.0,-11.25],[119.75,-11.25],[119.75,-14.5],[121.0,-14.5],[121.0,-14.75],[122.0,-14.75],[122.0,-15.25],[123.25,-15.25],[123.25,-15.5],[124.25,-15.5],[124.25,-10.25],[123.25,-10.25],[123.25,-10.0],[121.0,-10.0]]]},"properties":{"id":364,"lon":122.0,"lat":-12.87,"e5":0.62,"e10":0.72,"e15":0.76,"rh":9.1,"rc":23.5,"sst":28.5,"om":4.06,"bf":false}},{"type":"Feature","geometry":{"type":"MultiPolygon","coordinates":[[[[80.25,6.5],[79.25,6.5],[79.25,5.75],[78.0,5.75],[78.0,5.0],[77.0,5.0],[77.0,5.25],[75.75,5.25],[75.75,8.25],[78.0,8.25],[78.0,9.0],[80.25,9.0],[80.25,6.5]]],[[[80.25,9.25],[79.25,9.25],[79.25,10.25],[80.25,10.25],[80.25,9.5],[81.5,9.5],[81.5,9.0],[80.25,9.0],[80.25,9.25]]]]},"properties":{"id":365,"lon":78.0,"lat":7.37,"e5":0.69,"e10":0.77,"e15":0.79,"rh":9.1,"rc":23.6,"sst":28.1,"om":4.07,"bf":false}},{"type":"Feature","geometry":{"type":"Polygon","coordinates":[[[40.0,-2.5],[40.0,-4.5],[38.75,-4.5],[38.75,-6.75],[40.0,-6.75],[40.0,-8.25],[41.0,-8.25],[41.0,-8.0],[42.25,-8.0],[42.25,-7.75],[43.25,-7.75],[43.25,-4.0],[42.25,-4.0],[42.25,-3.25],[41.0,-3.25],[41.0,-2.5],[40.0,-2.5]]]},"properties":{"id":366,"lon":41.0,"lat":-5.62,"e5":0.70,"e10":0.77,"e15":0.79,"rh":9.2,"rc":24.0,"sst":27.2,"om":4.02,"bf":false}},{"type":"Feature","geometry":{"type":"Polygon","coordinates":[[[-76.0,-40.5],[-76.0,-41.0],[-78.25,-41.0],[-78.25,-44.25],[-77.0,-44.25],[-77.0,-45.25],[-76.0,-45.25],[-76.0,-45.75],[-73.75,-45.75],[-73.75,-44.75],[-72.5,-44.75],[-72.5,-41.5],[-73.75,-41.5],[-73.75,-40.5],[-76.0,-40.5]]]},"properties":{"id":367,"lon":-75.37,"lat":-42.87,"e5":0.76,"e10":0.79,"e15":0.79,"rh":11.9,"rc":30.9,"sst":12.9,"om":2.51,"bf":false}},{"type":"Feature","geometry":{"type":"Polygon","coordinates":[[[-53.5,-33.5],[-53.5,-34.5],[-56.75,-34.5],[-56.75,-37.75],[-58.0,-37.75],[-58.0,-39.0],[-56.75,-39.0],[-56.75,-40.5],[-55.75,-40.5],[-55.75,-41.0],[-54.5,-41.0],[-54.5,-40.5],[-53.5,-40.5],[-53.5,-39.5],[-52.25,-39.5],[-52.25,-37.75],[-51.25,-37.75],[-51.25,-37.25],[-50.0,-37.25],[-50.0,-35.75],[-51.25,-35.75],[-51.25,-34.5],[-52.25,-34.5],[-52.25,-33.5],[-53.5,-33.5]]]},"properties":{"id":368,"lon":-53.37,"lat":-36.5,"e5":0.68,"e10":0.75,"e15":0.78,"rh":10.6,"rc":27.6,"sst":18.1,"om":3.24,"bf":false}},{"type":"Feature","geometry":{"type":"Polygon","coordinates":[[[166.0,-17.75],[166.0,-21.5],[164.75,-21.5],[164.75,-24.75],[167.0,-24.75],[167.0,-24.5],[168.25,-24.5],[168.25,-24.0],[169.25,-24.0],[169.25,-22.25],[170.5,-22.25],[170.5,-20.25],[169.25,-20.25],[169.25,-18.75],[168.25,-18.75],[168.25,-18.25],[167.0,-18.25],[167.0,-17.75],[166.0,-17.75]]]},"properties":{"id":369,"lon":168.25,"lat":-20.87,"e5":0.62,"e10":0.72,"e15":0.76,"rh":9.3,"rc":24.2,"sst":25.4,"om":4.0,"bf":false}},{"type":"Feature","geometry":{"type":"Polygon","coordinates":[[[13.0,-22.25],[13.0,-22.75],[11.75,-22.75],[11.75,-23.0],[10.75,-23.0],[10.75,-23.5],[9.5,-23.5],[9.5,-25.25],[10.75,-25.25],[10.75,-28.75],[11.75,-28.75],[11.75,-29.25],[13.0,-29.25],[13.0,-28.75],[14.0,-28.75],[14.0,-28.25],[15.25,-28.25],[15.25,-24.5],[14.0,-24.5],[14.0,-22.25],[13.0,-22.25]]]},"properties":{"id":370,"lon":13.0,"lat":-26.75,"e5":0.66,"e10":0.73,"e15":0.77,"rh":10.7,"rc":27.9,"sst":19.2,"om":3.22,"bf":false}},{"type":"Feature","geometry":{"type":"Polygon","coordinates":[[[110.75,-19.75],[110.75,-21.0],[109.75,-21.0],[109.75,-23.0],[108.5,-23.0],[108.5,-25.25],[109.75,-25.25],[109.75,-25.75],[113.0,-25.75],[113.0,-25.25],[114.25,-25.25],[114.25,-24.5],[113.0,-24.5],[113.0,-24.0],[114.25,-24.0],[114.25,-21.0],[113.0,-21.0],[113.0,-20.0],[112.0,-20.0],[112.0,-19.75],[110.75,-19.75]]]},"properties":{"id":371,"lon":112.0,"lat":-22.0,"e5":0.56,"e10":0.64,"e15":0.68,"rh":9.4,"rc":24.5,"sst":25.0,"om":3.93,"bf":false}},{"type":"Feature","geometry":{"type":"Polygon","coordinates":[[[40.0,-15.5],[40.0,-16.75],[38.75,-16.75],[38.75,-17.25],[37.75,-17.25],[37.75,-18.25],[38.75,-18.25],[38.75,-20.0],[40.0,-20.0],[40.0,-22.0],[43.25,-22.0],[43.25,-21.0],[44.5,-21.0],[44.5,-17.25],[43.25,-17.25],[43.25,-16.75],[42.25,-16.75],[42.25,-16.25],[41.0,-16.25],[41.0,-15.5],[40.0,-15.5]]]},"properties":{"id":372,"lon":41.62,"lat":-19.12,"e5":0.68,"e10":0.73,"e15":0.76,"rh":9.2,"rc":23.9,"sst":27.2,"om":4.04,"bf":false}},{"type":"Feature","geometry":{"type":"Polygon","coordinates":[[[144.5,-42.0],[144.5,-42.75],[143.5,-42.75],[143.5,-43.75],[142.25,-43.75],[142.25,-44.25],[141.25,-44.25],[141.25,-45.25],[142.25,-45.25],[142.25,-45.75],[143.5,-45.75],[143.5,-46.25],[144.5,-46.25],[144.5,-47.0],[149.0,-47.0],[149.0,-44.75],[148.0,-44.75],[148.0,-43.25],[145.75,-43.25],[145.75,-42.0],[144.5,-42.0]]]},"properties":{"id":373,"lon":144.62,"lat":-44.5,"e5":0.68,"e10":0.74,"e15":0.76,"rh":12.0,"rc":31.2,"sst":12.4,"om":2.5,"bf":false}},{"type":"Feature","geometry":{"type":"Polygon","coordinates":[[[-82.75,-10.0],[-82.75,-11.25],[-81.5,-11.25],[-81.5,-13.25],[-80.5,-13.25],[-80.5,-15.5],[-79.25,-15.5],[-79.25,-14.75],[-78.25,-14.75],[-78.25,-14.0],[-77.0,-14.0],[-77.0,-13.0],[-76.0,-13.0],[-76.0,-12.75],[-77.0,-12.75],[-77.0,-11.0],[-78.25,-11.0],[-78.25,-10.0],[-82.75,-10.0]]]},"properties":{"id":374,"lon":-79.25,"lat":-12.0,"e5":0.73,"e10":0.76,"e15":0.78,"rh":11.1,"rc":28.9,"sst":21.0,"om":2.95,"bf":false}},{"type":"Feature","geometry":{"type":"Polygon","coordinates":[[[50.0,8.0],[50.0,7.25],[48.75,7.25],[48.75,5.0],[47.75,5.0],[47.75,3.5],[48.75,3.5],[48.75,2.75],[50.0,2.75],[50.0,1.5],[51.0,1.5],[51.0,2.75],[52.25,2.75],[52.25,4.75],[53.25,4.75],[53.25,6.75],[52.25,6.75],[52.25,7.5],[51.0,7.5],[51.0,8.0],[50.0,8.0]]]},"properties":{"id":375,"lon":50.5,"lat":4.87,"e5":0.69,"e10":0.77,"e15":0.79,"rh":9.2,"rc":24.0,"sst":27.3,"om":4.03,"bf":false}},{"type":"Feature","geometry":{"type":"Polygon","coordinates":[[[63.5,25.5],[63.5,25.25],[63.25,25.25],[63.25,24.25],[62.25,24.25],[62.25,20.0],[63.5,20.0],[63.5,21.0],[64.5,21.0],[64.5,20.5],[65.75,20.5],[65.75,19.25],[66.75,19.25],[66.75,19.75],[68.0,19.75],[68.0,21.0],[69.0,21.0],[69.0,24.0],[67.75,24.0],[67.75,24.5],[66.75,24.5],[66.75,25.5],[63.5,25.5]]]},"properties":{"id":376,"lon":65.62,"lat":22.5,"e5":0.50,"e10":0.63,"e15":0.68,"rh":8.9,"rc":23.2,"sst":27.2,"om":4.29,"bf":false}},{"type":"Feature","geometry":{"type":"Polygon","coordinates":[[[169.25,-34.5],[169.25,-39.0],[168.25,-39.0],[168.25,-39.5],[169.25,-39.5],[169.25,-40.5],[170.5,-40.5],[170.5,-41.5],[172.75,-41.5],[172.75,-41.0],[175.0,-41.0],[175.0,-39.5],[173.75,-39.5],[173.75,-39.0],[175.0,-39.0],[175.0,-36.75],[173.75,-36.75],[173.75,-36.25],[172.75,-36.25],[172.75,-35.75],[171.5,-35.75],[171.5,-35.25],[170.5,-35.25],[170.5,-34.5],[169.25,-34.5]]]},"properties":{"id":377,"lon":172.12,"lat":-37.87,"e5":0.64,"e10":0.72,"e15":0.74,"rh":10.9,"rc":28.4,"sst":17.6,"om":3.11,"bf":false}},{"type":"Feature","geometry":{"type":"Polygon","coordinates":[[[128.75,-31.5],[128.75,-32.0],[127.75,-32.0],[127.75,-32.5],[125.5,-32.5],[125.5,-33.0],[124.25,-33.0],[124.25,-34.5],[125.5,-34.5],[125.5,-36.75],[126.5,-36.75],[126.5,-36.25],[127.75,-36.25],[127.75,-35.75],[130.0,-35.75],[130.0,-31.5],[128.75,-31.5]]]},"properties":{"id":378,"lon":127.12,"lat":-33.75,"e5":0.60,"e10":0.66,"e15":0.69,"rh":11.0,"rc":28.6,"sst":17.5,"om":3.09,"bf":false}},{"type":"Feature","geometry":{"type":"Polygon","coordinates":[[[96.0,3.0],[96.0,2.25],[95.0,2.25],[95.0,1.25],[93.75,1.25],[93.75,0.75],[94.0,0.75],[94.0,0.0],[95.0,0.0],[95.0,-1.25],[96.25,-1.25],[96.25,-3.0],[98.5,-3.0],[98.5,-2.5],[99.5,-2.5],[99.5,-1.5],[100.75,-1.5],[100.75,-0.5],[99.5,-0.5],[99.5,1.0],[98.25,1.0],[98.25,2.5],[97.25,2.5],[97.25,3.0],[96.0,3.0]]]},"properties":{"id":379,"lon":96.75,"lat":0.37,"e5":0.70,"e10":0.77,"e15":0.79,"rh":8.9,"rc":23.3,"sst":29.1,"om":4.09,"bf":false}},{"type":"Feature","geometry":{"type":"MultiPolygon","coordinates":[[[[-179.5,-20.0],[-179.5,-21.0],[-180.0,-21.0],[-180.0,-20.0],[-179.5,-20.0]]],[[[178.25,-18.0],[178.25,-18.75],[179.5,-18.75],[179.5,-20.0],[180.0,-20.0],[180.0,-21.0],[178.25,-21.0],[178.25,-21.5],[177.25,-21.5],[177.25,-21.0],[175.0,-21.0],[175.0,-20.25],[173.75,-20.25],[173.75,-19.0],[175.0,-19.0],[175.0,-18.25],[176.0,-18.25],[176.0,-18.0],[178.25,-18.0]]]]},"properties":{"id":380,"lon":176.62,"lat":-19.5,"e5":0.64,"e10":0.73,"e15":0.77,"rh":9.1,"rc":23.7,"sst":26.4,"om":4.09,"bf":false}},{"type":"Feature","geometry":{"type":"Polygon","coordinates":[[[87.0,21.75],[87.0,20.0],[86.0,20.0],[86.0,19.5],[84.75,19.5],[84.75,18.75],[83.75,18.75],[83.75,17.5],[82.5,17.5],[82.5,16.5],[81.5,16.5],[81.5,16.0],[82.5,16.0],[82.5,15.25],[83.75,15.25],[83.75,14.75],[84.75,14.75],[84.75,14.0],[86.0,14.0],[86.0,15.0],[87.0,15.0],[87.0,16.5],[88.25,16.5],[88.25,21.75],[87.0,21.75]]]},"properties":{"id":381,"lon":86.0,"lat":18.12,"e5":0.68,"e10":0.76,"e15":0.78,"rh":9.4,"rc":24.3,"sst":27.9,"om":3.79,"bf":false}},{"type":"Feature","geometry":{"type":"Polygon","coordinates":[[[47.75,-9.5],[47.75,-10.0],[46.75,-10.0],[46.75,-10.25],[45.5,-10.25],[45.5,-11.0],[44.5,-11.0],[44.5,-12.25],[45.5,-12.25],[45.5,-14.0],[46.75,-14.0],[46.75,-15.0],[47.75,-15.0],[47.75,-13.75],[49.0,-13.75],[49.0,-12.5],[50.0,-12.5],[50.0,-9.5],[47.75,-9.5]]]},"properties":{"id":382,"lon":47.25,"lat":-11.62,"e5":0.69,"e10":0.75,"e15":0.77,"rh":9.2,"rc":24.0,"sst":27.1,"om":4.01,"bf":false}},{"type":"Feature","geometry":{"type":"Polygon","coordinates":[[[143.5,-10.0],[143.5,-14.25],[144.5,-14.25],[144.5,-14.5],[145.75,-14.5],[145.75,-15.0],[146.75,-15.0],[146.75,-14.5],[148.0,-14.5],[148.0,-14.0],[149.0,-14.0],[149.0,-10.25],[148.0,-10.25],[148.0,-10.0],[143.5,-10.0]]]},"properties":{"id":383,"lon":146.25,"lat":-12.12,"e5":0.68,"e10":0.76,"e15":0.79,"rh":9.1,"rc":23.6,"sst":27.3,"om":4.09,"bf":false}},{"type":"Feature","geometry":{"type":"Polygon","coordinates":[[[-44.5,-23.0],[-44.5,-23.5],[-45.5,-23.5],[-45.5,-24.0],[-46.75,-24.0],[-46.75,-24.5],[-47.75,-24.5],[-47.75,-25.25],[-49.0,-25.25],[-49.0,-28.75],[-47.75,-28.75],[-47.75,-29.75],[-46.75,-29.75],[-46.75,-30.25],[-45.5,-30.25],[-45.5,-30.75],[-44.5,-30.75],[-44.5,-26.75],[-43.25,-26.75],[-43.25,-26.25],[-41.0,-26.25],[-41.0,-25.75],[-42.25,-25.75],[-42.25,-24.5],[-43.25,-24.5],[-43.25,-23.0],[-44.5,-23.0]]]},"properties":{"id":384,"lon":-46.75,"lat":-27.75,"e5":0.69,"e10":0.77,"e15":0.80,"rh":9.7,"rc":25.2,"sst":23.5,"om":3.84,"bf":false}},{"type":"Feature","geometry":{"type":"Polygon","coordinates":[[[-80.5,-49.5],[-80.5,-53.75],[-79.25,-53.75],[-79.25,-54.5],[-78.25,-54.5],[-78.25,-55.5],[-76.0,-55.5],[-76.0,-53.75],[-74.75,-53.75],[-74.75,-52.75],[-73.75,-52.75],[-73.75,-52.25],[-74.75,-52.25],[-74.75,-51.75],[-73.75,-51.75],[-73.75,-50.0],[-74.75,-50.0],[-74.75,-49.5],[-80.5,-49.5]]]},"properties":{"id":385,"lon":-77.12,"lat":-52.5,"e5":0.72,"e10":0.76,"e15":0.78,"rh":12.6,"rc":32.8,"sst":8.8,"om":2.13,"bf":false}},{"type":"Feature","geometry":{"type":"Polygon","coordinates":[[[115.25,-34.5],[115.25,-35.75],[114.25,-35.75],[114.25,-37.25],[113.0,-37.25],[113.0,-37.75],[114.25,-37.75],[114.25,-38.25],[116.5,-38.25],[116.5,-39.0],[118.75,-39.0],[118.75,-38.25],[119.75,-38.25],[119.75,-34.5],[118.75,-34.5],[118.75,-35.25],[116.5,-35.25],[116.5,-34.5],[115.25,-34.5]]]},"properties":{"id":386,"lon":117.0,"lat":-36.5,"e5":0.50,"e10":0.55,"e15":0.59,"rh":10.7,"rc":27.8,"sst":17.4,"om":3.29,"bf":false}},{"type":"Feature","geometry":{"type":"Polygon","coordinates":[[[-56.75,-48.0],[-56.75,-49.5],[-58.0,-49.5],[-58.0,-51.75],[-59.0,-51.75],[-59.0,-53.25],[-58.0,-53.25],[-58.0,-55.5],[-56.75,-55.5],[-56.75,-55.0],[-55.75,-55.0],[-55.75,-54.5],[-54.5,-54.5],[-54.5,-53.75],[-53.5,-53.75],[-53.5,-53.25],[-52.25,-53.25],[-52.25,-49.5],[-53.5,-49.5],[-53.5,-49.0],[-54.5,-49.0],[-54.5,-48.5],[-55.75,-48.5],[-55.75,-48.0],[-56.75,-48.0]]]},"properties":{"id":387,"lon":-55.12,"lat":-50.62,"e5":0.68,"e10":0.74,"e15":0.76,"rh":12.8,"rc":33.3,"sst":6.9,"om":2.04,"bf":false}},{"type":"Feature","geometry":{"type":"Polygon","coordinates":[[[168.25,-39.5],[168.25,-40.0],[167.0,-40.0],[167.0,-40.5],[166.0,-40.5],[166.0,-41.5],[164.75,-41.5],[164.75,-42.0],[163.75,-42.0],[163.75,-42.75],[164.75,-42.75],[164.75,-43.75],[166.0,-43.75],[166.0,-44.75],[168.25,-44.75],[168.25,-44.25],[169.25,-44.25],[169.25,-43.75],[170.5,-43.75],[170.5,-42.75],[171.5,-42.75],[171.5,-41.5],[170.5,-41.5],[170.5,-40.5],[169.25,-40.5],[169.25,-39.5],[168.25,-39.5]]]},"properties":{"id":388,"lon":167.62,"lat":-42.37,"e5":0.67,"e10":0.74,"e15":0.76,"rh":11.3,"rc":29.4,"sst":15.8,"om":2.89,"bf":false}},{"type":"Feature","geometry":{"type":"Polygon","coordinates":[[[72.5,16.75],[72.5,16.0],[71.25,16.0],[71.25,15.5],[70.25,15.5],[70.25,15.25],[69.0,15.25],[69.0,14.5],[70.25,14.5],[70.25,11.5],[71.25,11.5],[71.25,10.5],[72.5,10.5],[72.5,11.0],[73.5,11.0],[73.5,11.75],[74.75,11.75],[74.75,15.0],[73.5,15.0],[73.5,16.75],[72.5,16.75]]]},"properties":{"id":389,"lon":72.5,"lat":13.12,"e5":0.64,"e10":0.74,"e15":0.77,"rh":8.8,"rc":22.8,"sst":28.2,"om":4.31,"bf":false}},{"type":"Feature","geometry":{"type":"Polygon","coordinates":[[[17.5,-33.5],[17.5,-34.5],[16.25,-34.5],[16.25,-35.75],[15.25,-35.75],[15.25,-36.75],[16.25,-36.75],[16.25,-37.25],[17.5,-37.25],[17.5,-37.75],[19.75,-37.75],[19.75,-38.25],[22.0,-38.25],[22.0,-37.75],[23.0,-37.75],[23.0,-34.0],[22.0,-34.0],[22.0,-34.5],[19.75,-34.5],[19.75,-34.0],[18.5,-34.0],[18.5,-33.5],[17.5,-33.5]]]},"properties":{"id":390,"lon":19.12,"lat":-36.25,"e5":0.59,"e10":0.66,"e15":0.72,"rh":10.3,"rc":26.9,"sst":20.1,"om":3.44,"bf":false}},{"type":"Feature","geometry":{"type":"Polygon","coordinates":[[[127.75,-1.5],[127.75,-3.0],[130.0,-3.0],[130.0,-3.25],[127.75,-3.25],[127.75,-5.25],[128.75,-5.25],[128.75,-6.5],[131.0,-6.5],[131.0,-6.75],[132.25,-6.75],[132.25,-6.0],[133.25,-6.0],[133.25,-3.25],[132.25,-3.25],[132.25,-2.75],[133.25,-2.75],[133.25,-2.25],[132.25,-2.25],[132.25,-1.5],[127.75,-1.5]],[[130.0,-3.25],[131.0,-3.25],[131.0,-3.5],[130.0,-3.5],[130.0,-3.25]]]},"properties":{"id":391,"lon":130.5,"lat":-4.37,"e5":0.59,"e10":0.71,"e15":0.75,"rh":9.0,"rc":23.5,"sst":28.8,"om":4.04,"bf":false}},{"type":"Feature","geometry":{"type":"Polygon","coordinates":[[[124.25,-10.0],[124.25,-15.0],[125.5,-15.0],[125.5,-14.5],[126.5,-14.5],[126.5,-14.0],[127.75,-14.0],[127.75,-14.75],[130.0,-14.75],[130.0,-11.75],[128.75,-11.75],[128.75,-10.25],[125.5,-10.25],[125.5,-10.0],[124.25,-10.0]]]},"properties":{"id":392,"lon":127.12,"lat":-12.87,"e5":0.63,"e10":0.73,"e15":0.76,"rh":9.1,"rc":23.6,"sst":28.3,"om":4.03,"bf":false}},{"type":"Feature","geometry":{"type":"Polygon","coordinates":[[[52.25,16.5],[52.25,15.5],[51.0,15.5],[51.0,15.0],[50.0,15.0],[50.0,14.75],[48.75,14.75],[48.75,11.25],[50.0,11.25],[50.0,11.75],[51.0,11.75],[51.0,11.25],[52.25,11.25],[52.25,11.75],[53.25,11.75],[53.25,16.5],[52.25,16.5]]]},"properties":{"id":393,"lon":51.0,"lat":13.25,"e5":0.66,"e10":0.74,"e15":0.77,"rh":9.2,"rc":24.0,"sst":27.3,"om":4.05,"bf":false}},{"type":"Feature","geometry":{"type":"Polygon","coordinates":[[[153.5,-28.75],[153.5,-31.5],[152.5,-31.5],[152.5,-34.0],[153.5,-34.0],[153.5,-34.5],[154.75,-34.5],[154.75,-35.25],[155.75,-35.25],[155.75,-34.5],[157.0,-34.5],[157.0,-33.0],[158.0,-33.0],[158.0,-28.75],[153.5,-28.75]]]},"properties":{"id":394,"lon":155.25,"lat":-32.25,"e5":0.59,"e10":0.68,"e15":0.72,"rh":9.8,"rc":25.4,"sst":22.3,"om":3.77,"bf":false}},{"type":"Feature","geometry":{"type":"Polygon","coordinates":[[[116.5,-17.0],[116.5,-17.25],[115.25,-17.25],[115.25,-17.75],[114.25,-17.75],[114.25,-18.25],[113.0,-18.25],[113.0,-18.75],[112.0,-18.75],[112.0,-20.0],[113.0,-20.0],[113.0,-21.0],[114.25,-21.0],[114.25,-22.0],[115.25,-22.0],[115.25,-21.0],[116.5,-21.0],[116.5,-20.75],[117.5,-20.75],[117.5,-20.25],[118.75,-20.25],[118.75,-18.75],[117.5,-18.75],[117.5,-17.0],[116.5,-17.0]]]},"properties":{"id":395,"lon":115.37,"lat":-19.37,"e5":0.58,"e10":0.67,"e15":0.72,"rh":9.2,"rc":23.9,"sst":26.9,"om":4.01,"bf":false}},{"type":"Feature","geometry":{"type":"Polygon","coordinates":[[[171.5,-43.75],[171.5,-45.25],[170.5,-45.25],[170.5,-46.25],[168.25,-46.25],[168.25,-47.5],[167.0,-47.5],[167.0,-50.0],[171.5,-50.0],[171.5,-49.5],[172.75,-49.5],[172.75,-49.0],[173.75,-49.0],[173.75,-48.5],[175.0,-48.5],[175.0,-47.0],[173.75,-47.0],[173.75,-45.25],[172.75,-45.25],[172.75,-43.75],[171.5,-43.75]]]},"properties":{"id":396,"lon":171.0,"lat":-46.62,"e5":0.65,"e10":0.70,"e15":0.72,"rh":12.3,"rc":32.0,"sst":10.5,"om":2.32,"bf":false}},{"type":"Feature","geometry":{"type":"Polygon","coordinates":[[[-38.75,-14.0],[-38.75,-18.0],[-40.0,-18.0],[-40.0,-19.25],[-38.75,-19.25],[-38.75,-19.75],[-37.75,-19.75],[-37.75,-20.25],[-36.5,-20.25],[-36.5,-20.75],[-35.5,-20.75],[-35.5,-18.75],[-34.25,-18.75],[-34.25,-15.0],[-35.5,-15.0],[-35.5,-14.75],[-36.5,-14.75],[-36.5,-14.25],[-37.75,-14.25],[-37.75,-14.0],[-38.75,-14.0]]]},"properties":{"id":397,"lon":-36.5,"lat":-16.5,"e5":0.71,"e10":0.78,"e15":0.81,"rh":9.1,"rc":23.8,"sst":26.3,"om":4.19,"bf":false}},{"type":"Feature","geometry":{"type":"MultiPolygon","coordinates":[[[[-63.5,-42.5],[-63.5,-42.75],[-62.5,-42.75],[-62.5,-43.25],[-61.25,-43.25],[-61.25,-44.25],[-60.25,-44.25],[-60.25,-46.25],[-61.25,-46.25],[-61.25,-47.5],[-62.5,-47.5],[-62.5,-48.5],[-63.5,-48.5],[-63.5,-49.0],[-64.75,-49.0],[-64.75,-48.5],[-65.75,-48.5],[-65.75,-47.0],[-67.0,-47.0],[-67.0,-45.25],[-65.75,-45.25],[-65.75,-44.25],[-64.75,-44.25],[-64.75,-42.75],[-63.75,-42.75],[-63.75,-42.5],[-63.5,-42.5]]],[[[-63.5,-41.5],[-63.5,-42.0],[-64.75,-42.0],[-64.75,-41.5],[-63.5,-41.5]]]]},"properties":{"id":398,"lon":-63.62,"lat":-45.75,"e5":0.78,"e10":0.81,"e15":0.82,"rh":12.1,"rc":31.6,"sst":11.5,"om":2.39,"bf":false}},{"type":"Feature","geometry":{"type":"Polygon","coordinates":[[[116.5,-1.5],[116.5,-3.75],[115.25,-3.75],[115.25,-7.0],[116.5,-7.0],[116.5,-7.75],[117.5,-7.75],[117.5,-7.5],[118.75,-7.5],[118.75,-7.25],[119.75,-7.25],[119.75,-5.0],[121.0,-5.0],[121.0,-4.75],[119.75,-4.75],[119.75,-3.0],[118.75,-3.0],[118.75,-2.25],[119.75,-2.25],[119.75,-1.5],[116.5,-1.5]]]},"properties":{"id":399,"lon":117.5,"lat":-4.25,"e5":0.67,"e10":0.75,"e15":0.78,"rh":8.9,"rc":23.2,"sst":28.8,"om":4.11,"bf":false}},{"type":"Feature","geometry":{"type":"Polygon","coordinates":[[[46.5,3.75],[46.5,2.5],[45.5,2.5],[45.5,1.75],[44.25,1.75],[44.25,0.5],[44.5,0.5],[44.5,0.25],[45.5,0.25],[45.5,-1.0],[46.75,-1.0],[46.75,-1.25],[47.75,-1.25],[47.75,-0.5],[49.0,-0.5],[49.0,0.0],[50.0,0.0],[50.0,1.25],[51.0,1.25],[51.0,1.5],[50.0,1.5],[50.0,2.75],[48.75,2.75],[48.75,3.5],[47.75,3.5],[47.75,3.75],[46.5,3.75]]]},"properties":{"id":400,"lon":47.62,"lat":1.37,"e5":0.70,"e10":0.77,"e15":0.79,"rh":9.2,"rc":23.9,"sst":27.5,"om":4.05,"bf":false}},{"type":"Feature","geometry":{"type":"Polygon","coordinates":[[[-73.75,-16.5],[-73.75,-17.25],[-74.75,-17.25],[-74.75,-18.75],[-76.0,-18.75],[-76.0,-19.25],[-74.75,-19.25],[-74.75,-22.0],[-70.25,-22.0],[-70.25,-18.0],[-71.5,-18.0],[-71.5,-17.0],[-72.5,-17.0],[-72.5,-16.5],[-73.75,-16.5]]]},"properties":{"id":401,"lon":-73.12,"lat":-19.0,"e5":0.73,"e10":0.76,"e15":0.78,"rh":11.0,"rc":28.7,"sst":20.3,"om":2.99,"bf":false}},{"type":"Feature","geometry":{"type":"Polygon","coordinates":[[[80.25,16.0],[80.25,12.0],[79.25,12.0],[79.25,11.25],[80.25,11.25],[80.25,10.5],[79.25,10.5],[79.25,10.25],[80.25,10.25],[80.25,9.5],[82.5,9.5],[82.5,9.75],[84.75,9.75],[84.75,14.75],[83.75,14.75],[83.75,15.25],[82.5,15.25],[82.5,16.0],[80.25,16.0]]]},"properties":{"id":402,"lon":82.5,"lat":13.37,"e5":0.69,"e10":0.77,"e15":0.79,"rh":9.3,"rc":24.1,"sst":28.2,"om":3.89,"bf":false}},{"type":"Feature","geometry":{"type":"Polygon","coordinates":[[[88.25,21.75],[88.25,17.25],[89.25,17.25],[89.25,15.5],[90.5,15.5],[90.5,13.75],[91.5,13.75],[91.5,14.5],[92.75,14.5],[92.75,15.5],[93.75,15.5],[93.75,16.75],[95.0,16.75],[95.0,18.5],[94.75,18.5],[94.75,18.25],[93.75,18.25],[93.75,20.0],[92.75,20.0],[92.75,21.5],[92.0,21.5],[92.0,21.25],[91.5,21.25],[91.5,21.75],[88.25,21.75]]]},"properties":{"id":403,"lon":91.62,"lat":17.75,"e5":0.70,"e10":0.77,"e15":0.79,"rh":9.5,"rc":24.6,"sst":27.9,"om":3.65,"bf":false}},{"type":"Feature","geometry":{"type":"Polygon","coordinates":[[[-62.5,-51.75],[-62.5,-52.25],[-63.5,-52.25],[-63.5,-53.25],[-64.75,-53.25],[-64.75,-56.5],[-63.5,-56.5],[-63.5,-58.0],[-62.5,-58.0],[-62.5,-57.5],[-61.25,-57.5],[-61.25,-57.0],[-60.25,-57.0],[-60.25,-56.0],[-58.0,-56.0],[-58.0,-53.25],[-59.0,-53.25],[-59.0,-52.25],[-61.25,-52.25],[-61.25,-51.75],[-62.5,-51.75]]]},"properties":{"id":404,"lon":-61.37,"lat":-54.62,"e5":0.70,"e10":0.75,"e15":0.77,"rh":12.9,"rc":33.6,"sst":6.6,"om":1.98,"bf":false}},{"type":"Feature","geometry":{"type":"Polygon","coordinates":[[[126.5,-5.0],[126.5,-5.5],[125.5,-5.5],[125.5,-6.25],[124.25,-6.25],[124.25,-9.0],[125.5,-9.0],[125.5,-9.5],[124.25,-9.5],[124.25,-10.0],[125.5,-10.0],[125.5,-10.25],[128.75,-10.25],[128.75,-9.0],[130.0,-9.0],[130.0,-6.5],[128.75,-6.5],[128.75,-5.25],[127.75,-5.25],[127.75,-5.0],[126.5,-5.0]],[[125.5,-8.5],[126.5,-8.5],[126.5,-9.0],[125.5,-9.0],[125.5,-8.5]]]},"properties":{"id":405,"lon":127.12,"lat":-7.5,"e5":0.61,"e10":0.72,"e15":0.76,"rh":9.1,"rc":23.7,"sst":28.4,"om":4.01,"bf":false}},{"type":"Feature","geometry":{"type":"Polygon","coordinates":[[[10.75,-17.75],[10.75,-18.25],[9.5,-18.25],[9.5,-18.75],[8.5,-18.75],[8.5,-19.0],[7.25,-19.0],[7.25,-19.25],[8.5,-19.25],[8.5,-21.5],[9.5,-21.5],[9.5,-23.5],[10.75,-23.5],[10.75,-23.0],[11.75,-23.0],[11.75,-22.75],[13.0,-22.75],[13.0,-22.25],[14.0,-22.25],[14.0,-20.75],[13.0,-20.75],[13.0,-18.75],[11.75,-18.75],[11.75,-17.75],[10.75,-17.75]]]},"properties":{"id":406,"lon":10.75,"lat":-20.0,"e5":0.66,"e10":0.73,"e15":0.77,"rh":10.7,"rc":27.7,"sst":20.3,"om":3.27,"bf":false}},{"type":"Feature","geometry":{"type":"Polygon","coordinates":[[[97.25,10.25],[97.25,10.0],[96.0,10.0],[96.0,9.75],[95.0,9.75],[95.0,8.5],[94.0,8.5],[94.0,8.25],[93.75,8.25],[93.75,7.5],[95.0,7.5],[95.0,6.0],[96.0,6.0],[96.0,5.0],[97.25,5.0],[97.25,4.75],[98.25,4.75],[98.25,3.75],[100.5,3.75],[100.5,6.5],[99.5,6.5],[99.5,8.0],[98.25,8.0],[98.25,10.25],[97.25,10.25]]]},"properties":{"id":407,"lon":97.25,"lat":7.0,"e5":0.70,"e10":0.78,"e15":0.80,"rh":9.3,"rc":24.2,"sst":28.7,"om":3.77,"bf":false}},{"type":"Feature","geometry":{"type":"Polygon","coordinates":[[[35.5,-24.5],[35.5,-24.75],[34.25,-24.75],[34.25,-25.25],[33.25,-25.25],[33.25,-27.75],[32.0,-27.75],[32.0,-29.25],[33.25,-29.25],[33.25,-30.25],[34.25,-30.25],[34.25,-30.75],[36.5,-30.75],[36.5,-28.75],[37.75,-28.75],[37.75,-27.25],[38.75,-27.25],[38.75,-25.75],[37.75,-25.75],[37.75,-24.75],[36.5,-24.75],[36.5,-24.5],[35.5,-24.5]]]},"properties":{"id":408,"lon":35.5,"lat":-27.5,"e5":0.64,"e10":0.70,"e15":0.74,"rh":9.5,"rc":24.6,"sst":25.0,"om":3.91,"bf":false}},{"type":"Feature","geometry":{"type":"Polygon","coordinates":[[[40.0,-22.0],[40.0,-23.0],[38.75,-23.0],[38.75,-24.5],[37.75,-24.5],[37.75,-25.75],[40.0,-25.75],[40.0,-26.75],[41.0,-26.75],[41.0,-27.75],[42.25,-27.75],[42.25,-28.25],[43.25,-28.25],[43.25,-26.75],[44.5,-26.75],[44.5,-24.5],[43.25,-24.5],[43.25,-22.0],[40.0,-22.0]]]},"properties":{"id":409,"lon":41.12,"lat":-25.12,"e5":0.66,"e10":0.72,"e15":0.75,"rh":9.4,"rc":24.5,"sst":25.3,"om":3.93,"bf":false}},{"type":"Feature","geometry":{"type":"Polygon","coordinates":[[[103.0,-4.75],[103.0,-6.5],[101.75,-6.5],[101.75,-8.25],[103.0,-8.25],[103.0,-10.0],[104.0,-10.0],[104.0,-10.25],[105.25,-10.25],[105.25,-10.5],[106.25,-10.5],[106.25,-8.75],[107.5,-8.75],[107.5,-7.5],[106.25,-7.5],[106.25,-5.25],[105.25,-5.25],[105.25,-5.5],[104.0,-5.5],[104.0,-4.75],[103.0,-4.75]]]},"properties":{"id":410,"lon":104.62,"lat":-7.87,"e5":0.70,"e10":0.76,"e15":0.78,"rh":9.1,"rc":23.8,"sst":28.1,"om":3.98,"bf":false}},{"type":"Feature","geometry":{"type":"Polygon","coordinates":[[[-74.75,-52.75],[-74.75,-53.75],[-76.0,-53.75],[-76.0,-55.5],[-77.0,-55.5],[-77.0,-56.5],[-76.0,-56.5],[-76.0,-57.0],[-74.75,-57.0],[-74.75,-57.5],[-73.75,-57.5],[-73.75,-58.0],[-72.5,-58.0],[-72.5,-58.75],[-70.25,-58.75],[-70.25,-53.75],[-72.5,-53.75],[-72.5,-52.75],[-74.75,-52.75]]]},"properties":{"id":411,"lon":-73.62,"lat":-56.0,"e5":0.68,"e10":0.73,"e15":0.76,"rh":12.9,"rc":33.5,"sst":7.2,"om":2.01,"bf":false}},{"type":"Feature","geometry":{"type":"Polygon","coordinates":[[[69.0,21.5],[69.0,21.0],[68.0,21.0],[68.0,19.75],[66.75,19.75],[66.75,18.0],[68.0,18.0],[68.0,17.75],[69.0,17.75],[69.0,15.25],[70.25,15.25],[70.25,15.5],[71.25,15.5],[71.25,16.0],[72.5,16.0],[72.5,16.75],[73.5,16.75],[73.5,18.5],[72.5,18.5],[72.5,20.75],[70.25,20.75],[70.25,21.5],[69.0,21.5]]]},"properties":{"id":412,"lon":70.12,"lat":18.25,"e5":0.58,"e10":0.70,"e15":0.74,"rh":8.8,"rc":22.9,"sst":27.6,"om":4.34,"bf":false}},{"type":"Feature","geometry":{"type":"Polygon","coordinates":[[[-49.0,-28.75],[-49.0,-29.25],[-50.0,-29.25],[-50.0,-30.25],[-51.25,-30.25],[-51.25,-31.5],[-52.25,-31.5],[-52.25,-34.5],[-51.25,-34.5],[-51.25,-35.75],[-50.0,-35.75],[-50.0,-36.25],[-49.0,-36.25],[-49.0,-35.25],[-47.75,-35.25],[-47.75,-33.0],[-46.75,-33.0],[-46.75,-32.0],[-45.5,-32.0],[-45.5,-30.25],[-46.75,-30.25],[-46.75,-29.75],[-47.75,-29.75],[-47.75,-28.75],[-49.0,-28.75]]]},"properties":{"id":413,"lon":-49.5,"lat":-32.5,"e5":0.68,"e10":0.75,"e15":0.78,"rh":10.2,"rc":26.5,"sst":20.8,"om":3.56,"bf":false}},{"type":"Feature","geometry":{"type":"Polygon","coordinates":[[[176.0,-14.25],[176.0,-14.5],[175.0,-14.5],[175.0,-15.0],[173.75,-15.0],[173.75,-16.75],[172.75,-16.75],[172.75,-18.75],[173.75,-18.75],[173.75,-19.0],[175.0,-19.0],[175.0,-18.25],[176.0,-18.25],[176.0,-18.0],[177.25,-18.0],[177.25,-17.25],[178.25,-17.25],[178.25,-14.25],[176.0,-14.25]]]},"properties":{"id":414,"lon":176.0,"lat":-15.87,"e5":0.66,"e10":0.75,"e15":0.78,"rh":8.9,"rc":23.2,"sst":27.8,"om":4.17,"bf":false}},{"type":"Feature","geometry":{"type":"Polygon","coordinates":[[[-76.0,-31.5],[-76.0,-33.0],[-77.0,-33.0],[-77.0,-35.75],[-76.0,-35.75],[-76.0,-36.25],[-74.75,-36.25],[-74.75,-36.75],[-72.5,-36.75],[-72.5,-34.5],[-71.5,-34.5],[-71.5,-32.0],[-72.5,-32.0],[-72.5,-31.5],[-76.0,-31.5]]]},"properties":{"id":415,"lon":-74.25,"lat":-33.75,"e5":0.71,"e10":0.75,"e15":0.76,"rh":11.6,"rc":30.2,"sst":15.5,"om":2.67,"bf":false}},{"type":"Feature","geometry":{"type":"Polygon","coordinates":[[[139.0,-8.25],[139.0,-12.75],[140.0,-12.75],[140.0,-13.0],[141.25,-13.0],[141.25,-12.75],[142.25,-12.75],[142.25,-9.0],[141.25,-9.0],[141.25,-8.5],[140.0,-8.5],[140.0,-8.25],[139.0,-8.25]]]},"properties":{"id":416,"lon":140.62,"lat":-10.87,"e5":0.76,"e10":0.78,"e15":0.79,"rh":9.4,"rc":24.4,"sst":27.8,"om":3.86,"bf":false}},{"type":"Feature","geometry":{"type":"MultiPolygon","coordinates":[[[[136.75,-13.0],[136.75,-13.25],[135.5,-13.25],[135.5,-13.0],[136.75,-13.0]]],[[[137.75,-8.0],[137.75,-8.25],[139.0,-8.25],[139.0,-12.25],[137.75,-12.25],[137.75,-12.75],[136.75,-12.75],[136.75,-12.25],[135.5,-12.25],[135.5,-12.0],[134.5,-12.0],[134.5,-8.75],[135.5,-8.75],[135.5,-8.25],[136.75,-8.25],[136.75,-8.0],[137.75,-8.0]]]]},"properties":{"id":417,"lon":136.75,"lat":-10.37,"e5":0.73,"e10":0.77,"e15":0.79,"rh":9.3,"rc":24.3,"sst":27.8,"om":3.88,"bf":false}},{"type":"Feature","geometry":{"type":"Polygon","coordinates":[[[107.5,-7.75],[107.5,-8.75],[106.25,-8.75],[106.25,-10.75],[108.5,-10.75],[108.5,-11.0],[109.75,-11.0],[109.75,-11.25],[112.0,-11.25],[112.0,-8.25],[110.75,-8.25],[110.75,-8.0],[109.75,-8.0],[109.75,-7.75],[107.5,-7.75]]]},"properties":{"id":418,"lon":109.12,"lat":-9.75,"e5":0.70,"e10":0.76,"e15":0.78,"rh":9.2,"rc":23.8,"sst":28.0,"om":3.98,"bf":false}},{"type":"Feature","geometry":{"type":"Polygon","coordinates":[[[47.75,-24.5],[47.75,-24.75],[46.75,-24.75],[46.75,-25.25],[44.5,-25.25],[44.5,-26.75],[43.25,-26.75],[43.25,-28.75],[47.75,-28.75],[47.75,-28.25],[49.0,-28.25],[49.0,-27.75],[50.0,-27.75],[50.0,-27.25],[51.25,-27.25],[51.25,-26.25],[50.0,-26.25],[50.0,-25.25],[49.0,-25.25],[49.0,-24.5],[47.75,-24.5]]]},"properties":{"id":419,"lon":47.87,"lat":-26.5,"e5":0.64,"e10":0.71,"e15":0.75,"rh":9.6,"rc":25.0,"sst":24.2,"om":3.82,"bf":false}},{"type":"Feature","geometry":{"type":"Polygon","coordinates":[[[146.75,-38.25],[146.75,-41.0],[148.0,-41.0],[148.0,-44.75],[149.0,-44.75],[149.0,-46.25],[150.25,-46.25],[150.25,-45.75],[151.25,-45.75],[151.25,-45.25],[152.5,-45.25],[152.5,-43.75],[153.5,-43.75],[153.5,-42.0],[152.5,-42.0],[152.5,-40.0],[151.25,-40.0],[151.25,-39.5],[150.25,-39.5],[150.25,-39.0],[149.0,-39.0],[149.0,-38.25],[146.75,-38.25]]]},"properties":{"id":420,"lon":150.75,"lat":-42.87,"e5":0.65,"e10":0.72,"e15":0.74,"rh":11.7,"rc":30.4,"sst":14.4,"om":2.69,"bf":false}},{"type":"Feature","geometry":{"type":"Polygon","coordinates":[[[113.0,-30.75],[113.0,-31.5],[110.75,-31.5],[110.75,-36.25],[112.0,-36.25],[112.0,-37.25],[114.25,-37.25],[114.25,-35.75],[115.25,-35.75],[115.25,-30.75],[113.0,-30.75]]]},"properties":{"id":421,"lon":113.0,"lat":-33.62,"e5":0.48,"e10":0.53,"e15":0.58,"rh":10.3,"rc":26.7,"sst":19.5,"om":3.52,"bf":false}},{"type":"Feature","geometry":{"type":"MultiPolygon","coordinates":[[[[177.25,-40.5],[177.25,-41.0],[178.25,-41.0],[178.25,-41.5],[179.5,-41.5],[179.5,-42.0],[180.0,-42.0],[180.0,-43.75],[179.5,-43.75],[179.5,-44.25],[178.25,-44.25],[178.25,-45.25],[177.25,-45.25],[177.25,-46.25],[176.0,-46.25],[176.0,-47.5],[175.0,-47.5],[175.0,-47.0],[173.75,-47.0],[173.75,-45.25],[172.75,-45.25],[172.75,-43.25],[173.75,-43.25],[173.75,-41.5],[176.0,-41.5],[176.0,-40.5],[177.25,-40.5]]],[[[-179.5,-42.0],[-179.5,-43.75],[-180.0,-43.75],[-180.0,-42.0],[-179.5,-42.0]]]]},"properties":{"id":422,"lon":176.12,"lat":-44.0,"e5":0.68,"e10":0.72,"e15":0.73,"rh":11.6,"rc":30.2,"sst":13.9,"om":2.72,"bf":false}},{"type":"Feature","geometry":{"type":"Polygon","coordinates":[[[-59.0,-38.25],[-59.0,-39.0],[-62.5,-39.0],[-62.5,-41.0],[-64.75,-41.0],[-64.75,-41.5],[-63.5,-41.5],[-63.5,-42.75],[-62.5,-42.75],[-62.5,-43.25],[-61.25,-43.25],[-61.25,-44.25],[-60.25,-44.25],[-60.25,-44.75],[-59.0,-44.75],[-59.0,-43.25],[-58.0,-43.25],[-58.0,-42.0],[-56.75,-42.0],[-56.75,-41.5],[-55.75,-41.5],[-55.75,-40.5],[-56.75,-40.5],[-56.75,-39.0],[-58.0,-39.0],[-58.0,-38.25],[-59.0,-38.25]]]},"properties":{"id":423,"lon":-60.25,"lat":-41.25,"e5":0.73,"e10":0.78,"e15":0.80,"rh":11.7,"rc":30.4,"sst":13.3,"om":2.63,"bf":false}},{"type":"Feature","geometry":{"type":"Polygon","coordinates":[[[15.25,-27.75],[15.25,-28.25],[14.0,-28.25],[14.0,-28.75],[13.0,-28.75],[13.0,-29.25],[11.75,-29.25],[11.75,-30.75],[13.0,-30.75],[13.0,-33.0],[14.0,-33.0],[14.0,-35.75],[16.25,-35.75],[16.25,-34.5],[17.5,-34.5],[17.5,-33.5],[18.5,-33.5],[18.5,-31.5],[17.5,-31.5],[17.5,-29.25],[16.25,-29.25],[16.25,-27.75],[15.25,-27.75]]]},"properties":{"id":424,"lon":15.75,"lat":-32.25,"e5":0.63,"e10":0.70,"e15":0.74,"rh":10.6,"rc":27.5,"sst":18.8,"om":3.32,"bf":false}},{"type":"Feature","geometry":{"type":"MultiPolygon","coordinates":[[[[155.75,-23.0],[157.0,-23.0],[157.0,-24.5],[158.0,-24.5],[158.0,-28.75],[153.5,-28.75],[153.5,-25.25],[152.5,-25.25],[152.5,-24.0],[153.5,-24.0],[153.5,-23.5],[154.75,-23.5],[154.75,-22.75],[155.75,-22.75],[155.75,-23.0]]],[[[155.75,-22.25],[157.0,-22.25],[157.0,-22.75],[155.75,-22.75],[155.75,-22.25]]]]},"properties":{"id":425,"lon":155.75,"lat":-27.0,"e5":0.61,"e10":0.69,"e15":0.73,"rh":9.5,"rc":24.6,"sst":23.9,"om":3.92,"bf":false}},{"type":"Feature","geometry":{"type":"MultiPolygon","coordinates":[[[[175.0,-36.75],[173.75,-36.75],[173.75,-36.25],[175.0,-36.25],[175.0,-36.75]]],[[[172.75,-36.25],[172.75,-35.75],[171.5,-35.75],[171.5,-35.25],[170.5,-35.25],[170.5,-34.5],[169.25,-34.5],[169.25,-33.5],[170.5,-33.5],[170.5,-32.5],[171.5,-32.5],[171.5,-32.0],[173.75,-32.0],[173.75,-31.5],[175.0,-31.5],[175.0,-32.0],[177.25,-32.0],[177.25,-32.5],[178.25,-32.5],[178.25,-35.25],[177.25,-35.25],[177.25,-36.75],[176.0,-36.75],[176.0,-36.25],[175.0,-36.25],[175.0,-35.25],[173.75,-35.25],[173.75,-36.25],[172.75,-36.25]]]]},"properties":{"id":426,"lon":173.75,"lat":-34.0,"e5":0.61,"e10":0.67,"e15":0.70,"rh":10.4,"rc":27.1,"sst":19.7,"om":3.41,"bf":false}},{"type":"Feature","geometry":{"type":"Polygon","coordinates":[[[122.0,-1.5],[122.0,-4.0],[123.25,-4.0],[123.25,-5.5],[124.25,-5.5],[124.25,-6.25],[125.5,-6.25],[125.5,-5.5],[126.5,-5.5],[126.5,-5.0],[127.75,-5.0],[127.75,-3.75],[126.5,-3.75],[126.5,-3.25],[127.75,-3.25],[127.75,-1.5],[122.0,-1.5]]]},"properties":{"id":427,"lon":124.87,"lat":-3.87,"e5":0.62,"e10":0.72,"e15":0.76,"rh":8.9,"rc":23.2,"sst":28.9,"om":4.11,"bf":false}},{"type":"Feature","geometry":{"type":"Polygon","coordinates":[[[42.25,-7.75],[42.25,-8.0],[41.0,-8.0],[41.0,-8.25],[40.0,-8.25],[40.0,-10.5],[41.0,-10.5],[41.0,-11.25],[40.0,-11.25],[40.0,-11.75],[41.0,-11.75],[41.0,-12.75],[42.25,-12.75],[42.25,-12.5],[43.25,-12.5],[43.25,-12.25],[44.5,-12.25],[44.5,-11.0],[45.5,-11.0],[45.5,-10.5],[44.5,-10.5],[44.5,-8.0],[43.25,-8.0],[43.25,-7.75],[42.25,-7.75]]]},"properties":{"id":428,"lon":42.25,"lat":-9.37,"e5":0.69,"e10":0.76,"e15":0.78,"rh":9.2,"rc":24.0,"sst":27.1,"om":4.01,"bf":false}},{"type":"Feature","geometry":{"type":"MultiPolygon","coordinates":[[[[150.25,-14.0],[150.25,-14.25],[149.0,-14.25],[149.0,-14.0],[150.25,-14.0]]],[[[154.75,-10.0],[154.75,-10.5],[153.5,-10.5],[153.5,-12.75],[152.5,-12.75],[152.5,-13.0],[151.25,-13.0],[151.25,-13.25],[149.0,-13.25],[149.0,-10.5],[150.25,-10.5],[150.25,-10.0],[154.75,-10.0]]]]},"properties":{"id":429,"lon":151.25,"lat":-11.62,"e5":0.67,"e10":0.76,"e15":0.79,"rh":9.0,"rc":23.4,"sst":27.9,"om":4.14,"bf":false}},{"type":"Feature","geometry":{"type":"Polygon","coordinates":[[[137.75,-12.25],[137.75,-12.75],[136.75,-12.75],[136.75,-13.25],[135.5,-13.25],[135.5,-15.25],[136.75,-15.25],[136.75,-16.25],[137.75,-16.25],[137.75,-16.75],[139.0,-16.75],[139.0,-17.25],[141.25,-17.25],[141.25,-13.0],[140.0,-13.0],[140.0,-12.75],[139.0,-12.75],[139.0,-12.25],[137.75,-12.25]]]},"properties":{"id":430,"lon":138.37,"lat":-14.25,"e5":0.76,"e10":0.79,"e15":0.80,"rh":9.5,"rc":24.6,"sst":27.4,"om":3.82,"bf":false}},{"type":"Feature","geometry":{"type":"Polygon","coordinates":[[[53.25,12.0],[53.25,11.75],[52.25,11.75],[52.25,11.25],[51.0,11.25],[51.0,9.0],[50.0,9.0],[50.0,8.0],[51.0,8.0],[51.0,7.5],[52.25,7.5],[52.25,6.75],[54.5,6.75],[54.5,9.25],[55.5,9.25],[55.5,9.75],[56.75,9.75],[56.75,11.0],[55.5,11.0],[55.5,11.5],[54.5,11.5],[54.5,12.0],[53.25,12.0]]]},"properties":{"id":431,"lon":53.25,"lat":9.5,"e5":0.68,"e10":0.76,"e15":0.79,"rh":9.4,"rc":24.5,"sst":26.6,"om":3.93,"bf":false}},{"type":"Feature","geometry":{"type":"Polygon","coordinates":[[[151.25,-33.0],[151.25,-35.25],[150.25,-35.25],[150.25,-37.75],[148.0,-37.75],[148.0,-38.25],[149.0,-38.25],[149.0,-39.0],[150.25,-39.0],[150.25,-39.5],[151.25,-39.5],[151.25,-40.0],[152.5,-40.0],[152.5,-40.5],[153.5,-40.5],[153.5,-39.5],[154.75,-39.5],[154.75,-36.75],[155.75,-36.75],[155.75,-35.25],[154.75,-35.25],[154.75,-34.5],[153.5,-34.5],[153.5,-34.0],[152.5,-34.0],[152.5,-33.0],[151.25,-33.0]]]},"properties":{"id":432,"lon":153.0,"lat":-36.0,"e5":0.62,"e10":0.69,"e15":0.72,"rh":10.7,"rc":27.8,"sst":18.4,"om":3.26,"bf":false}},{"type":"Feature","geometry":{"type":"Polygon","coordinates":[[[118.75,-14.5],[118.75,-16.25],[117.5,-16.25],[117.5,-18.75],[118.75,-18.75],[118.75,-20.0],[121.0,-20.0],[121.0,-19.25],[122.0,-19.25],[122.0,-16.75],[123.25,-16.75],[123.25,-15.25],[122.0,-15.25],[122.0,-14.75],[121.0,-14.75],[121.0,-14.5],[118.75,-14.5]]]},"properties":{"id":433,"lon":119.75,"lat":-17.75,"e5":0.56,"e10":0.68,"e15":0.73,"rh":9.1,"rc":23.8,"sst":27.9,"om":4.03,"bf":false}},{"type":"Feature","geometry":{"type":"Polygon","coordinates":[[[-79.25,-43.75],[-79.25,-44.75],[-80.5,-44.75],[-80.5,-49.5],[-74.75,-49.5],[-74.75,-48.0],[-73.75,-48.0],[-73.75,-47.0],[-74.75,-47.0],[-74.75,-45.75],[-76.0,-45.75],[-76.0,-45.25],[-77.0,-45.25],[-77.0,-44.25],[-78.25,-44.25],[-78.25,-43.75],[-79.25,-43.75]]]},"properties":{"id":434,"lon":-77.62,"lat":-46.37,"e5":0.77,"e10":0.80,"e15":0.81,"rh":12.3,"rc":31.9,"sst":11.1,"om":2.32,"bf":false}},{"type":"Feature","geometry":{"type":"Polygon","coordinates":[[[-40.0,-19.25],[-40.0,-20.75],[-41.0,-20.75],[-41.0,-22.25],[-42.25,-22.25],[-42.25,-22.75],[-43.25,-22.75],[-43.25,-24.5],[-42.25,-24.5],[-42.25,-25.75],[-40.0,-25.75],[-40.0,-24.0],[-38.75,-24.0],[-38.75,-23.5],[-37.75,-23.5],[-37.75,-23.0],[-36.5,-23.0],[-36.5,-21.5],[-35.5,-21.5],[-35.5,-20.75],[-36.5,-20.75],[-36.5,-20.25],[-37.75,-20.25],[-37.75,-19.75],[-38.75,-19.75],[-38.75,-19.25],[-40.0,-19.25]]]},"properties":{"id":435,"lon":-39.37,"lat":-22.5,"e5":0.70,"e10":0.78,"e15":0.80,"rh":9.4,"rc":24.4,"sst":25.1,"om":4.04,"bf":false}},{"type":"Feature","geometry":{"type":"Polygon","coordinates":[[[82.5,9.75],[82.5,9.5],[81.5,9.5],[81.5,5.0],[82.5,5.0],[82.5,3.5],[83.75,3.5],[83.75,3.75],[84.75,3.75],[84.75,9.75],[82.5,9.75]]]},"properties":{"id":436,"lon":83.12,"lat":7.25,"e5":0.69,"e10":0.77,"e15":0.79,"rh":9.1,"rc":23.8,"sst":28.3,"om":4.01,"bf":false}},{"type":"Feature","geometry":{"type":"Polygon","coordinates":[[[55.25,26.75],[55.25,26.25],[55.5,26.25],[55.5,24.75],[56.5,24.75],[56.5,24.25],[57.75,24.25],[57.75,23.75],[58.75,23.75],[58.75,22.75],[60.0,22.75],[60.0,21.75],[58.75,21.75],[58.75,21.5],[59.0,21.5],[59.0,21.25],[60.0,21.25],[60.0,21.5],[62.25,21.5],[62.25,24.25],[63.25,24.25],[63.25,25.25],[58.75,25.25],[58.75,25.75],[57.75,25.75],[57.75,26.5],[57.5,26.5],[57.5,26.75],[55.25,26.75]]]},"properties":{"id":437,"lon":60.0,"lat":24.0,"e5":0.39,"e10":0.49,"e15":0.56,"rh":9.0,"rc":23.3,"sst":27.4,"om":4.28,"bf":false}},{"type":"Feature","geometry":{"type":"Polygon","coordinates":[[[50.0,-9.5],[50.0,-15.25],[54.5,-15.25],[54.5,-12.25],[53.5,-12.25],[53.5,-10.25],[52.25,-10.25],[52.25,-10.0],[51.25,-10.0],[51.25,-9.5],[50.0,-9.5]]]},"properties":{"id":438,"lon":52.25,"lat":-13.75,"e5":0.69,"e10":0.75,"e15":0.78,"rh":9.3,"rc":24.3,"sst":26.6,"om":3.96,"bf":false}},{"type":"Feature","geometry":{"type":"Polygon","coordinates":[[[-65.75,-54.5],[-65.75,-55.0],[-68.0,-55.0],[-68.0,-55.5],[-69.25,-55.5],[-69.25,-55.0],[-70.25,-55.0],[-70.25,-59.25],[-67.0,-59.25],[-67.0,-58.75],[-64.75,-58.75],[-64.75,-58.0],[-63.5,-58.0],[-63.5,-56.5],[-64.75,-56.5],[-64.75,-54.5],[-65.75,-54.5]]]},"properties":{"id":439,"lon":-66.87,"lat":-57.25,"e5":0.67,"e10":0.73,"e15":0.76,"rh":13.1,"rc":34.0,"sst":5.8,"om":1.89,"bf":false}},{"type":"Feature","geometry":{"type":"Polygon","coordinates":[[[68.0,-45.25],[68.0,-45.75],[67.0,-45.75],[67.0,-46.25],[65.75,-46.25],[65.75,-47.0],[64.75,-47.0],[64.75,-48.0],[63.5,-48.0],[63.5,-51.25],[64.75,-51.25],[64.75,-51.75],[65.75,-51.75],[65.75,-52.25],[67.0,-52.25],[67.0,-52.75],[68.0,-52.75],[68.0,-53.25],[69.25,-53.25],[69.25,-45.25],[68.0,-45.25]]]},"properties":{"id":440,"lon":66.37,"lat":-49.62,"e5":0.77,"e10":0.80,"e15":0.81,"rh":13.3,"rc":34.5,"sst":4.8,"om":1.8,"bf":false}},{"type":"Feature","geometry":{"type":"Polygon","coordinates":[[[113.0,-25.25],[113.0,-25.75],[109.75,-25.75],[109.75,-29.75],[110.75,-29.75],[110.75,-31.5],[113.0,-31.5],[113.0,-30.75],[115.25,-30.75],[115.25,-28.75],[114.25,-28.75],[114.25,-25.25],[113.0,-25.25]]]},"properties":{"id":441,"lon":112.0,"lat":-27.25,"e5":0.53,"e10":0.59,"e15":0.63,"rh":9.8,"rc":25.5,"sst":22.2,"om":3.74,"bf":false}},{"type":"Feature","geometry":{"type":"Polygon","coordinates":[[[43.25,-12.25],[43.25,-12.5],[42.25,-12.5],[42.25,-12.75],[41.0,-12.75],[41.0,-16.25],[42.25,-16.25],[42.25,-16.75],[43.25,-16.75],[43.25,-17.25],[44.5,-17.25],[44.5,-16.25],[45.5,-16.25],[45.5,-15.75],[46.75,-15.75],[46.75,-14.0],[45.5,-14.0],[45.5,-12.25],[43.25,-12.25]]]},"properties":{"id":442,"lon":43.87,"lat":-14.87,"e5":0.68,"e10":0.74,"e15":0.77,"rh":9.2,"rc":23.8,"sst":27.5,"om":4.04,"bf":false}},{"type":"Feature","geometry":{"type":"Polygon","coordinates":[[[123.25,-33.5],[123.25,-34.0],[119.75,-34.0],[119.75,-38.25],[121.0,-38.25],[121.0,-37.75],[123.25,-37.75],[123.25,-37.25],[125.5,-37.25],[125.5,-34.5],[124.25,-34.5],[124.25,-33.5],[123.25,-33.5]]]},"properties":{"id":443,"lon":122.62,"lat":-35.87,"e5":0.55,"e10":0.61,"e15":0.64,"rh":10.9,"rc":28.4,"sst":17.0,"om":3.14,"bf":false}},{"type":"Feature","geometry":{"type":"Polygon","coordinates":[[[92.75,8.0],[92.75,7.75],[91.5,7.75],[91.5,2.5],[92.75,2.5],[92.75,1.25],[95.0,1.25],[95.0,2.25],[96.0,2.25],[96.0,3.0],[97.25,3.0],[97.25,3.75],[96.0,3.75],[96.0,4.75],[95.0,4.75],[95.0,5.5],[96.0,5.5],[96.0,6.0],[95.0,6.0],[95.0,7.5],[93.75,7.5],[93.75,8.0],[92.75,8.0]]]},"properties":{"id":444,"lon":93.75,"lat":4.25,"e5":0.70,"e10":0.78,"e15":0.79,"rh":9.1,"rc":23.7,"sst":28.8,"om":3.97,"bf":false}},{"type":"Feature","geometry":{"type":"Polygon","coordinates":[[[-74.75,-22.0],[-74.75,-26.25],[-73.75,-26.25],[-73.75,-26.75],[-71.5,-26.75],[-71.5,-27.25],[-70.25,-27.25],[-70.25,-22.0],[-74.75,-22.0]]]},"properties":{"id":445,"lon":-72.5,"lat":-24.12,"e5":0.73,"e10":0.76,"e15":0.78,"rh":11.2,"rc":29.1,"sst":18.8,"om":2.92,"bf":false}},{"type":"Feature","geometry":{"type":"Polygon","coordinates":[[[99.5,-1.5],[99.5,-2.5],[98.5,-2.5],[98.5,-3.0],[97.25,-3.0],[97.25,-5.0],[98.5,-5.0],[98.5,-6.25],[99.5,-6.25],[99.5,-7.25],[100.75,-7.25],[100.75,-8.0],[101.75,-8.0],[101.75,-6.5],[103.0,-6.5],[103.0,-3.75],[101.75,-3.75],[101.75,-2.75],[100.75,-2.75],[100.75,-1.5],[99.5,-1.5]]]},"properties":{"id":446,"lon":100.12,"lat":-4.37,"e5":0.70,"e10":0.77,"e15":0.79,"rh":9.0,"rc":23.4,"sst":28.6,"om":4.07,"bf":false}},{"type":"Feature","geometry":{"type":"Polygon","coordinates":[[[36.5,-18.0],[36.5,-19.0],[35.5,-19.0],[35.5,-20.0],[34.25,-20.0],[34.25,-20.75],[35.5,-20.75],[35.5,-24.5],[36.5,-24.5],[36.5,-24.75],[37.75,-24.75],[37.75,-24.5],[38.75,-24.5],[38.75,-23.0],[40.0,-23.0],[40.0,-20.0],[38.75,-20.0],[38.75,-18.25],[37.75,-18.25],[37.75,-18.0],[36.5,-18.0]]]},"properties":{"id":447,"lon":37.75,"lat":-21.87,"e5":0.67,"e10":0.72,"e15":0.75,"rh":9.2,"rc":24.0,"sst":26.6,"om":4.02,"bf":true}},{"type":"Feature","geometry":{"type":"Polygon","coordinates":[[[140.0,-37.75],[140.0,-40.0],[139.0,-40.0],[139.0,-41.5],[140.0,-41.5],[140.0,-43.75],[141.25,-43.75],[141.25,-44.25],[142.25,-44.25],[142.25,-43.75],[143.5,-43.75],[143.5,-42.75],[144.5,-42.75],[144.5,-42.0],[145.75,-42.0],[145.75,-41.5],[144.5,-41.5],[144.5,-41.0],[146.75,-41.0],[146.75,-39.0],[145.75,-39.0],[145.75,-38.25],[141.25,-38.25],[141.25,-37.75],[140.0,-37.75]]]},"properties":{"id":448,"lon":142.87,"lat":-40.5,"e5":0.68,"e10":0.74,"e15":0.76,"rh":11.6,"rc":30.3,"sst":14.3,"om":2.72,"bf":false}},{"type":"Feature","geometry":{"type":"Polygon","coordinates":[[[-61.25,-46.25],[-61.25,-47.5],[-62.5,-47.5],[-62.5,-48.5],[-63.5,-48.5],[-63.5,-50.75],[-62.5,-50.75],[-62.5,-51.75],[-61.25,-51.75],[-61.25,-52.25],[-60.25,-52.25],[-60.25,-51.25],[-58.0,-51.25],[-58.0,-49.5],[-56.75,-49.5],[-56.75,-47.5],[-60.25,-47.5],[-60.25,-46.25],[-61.25,-46.25]]]},"properties":{"id":449,"lon":-60.12,"lat":-49.0,"e5":0.73,"e10":0.78,"e15":0.79,"rh":12.6,"rc":32.8,"sst":8.5,"om":2.14,"bf":false}},{"type":"Feature","geometry":{"type":"MultiPolygon","coordinates":[[[[131.0,-11.75],[131.0,-12.75],[130.0,-12.75],[130.0,-11.75],[131.0,-11.75]]],[[[128.75,-11.75],[128.75,-9.0],[130.0,-9.0],[130.0,-8.5],[133.25,-8.5],[133.25,-8.75],[134.5,-8.75],[134.5,-11.75],[132.25,-11.75],[132.25,-11.5],[130.0,-11.5],[130.0,-11.75],[128.75,-11.75]]]]},"properties":{"id":450,"lon":131.62,"lat":-10.25,"e5":0.65,"e10":0.74,"e15":0.77,"rh":9.2,"rc":24.0,"sst":28.0,"om":3.94,"bf":false}},{"type":"Feature","geometry":{"type":"Polygon","coordinates":[[[148.0,-14.0],[148.0,-14.5],[146.75,-14.5],[146.75,-15.0],[145.75,-15.0],[145.75,-18.25],[146.75,-18.25],[146.75,-19.25],[148.0,-19.25],[148.0,-20.0],[149.0,-20.0],[149.0,-20.25],[150.25,-20.25],[150.25,-19.0],[151.25,-19.0],[151.25,-17.0],[150.25,-17.0],[150.25,-14.25],[149.0,-14.25],[149.0,-14.0],[148.0,-14.0]]]},"properties":{"id":451,"lon":148.5,"lat":-17.62,"e5":0.65,"e10":0.75,"e15":0.78,"rh":9.2,"rc":23.8,"sst":26.5,"om":4.06,"bf":false}},{"type":"Feature","geometry":{"type":"Polygon","coordinates":[[[50.0,-15.25],[50.0,-17.0],[49.0,-17.0],[49.0,-17.75],[50.0,-17.75],[50.0,-18.0],[49.0,-18.0],[49.0,-19.75],[50.0,-19.75],[50.0,-20.0],[51.25,-20.0],[51.25,-20.25],[52.25,-20.25],[52.25,-20.75],[53.5,-20.75],[53.5,-18.75],[54.5,-18.75],[54.5,-15.25],[50.0,-15.25]]]},"properties":{"id":452,"lon":52.25,"lat":-17.87,"e5":0.68,"e10":0.74,"e15":0.77,"rh":9.4,"rc":24.3,"sst":26.1,"om":3.95,"bf":false}},{"type":"Feature","geometry":{"type":"MultiPolygon","coordinates":[[[[-179.5,-14.5],[-179.5,-15.0],[-178.25,-15.0],[-178.25,-16.75],[-177.25,-16.75],[-177.25,-18.75],[-178.25,-18.75],[-178.25,-20.25],[-179.5,-20.25],[-179.5,-20.0],[-180.0,-20.0],[-180.0,-14.5],[-179.5,-14.5]]],[[[179.5,-14.25],[179.5,-14.5],[180.0,-14.5],[180.0,-20.0],[179.5,-20.0],[179.5,-18.75],[178.25,-18.75],[178.25,-14.25],[179.5,-14.25]]]]},"properties":{"id":453,"lon":-178.62,"lat":-17.75,"e5":0.65,"e10":0.74,"e15":0.77,"rh":9.0,"rc":23.3,"sst":27.6,"om":4.17,"bf":false}},{"type":"Feature","geometry":{"type":"Polygon","coordinates":[[[117.5,-7.5],[117.5,-7.75],[116.5,-7.75],[116.5,-11.25],[115.25,-11.25],[115.25,-12.0],[116.5,-12.0],[116.5,-12.5],[117.5,-12.5],[117.5,-12.75],[118.75,-12.75],[118.75,-13.0],[119.75,-13.0],[119.75,-11.25],[121.0,-11.25],[121.0,-10.25],[119.75,-10.25],[119.75,-9.5],[121.0,-9.5],[121.0,-9.0],[119.75,-9.0],[119.75,-8.75],[117.5,-8.75],[117.5,-8.25],[119.75,-8.25],[119.75,-7.75],[118.75,-7.75],[118.75,-7.5],[117.5,-7.5]],[[118.75,-9.25],[119.75,-9.25],[119.75,-9.5],[118.75,-9.5],[118.75,-9.25]]]},"properties":{"id":454,"lon":118.12,"lat":-9.87,"e5":0.68,"e10":0.75,"e15":0.77,"rh":9.0,"rc":23.5,"sst":28.6,"om":4.06,"bf":false}},{"type":"Feature","geometry":{"type":"Polygon","coordinates":[[[114.25,-7.0],[114.25,-7.25],[113.0,-7.25],[113.0,-7.75],[114.25,-7.75],[114.25,-8.0],[115.25,-8.0],[115.25,-8.5],[114.25,-8.5],[114.25,-8.25],[112.0,-8.25],[112.0,-11.25],[113.0,-11.25],[113.0,-11.5],[115.25,-11.5],[115.25,-11.25],[116.5,-11.25],[116.5,-7.0],[114.25,-7.0]]]},"properties":{"id":455,"lon":114.25,"lat":-9.87,"e5":0.69,"e10":0.76,"e15":0.78,"rh":9.1,"rc":23.6,"sst":28.4,"om":4.02,"bf":false}},{"type":"Feature","geometry":{"type":"Polygon","coordinates":[[[8.5,-13.0],[8.5,-14.25],[7.25,-14.25],[7.25,-19.0],[8.5,-19.0],[8.5,-18.75],[9.5,-18.75],[9.5,-18.25],[10.75,-18.25],[10.75,-17.75],[11.75,-17.75],[11.75,-14.5],[10.75,-14.5],[10.75,-13.75],[9.5,-13.75],[9.5,-13.0],[8.5,-13.0]]]},"properties":{"id":456,"lon":9.5,"lat":-16.12,"e5":0.64,"e10":0.73,"e15":0.77,"rh":10.3,"rc":26.7,"sst":22.5,"om":3.5,"bf":false}},{"type":"Feature","geometry":{"type":"Polygon","coordinates":[[[47.75,14.25],[47.75,13.5],[45.5,13.5],[45.5,13.0],[44.25,13.0],[44.25,12.5],[43.25,12.5],[43.25,11.0],[44.25,11.0],[44.25,10.75],[46.5,10.75],[46.5,11.0],[47.75,11.0],[47.75,11.25],[48.75,11.25],[48.75,14.25],[47.75,14.25]]]},"properties":{"id":457,"lon":46.5,"lat":12.75,"e5":0.65,"e10":0.74,"e15":0.77,"rh":9.1,"rc":23.8,"sst":28.0,"om":4.11,"bf":false}},{"type":"Feature","geometry":{"type":"Polygon","coordinates":[[[163.5,-42.5],[163.5,-42.75],[162.5,-42.75],[162.5,-44.25],[161.5,-44.25],[161.5,-47.5],[162.5,-47.5],[162.5,-48.5],[163.75,-48.5],[163.75,-49.0],[164.75,-49.0],[164.75,-49.5],[166.0,-49.5],[166.0,-50.0],[167.0,-50.0],[167.0,-47.5],[168.25,-47.5],[168.25,-46.25],[167.0,-46.25],[167.0,-44.75],[166.0,-44.75],[166.0,-43.75],[164.75,-43.75],[164.75,-42.75],[163.75,-42.75],[163.75,-42.5],[163.5,-42.5]]]},"properties":{"id":458,"lon":164.25,"lat":-45.5,"e5":0.66,"e10":0.71,"e15":0.73,"rh":11.9,"rc":31.1,"sst":12.8,"om":2.53,"bf":false}},{"type":"Feature","geometry":{"type":"Polygon","coordinates":[[[-77.0,-13.0],[-77.0,-14.0],[-78.25,-14.0],[-78.25,-14.75],[-79.25,-14.75],[-79.25,-17.25],[-78.25,-17.25],[-78.25,-18.25],[-77.0,-18.25],[-77.0,-19.0],[-76.0,-19.0],[-76.0,-18.75],[-74.75,-18.75],[-74.75,-17.25],[-73.75,-17.25],[-73.75,-15.75],[-74.75,-15.75],[-74.75,-15.0],[-76.0,-15.0],[-76.0,-13.0],[-77.0,-13.0]]]},"properties":{"id":459,"lon":-76.5,"lat":-16.5,"e5":0.71,"e10":0.75,"e15":0.77,"rh":11.1,"rc":28.9,"sst":20.3,"om":2.94,"bf":false}},{"type":"Feature","geometry":{"type":"Polygon","coordinates":[[[163.75,-17.75],[163.75,-18.25],[162.5,-18.25],[162.5,-18.75],[161.5,-18.75],[161.5,-20.25],[160.25,-20.25],[160.25,-22.25],[161.5,-22.25],[161.5,-24.0],[162.5,-24.0],[162.5,-24.5],[163.75,-24.5],[163.75,-24.75],[164.75,-24.75],[164.75,-21.0],[166.0,-21.0],[166.0,-17.75],[163.75,-17.75]]]},"properties":{"id":460,"lon":162.5,"lat":-21.62,"e5":0.63,"e10":0.73,"e15":0.76,"rh":9.3,"rc":24.1,"sst":25.7,"om":4.02,"bf":false}},{"type":"Feature","geometry":{"type":"Polygon","coordinates":[[[74.75,12.0],[74.75,11.75],[73.5,11.75],[73.5,11.0],[72.5,11.0],[72.5,10.5],[71.25,10.5],[71.25,9.75],[72.5,9.75],[72.5,7.0],[73.5,7.0],[73.5,6.0],[74.75,6.0],[74.75,5.75],[75.75,5.75],[75.75,8.25],[77.0,8.25],[77.0,9.5],[75.75,9.5],[75.75,12.0],[74.75,12.0]]]},"properties":{"id":461,"lon":74.75,"lat":8.87,"e5":0.67,"e10":0.76,"e15":0.79,"rh":8.9,"rc":23.1,"sst":28.4,"om":4.23,"bf":false}},{"type":"Feature","geometry":{"type":"Polygon","coordinates":[[[121.0,-4.5],[121.0,-5.0],[119.75,-5.0],[119.75,-7.25],[118.75,-7.25],[118.75,-7.75],[119.75,-7.75],[119.75,-8.25],[121.0,-8.25],[121.0,-8.5],[122.0,-8.5],[122.0,-8.75],[119.75,-8.75],[119.75,-9.0],[121.0,-9.0],[121.0,-10.0],[124.25,-10.0],[124.25,-5.5],[123.25,-5.5],[123.25,-4.5],[121.0,-4.5]]]},"properties":{"id":462,"lon":122.0,"lat":-6.37,"e5":0.65,"e10":0.74,"e15":0.77,"rh":9.0,"rc":23.5,"sst":28.5,"om":4.05,"bf":false}},{"type":"Feature","geometry":{"type":"Polygon","coordinates":[[[27.5,-33.0],[27.5,-33.5],[25.25,-33.5],[25.25,-34.0],[23.0,-34.0],[23.0,-37.75],[25.25,-37.75],[25.25,-37.25],[27.5,-37.25],[27.5,-36.75],[29.75,-36.75],[29.75,-34.5],[28.75,-34.5],[28.75,-33.0],[27.5,-33.0]]]},"properties":{"id":463,"lon":26.37,"lat":-35.62,"e5":0.61,"e10":0.68,"e15":0.72,"rh":10.1,"rc":26.3,"sst":21.7,"om":3.56,"bf":false}},{"type":"Feature","geometry":{"type":"Polygon","coordinates":[[[130.0,-31.5],[130.0,-35.25],[131.0,-35.25],[131.0,-36.25],[132.25,-36.25],[132.25,-37.75],[133.25,-37.75],[133.25,-37.25],[134.5,-37.25],[134.5,-35.75],[135.5,-35.75],[135.5,-33.5],[134.5,-33.5],[134.5,-32.5],[133.25,-32.5],[133.25,-32.0],[132.25,-32.0],[132.25,-31.5],[130.0,-31.5]]]},"properties":{"id":464,"lon":132.75,"lat":-34.37,"e5":0.60,"e10":0.67,"e15":0.69,"rh":11.1,"rc":28.9,"sst":17.2,"om":3.03,"bf":false}},{"type":"Feature","geometry":{"type":"Polygon","coordinates":[[[60.0,21.5],[60.0,21.25],[59.0,21.25],[59.0,20.5],[57.75,20.5],[57.75,18.75],[56.75,18.75],[56.75,18.0],[55.5,18.0],[55.5,17.5],[56.75,17.5],[56.75,16.75],[57.0,16.75],[57.0,17.0],[57.75,17.0],[57.75,15.75],[59.0,15.75],[59.0,15.5],[60.0,15.5],[60.0,16.5],[61.25,16.5],[61.25,18.0],[62.25,18.0],[62.25,19.75],[63.5,19.75],[63.5,20.0],[62.25,20.0],[62.25,21.5],[60.0,21.5]]]},"properties":{"id":465,"lon":59.5,"lat":18.37,"e5":0.59,"e10":0.69,"e15":0.73,"rh":9.3,"rc":24.1,"sst":26.6,"om":4.04,"bf":false}},{"type":"Feature","geometry":{"type":"Polygon","coordinates":[[[43.25,1.0],[43.25,-0.25],[42.25,-0.25],[42.25,-1.5],[41.0,-1.5],[41.0,-3.25],[42.25,-3.25],[42.25,-4.0],[43.25,-4.0],[43.25,-4.75],[44.5,-4.75],[44.5,-4.0],[45.5,-4.0],[45.5,-2.75],[46.75,-2.75],[46.75,-1.0],[45.5,-1.0],[45.5,0.25],[44.5,0.25],[44.5,0.5],[44.25,0.5],[44.25,1.0],[43.25,1.0]]]},"properties":{"id":466,"lon":43.87,"lat":-2.12,"e5":0.70,"e10":0.77,"e15":0.79,"rh":9.2,"rc":24.0,"sst":27.1,"om":4.01,"bf":false}},{"type":"Feature","geometry":{"type":"Polygon","coordinates":[[[110.75,-3.0],[110.75,-6.5],[109.75,-6.5],[109.75,-6.75],[112.0,-6.75],[112.0,-7.0],[115.25,-7.0],[115.25,-3.75],[114.25,-3.75],[114.25,-3.25],[112.0,-3.25],[112.0,-3.0],[110.75,-3.0]]]},"properties":{"id":467,"lon":113.0,"lat":-5.12,"e5":0.72,"e10":0.77,"e15":0.79,"rh":9.2,"rc":23.8,"sst":28.7,"om":3.92,"bf":false}},{"type":"Feature","geometry":{"type":"Polygon","coordinates":[[[79.25,6.5],[79.25,5.75],[78.0,5.75],[78.0,5.0],[77.0,5.0],[77.0,3.75],[78.0,3.75],[78.0,3.5],[79.25,3.5],[79.25,3.25],[82.5,3.25],[82.5,5.0],[81.5,5.0],[81.5,6.25],[80.25,6.25],[80.25,6.5],[79.25,6.5]]]},"properties":{"id":468,"lon":79.75,"lat":4.37,"e5":0.69,"e10":0.77,"e15":0.79,"rh":9.1,"rc":23.5,"sst":28.3,"om":4.09,"bf":false}},{"type":"Feature","geometry":{"type":"Polygon","coordinates":[[[-78.25,-35.25],[-78.25,-41.0],[-76.0,-41.0],[-76.0,-40.5],[-73.75,-40.5],[-73.75,-36.75],[-74.75,-36.75],[-74.75,-36.25],[-76.0,-36.25],[-76.0,-35.75],[-77.0,-35.75],[-77.0,-35.25],[-78.25,-35.25]]]},"properties":{"id":469,"lon":-76.0,"lat":-38.62,"e5":0.72,"e10":0.75,"e15":0.76,"rh":11.7,"rc":30.4,"sst":14.5,"om":2.62,"bf":false}},{"type":"Feature","geometry":{"type":"Polygon","coordinates":[[[23.0,-51.75],[23.0,-52.25],[20.75,-52.25],[20.75,-52.75],[18.5,-52.75],[18.5,-53.25],[16.25,-53.25],[16.25,-60.25],[28.75,-60.25],[28.75,-59.25],[27.5,-59.25],[27.5,-56.5],[26.5,-56.5],[26.5,-53.75],[25.25,-53.75],[25.25,-51.75],[23.0,-51.75]]]},"properties":{"id":470,"lon":21.37,"lat":-55.12,"e5":0.82,"e10":0.84,"e15":0.85,"rh":13.7,"rc":35.6,"sst":1.2,"om":1.57,"bf":false}},{"type":"Feature","geometry":{"type":"Polygon","coordinates":[[[-154.75,-32.5],[-154.75,-33.0],[-155.75,-33.0],[-155.75,-33.5],[-157.0,-33.5],[-157.0,-34.0],[-158.0,-34.0],[-158.0,-34.5],[-159.25,-34.5],[-159.25,-42.75],[-158.25,-42.75],[-158.25,-42.5],[-158.0,-42.5],[-158.0,-42.75],[-156.0,-42.75],[-156.0,-42.5],[-155.75,-42.5],[-155.75,-42.75],[-153.75,-42.75],[-153.75,-42.5],[-153.5,-42.5],[-153.5,-42.0],[-149.0,-42.0],[-149.0,-39.5],[-148.0,-39.5],[-148.0,-36.25],[-149.0,-36.25],[-149.0,-35.75],[-150.25,-35.75],[-150.25,-34.5],[-151.25,-34.5],[-151.25,-33.5],[-152.5,-33.5],[-152.5,-33.0],[-153.5,-33.0],[-153.5,-32.5],[-154.75,-32.5]]]},"properties":{"id":471,"lon":-153.62,"lat":-37.87,"e5":0.64,"e10":0.69,"e15":0.70,"rh":11.3,"rc":29.5,"sst":15.8,"om":2.86,"bf":false}},{"type":"Feature","geometry":{"type":"Polygon","coordinates":[[[104.0,-21.5],[104.0,-22.25],[103.0,-22.25],[103.0,-23.5],[101.75,-23.5],[101.75,-24.5],[100.75,-24.5],[100.75,-25.75],[99.5,-25.75],[99.5,-28.75],[100.75,-28.75],[100.75,-30.75],[101.75,-30.75],[101.75,-32.0],[110.75,-32.0],[110.75,-29.75],[109.75,-29.75],[109.75,-25.25],[108.5,-25.25],[108.5,-23.0],[109.75,-23.0],[109.75,-22.0],[106.25,-22.0],[106.25,-21.5],[104.0,-21.5]]]},"properties":{"id":472,"lon":104.62,"lat":-27.25,"e5":0.46,"e10":0.54,"e15":0.61,"rh":10.0,"rc":26.0,"sst":21.5,"om":3.64,"bf":false}},{"type":"Feature","geometry":{"type":"Polygon","coordinates":[[[-105.25,-33.5],[-105.25,-34.0],[-106.25,-34.0],[-106.25,-35.75],[-107.5,-35.75],[-107.5,-37.25],[-108.5,-37.25],[-108.5,-40.0],[-107.5,-40.0],[-107.5,-42.0],[-106.25,-42.0],[-106.25,-42.75],[-104.25,-42.75],[-104.25,-42.5],[-104.0,-42.5],[-104.0,-43.25],[-103.0,-43.25],[-103.0,-43.75],[-101.75,-43.75],[-101.75,-44.25],[-100.75,-44.25],[-100.75,-43.75],[-99.5,-43.75],[-99.5,-42.75],[-98.5,-42.75],[-98.5,-41.0],[-97.25,-41.0],[-97.25,-40.0],[-96.25,-40.0],[-96.25,-36.75],[-97.25,-36.75],[-97.25,-34.5],[-98.5,-34.5],[-98.5,-34.0],[-103.0,-34.0],[-103.0,-33.5],[-105.25,-33.5]]]},"properties":{"id":473,"lon":-102.37,"lat":-38.62,"e5":0.66,"e10":0.70,"e15":0.72,"rh":11.5,"rc":29.9,"sst":16.0,"om":2.73,"bf":false}},{"type":"Feature","geometry":{"type":"Polygon","coordinates":[[[-13.0,-20.25],[-13.0,-20.75],[-16.25,-20.75],[-16.25,-21.0],[-17.5,-21.0],[-17.5,-23.0],[-18.5,-23.0],[-18.5,-25.75],[-19.75,-25.75],[-19.75,-27.75],[-18.5,-27.75],[-18.5,-28.75],[-17.5,-28.75],[-17.5,-29.75],[-16.25,-29.75],[-16.25,-30.75],[-15.25,-30.75],[-15.25,-32.0],[-14.0,-32.0],[-14.0,-31.5],[-13.0,-31.5],[-13.0,-30.75],[-10.75,-30.75],[-10.75,-30.25],[-9.5,-30.25],[-9.5,-29.75],[-8.5,-29.75],[-8.5,-26.75],[-9.5,-26.75],[-9.5,-24.5],[-10.75,-24.5],[-10.75,-22.25],[-11.75,-22.25],[-11.75,-20.25],[-13.0,-20.25]]]},"properties":{"id":474,"lon":-14.62,"lat":-26.25,"e5":0.55,"e10":0.71,"e15":0.76,"rh":10.1,"rc":26.3,"sst":22.6,"om":3.59,"bf":false}},{"type":"Feature","geometry":{"type":"Polygon","coordinates":[[[54.5,-18.25],[54.5,-18.75],[53.5,-18.75],[53.5,-22.25],[52.25,-22.25],[52.25,-25.75],[51.25,-25.75],[51.25,-26.25],[52.25,-26.25],[52.25,-26.75],[53.5,-26.75],[53.5,-27.25],[54.5,-27.25],[54.5,-27.75],[55.75,-27.75],[55.75,-28.75],[56.75,-28.75],[56.75,-29.25],[59.0,-29.25],[59.0,-28.75],[60.25,-28.75],[60.25,-28.25],[61.25,-28.25],[61.25,-25.75],[62.5,-25.75],[62.5,-21.5],[63.5,-21.5],[63.5,-21.0],[62.5,-21.0],[62.5,-19.75],[61.25,-19.75],[61.25,-19.0],[59.0,-19.0],[59.0,-18.75],[56.75,-18.75],[56.75,-18.25],[54.5,-18.25]]]},"properties":{"id":475,"lon":57.37,"lat":-24.0,"e5":0.63,"e10":0.72,"e15":0.75,"rh":9.6,"rc":25.0,"sst":24.5,"om":3.84,"bf":false}},{"type":"Feature","geometry":{"type":"Polygon","coordinates":[[[137.75,-41.0],[137.75,-42.0],[136.75,-42.0],[136.75,-43.25],[135.5,-43.25],[135.5,-44.25],[134.5,-44.25],[134.5,-45.25],[133.25,-45.25],[133.25,-46.25],[132.25,-46.25],[132.25,-47.5],[131.0,-47.5],[131.0,-49.5],[132.25,-49.5],[132.25,-50.75],[133.25,-50.75],[133.25,-51.25],[134.5,-51.25],[134.5,-52.25],[135.5,-52.25],[135.5,-53.25],[137.75,-53.25],[137.75,-52.75],[139.0,-52.75],[139.0,-52.25],[140.0,-52.25],[140.0,-51.75],[141.25,-51.75],[141.25,-51.25],[142.25,-51.25],[142.25,-48.5],[143.5,-48.5],[143.5,-45.75],[142.25,-45.75],[142.25,-45.25],[141.25,-45.25],[141.25,-43.75],[140.0,-43.75],[140.0,-41.5],[139.0,-41.5],[139.0,-41.0],[137.75,-41.0]]]},"properties":{"id":476,"lon":137.87,"lat":-46.87,"e5":0.71,"e10":0.76,"e15":0.78,"rh":12.6,"rc":32.7,"sst":9.4,"om":2.19,"bf":false}},{"type":"Feature","geometry":{"type":"Polygon","coordinates":[[[83.75,-4.0],[83.75,-4.25],[82.75,-4.25],[82.75,-4.75],[81.5,-4.75],[81.5,-5.25],[80.5,-5.25],[80.5,-7.75],[79.25,-7.75],[79.25,-11.75],[80.5,-11.75],[80.5,-12.75],[81.5,-12.75],[81.5,-13.0],[83.75,-13.0],[83.75,-13.25],[86.0,-13.25],[86.0,-13.0],[87.25,-13.0],[87.25,-11.5],[88.25,-11.5],[88.25,-10.0],[89.5,-10.0],[89.5,-7.25],[88.25,-7.25],[88.25,-6.0],[87.25,-6.0],[87.25,-5.0],[86.0,-5.0],[86.0,-4.5],[85.0,-4.5],[85.0,-4.0],[83.75,-4.0]]]},"properties":{"id":477,"lon":84.37,"lat":-8.87,"e5":0.70,"e10":0.76,"e15":0.78,"rh":9.1,"rc":23.7,"sst":28.0,"om":4.06,"bf":false}},{"type":"Feature","geometry":{"type":"Polygon","coordinates":[[[169.25,-19.75],[169.25,-20.25],[170.5,-20.25],[170.5,-22.25],[169.25,-22.25],[169.25,-24.0],[168.25,-24.0],[168.25,-24.5],[167.0,-24.5],[167.0,-24.75],[166.0,-24.75],[166.0,-30.75],[167.0,-30.75],[167.0,-31.5],[168.25,-31.5],[168.25,-32.5],[169.25,-32.5],[169.25,-33.5],[170.5,-33.5],[170.5,-32.5],[171.5,-32.5],[171.5,-32.0],[173.75,-32.0],[173.75,-31.5],[175.0,-31.5],[175.0,-20.25],[172.75,-20.25],[172.75,-20.0],[170.5,-20.0],[170.5,-19.75],[169.25,-19.75]]]},"properties":{"id":478,"lon":170.5,"lat":-27.75,"e5":0.58,"e10":0.68,"e15":0.73,"rh":9.7,"rc":25.3,"sst":23.1,"om":3.78,"bf":false}},{"type":"Feature","geometry":{"type":"Polygon","coordinates":[[[-117.5,-10.0],[-117.5,-11.0],[-118.75,-11.0],[-118.75,-16.25],[-119.75,-16.25],[-119.75,-19.0],[-118.75,-19.0],[-118.75,-19.25],[-116.5,-19.25],[-116.5,-19.75],[-115.25,-19.75],[-115.25,-20.0],[-114.25,-20.0],[-114.25,-20.25],[-113.0,-20.25],[-113.0,-19.75],[-112.0,-19.75],[-112.0,-18.25],[-110.75,-18.25],[-110.75,-15.5],[-112.0,-15.5],[-112.0,-10.25],[-113.0,-10.25],[-113.0,-10.0],[-117.5,-10.0]]]},"properties":{"id":479,"lon":-115.37,"lat":-13.25,"e5":0.54,"e10":0.69,"e15":0.75,"rh":9.6,"rc":24.9,"sst":24.8,"om":3.86,"bf":false}},{"type":"Feature","geometry":{"type":"Polygon","coordinates":[[[79.25,-49.0],[79.25,-49.5],[76.0,-49.5],[76.0,-51.25],[74.75,-51.25],[74.75,-55.5],[76.0,-55.5],[76.0,-60.25],[86.0,-60.25],[86.0,-52.75],[85.0,-52.75],[85.0,-51.75],[83.75,-51.75],[83.75,-50.75],[82.75,-50.75],[82.75,-49.5],[81.5,-49.5],[81.5,-49.0],[79.25,-49.0]]]},"properties":{"id":480,"lon":80.37,"lat":-54.12,"e5":0.75,"e10":0.78,"e15":0.79,"rh":13.6,"rc":35.4,"sst":1.8,"om":1.61,"bf":false}},{"type":"Feature","geometry":{"type":"Polygon","coordinates":[[[-136.75,-42.0],[-136.75,-43.25],[-137.75,-43.25],[-137.75,-50.75],[-136.75,-50.75],[-136.75,-51.25],[-135.5,-51.25],[-135.5,-51.75],[-134.5,-51.75],[-134.5,-52.25],[-133.25,-52.25],[-133.25,-52.75],[-132.25,-52.75],[-132.25,-53.25],[-131.0,-53.25],[-131.0,-52.25],[-130.0,-52.25],[-130.0,-51.75],[-128.75,-51.75],[-128.75,-50.75],[-127.75,-50.75],[-127.75,-43.75],[-130.0,-43.75],[-130.0,-43.25],[-132.25,-43.25],[-132.25,-42.75],[-133.25,-42.75],[-133.25,-42.5],[-133.5,-42.5],[-133.5,-42.75],[-134.5,-42.75],[-134.5,-42.0],[-136.75,-42.0]]]},"properties":{"id":481,"lon":-132.75,"lat":-47.25,"e5":0.67,"e10":0.72,"e15":0.74,"rh":12.6,"rc":32.8,"sst":9.2,"om":2.16,"bf":false}},{"type":"Feature","geometry":{"type":"Polygon","coordinates":[[[52.25,-39.5],[52.25,-40.0],[51.25,-40.0],[51.25,-41.0],[50.0,-41.0],[50.0,-42.0],[49.0,-42.0],[49.0,-43.25],[47.75,-43.25],[47.75,-44.25],[46.75,-44.25],[46.75,-50.0],[49.0,-50.0],[49.0,-50.75],[51.25,-50.75],[51.25,-51.25],[52.25,-51.25],[52.25,-51.75],[54.5,-51.75],[54.5,-51.25],[55.75,-51.25],[55.75,-50.0],[56.75,-50.0],[56.75,-49.0],[58.0,-49.0],[58.0,-48.0],[56.75,-48.0],[56.75,-44.75],[55.75,-44.75],[55.75,-41.5],[54.5,-41.5],[54.5,-39.5],[52.25,-39.5]]]},"properties":{"id":482,"lon":51.75,"lat":-46.37,"e5":0.72,"e10":0.76,"e15":0.77,"rh":12.7,"rc":33.1,"sst":7.9,"om":2.08,"bf":false}},{"type":"Feature","geometry":{"type":"Polygon","coordinates":[[[-43.5,-42.5],[-43.5,-42.75],[-44.5,-42.75],[-44.5,-43.25],[-46.75,-43.25],[-46.75,-43.75],[-49.0,-43.75],[-49.0,-47.0],[-50.0,-47.0],[-50.0,-50.75],[-49.0,-50.75],[-49.0,-51.25],[-47.75,-51.25],[-47.75,-52.25],[-46.75,-52.25],[-46.75,-52.75],[-45.5,-52.75],[-45.5,-53.25],[-44.5,-53.25],[-44.5,-52.75],[-43.25,-52.75],[-43.25,-52.25],[-42.25,-52.25],[-42.25,-51.75],[-41.0,-51.75],[-41.0,-51.25],[-40.0,-51.25],[-40.0,-44.25],[-41.0,-44.25],[-41.0,-43.25],[-42.25,-43.25],[-42.25,-42.75],[-43.25,-42.75],[-43.25,-42.5],[-43.5,-42.5]]]},"properties":{"id":483,"lon":-45.0,"lat":-48.87,"e5":0.78,"e10":0.81,"e15":0.82,"rh":12.7,"rc":33.1,"sst":8.1,"om":2.08,"bf":false}},{"type":"Feature","geometry":{"type":"Polygon","coordinates":[[[72.5,6.75],[72.5,6.0],[71.25,6.0],[71.25,5.0],[70.25,5.0],[70.25,4.25],[69.0,4.25],[69.0,3.75],[68.0,3.75],[68.0,-2.5],[69.25,-2.5],[69.25,-3.25],[70.25,-3.25],[70.25,-3.75],[71.5,-3.75],[71.5,-3.5],[72.5,-3.5],[72.5,-3.0],[73.75,-3.0],[73.75,-2.5],[74.75,-2.5],[74.75,-2.25],[76.0,-2.25],[76.0,0.5],[75.75,0.5],[75.75,1.0],[77.0,1.0],[77.0,5.25],[75.75,5.25],[75.75,5.75],[74.75,5.75],[74.75,6.0],[73.5,6.0],[73.5,6.75],[72.5,6.75]]]},"properties":{"id":484,"lon":72.5,"lat":2.37,"e5":0.69,"e10":0.78,"e15":0.80,"rh":8.9,"rc":23.1,"sst":28.9,"om":4.2,"bf":false}},{"type":"Feature","geometry":{"type":"Polygon","coordinates":[[[-31.0,-51.25],[-31.0,-52.25],[-32.0,-52.25],[-32.0,-52.75],[-33.25,-52.75],[-33.25,-53.75],[-34.25,-53.75],[-34.25,-60.25],[-23.0,-60.25],[-23.0,-54.5],[-24.25,-54.5],[-24.25,-53.75],[-25.25,-53.75],[-25.25,-53.25],[-26.5,-53.25],[-26.5,-52.25],[-27.5,-52.25],[-27.5,-51.75],[-28.75,-51.75],[-28.75,-51.25],[-31.0,-51.25]]]},"properties":{"id":485,"lon":-28.62,"lat":-57.37,"e5":0.83,"e10":0.84,"e15":0.85,"rh":13.7,"rc":35.5,"sst":1.4,"om":1.59,"bf":false}},{"type":"Feature","geometry":{"type":"Polygon","coordinates":[[[-154.75,-10.0],[-154.75,-16.25],[-153.5,-16.25],[-153.5,-16.75],[-152.5,-16.75],[-152.5,-17.25],[-151.25,-17.25],[-151.25,-17.75],[-150.25,-17.75],[-150.25,-18.25],[-149.0,-18.25],[-149.0,-18.75],[-148.0,-18.75],[-148.0,-17.75],[-146.75,-17.75],[-146.75,-17.0],[-145.75,-17.0],[-145.75,-10.0],[-154.75,-10.0]]]},"properties":{"id":486,"lon":-150.25,"lat":-13.12,"e5":0.62,"e10":0.74,"e15":0.78,"rh":9.0,"rc":23.3,"sst":27.8,"om":4.2,"bf":false}},{"type":"Feature","geometry":{"type":"Polygon","coordinates":[[[-5.0,-10.0],[-5.0,-18.0],[-4.0,-18.0],[-4.0,-18.75],[-2.75,-18.75],[-2.75,-19.25],[-1.75,-19.25],[-1.75,-19.75],[-0.5,-19.75],[-0.5,-19.0],[0.5,-19.0],[0.5,-18.25],[1.75,-18.25],[1.75,-10.0],[-5.0,-10.0]]]},"properties":{"id":487,"lon":-1.62,"lat":-14.0,"e5":0.59,"e10":0.72,"e15":0.76,"rh":9.9,"rc":25.7,"sst":23.2,"om":3.74,"bf":false}},{"type":"Feature","geometry":{"type":"Polygon","coordinates":[[[-89.5,-10.0],[-89.5,-18.0],[-88.25,-18.0],[-88.25,-18.25],[-87.25,-18.25],[-87.25,-18.75],[-86.0,-18.75],[-86.0,-19.25],[-85.0,-19.25],[-85.0,-19.75],[-83.75,-19.75],[-83.75,-18.75],[-82.75,-18.75],[-82.75,-17.75],[-81.5,-17.75],[-81.5,-16.75],[-80.5,-16.75],[-80.5,-15.75],[-79.25,-15.75],[-79.25,-15.5],[-80.5,-15.5],[-80.5,-13.25],[-81.5,-13.25],[-81.5,-11.25],[-82.75,-11.25],[-82.75,-10.0],[-89.5,-10.0]]]},"properties":{"id":488,"lon":-85.0,"lat":-14.37,"e5":0.63,"e10":0.71,"e15":0.75,"rh":10.6,"rc":27.6,"sst":21.8,"om":3.26,"bf":false}},{"type":"Feature","geometry":{"type":"Polygon","coordinates":[[[101.75,-42.0],[101.75,-45.25],[100.75,-45.25],[100.75,-49.0],[99.5,-49.0],[99.5,-49.5],[100.75,-49.5],[100.75,-50.0],[101.75,-50.0],[101.75,-50.75],[103.0,-50.75],[103.0,-51.25],[104.0,-51.25],[104.0,-51.75],[105.25,-51.75],[105.25,-52.25],[107.5,-52.25],[107.5,-51.25],[108.5,-51.25],[108.5,-50.75],[109.75,-50.75],[109.75,-49.5],[110.75,-49.5],[110.75,-45.75],[109.75,-45.75],[109.75,-42.5],[109.5,-42.5],[109.5,-42.75],[108.5,-42.75],[108.5,-42.0],[101.75,-42.0]]]},"properties":{"id":489,"lon":105.75,"lat":-47.37,"e5":0.68,"e10":0.73,"e15":0.75,"rh":12.8,"rc":33.2,"sst":8.0,"om":2.07,"bf":false}},{"type":"Feature","geometry":{"type":"Polygon","coordinates":[[[173.75,-48.5],[173.75,-49.0],[172.75,-49.0],[172.75,-49.5],[171.5,-49.5],[171.5,-50.0],[168.25,-50.0],[168.25,-60.25],[177.25,-60.25],[177.25,-55.5],[178.25,-55.5],[178.25,-52.25],[177.25,-52.25],[177.25,-50.75],[176.0,-50.75],[176.0,-49.0],[175.0,-49.0],[175.0,-48.5],[173.75,-48.5]]]},"properties":{"id":490,"lon":173.25,"lat":-53.87,"e5":0.72,"e10":0.76,"e15":0.77,"rh":13.1,"rc":34.0,"sst":6.1,"om":1.9,"bf":false}},{"type":"Feature","geometry":{"type":"Polygon","coordinates":[[[13.0,-33.0],[13.0,-34.0],[11.75,-34.0],[11.75,-34.5],[10.75,-34.5],[10.75,-35.25],[9.5,-35.25],[9.5,-36.25],[8.5,-36.25],[8.5,-36.75],[7.25,-36.75],[7.25,-37.75],[6.25,-37.75],[6.25,-40.0],[7.25,-40.0],[7.25,-42.0],[8.5,-42.0],[8.5,-42.75],[9.5,-42.75],[9.5,-43.25],[10.75,-43.25],[10.75,-43.75],[13.0,-43.75],[13.0,-44.25],[14.0,-44.25],[14.0,-44.75],[15.25,-44.75],[15.25,-44.25],[16.25,-44.25],[16.25,-43.75],[17.5,-43.75],[17.5,-42.75],[18.5,-42.75],[18.5,-38.25],[19.75,-38.25],[19.75,-37.75],[17.5,-37.75],[17.5,-37.25],[16.25,-37.25],[16.25,-36.75],[15.25,-36.75],[15.25,-35.75],[14.0,-35.75],[14.0,-33.0],[13.0,-33.0]]]},"properties":{"id":491,"lon":12.37,"lat":-39.12,"e5":0.59,"e10":0.65,"e15":0.70,"rh":11.3,"rc":29.5,"sst":15.1,"om":2.88,"bf":false}},{"type":"Feature","geometry":{"type":"MultiPolygon","coordinates":[[[[60.0,12.5],[60.0,11.5],[61.25,11.5],[61.25,11.0],[62.25,11.0],[62.25,10.25],[63.5,10.25],[63.5,4.75],[62.25,4.75],[62.25,4.0],[61.25,4.0],[61.25,3.25],[60.0,3.25],[60.0,2.75],[57.75,2.75],[57.75,3.5],[56.75,3.5],[56.75,4.25],[55.5,4.25],[55.5,5.0],[54.5,5.0],[54.5,6.0],[53.25,6.0],[53.25,6.75],[54.5,6.75],[54.5,9.25],[55.5,9.25],[55.5,9.75],[56.75,9.75],[56.75,10.25],[57.75,10.25],[57.75,12.0],[58.25,12.0],[58.25,12.25],[59.0,12.25],[59.0,12.5],[60.0,12.5]]],[[[59.0,13.25],[59.0,13.0],[57.75,13.0],[57.75,13.25],[59.0,13.25]]]]},"properties":{"id":492,"lon":59.0,"lat":8.0,"e5":0.67,"e10":0.77,"e15":0.79,"rh":9.1,"rc":23.7,"sst":27.6,"om":4.1,"bf":false}},{"type":"Feature","geometry":{"type":"Polygon","coordinates":[[[-167.0,-42.0],[-167.0,-43.75],[-168.25,-43.75],[-168.25,-45.25],[-169.25,-45.25],[-169.25,-47.5],[-170.5,-47.5],[-170.5,-49.5],[-169.25,-49.5],[-169.25,-50.0],[-168.25,-50.0],[-168.25,-50.75],[-167.0,-50.75],[-167.0,-51.25],[-166.0,-51.25],[-166.0,-51.75],[-164.75,-51.75],[-164.75,-52.25],[-163.75,-52.25],[-163.75,-52.75],[-162.5,-52.75],[-162.5,-52.25],[-161.5,-52.25],[-161.5,-51.25],[-160.25,-51.25],[-160.25,-50.75],[-159.25,-50.75],[-159.25,-42.0],[-167.0,-42.0]]]},"properties":{"id":493,"lon":-164.25,"lat":-46.37,"e5":0.70,"e10":0.73,"e15":0.74,"rh":12.2,"rc":31.8,"sst":11.2,"om":2.37,"bf":false}},{"type":"Feature","geometry":{"type":"Polygon","coordinates":[[[-88.5,-42.5],[-88.5,-42.75],[-89.5,-42.75],[-89.5,-47.0],[-90.5,-47.0],[-90.5,-50.0],[-89.5,-50.0],[-89.5,-50.75],[-88.25,-50.75],[-88.25,-51.25],[-87.25,-51.25],[-87.25,-51.75],[-86.0,-51.75],[-86.0,-52.25],[-85.0,-52.25],[-85.0,-52.75],[-82.75,-52.75],[-82.75,-52.25],[-81.5,-52.25],[-81.5,-51.75],[-80.5,-51.75],[-80.5,-44.75],[-79.25,-44.75],[-79.25,-44.25],[-81.5,-44.25],[-81.5,-43.75],[-83.75,-43.75],[-83.75,-43.25],[-86.0,-43.25],[-86.0,-42.5],[-86.25,-42.5],[-86.25,-42.75],[-88.25,-42.75],[-88.25,-42.5],[-88.5,-42.5]]]},"properties":{"id":494,"lon":-85.5,"lat":-48.5,"e5":0.74,"e10":0.78,"e15":0.79,"rh":12.5,"rc":32.5,"sst":10.1,"om":2.21,"bf":false}},{"type":"Feature","geometry":{"type":"Polygon","coordinates":[[[77.0,-18.0],[77.0,-18.25],[72.5,-18.25],[72.5,-18.75],[71.5,-18.75],[71.5,-20.0],[70.25,-20.0],[70.25,-22.75],[71.5,-22.75],[71.5,-26.25],[72.5,-26.25],[72.5,-27.75],[78.25,-27.75],[78.25,-27.25],[79.25,-27.25],[79.25,-25.75],[80.5,-25.75],[80.5,-24.0],[81.5,-24.0],[81.5,-22.25],[80.5,-22.25],[80.5,-20.75],[79.25,-20.75],[79.25,-19.25],[78.25,-19.25],[78.25,-18.0],[77.0,-18.0]]]},"properties":{"id":495,"lon":76.5,"lat":-23.37,"e5":0.55,"e10":0.67,"e15":0.72,"rh":9.7,"rc":25.3,"sst":23.5,"om":3.76,"bf":false}},{"type":"Feature","geometry":{"type":"Polygon","coordinates":[[[-171.5,-10.0],[-171.5,-12.0],[-172.75,-12.0],[-172.75,-16.5],[-171.5,-16.5],[-171.5,-17.25],[-170.5,-17.25],[-170.5,-18.0],[-169.25,-18.0],[-169.25,-19.0],[-167.0,-19.0],[-167.0,-18.0],[-166.0,-18.0],[-166.0,-17.0],[-164.75,-17.0],[-164.75,-16.25],[-163.75,-16.25],[-163.75,-10.0],[-171.5,-10.0]]]},"properties":{"id":496,"lon":-168.25,"lat":-14.12,"e5":0.64,"e10":0.75,"e15":0.78,"rh":8.8,"rc":23.0,"sst":28.5,"om":4.24,"bf":false}},{"type":"Feature","geometry":{"type":"Polygon","coordinates":[[[-29.75,-26.25],[-29.75,-26.75],[-32.0,-26.75],[-32.0,-27.25],[-34.25,-27.25],[-34.25,-28.25],[-35.5,-28.25],[-35.5,-34.0],[-34.25,-34.0],[-34.25,-35.25],[-33.25,-35.25],[-33.25,-36.25],[-32.0,-36.25],[-32.0,-36.75],[-31.0,-36.75],[-31.0,-36.25],[-29.75,-36.25],[-29.75,-35.75],[-27.5,-35.75],[-27.5,-35.25],[-26.5,-35.25],[-26.5,-34.0],[-25.25,-34.0],[-25.25,-28.75],[-24.25,-28.75],[-24.25,-28.25],[-25.25,-28.25],[-25.25,-27.25],[-26.5,-27.25],[-26.5,-26.25],[-29.75,-26.25]]]},"properties":{"id":497,"lon":-30.37,"lat":-31.37,"e5":0.61,"e10":0.74,"e15":0.79,"rh":10.4,"rc":27.2,"sst":20.3,"om":3.39,"bf":false}},{"type":"Feature","geometry":{"type":"Polygon","coordinates":[[[-119.75,-19.0],[-119.75,-20.25],[-121.0,-20.25],[-121.0,-22.75],[-122.0,-22.75],[-122.0,-24.75],[-123.25,-24.75],[-123.25,-27.25],[-122.0,-27.25],[-122.0,-28.75],[-121.0,-28.75],[-121.0,-29.25],[-118.75,-29.25],[-118.75,-29.75],[-117.5,-29.75],[-117.5,-30.25],[-116.5,-30.25],[-116.5,-29.75],[-115.25,-29.75],[-115.25,-28.75],[-114.25,-28.75],[-114.25,-27.75],[-113.0,-27.75],[-113.0,-26.75],[-112.0,-26.75],[-112.0,-22.75],[-113.0,-22.75],[-113.0,-20.25],[-114.25,-20.25],[-114.25,-20.0],[-115.25,-20.0],[-115.25,-19.75],[-116.5,-19.75],[-116.5,-19.25],[-118.75,-19.25],[-118.75,-19.0],[-119.75,-19.0]]]},"properties":{"id":498,"lon":-117.0,"lat":-23.75,"e5":0.53,"e10":0.63,"e15":0.71,"rh":9.7,"rc":25.3,"sst":24.0,"om":3.8,"bf":false}},{"type":"Feature","geometry":{"type":"Polygon","coordinates":[[[130.0,-35.25],[130.0,-35.75],[127.75,-35.75],[127.75,-45.25],[128.75,-45.25],[128.75,-46.25],[130.0,-46.25],[130.0,-47.5],[132.25,-47.5],[132.25,-46.25],[133.25,-46.25],[133.25,-45.25],[134.5,-45.25],[134.5,-44.25],[135.5,-44.25],[135.5,-43.25],[136.75,-43.25],[136.75,-42.0],[137.75,-42.0],[137.75,-40.5],[136.75,-40.5],[136.75,-40.0],[135.5,-40.0],[135.5,-39.5],[134.5,-39.5],[134.5,-39.0],[133.25,-39.0],[133.25,-37.75],[132.25,-37.75],[132.25,-36.25],[131.0,-36.25],[131.0,-35.25],[130.0,-35.25]]]},"properties":{"id":499,"lon":132.75,"lat":-41.25,"e5":0.67,"e10":0.73,"e15":0.74,"rh":11.8,"rc":30.6,"sst":13.5,"om":2.64,"bf":false}},{"type":"Feature","geometry":{"type":"Polygon","coordinates":[[[-110.75,-51.25],[-110.75,-51.75],[-112.0,-51.75],[-112.0,-57.0],[-113.0,-57.0],[-113.0,-60.25],[-103.0,-60.25],[-103.0,-52.75],[-104.0,-52.75],[-104.0,-52.25],[-106.25,-52.25],[-106.25,-51.75],[-108.5,-51.75],[-108.5,-51.25],[-110.75,-51.25]]]},"properties":{"id":500,"lon":-107.5,"lat":-54.87,"e5":0.71,"e10":0.76,"e15":0.78,"rh":13.2,"rc":34.4,"sst":5.1,"om":1.83,"bf":false}},{"type":"Feature","geometry":{"type":"Polygon","coordinates":[[[98.5,-6.25],[98.5,-7.5],[97.25,-7.5],[97.25,-8.5],[96.25,-8.5],[96.25,-9.5],[95.0,-9.5],[95.0,-13.25],[96.25,-13.25],[96.25,-15.75],[97.25,-15.75],[97.25,-16.25],[100.75,-16.25],[100.75,-16.5],[101.75,-16.5],[101.75,-15.0],[103.0,-15.0],[103.0,-13.25],[104.0,-13.25],[104.0,-11.5],[105.25,-11.5],[105.25,-10.25],[104.0,-10.25],[104.0,-10.0],[103.0,-10.0],[103.0,-8.25],[101.75,-8.25],[101.75,-8.0],[100.75,-8.0],[100.75,-7.25],[99.5,-7.25],[99.5,-6.25],[98.5,-6.25]]]},"properties":{"id":501,"lon":100.12,"lat":-10.87,"e5":0.68,"e10":0.74,"e15":0.77,"rh":9.2,"rc":23.9,"sst":27.6,"om":3.98,"bf":false}},{"type":"Feature","geometry":{"type":"Polygon","coordinates":[[[-136.75,-16.25],[-136.75,-16.75],[-137.75,-16.75],[-137.75,-17.75],[-139.0,-17.75],[-139.0,-18.75],[-140.0,-18.75],[-140.0,-25.25],[-139.0,-25.25],[-139.0,-25.75],[-136.75,-25.75],[-136.75,-26.25],[-135.5,-26.25],[-135.5,-26.75],[-133.25,-26.75],[-133.25,-25.75],[-132.25,-25.75],[-132.25,-24.75],[-131.0,-24.75],[-131.0,-24.0],[-130.0,-24.0],[-130.0,-18.75],[-131.0,-18.75],[-131.0,-18.25],[-132.25,-18.25],[-132.25,-17.75],[-133.25,-17.75],[-133.25,-17.0],[-134.5,-17.0],[-134.5,-16.75],[-135.5,-16.75],[-135.5,-16.25],[-136.75,-16.25]]]},"properties":{"id":502,"lon":-135.0,"lat":-21.37,"e5":0.59,"e10":0.70,"e15":0.75,"rh":9.2,"rc":24.0,"sst":26.1,"om":4.09,"bf":false}},{"type":"Feature","geometry":{"type":"Polygon","coordinates":[[[160.25,-10.0],[160.25,-16.25],[161.5,-16.25],[161.5,-18.75],[162.5,-18.75],[162.5,-18.25],[163.75,-18.25],[163.75,-17.75],[167.0,-17.75],[167.0,-18.25],[168.25,-18.25],[168.25,-18.75],[169.25,-18.75],[169.25,-10.0],[160.25,-10.0]]]},"properties":{"id":503,"lon":164.75,"lat":-13.12,"e5":0.67,"e10":0.75,"e15":0.78,"rh":8.9,"rc":23.1,"sst":28.2,"om":4.18,"bf":false}},{"type":"Feature","geometry":{"type":"Polygon","coordinates":[[[-4.0,-50.75],[-4.0,-51.25],[-9.5,-51.25],[-9.5,-51.75],[-11.75,-51.75],[-11.75,-60.25],[-1.75,-60.25],[-1.75,-56.5],[-2.75,-56.5],[-2.75,-50.75],[-4.0,-50.75]]]},"properties":{"id":504,"lon":-7.25,"lat":-54.12,"e5":0.82,"e10":0.84,"e15":0.84,"rh":13.8,"rc":35.8,"sst":0.5,"om":1.53,"bf":false}},{"type":"Feature","geometry":{"type":"Polygon","coordinates":[[[79.25,-37.25],[79.25,-37.75],[78.25,-37.75],[78.25,-38.25],[76.0,-38.25],[76.0,-39.0],[74.75,-39.0],[74.75,-41.5],[73.75,-41.5],[73.75,-45.25],[72.5,-45.25],[72.5,-46.25],[73.75,-46.25],[73.75,-47.0],[74.75,-47.0],[74.75,-48.0],[76.0,-48.0],[76.0,-49.5],[79.25,-49.5],[79.25,-49.0],[81.5,-49.0],[81.5,-47.5],[82.75,-47.5],[82.75,-44.75],[83.75,-44.75],[83.75,-41.0],[82.75,-41.0],[82.75,-39.5],[81.5,-39.5],[81.5,-37.25],[79.25,-37.25]]]},"properties":{"id":505,"lon":78.75,"lat":-43.12,"e5":0.66,"e10":0.70,"e15":0.72,"rh":12.2,"rc":31.8,"sst":11.2,"om":2.37,"bf":false}},{"type":"Feature","geometry":{"type":"Polygon","coordinates":[[[27.5,-36.75],[27.5,-37.25],[25.25,-37.25],[25.25,-37.75],[22.0,-37.75],[22.0,-38.25],[18.5,-38.25],[18.5,-43.25],[19.75,-43.25],[19.75,-43.75],[20.75,-43.75],[20.75,-44.75],[22.0,-44.75],[22.0,-45.25],[23.0,-45.25],[23.0,-46.25],[24.25,-46.25],[24.25,-47.5],[25.25,-47.5],[25.25,-48.0],[27.5,-48.0],[27.5,-47.5],[28.75,-47.5],[28.75,-46.25],[29.75,-46.25],[29.75,-42.0],[28.75,-42.0],[28.75,-36.75],[27.5,-36.75]]]},"properties":{"id":506,"lon":24.12,"lat":-42.62,"e5":0.68,"e10":0.72,"e15":0.74,"rh":11.8,"rc":30.6,"sst":13.2,"om":2.62,"bf":false}},{"type":"Feature","geometry":{"type":"Polygon","coordinates":[[[-17.5,-37.25],[-17.5,-37.75],[-18.5,-37.75],[-18.5,-38.25],[-19.75,-38.25],[-19.75,-39.0],[-22.0,-39.0],[-22.0,-42.0],[-23.0,-42.0],[-23.0,-44.25],[-22.0,-44.25],[-22.0,-45.25],[-20.75,-45.25],[-20.75,-47.0],[-19.75,-47.0],[-19.75,-48.5],[-18.5,-48.5],[-18.5,-49.0],[-14.0,-49.0],[-14.0,-47.5],[-13.0,-47.5],[-13.0,-44.25],[-11.75,-44.25],[-11.75,-41.0],[-13.0,-41.0],[-13.0,-40.0],[-14.0,-40.0],[-14.0,-39.0],[-15.25,-39.0],[-15.25,-37.75],[-16.25,-37.75],[-16.25,-37.25],[-17.5,-37.25]]]},"properties":{"id":507,"lon":-17.37,"lat":-43.12,"e5":0.71,"e10":0.75,"e15":0.77,"rh":12.3,"rc":32.1,"sst":10.3,"om":2.3,"bf":false}},{"type":"Feature","geometry":{"type":"Polygon","coordinates":[[[124.25,-44.75],[124.25,-45.25],[121.0,-45.25],[121.0,-45.75],[119.75,-45.75],[119.75,-47.5],[118.75,-47.5],[118.75,-50.75],[119.75,-50.75],[119.75,-51.25],[121.0,-51.25],[121.0,-51.75],[122.0,-51.75],[122.0,-52.75],[123.25,-52.75],[123.25,-53.25],[124.25,-53.25],[124.25,-53.75],[126.5,-53.75],[126.5,-52.75],[127.75,-52.75],[127.75,-51.75],[128.75,-51.75],[128.75,-50.75],[130.0,-50.75],[130.0,-49.5],[131.0,-49.5],[131.0,-47.5],[130.0,-47.5],[130.0,-46.25],[128.75,-46.25],[128.75,-45.25],[127.75,-45.25],[127.75,-44.75],[124.25,-44.75]]]},"properties":{"id":508,"lon":124.87,"lat":-48.5,"e5":0.72,"e10":0.77,"e15":0.78,"rh":12.9,"rc":33.4,"sst":7.6,"om":2.02,"bf":false}},{"type":"Feature","geometry":{"type":"Polygon","coordinates":[[[-115.25,-36.75],[-115.25,-37.25],[-116.5,-37.25],[-116.5,-38.25],[-117.5,-38.25],[-117.5,-39.5],[-118.75,-39.5],[-118.75,-43.25],[-117.5,-43.25],[-117.5,-46.25],[-116.5,-46.25],[-116.5,-48.0],[-115.25,-48.0],[-115.25,-48.5],[-113.0,-48.5],[-113.0,-49.0],[-112.0,-49.0],[-112.0,-48.0],[-110.75,-48.0],[-110.75,-45.75],[-109.75,-45.75],[-109.75,-44.25],[-108.5,-44.25],[-108.5,-42.75],[-107.5,-42.75],[-107.5,-40.0],[-108.5,-40.0],[-108.5,-37.75],[-110.75,-37.75],[-110.75,-37.25],[-113.0,-37.25],[-113.0,-36.75],[-115.25,-36.75]]]},"properties":{"id":509,"lon":-113.62,"lat":-43.0,"e5":0.68,"e10":0.72,"e15":0.73,"rh":12.0,"rc":31.2,"sst":13.0,"om":2.47,"bf":false}},{"type":"Feature","geometry":{"type":"Polygon","coordinates":[[[-97.25,-17.25],[-97.25,-17.75],[-98.5,-17.75],[-98.5,-18.25],[-99.5,-18.25],[-99.5,-19.0],[-100.75,-19.0],[-100.75,-19.25],[-101.75,-19.25],[-101.75,-24.5],[-100.75,-24.5],[-100.75,-24.75],[-99.5,-24.75],[-99.5,-25.75],[-98.5,-25.75],[-98.5,-26.25],[-97.25,-26.25],[-97.25,-26.75],[-96.25,-26.75],[-96.25,-27.75],[-95.0,-27.75],[-95.0,-28.25],[-94.0,-28.25],[-94.0,-27.75],[-92.75,-27.75],[-92.75,-18.75],[-94.0,-18.75],[-94.0,-18.25],[-95.0,-18.25],[-95.0,-17.75],[-96.25,-17.75],[-96.25,-17.25],[-97.25,-17.25]]]},"properties":{"id":510,"lon":-97.25,"lat":-21.87,"e5":0.48,"e10":0.59,"e15":0.68,"rh":10.3,"rc":26.8,"sst":21.8,"om":3.46,"bf":false}},{"type":"Feature","geometry":{"type":"Polygon","coordinates":[[[-148.0,-44.25],[-148.0,-50.75],[-146.75,-50.75],[-146.75,-51.75],[-145.75,-51.75],[-145.75,-52.25],[-144.5,-52.25],[-144.5,-52.75],[-143.5,-52.75],[-143.5,-53.75],[-141.25,-53.75],[-141.25,-52.75],[-140.0,-52.75],[-140.0,-52.25],[-139.0,-52.25],[-139.0,-51.25],[-137.75,-51.25],[-137.75,-44.25],[-148.0,-44.25]]]},"properties":{"id":511,"lon":-142.87,"lat":-47.5,"e5":0.65,"e10":0.70,"e15":0.72,"rh":12.6,"rc":32.7,"sst":9.1,"om":2.17,"bf":false}},{"type":"Feature","geometry":{"type":"Polygon","coordinates":[[[-26.5,-10.0],[-26.5,-14.0],[-25.25,-14.0],[-25.25,-17.75],[-23.0,-17.75],[-23.0,-18.0],[-19.75,-18.0],[-19.75,-15.75],[-18.5,-15.75],[-18.5,-12.25],[-17.5,-12.25],[-17.5,-10.0],[-26.5,-10.0]]]},"properties":{"id":512,"lon":-22.5,"lat":-13.12,"e5":0.66,"e10":0.75,"e15":0.78,"rh":9.3,"rc":24.3,"sst":25.3,"om":4.07,"bf":false}},{"type":"Feature","geometry":{"type":"Polygon","coordinates":[[[109.75,-11.25],[109.75,-15.0],[110.75,-15.0],[110.75,-19.75],[112.0,-19.75],[112.0,-18.75],[113.0,-18.75],[113.0,-18.25],[114.25,-18.25],[114.25,-17.75],[115.25,-17.75],[115.25,-17.25],[116.5,-17.25],[116.5,-17.0],[117.5,-17.0],[117.5,-16.25],[118.75,-16.25],[118.75,-14.5],[119.75,-14.5],[119.75,-13.0],[118.75,-13.0],[118.75,-12.75],[117.5,-12.75],[117.5,-12.5],[116.5,-12.5],[116.5,-12.0],[115.25,-12.0],[115.25,-11.5],[113.0,-11.5],[113.0,-11.25],[109.75,-11.25]]]},"properties":{"id":513,"lon":114.75,"lat":-15.62,"e5":0.63,"e10":0.71,"e15":0.75,"rh":9.1,"rc":23.7,"sst":27.7,"om":4.03,"bf":false}},{"type":"Feature","geometry":{"type":"Polygon","coordinates":[[[-163.75,-32.0],[-163.75,-32.5],[-166.0,-32.5],[-166.0,-33.0],[-167.0,-33.0],[-167.0,-33.5],[-168.25,-33.5],[-168.25,-34.0],[-169.25,-34.0],[-169.25,-36.25],[-170.5,-36.25],[-170.5,-36.75],[-169.25,-36.75],[-169.25,-38.25],[-168.25,-38.25],[-168.25,-40.5],[-167.0,-40.5],[-167.0,-42.0],[-159.25,-42.0],[-159.25,-34.0],[-160.25,-34.0],[-160.25,-33.0],[-161.5,-33.0],[-161.5,-32.5],[-162.5,-32.5],[-162.5,-32.0],[-163.75,-32.0]]]},"properties":{"id":514,"lon":-164.25,"lat":-37.5,"e5":0.62,"e10":0.67,"e15":0.69,"rh":11.1,"rc":28.8,"sst":16.9,"om":3.02,"bf":false}},{"type":"Feature","geometry":{"type":"Polygon","coordinates":[[[84.75,9.5],[84.75,3.75],[83.75,3.75],[83.75,2.25],[89.25,2.25],[89.25,2.5],[91.5,2.5],[91.5,7.75],[90.5,7.75],[90.5,8.0],[89.25,8.0],[89.25,8.25],[88.25,8.25],[88.25,8.75],[87.0,8.75],[87.0,9.25],[86.0,9.25],[86.0,9.5],[84.75,9.5]]]},"properties":{"id":515,"lon":88.12,"lat":5.75,"e5":0.69,"e10":0.77,"e15":0.79,"rh":9.1,"rc":23.6,"sst":28.5,"om":4.03,"bf":false}},{"type":"Feature","geometry":{"type":"Polygon","coordinates":[[[-83.75,-25.25],[-83.75,-26.25],[-85.0,-26.25],[-85.0,-27.25],[-86.0,-27.25],[-86.0,-28.25],[-87.25,-28.25],[-87.25,-32.0],[-86.0,-32.0],[-86.0,-34.0],[-83.75,-34.0],[-83.75,-34.5],[-81.5,-34.5],[-81.5,-35.25],[-79.25,-35.25],[-79.25,-35.75],[-78.25,-35.75],[-78.25,-35.25],[-77.0,-35.25],[-77.0,-33.0],[-76.0,-33.0],[-76.0,-26.75],[-77.0,-26.75],[-77.0,-26.25],[-79.25,-26.25],[-79.25,-25.75],[-81.5,-25.75],[-81.5,-25.25],[-83.75,-25.25]]]},"properties":{"id":516,"lon":-81.62,"lat":-30.12,"e5":0.63,"e10":0.69,"e15":0.73,"rh":11.2,"rc":29.1,"sst":18.2,"om":2.92,"bf":false}},{"type":"Feature","geometry":{"type":"Polygon","coordinates":[[[61.25,-10.0],[61.25,-10.25],[59.0,-10.25],[59.0,-10.5],[56.75,-10.5],[56.75,-10.75],[54.5,-10.75],[54.5,-11.0],[53.5,-11.0],[53.5,-12.25],[54.5,-12.25],[54.5,-18.25],[56.75,-18.25],[56.75,-18.75],[59.0,-18.75],[59.0,-19.0],[61.25,-19.0],[61.25,-18.0],[62.5,-18.0],[62.5,-14.5],[63.5,-14.5],[63.5,-11.0],[62.5,-11.0],[62.5,-10.0],[61.25,-10.0]]]},"properties":{"id":517,"lon":59.0,"lat":-13.37,"e5":0.69,"e10":0.75,"e15":0.78,"rh":9.4,"rc":24.3,"sst":26.4,"om":3.94,"bf":false}},{"type":"Feature","geometry":{"type":"Polygon","coordinates":[[[38.75,-42.0],[38.75,-43.75],[37.75,-43.75],[37.75,-44.75],[36.5,-44.75],[36.5,-45.75],[35.5,-45.75],[35.5,-47.0],[34.25,-47.0],[34.25,-48.5],[35.5,-48.5],[35.5,-50.75],[36.5,-50.75],[36.5,-51.25],[37.75,-51.25],[37.75,-51.75],[40.0,-51.75],[40.0,-52.25],[42.25,-52.25],[42.25,-52.75],[44.5,-52.75],[44.5,-51.75],[45.5,-51.75],[45.5,-50.75],[46.75,-50.75],[46.75,-44.75],[45.5,-44.75],[45.5,-44.25],[44.5,-44.25],[44.5,-43.75],[43.25,-43.75],[43.25,-43.25],[42.25,-43.25],[42.25,-42.5],[42.0,-42.5],[42.0,-42.75],[41.0,-42.75],[41.0,-42.0],[38.75,-42.0]]]},"properties":{"id":518,"lon":40.5,"lat":-47.75,"e5":0.74,"e10":0.78,"e15":0.79,"rh":13.0,"rc":33.8,"sst":6.7,"om":1.95,"bf":false}},{"type":"Feature","geometry":{"type":"Polygon","coordinates":[[[47.75,-0.5],[47.75,-1.25],[46.75,-1.25],[46.75,-2.75],[45.5,-2.75],[45.5,-4.0],[44.5,-4.0],[44.5,-4.75],[43.25,-4.75],[43.25,-8.0],[44.5,-8.0],[44.5,-10.5],[45.5,-10.5],[45.5,-10.25],[46.75,-10.25],[46.75,-10.0],[47.75,-10.0],[47.75,-9.5],[51.25,-9.5],[51.25,-10.0],[52.25,-10.0],[52.25,-10.25],[53.5,-10.25],[53.5,-4.0],[52.25,-4.0],[52.25,-3.0],[51.25,-3.0],[51.25,-1.75],[50.0,-1.75],[50.0,-0.75],[49.0,-0.75],[49.0,-0.5],[47.75,-0.5]]]},"properties":{"id":519,"lon":48.37,"lat":-6.37,"e5":0.69,"e10":0.77,"e15":0.79,"rh":9.2,"rc":23.9,"sst":27.5,"om":4.03,"bf":false}},{"type":"Feature","geometry":{"type":"Polygon","coordinates":[[[-37.75,-34.0],[-37.75,-34.5],[-40.0,-34.5],[-40.0,-35.25],[-41.0,-35.25],[-41.0,-35.75],[-42.25,-35.75],[-42.25,-43.25],[-41.0,-43.25],[-41.0,-44.25],[-40.0,-44.25],[-40.0,-44.75],[-38.75,-44.75],[-38.75,-44.25],[-36.5,-44.25],[-36.5,-43.75],[-35.5,-43.75],[-35.5,-43.25],[-33.25,-43.25],[-33.25,-41.0],[-32.0,-41.0],[-32.0,-36.25],[-33.25,-36.25],[-33.25,-35.25],[-34.25,-35.25],[-34.25,-34.0],[-37.75,-34.0]]]},"properties":{"id":520,"lon":-37.12,"lat":-38.62,"e5":0.66,"e10":0.74,"e15":0.78,"rh":11.4,"rc":29.7,"sst":14.9,"om":2.83,"bf":false}},{"type":"Feature","geometry":{"type":"Polygon","coordinates":[[[-140.0,-25.25],[-140.0,-25.75],[-141.25,-25.75],[-141.25,-26.75],[-142.25,-26.75],[-142.25,-27.25],[-143.5,-27.25],[-143.5,-34.5],[-142.25,-34.5],[-142.25,-35.25],[-141.25,-35.25],[-141.25,-35.75],[-140.0,-35.75],[-140.0,-36.25],[-139.0,-36.25],[-139.0,-36.75],[-137.75,-36.75],[-137.75,-37.25],[-136.75,-37.25],[-136.75,-36.25],[-135.5,-36.25],[-135.5,-35.25],[-134.5,-35.25],[-134.5,-34.0],[-133.25,-34.0],[-133.25,-27.75],[-134.5,-27.75],[-134.5,-26.75],[-135.5,-26.75],[-135.5,-26.25],[-136.75,-26.25],[-136.75,-25.75],[-139.0,-25.75],[-139.0,-25.25],[-140.0,-25.25]]]},"properties":{"id":521,"lon":-138.37,"lat":-30.87,"e5":0.60,"e10":0.67,"e15":0.70,"rh":10.3,"rc":26.7,"sst":20.8,"om":3.48,"bf":false}},{"type":"Feature","geometry":{"type":"Polygon","coordinates":[[[88.25,-32.0],[88.25,-32.5],[87.25,-32.5],[87.25,-33.0],[86.0,-33.0],[86.0,-33.5],[85.0,-33.5],[85.0,-34.0],[83.75,-34.0],[83.75,-34.5],[82.75,-34.5],[82.75,-35.25],[81.5,-35.25],[81.5,-36.75],[80.5,-36.75],[80.5,-37.25],[81.5,-37.25],[81.5,-39.5],[82.75,-39.5],[82.75,-41.0],[83.75,-41.0],[83.75,-42.75],[84.75,-42.75],[84.75,-42.5],[85.0,-42.5],[85.0,-42.75],[87.0,-42.75],[87.0,-42.5],[87.25,-42.5],[87.25,-42.75],[89.25,-42.75],[89.25,-42.5],[89.5,-42.5],[89.5,-42.75],[91.5,-42.75],[91.5,-42.5],[91.75,-42.5],[91.75,-41.0],[92.75,-41.0],[92.75,-39.5],[94.0,-39.5],[94.0,-37.25],[92.75,-37.25],[92.75,-35.75],[91.75,-35.75],[91.75,-34.0],[90.5,-34.0],[90.5,-32.5],[89.5,-32.5],[89.5,-32.0],[88.25,-32.0]]]},"properties":{"id":522,"lon":87.75,"lat":-38.37,"e5":0.53,"e10":0.57,"e15":0.62,"rh":11.6,"rc":30.2,"sst":14.9,"om":2.71,"bf":false}},{"type":"Feature","geometry":{"type":"Polygon","coordinates":[[[-91.75,-50.0],[-91.75,-50.75],[-92.75,-50.75],[-92.75,-51.25],[-94.0,-51.25],[-94.0,-60.25],[-85.0,-60.25],[-85.0,-56.5],[-83.75,-56.5],[-83.75,-52.75],[-85.0,-52.75],[-85.0,-52.25],[-86.0,-52.25],[-86.0,-51.75],[-87.25,-51.75],[-87.25,-51.25],[-88.25,-51.25],[-88.25,-50.75],[-89.5,-50.75],[-89.5,-50.0],[-91.75,-50.0]]]},"properties":{"id":523,"lon":-88.87,"lat":-54.62,"e5":0.69,"e10":0.74,"e15":0.76,"rh":13.1,"rc":34.1,"sst":5.9,"om":1.88,"bf":false}},{"type":"Feature","geometry":{"type":"Polygon","coordinates":[[[45.5,-33.5],[45.5,-34.5],[44.5,-34.5],[44.5,-35.25],[43.25,-35.25],[43.25,-36.25],[42.25,-36.25],[42.25,-36.75],[41.0,-36.75],[41.0,-37.75],[40.0,-37.75],[40.0,-42.0],[41.0,-42.0],[41.0,-42.75],[42.0,-42.75],[42.0,-42.5],[42.25,-42.5],[42.25,-43.25],[43.25,-43.25],[43.25,-43.75],[44.5,-43.75],[44.5,-44.25],[45.5,-44.25],[45.5,-44.75],[46.75,-44.75],[46.75,-44.25],[47.75,-44.25],[47.75,-43.25],[49.0,-43.25],[49.0,-42.0],[50.0,-42.0],[50.0,-41.0],[51.25,-41.0],[51.25,-40.0],[52.25,-40.0],[52.25,-39.0],[51.25,-39.0],[51.25,-37.25],[50.0,-37.25],[50.0,-36.25],[49.0,-36.25],[49.0,-35.25],[47.75,-35.25],[47.75,-34.0],[46.75,-34.0],[46.75,-33.5],[45.5,-33.5]]]},"properties":{"id":524,"lon":46.12,"lat":-39.5,"e5":0.57,"e10":0.64,"e15":0.68,"rh":11.1,"rc":29.0,"sst":16.4,"om":2.99,"bf":false}},{"type":"Feature","geometry":{"type":"Polygon","coordinates":[[[154.75,-36.75],[154.75,-39.5],[153.5,-39.5],[153.5,-40.5],[152.5,-40.5],[152.5,-42.0],[153.5,-42.0],[153.5,-43.75],[152.5,-43.75],[152.5,-45.25],[151.25,-45.25],[151.25,-46.25],[152.5,-46.25],[152.5,-48.0],[153.5,-48.0],[153.5,-49.5],[154.75,-49.5],[154.75,-50.0],[157.0,-50.0],[157.0,-50.75],[159.25,-50.75],[159.25,-49.5],[160.25,-49.5],[160.25,-49.0],[161.5,-49.0],[161.5,-48.5],[162.5,-48.5],[162.5,-47.5],[161.5,-47.5],[161.5,-44.25],[162.5,-44.25],[162.5,-42.75],[163.5,-42.75],[163.5,-42.5],[163.75,-42.5],[163.75,-42.0],[162.5,-42.0],[162.5,-41.5],[161.5,-41.5],[161.5,-40.5],[160.25,-40.5],[160.25,-40.0],[159.25,-40.0],[159.25,-39.0],[158.0,-39.0],[158.0,-38.25],[157.0,-38.25],[157.0,-37.25],[155.75,-37.25],[155.75,-36.75],[154.75,-36.75]]]},"properties":{"id":525,"lon":158.0,"lat":-43.25,"e5":0.68,"e10":0.73,"e15":0.75,"rh":11.8,"rc":30.7,"sst":13.5,"om":2.6,"bf":false}},{"type":"Feature","geometry":{"type":"Polygon","coordinates":[[[56.75,-49.0],[56.75,-50.0],[55.75,-50.0],[55.75,-51.25],[54.5,-51.25],[54.5,-60.25],[64.75,-60.25],[64.75,-55.0],[65.75,-55.0],[65.75,-51.75],[64.75,-51.75],[64.75,-51.25],[63.5,-51.25],[63.5,-49.0],[56.75,-49.0]]]},"properties":{"id":526,"lon":60.12,"lat":-53.37,"e5":0.77,"e10":0.80,"e15":0.81,"rh":13.6,"rc":35.3,"sst":2.3,"om":1.64,"bf":false}},{"type":"Feature","geometry":{"type":"Polygon","coordinates":[[[-173.75,-16.5],[-173.75,-16.75],[-175.0,-16.75],[-175.0,-17.25],[-176.0,-17.25],[-176.0,-17.75],[-177.25,-17.75],[-177.25,-18.75],[-178.25,-18.75],[-178.25,-20.25],[-179.5,-20.25],[-179.5,-21.0],[-178.25,-21.0],[-178.25,-23.0],[-177.25,-23.0],[-177.25,-24.75],[-176.0,-24.75],[-176.0,-26.25],[-175.0,-26.25],[-175.0,-27.25],[-172.75,-27.25],[-172.75,-26.25],[-171.5,-26.25],[-171.5,-25.25],[-170.5,-25.25],[-170.5,-24.5],[-169.25,-24.5],[-169.25,-23.5],[-168.25,-23.5],[-168.25,-19.0],[-169.25,-19.0],[-169.25,-18.0],[-170.5,-18.0],[-170.5,-17.25],[-171.5,-17.25],[-171.5,-16.5],[-173.75,-16.5]]]},"properties":{"id":527,"lon":-173.25,"lat":-22.0,"e5":0.61,"e10":0.71,"e15":0.75,"rh":9.2,"rc":24.0,"sst":25.9,"om":4.05,"bf":false}},{"type":"Feature","geometry":{"type":"Polygon","coordinates":[[[69.0,13.25],[69.0,12.75],[68.0,12.75],[68.0,12.25],[66.75,12.25],[66.75,11.5],[65.75,11.5],[65.75,11.0],[64.5,11.0],[64.5,10.25],[63.5,10.25],[63.5,5.0],[64.5,5.0],[64.5,4.25],[65.75,4.25],[65.75,3.75],[66.75,3.75],[66.75,3.25],[68.0,3.25],[68.0,3.75],[69.0,3.75],[69.0,4.25],[70.25,4.25],[70.25,5.0],[71.25,5.0],[71.25,6.0],[72.5,6.0],[72.5,6.75],[73.5,6.75],[73.5,7.0],[72.5,7.0],[72.5,9.75],[71.25,9.75],[71.25,11.5],[70.25,11.5],[70.25,13.25],[69.0,13.25]]]},"properties":{"id":528,"lon":68.0,"lat":8.37,"e5":0.66,"e10":0.76,"e15":0.79,"rh":8.9,"rc":23.0,"sst":28.3,"om":4.27,"bf":false}},{"type":"Feature","geometry":{"type":"Polygon","coordinates":[[[99.5,-49.5],[99.5,-50.0],[98.5,-50.0],[98.5,-50.75],[97.25,-50.75],[97.25,-60.25],[107.5,-60.25],[107.5,-56.0],[106.25,-56.0],[106.25,-52.25],[105.25,-52.25],[105.25,-51.75],[104.0,-51.75],[104.0,-51.25],[103.0,-51.25],[103.0,-50.75],[101.75,-50.75],[101.75,-50.0],[100.75,-50.0],[100.75,-49.5],[99.5,-49.5]]]},"properties":{"id":529,"lon":101.75,"lat":-54.12,"e5":0.76,"e10":0.79,"e15":0.81,"rh":13.5,"rc":35.2,"sst":2.5,"om":1.66,"bf":false}},{"type":"Feature","geometry":{"type":"Polygon","coordinates":[[[-127.75,-49.5],[-127.75,-50.75],[-128.75,-50.75],[-128.75,-51.75],[-130.0,-51.75],[-130.0,-52.25],[-131.0,-52.25],[-131.0,-60.25],[-121.0,-60.25],[-121.0,-52.75],[-122.0,-52.75],[-122.0,-51.25],[-123.25,-51.25],[-123.25,-50.75],[-124.25,-50.75],[-124.25,-50.0],[-126.5,-50.0],[-126.5,-49.5],[-127.75,-49.5]]]},"properties":{"id":530,"lon":-126.0,"lat":-56.5,"e5":0.71,"e10":0.76,"e15":0.78,"rh":13.2,"rc":34.4,"sst":4.9,"om":1.82,"bf":false}},{"type":"Feature","geometry":{"type":"Polygon","coordinates":[[[-2.75,-25.75],[-2.75,-26.25],[-4.0,-26.25],[-4.0,-26.75],[-5.0,-26.75],[-5.0,-27.75],[-6.25,-27.75],[-6.25,-28.25],[-7.25,-28.25],[-7.25,-28.75],[-8.5,-28.75],[-8.5,-30.75],[-7.25,-30.75],[-7.25,-32.5],[-6.25,-32.5],[-6.25,-34.5],[-5.0,-34.5],[-5.0,-36.75],[-4.0,-36.75],[-4.0,-37.75],[-2.75,-37.75],[-2.75,-37.25],[-1.75,-37.25],[-1.75,-36.75],[0.5,-36.75],[0.5,-36.25],[1.75,-36.25],[1.75,-35.75],[2.75,-35.75],[2.75,-27.75],[1.75,-27.75],[1.75,-27.25],[0.5,-27.25],[0.5,-26.25],[-0.5,-26.25],[-0.5,-25.75],[-2.75,-25.75]]]},"properties":{"id":531,"lon":-2.25,"lat":-31.62,"e5":0.5,"e10":0.63,"e15":0.72,"rh":10.6,"rc":27.4,"sst":19.7,"om":3.33,"bf":false}},{"type":"Feature","geometry":{"type":"Polygon","coordinates":[[[-25.25,-17.75],[-25.25,-18.25],[-26.5,-18.25],[-26.5,-19.25],[-27.5,-19.25],[-27.5,-26.25],[-26.5,-26.25],[-26.5,-27.25],[-25.25,-27.25],[-25.25,-28.25],[-23.0,-28.25],[-23.0,-27.75],[-20.75,-27.75],[-20.75,-27.25],[-19.75,-27.25],[-19.75,-25.75],[-18.5,-25.75],[-18.5,-23.0],[-17.5,-23.0],[-17.5,-20.0],[-18.5,-20.0],[-18.5,-19.0],[-19.75,-19.0],[-19.75,-18.0],[-23.0,-18.0],[-23.0,-17.75],[-25.25,-17.75]]]},"properties":{"id":532,"lon":-22.5,"lat":-21.5,"e5":0.62,"e10":0.75,"e15":0.79,"rh":9.8,"rc":25.4,"sst":24.1,"om":3.82,"bf":false}},{"type":"Feature","geometry":{"type":"Polygon","coordinates":[[[153.5,-49.5],[153.5,-51.25],[152.5,-51.25],[152.5,-52.25],[151.25,-52.25],[151.25,-53.25],[150.25,-53.25],[150.25,-55.0],[149.0,-55.0],[149.0,-56.0],[148.0,-56.0],[148.0,-60.25],[159.25,-60.25],[159.25,-54.5],[158.0,-54.5],[158.0,-50.75],[157.0,-50.75],[157.0,-50.0],[154.75,-50.0],[154.75,-49.5],[153.5,-49.5]]]},"properties":{"id":533,"lon":154.75,"lat":-54.75,"e5":0.75,"e10":0.78,"e15":0.80,"rh":13.3,"rc":34.6,"sst":4.5,"om":1.78,"bf":false}},{"type":"Feature","geometry":{"type":"Polygon","coordinates":[[[-1.75,-48.0],[-1.75,-49.5],[-2.75,-49.5],[-2.75,-56.5],[-1.75,-56.5],[-1.75,-60.25],[6.25,-60.25],[6.25,-55.0],[7.25,-55.0],[7.25,-51.75],[6.25,-51.75],[6.25,-50.75],[5.0,-50.75],[5.0,-49.0],[4.0,-49.0],[4.0,-48.0],[-1.75,-48.0]]]},"properties":{"id":534,"lon":2.25,"lat":-53.37,"e5":0.82,"e10":0.84,"e15":0.84,"rh":13.7,"rc":35.6,"sst":1.3,"om":1.57,"bf":false}},{"type":"Feature","geometry":{"type":"Polygon","coordinates":[[[-171.5,-49.0],[-171.5,-50.75],[-172.75,-50.75],[-172.75,-60.25],[-162.5,-60.25],[-162.5,-52.75],[-163.75,-52.75],[-163.75,-52.25],[-164.75,-52.25],[-164.75,-51.75],[-166.0,-51.75],[-166.0,-51.25],[-167.0,-51.25],[-167.0,-50.75],[-168.25,-50.75],[-168.25,-50.0],[-169.25,-50.0],[-169.25,-49.5],[-170.5,-49.5],[-170.5,-49.0],[-171.5,-49.0]]]},"properties":{"id":535,"lon":-167.62,"lat":-56.5,"e5":0.78,"e10":0.81,"e15":0.82,"rh":13.2,"rc":34.4,"sst":5.2,"om":1.81,"bf":false}},{"type":"Feature","geometry":{"type":"Polygon","coordinates":[[[94.0,-38.25],[94.0,-39.5],[92.75,-39.5],[92.75,-41.0],[91.75,-41.0],[91.75,-42.5],[91.5,-42.5],[91.5,-42.75],[90.5,-42.75],[90.5,-43.75],[91.75,-43.75],[91.75,-47.0],[92.75,-47.0],[92.75,-49.5],[94.0,-49.5],[94.0,-50.0],[95.0,-50.0],[95.0,-50.75],[96.25,-50.75],[96.25,-51.25],[97.25,-51.25],[97.25,-50.75],[98.5,-50.75],[98.5,-50.0],[99.5,-50.0],[99.5,-49.0],[100.75,-49.0],[100.75,-45.25],[101.75,-45.25],[101.75,-40.5],[100.75,-40.5],[100.75,-39.5],[99.5,-39.5],[99.5,-38.25],[94.0,-38.25]]]},"properties":{"id":536,"lon":96.75,"lat":-44.5,"e5":0.64,"e10":0.68,"e15":0.70,"rh":12.5,"rc":32.4,"sst":10.0,"om":2.25,"bf":false}},{"type":"Feature","geometry":{"type":"Polygon","coordinates":[[[-104.0,-10.0],[-104.0,-14.5],[-105.25,-14.5],[-105.25,-17.75],[-104.0,-17.75],[-104.0,-18.75],[-103.0,-18.75],[-103.0,-19.75],[-101.75,-19.75],[-101.75,-19.25],[-100.75,-19.25],[-100.75,-19.0],[-99.5,-19.0],[-99.5,-18.25],[-98.5,-18.25],[-98.5,-17.75],[-97.25,-17.75],[-97.25,-10.0],[-104.0,-10.0]]]},"properties":{"id":537,"lon":-101.25,"lat":-16.12,"e5":0.56,"e10":0.68,"e15":0.74,"rh":10.0,"rc":26.0,"sst":23.3,"om":3.63,"bf":false}},{"type":"Feature","geometry":{"type":"Polygon","coordinates":[[[80.5,-12.75],[80.5,-14.0],[79.25,-14.0],[79.25,-16.5],[78.25,-16.5],[78.25,-19.25],[79.25,-19.25],[79.25,-20.75],[80.5,-20.75],[80.5,-22.25],[81.5,-22.25],[81.5,-23.5],[82.75,-23.5],[82.75,-23.0],[85.0,-23.0],[85.0,-22.0],[86.0,-22.0],[86.0,-20.75],[87.25,-20.75],[87.25,-19.0],[88.25,-19.0],[88.25,-17.0],[87.25,-17.0],[87.25,-14.25],[86.0,-14.25],[86.0,-13.25],[83.75,-13.25],[83.75,-13.0],[81.5,-13.0],[81.5,-12.75],[80.5,-12.75]]]},"properties":{"id":538,"lon":83.25,"lat":-18.0,"e5":0.63,"e10":0.72,"e15":0.75,"rh":9.5,"rc":24.8,"sst":25.1,"om":3.84,"bf":false}},{"type":"Feature","geometry":{"type":"Polygon","coordinates":[[[-159.25,-49.5],[-159.25,-50.75],[-160.25,-50.75],[-160.25,-51.25],[-161.5,-51.25],[-161.5,-52.25],[-162.5,-52.25],[-162.5,-60.25],[-152.5,-60.25],[-152.5,-52.25],[-153.5,-52.25],[-153.5,-51.75],[-154.75,-51.75],[-154.75,-51.25],[-155.75,-51.25],[-155.75,-50.75],[-157.0,-50.75],[-157.0,-50.0],[-158.0,-50.0],[-158.0,-49.5],[-159.25,-49.5]]]},"properties":{"id":539,"lon":-157.5,"lat":-56.25,"e5":0.76,"e10":0.80,"e15":0.81,"rh":13.3,"rc":34.5,"sst":4.7,"om":1.79,"bf":false}},{"type":"Feature","geometry":{"type":"Polygon","coordinates":[[[-145.75,-16.75],[-145.75,-17.0],[-146.75,-17.0],[-146.75,-17.75],[-148.0,-17.75],[-148.0,-18.75],[-149.0,-18.75],[-149.0,-25.25],[-148.0,-25.25],[-148.0,-25.75],[-146.75,-25.75],[-146.75,-26.25],[-145.75,-26.25],[-145.75,-26.75],[-144.5,-26.75],[-144.5,-27.25],[-142.25,-27.25],[-142.25,-26.75],[-141.25,-26.75],[-141.25,-25.75],[-140.0,-25.75],[-140.0,-18.75],[-141.25,-18.75],[-141.25,-18.25],[-142.25,-18.25],[-142.25,-17.75],[-143.5,-17.75],[-143.5,-17.25],[-144.5,-17.25],[-144.5,-16.75],[-145.75,-16.75]]]},"properties":{"id":540,"lon":-144.5,"lat":-22.0,"e5":0.61,"e10":0.71,"e15":0.75,"rh":9.2,"rc":23.8,"sst":26.1,"om":4.11,"bf":false}},{"type":"Feature","geometry":{"type":"Polygon","coordinates":[[[-99.5,-49.0],[-99.5,-49.5],[-100.75,-49.5],[-100.75,-50.75],[-101.75,-50.75],[-101.75,-51.75],[-103.0,-51.75],[-103.0,-60.25],[-94.0,-60.25],[-94.0,-51.25],[-95.0,-51.25],[-95.0,-50.75],[-96.25,-50.75],[-96.25,-50.0],[-97.25,-50.0],[-97.25,-49.5],[-98.5,-49.5],[-98.5,-49.0],[-99.5,-49.0]]]},"properties":{"id":541,"lon":-98.5,"lat":-56.0,"e5":0.71,"e10":0.76,"e15":0.78,"rh":13.1,"rc":34.1,"sst":5.9,"om":1.88,"bf":false}},{"type":"Feature","geometry":{"type":"Polygon","coordinates":[[[-52.25,-50.0],[-52.25,-53.25],[-53.5,-53.25],[-53.5,-53.75],[-54.5,-53.75],[-54.5,-54.5],[-55.75,-54.5],[-55.75,-59.25],[-54.5,-59.25],[-54.5,-59.75],[-52.25,-59.75],[-52.25,-60.25],[-45.5,-60.25],[-45.5,-52.75],[-46.75,-52.75],[-46.75,-52.25],[-47.75,-52.25],[-47.75,-51.25],[-49.0,-51.25],[-49.0,-50.75],[-50.0,-50.75],[-50.0,-50.0],[-52.25,-50.0]]]},"properties":{"id":542,"lon":-50.62,"lat":-56.87,"e5":0.74,"e10":0.78,"e15":0.80,"rh":13.3,"rc":34.5,"sst":4.4,"om":1.81,"bf":false}},{"type":"Feature","geometry":{"type":"MultiPolygon","coordinates":[[[[180.0,-43.75],[180.0,-52.75],[178.25,-52.75],[178.25,-52.25],[177.25,-52.25],[177.25,-50.75],[176.0,-50.75],[176.0,-49.0],[175.0,-49.0],[175.0,-47.5],[176.0,-47.5],[176.0,-46.25],[177.25,-46.25],[177.25,-45.25],[178.25,-45.25],[178.25,-44.25],[179.5,-44.25],[179.5,-43.75],[180.0,-43.75]]],[[[-178.25,-42.5],[-178.25,-42.75],[-177.25,-42.75],[-177.25,-43.75],[-176.0,-43.75],[-176.0,-44.75],[-175.0,-44.75],[-175.0,-45.75],[-173.75,-45.75],[-173.75,-47.0],[-172.75,-47.0],[-172.75,-48.0],[-171.5,-48.0],[-171.5,-50.75],[-172.75,-50.75],[-172.75,-51.75],[-173.75,-51.75],[-173.75,-52.25],[-179.5,-52.25],[-179.5,-52.75],[-180.0,-52.75],[-180.0,-43.75],[-179.5,-43.75],[-179.5,-42.75],[-178.5,-42.75],[-178.5,-42.5],[-178.25,-42.5]]]]},"properties":{"id":543,"lon":-176.37,"lat":-47.5,"e5":0.72,"e10":0.76,"e15":0.77,"rh":12.4,"rc":32.1,"sst":10.3,"om":2.29,"bf":false}},{"type":"Feature","geometry":{"type":"Polygon","coordinates":[[[169.25,-10.0],[169.25,-19.75],[170.5,-19.75],[170.5,-20.0],[172.75,-20.0],[172.75,-20.25],[173.75,-20.25],[173.75,-18.75],[172.75,-18.75],[172.75,-16.75],[173.75,-16.75],[173.75,-15.0],[175.0,-15.0],[175.0,-14.5],[176.0,-14.5],[176.0,-14.25],[178.25,-14.25],[178.25,-10.0],[169.25,-10.0]]]},"properties":{"id":544,"lon":171.5,"lat":-15.87,"e5":0.66,"e10":0.75,"e15":0.78,"rh":8.9,"rc":23.1,"sst":28.3,"om":4.19,"bf":false}},{"type":"Feature","geometry":{"type":"Polygon","coordinates":[[[-130.0,-23.5],[-130.0,-24.0],[-131.0,-24.0],[-131.0,-24.75],[-132.25,-24.75],[-132.25,-25.75],[-133.25,-25.75],[-133.25,-26.75],[-134.5,-26.75],[-134.5,-27.75],[-133.25,-27.75],[-133.25,-33.0],[-131.0,-33.0],[-131.0,-33.5],[-128.75,-33.5],[-128.75,-34.0],[-126.5,-34.0],[-126.5,-33.5],[-125.5,-33.5],[-125.5,-32.0],[-124.25,-32.0],[-124.25,-30.75],[-123.25,-30.75],[-123.25,-29.25],[-122.0,-29.25],[-122.0,-27.25],[-123.25,-27.25],[-123.25,-25.75],[-124.25,-25.75],[-124.25,-25.25],[-125.5,-25.25],[-125.5,-24.75],[-126.5,-24.75],[-126.5,-24.5],[-127.75,-24.5],[-127.75,-24.0],[-128.75,-24.0],[-128.75,-23.5],[-130.0,-23.5]]]},"properties":{"id":545,"lon":-127.62,"lat":-28.5,"e5":0.59,"e10":0.67,"e15":0.71,"rh":9.9,"rc":25.8,"sst":22.6,"om":3.66,"bf":false}},{"type":"Feature","geometry":{"type":"Polygon","coordinates":[[[-6.25,-17.25],[-6.25,-17.75],[-7.25,-17.75],[-7.25,-18.0],[-8.5,-18.0],[-8.5,-18.25],[-9.5,-18.25],[-9.5,-18.75],[-10.75,-18.75],[-10.75,-19.25],[-11.75,-19.25],[-11.75,-22.25],[-10.75,-22.25],[-10.75,-24.5],[-9.5,-24.5],[-9.5,-26.75],[-8.5,-26.75],[-8.5,-28.75],[-7.25,-28.75],[-7.25,-28.25],[-6.25,-28.25],[-6.25,-27.75],[-5.0,-27.75],[-5.0,-26.75],[-4.0,-26.75],[-4.0,-26.25],[-2.75,-26.25],[-2.75,-25.75],[-1.75,-25.75],[-1.75,-19.25],[-2.75,-19.25],[-2.75,-18.75],[-4.0,-18.75],[-4.0,-18.0],[-5.0,-18.0],[-5.0,-17.25],[-6.25,-17.25]]]},"properties":{"id":546,"lon":-6.25,"lat":-23.37,"e5":0.53,"e10":0.70,"e15":0.75,"rh":10.0,"rc":26.1,"sst":22.5,"om":3.65,"bf":false}},{"type":"Feature","geometry":{"type":"Polygon","coordinates":[[[-90.5,-18.0],[-90.5,-18.75],[-91.75,-18.75],[-91.75,-19.25],[-92.75,-19.25],[-92.75,-27.75],[-91.75,-27.75],[-91.75,-28.25],[-90.5,-28.25],[-90.5,-28.75],[-88.25,-28.75],[-88.25,-29.25],[-87.25,-29.25],[-87.25,-28.25],[-86.0,-28.25],[-86.0,-27.25],[-85.0,-27.25],[-85.0,-26.25],[-83.75,-26.25],[-83.75,-19.75],[-85.0,-19.75],[-85.0,-19.25],[-86.0,-19.25],[-86.0,-18.75],[-87.25,-18.75],[-87.25,-18.25],[-88.25,-18.25],[-88.25,-18.0],[-90.5,-18.0]]]},"properties":{"id":547,"lon":-88.25,"lat":-23.0,"e5":0.55,"e10":0.63,"e15":0.70,"rh":10.6,"rc":27.7,"sst":20.6,"om":3.25,"bf":false}},{"type":"Feature","geometry":{"type":"Polygon","coordinates":[[[60.25,-28.25],[60.25,-28.75],[59.0,-28.75],[59.0,-29.25],[58.0,-29.25],[58.0,-37.75],[60.25,-37.75],[60.25,-38.25],[62.5,-38.25],[62.5,-39.0],[64.75,-39.0],[64.75,-38.25],[65.75,-38.25],[65.75,-37.25],[67.0,-37.25],[67.0,-36.25],[68.0,-36.25],[68.0,-35.25],[69.25,-35.25],[69.25,-31.5],[68.0,-31.5],[68.0,-30.75],[67.0,-30.75],[67.0,-30.25],[65.75,-30.25],[65.75,-29.75],[64.75,-29.75],[64.75,-29.25],[63.5,-29.25],[63.5,-28.75],[62.5,-28.75],[62.5,-28.25],[60.25,-28.25]]]},"properties":{"id":548,"lon":63.62,"lat":-33.37,"e5":0.50,"e10":0.60,"e15":0.66,"rh":10.6,"rc":27.6,"sst":19.4,"om":3.29,"bf":false}},{"type":"Feature","geometry":{"type":"Polygon","coordinates":[[[-53.5,-39.5],[-53.5,-40.5],[-54.5,-40.5],[-54.5,-41.0],[-55.75,-41.0],[-55.75,-41.5],[-56.75,-41.5],[-56.75,-42.0],[-58.0,-42.0],[-58.0,-43.25],[-59.0,-43.25],[-59.0,-44.75],[-60.25,-44.75],[-60.25,-47.5],[-56.75,-47.5],[-56.75,-48.0],[-55.75,-48.0],[-55.75,-48.5],[-54.5,-48.5],[-54.5,-49.0],[-53.5,-49.0],[-53.5,-49.5],[-52.25,-49.5],[-52.25,-50.0],[-50.0,-50.0],[-50.0,-47.0],[-49.0,-47.0],[-49.0,-42.75],[-50.0,-42.75],[-50.0,-41.0],[-51.25,-41.0],[-51.25,-40.0],[-52.25,-40.0],[-52.25,-39.5],[-53.5,-39.5]]]},"properties":{"id":549,"lon":-54.0,"lat":-44.0,"e5":0.73,"e10":0.77,"e15":0.79,"rh":12.2,"rc":31.6,"sst":10.8,"om":2.4,"bf":false}},{"type":"Feature","geometry":{"type":"Polygon","coordinates":[[[28.75,-46.25],[28.75,-47.5],[27.5,-47.5],[27.5,-48.0],[26.5,-48.0],[26.5,-49.0],[25.25,-49.0],[25.25,-53.75],[26.5,-53.75],[26.5,-56.5],[27.5,-56.5],[27.5,-59.25],[28.75,-59.25],[28.75,-60.25],[33.25,-60.25],[33.25,-57.5],[34.25,-57.5],[34.25,-55.0],[35.5,-55.0],[35.5,-51.75],[36.5,-51.75],[36.5,-50.75],[35.5,-50.75],[35.5,-48.5],[34.25,-48.5],[34.25,-47.5],[33.25,-47.5],[33.25,-47.0],[31.0,-47.0],[31.0,-46.25],[28.75,-46.25]]]},"properties":{"id":550,"lon":30.37,"lat":-52.75,"e5":0.78,"e10":0.81,"e15":0.82,"rh":13.4,"rc":34.8,"sst":3.6,"om":1.73,"bf":false}},{"type":"Feature","geometry":{"type":"Polygon","coordinates":[[[164.75,-30.25],[164.75,-30.75],[162.5,-30.75],[162.5,-31.5],[160.25,-31.5],[160.25,-32.0],[158.0,-32.0],[158.0,-33.0],[157.0,-33.0],[157.0,-34.5],[155.75,-34.5],[155.75,-37.25],[157.0,-37.25],[157.0,-38.25],[158.0,-38.25],[158.0,-39.0],[159.25,-39.0],[159.25,-40.0],[160.25,-40.0],[160.25,-40.5],[161.5,-40.5],[161.5,-41.5],[162.5,-41.5],[162.5,-42.0],[164.75,-42.0],[164.75,-41.5],[166.0,-41.5],[166.0,-40.5],[167.0,-40.5],[167.0,-40.0],[168.25,-40.0],[168.25,-39.0],[169.25,-39.0],[169.25,-32.5],[168.25,-32.5],[168.25,-31.5],[167.0,-31.5],[167.0,-30.75],[166.0,-30.75],[166.0,-30.25],[164.75,-30.25]]]},"properties":{"id":551,"lon":162.5,"lat":-35.87,"e5":0.63,"e10":0.70,"e15":0.73,"rh":10.7,"rc":27.7,"sst":18.6,"om":3.27,"bf":false}},{"type":"Feature","geometry":{"type":"Polygon","coordinates":[[[96.25,-15.75],[96.25,-16.75],[95.0,-16.75],[95.0,-18.0],[94.0,-18.0],[94.0,-22.0],[95.0,-22.0],[95.0,-25.25],[96.25,-25.25],[96.25,-26.25],[97.25,-26.25],[97.25,-26.75],[99.5,-26.75],[99.5,-25.75],[100.75,-25.75],[100.75,-24.5],[101.75,-24.5],[101.75,-23.5],[103.0,-23.5],[103.0,-22.25],[104.0,-22.25],[104.0,-20.0],[103.0,-20.0],[103.0,-18.0],[101.75,-18.0],[101.75,-16.5],[100.75,-16.5],[100.75,-16.25],[97.25,-16.25],[97.25,-15.75],[96.25,-15.75]]]},"properties":{"id":552,"lon":99.0,"lat":-21.0,"e5":0.55,"e10":0.65,"e15":0.70,"rh":9.7,"rc":25.1,"sst":23.9,"om":3.79,"bf":false}},{"type":"Feature","geometry":{"type":"Polygon","coordinates":[[[77.0,3.75],[77.0,1.0],[75.75,1.0],[75.75,0.5],[76.0,0.5],[76.0,-2.5],[77.0,-2.5],[77.0,-3.5],[78.25,-3.5],[78.25,-4.25],[79.25,-4.25],[79.25,-5.0],[80.5,-5.0],[80.5,-5.25],[81.5,-5.25],[81.5,-4.75],[82.75,-4.75],[82.75,-4.25],[83.75,-4.25],[83.75,3.5],[82.5,3.5],[82.5,3.25],[79.25,3.25],[79.25,3.5],[78.0,3.5],[78.0,3.75],[77.0,3.75]]]},"properties":{"id":553,"lon":79.87,"lat":-1.0,"e5":0.70,"e10":0.77,"e15":0.79,"rh":9.0,"rc":23.3,"sst":28.7,"om":4.15,"bf":false}},{"type":"Feature","geometry":{"type":"Polygon","coordinates":[[[68.0,-2.5],[68.0,-3.0],[67.0,-3.0],[67.0,-3.5],[65.75,-3.5],[65.75,-3.75],[64.75,-3.75],[64.75,-4.25],[63.5,-4.25],[63.5,-4.75],[62.5,-4.75],[62.5,-11.0],[63.5,-11.0],[63.5,-12.0],[67.0,-12.0],[67.0,-12.25],[70.25,-12.25],[70.25,-11.0],[71.5,-11.0],[71.5,-3.75],[70.25,-3.75],[70.25,-3.25],[69.25,-3.25],[69.25,-2.5],[68.0,-2.5]]]},"properties":{"id":554,"lon":67.0,"lat":-7.87,"e5":0.70,"e10":0.77,"e15":0.79,"rh":9.1,"rc":23.7,"sst":27.9,"om":4.08,"bf":false}},{"type":"Feature","geometry":{"type":"Polygon","coordinates":[[[-127.75,-15.5],[-127.75,-16.75],[-128.75,-16.75],[-128.75,-17.75],[-130.0,-17.75],[-130.0,-23.5],[-128.75,-23.5],[-128.75,-24.0],[-127.75,-24.0],[-127.75,-24.5],[-126.5,-24.5],[-126.5,-24.75],[-125.5,-24.75],[-125.5,-25.25],[-124.25,-25.25],[-124.25,-25.75],[-123.25,-25.75],[-123.25,-24.75],[-122.0,-24.75],[-122.0,-22.75],[-121.0,-22.75],[-121.0,-20.25],[-119.75,-20.25],[-119.75,-18.25],[-121.0,-18.25],[-121.0,-17.75],[-122.0,-17.75],[-122.0,-17.25],[-123.25,-17.25],[-123.25,-16.75],[-124.25,-16.75],[-124.25,-16.5],[-125.5,-16.5],[-125.5,-15.75],[-126.5,-15.75],[-126.5,-15.5],[-127.75,-15.5]]]},"properties":{"id":555,"lon":-125.5,"lat":-21.5,"e5":0.54,"e10":0.67,"e15":0.74,"rh":9.4,"rc":24.3,"sst":25.6,"om":4.03,"bf":false}},{"type":"Feature","geometry":{"type":"Polygon","coordinates":[[[-154.75,-16.25],[-154.75,-16.5],[-155.75,-16.5],[-155.75,-17.25],[-157.0,-17.25],[-157.0,-18.25],[-158.0,-18.25],[-158.0,-24.0],[-157.0,-24.0],[-157.0,-24.5],[-155.75,-24.5],[-155.75,-25.25],[-154.75,-25.25],[-154.75,-25.75],[-153.5,-25.75],[-153.5,-26.25],[-151.25,-26.25],[-151.25,-25.75],[-150.25,-25.75],[-150.25,-25.25],[-149.0,-25.25],[-149.0,-18.25],[-150.25,-18.25],[-150.25,-17.75],[-151.25,-17.75],[-151.25,-17.25],[-152.5,-17.25],[-152.5,-16.75],[-153.5,-16.75],[-153.5,-16.25],[-154.75,-16.25]]]},"properties":{"id":556,"lon":-153.5,"lat":-21.12,"e5":0.61,"e10":0.71,"e15":0.75,"rh":9.1,"rc":23.7,"sst":26.4,"om":4.13,"bf":false}},{"type":"Feature","geometry":{"type":"Polygon","coordinates":[[[-112.0,-26.25],[-112.0,-26.75],[-113.0,-26.75],[-113.0,-27.75],[-114.25,-27.75],[-114.25,-28.75],[-115.25,-28.75],[-115.25,-29.75],[-116.5,-29.75],[-116.5,-33.0],[-115.25,-33.0],[-115.25,-36.75],[-113.0,-36.75],[-113.0,-37.25],[-110.75,-37.25],[-110.75,-37.75],[-108.5,-37.75],[-108.5,-37.25],[-107.5,-37.25],[-107.5,-35.75],[-106.25,-35.75],[-106.25,-34.0],[-105.25,-34.0],[-105.25,-31.5],[-106.25,-31.5],[-106.25,-27.75],[-107.5,-27.75],[-107.5,-27.25],[-108.5,-27.25],[-108.5,-26.75],[-110.75,-26.75],[-110.75,-26.25],[-112.0,-26.25]]]},"properties":{"id":557,"lon":-110.87,"lat":-32.25,"e5":0.58,"e10":0.64,"e15":0.68,"rh":10.5,"rc":27.4,"sst":20.4,"om":3.31,"bf":false}},{"type":"Feature","geometry":{"type":"Polygon","coordinates":[[[-24.25,-43.75],[-24.25,-44.25],[-25.25,-44.25],[-25.25,-44.75],[-26.5,-44.75],[-26.5,-45.25],[-28.75,-45.25],[-28.75,-45.75],[-29.75,-45.75],[-29.75,-51.25],[-28.75,-51.25],[-28.75,-51.75],[-27.5,-51.75],[-27.5,-52.25],[-26.5,-52.25],[-26.5,-53.25],[-25.25,-53.25],[-25.25,-53.75],[-24.25,-53.75],[-24.25,-54.5],[-22.0,-54.5],[-22.0,-52.75],[-20.75,-52.75],[-20.75,-51.75],[-19.75,-51.75],[-19.75,-50.0],[-18.5,-50.0],[-18.5,-48.5],[-19.75,-48.5],[-19.75,-47.0],[-20.75,-47.0],[-20.75,-45.25],[-22.0,-45.25],[-22.0,-44.25],[-23.0,-44.25],[-23.0,-43.75],[-24.25,-43.75]]]},"properties":{"id":558,"lon":-24.12,"lat":-49.25,"e5":0.78,"e10":0.81,"e15":0.82,"rh":13.0,"rc":33.8,"sst":6.2,"om":1.93,"bf":false}},{"type":"Feature","geometry":{"type":"Polygon","coordinates":[[[154.75,-10.0],[154.75,-10.5],[153.5,-10.5],[153.5,-12.75],[152.5,-12.75],[152.5,-13.0],[151.25,-13.0],[151.25,-13.25],[149.0,-13.25],[149.0,-14.0],[150.25,-14.0],[150.25,-17.0],[151.25,-17.0],[151.25,-17.25],[152.5,-17.25],[152.5,-17.75],[153.5,-17.75],[153.5,-18.25],[154.75,-18.25],[154.75,-18.75],[155.75,-18.75],[155.75,-20.25],[157.0,-20.25],[157.0,-21.0],[158.0,-21.0],[158.0,-20.75],[159.25,-20.75],[159.25,-20.25],[160.25,-20.25],[160.25,-19.75],[161.5,-19.75],[161.5,-16.25],[160.25,-16.25],[160.25,-10.0],[154.75,-10.0]]]},"properties":{"id":559,"lon":155.25,"lat":-15.12,"e5":0.66,"e10":0.75,"e15":0.78,"rh":9.0,"rc":23.4,"sst":27.6,"om":4.14,"bf":false}},{"type":"Feature","geometry":{"type":"Polygon","coordinates":[[[89.25,2.5],[89.25,2.25],[83.75,2.25],[83.75,-4.0],[85.0,-4.0],[85.0,-4.5],[86.0,-4.5],[86.0,-5.0],[87.25,-5.0],[87.25,-6.0],[88.25,-6.0],[88.25,-5.5],[89.5,-5.5],[89.5,-4.25],[90.5,-4.25],[90.5,-3.25],[91.75,-3.25],[91.75,-1.75],[92.75,-1.75],[92.75,-0.5],[94.0,-0.5],[94.0,0.75],[93.75,0.75],[93.75,1.25],[92.75,1.25],[92.75,2.5],[89.25,2.5]]]},"properties":{"id":560,"lon":88.25,"lat":-1.12,"e5":0.70,"e10":0.77,"e15":0.79,"rh":9.0,"rc":23.3,"sst":28.8,"om":4.12,"bf":false}},{"type":"Feature","geometry":{"type":"Polygon","coordinates":[[[-171.5,-36.75],[-171.5,-37.25],[-173.75,-37.25],[-173.75,-37.75],[-176.0,-37.75],[-176.0,-38.25],[-177.25,-38.25],[-177.25,-40.5],[-178.25,-40.5],[-178.25,-42.75],[-177.25,-42.75],[-177.25,-43.75],[-176.0,-43.75],[-176.0,-44.75],[-175.0,-44.75],[-175.0,-45.75],[-173.75,-45.75],[-173.75,-47.0],[-172.75,-47.0],[-172.75,-48.0],[-171.5,-48.0],[-171.5,-49.0],[-170.5,-49.0],[-170.5,-47.5],[-169.25,-47.5],[-169.25,-45.25],[-168.25,-45.25],[-168.25,-43.75],[-167.0,-43.75],[-167.0,-40.5],[-168.25,-40.5],[-168.25,-38.25],[-169.25,-38.25],[-169.25,-36.75],[-171.5,-36.75]]]},"properties":{"id":561,"lon":-172.12,"lat":-43.25,"e5":0.62,"e10":0.67,"e15":0.68,"rh":11.3,"rc":29.5,"sst":15.2,"om":2.88,"bf":false}},{"type":"Feature","geometry":{"type":"Polygon","coordinates":[[[71.5,-10.0],[71.5,-11.0],[70.25,-11.0],[70.25,-15.25],[71.5,-15.25],[71.5,-18.75],[72.5,-18.75],[72.5,-18.25],[77.0,-18.25],[77.0,-18.0],[78.25,-18.0],[78.25,-16.5],[79.25,-16.5],[79.25,-14.0],[80.5,-14.0],[80.5,-11.75],[79.25,-11.75],[79.25,-10.5],[76.0,-10.5],[76.0,-10.25],[72.5,-10.25],[72.5,-10.0],[71.5,-10.0]]]},"properties":{"id":562,"lon":74.75,"lat":-14.62,"e5":0.69,"e10":0.75,"e15":0.78,"rh":9.4,"rc":24.4,"sst":26.3,"om":3.92,"bf":false}},{"type":"Feature","geometry":{"type":"Polygon","coordinates":[[[8.5,-25.25],[8.5,-25.75],[7.25,-25.75],[7.25,-26.25],[6.25,-26.25],[6.25,-26.75],[5.0,-26.75],[5.0,-27.25],[4.0,-27.25],[4.0,-27.75],[2.75,-27.75],[2.75,-36.25],[4.0,-36.25],[4.0,-36.75],[5.0,-36.75],[5.0,-37.25],[6.25,-37.25],[6.25,-37.75],[7.25,-37.75],[7.25,-36.75],[8.5,-36.75],[8.5,-36.25],[9.5,-36.25],[9.5,-35.25],[10.75,-35.25],[10.75,-34.5],[11.75,-34.5],[11.75,-34.0],[13.0,-34.0],[13.0,-30.75],[11.75,-30.75],[11.75,-28.75],[10.75,-28.75],[10.75,-25.25],[8.5,-25.25]]]},"properties":{"id":563,"lon":7.87,"lat":-32.37,"e5":0.52,"e10":0.63,"e15":0.71,"rh":10.5,"rc":27.3,"sst":19.1,"om":3.36,"bf":false}},{"type":"Feature","geometry":{"type":"Polygon","coordinates":[[[46.75,-50.0],[46.75,-50.75],[45.5,-50.75],[45.5,-51.75],[44.5,-51.75],[44.5,-60.25],[54.5,-60.25],[54.5,-51.75],[52.25,-51.75],[52.25,-51.25],[51.25,-51.25],[51.25,-50.75],[49.0,-50.75],[49.0,-50.0],[46.75,-50.0]]]},"properties":{"id":564,"lon":49.5,"lat":-56.0,"e5":0.78,"e10":0.81,"e15":0.81,"rh":13.6,"rc":35.3,"sst":2.1,"om":1.64,"bf":false}},{"type":"Feature","geometry":{"type":"Polygon","coordinates":[[[101.75,-32.0],[101.75,-34.0],[100.75,-34.0],[100.75,-36.25],[99.5,-36.25],[99.5,-39.5],[100.75,-39.5],[100.75,-40.5],[101.75,-40.5],[101.75,-42.0],[108.5,-42.0],[108.5,-41.5],[109.75,-41.5],[109.75,-40.5],[110.75,-40.5],[110.75,-39.0],[112.0,-39.0],[112.0,-37.75],[113.0,-37.75],[113.0,-37.25],[112.0,-37.25],[112.0,-36.25],[110.75,-36.25],[110.75,-32.0],[101.75,-32.0]]]},"properties":{"id":565,"lon":105.75,"lat":-36.75,"e5":0.45,"e10":0.49,"e15":0.54,"rh":11.3,"rc":29.3,"sst":15.7,"om":2.93,"bf":false}},{"type":"Feature","geometry":{"type":"Polygon","coordinates":[[[-86.0,-34.0],[-86.0,-35.25],[-87.25,-35.25],[-87.25,-36.75],[-88.25,-36.75],[-88.25,-39.0],[-89.5,-39.0],[-89.5,-42.0],[-88.25,-42.0],[-88.25,-42.75],[-86.25,-42.75],[-86.25,-42.5],[-86.0,-42.5],[-86.0,-43.25],[-83.75,-43.25],[-83.75,-43.75],[-81.5,-43.75],[-81.5,-44.25],[-79.25,-44.25],[-79.25,-43.75],[-78.25,-43.75],[-78.25,-35.75],[-79.25,-35.75],[-79.25,-35.25],[-81.5,-35.25],[-81.5,-34.5],[-83.75,-34.5],[-83.75,-34.0],[-86.0,-34.0]]]},"properties":{"id":566,"lon":-83.87,"lat":-40.5,"e5":0.67,"e10":0.72,"e15":0.74,"rh":11.7,"rc":30.5,"sst":15.0,"om":2.62,"bf":false}},{"type":"Feature","geometry":{"type":"Polygon","coordinates":[[[1.75,-35.75],[1.75,-36.25],[0.5,-36.25],[0.5,-36.75],[-1.75,-36.75],[-1.75,-37.25],[-2.75,-37.25],[-2.75,-37.75],[-4.0,-37.75],[-4.0,-39.0],[-5.0,-39.0],[-5.0,-42.0],[-4.0,-42.0],[-4.0,-44.25],[-2.75,-44.25],[-2.75,-46.25],[-1.75,-46.25],[-1.75,-48.0],[4.0,-48.0],[4.0,-46.25],[5.0,-46.25],[5.0,-44.25],[6.25,-44.25],[6.25,-42.75],[7.25,-42.75],[7.25,-40.0],[6.25,-40.0],[6.25,-37.25],[5.0,-37.25],[5.0,-36.75],[4.0,-36.75],[4.0,-36.25],[2.75,-36.25],[2.75,-35.75],[1.75,-35.75]]]},"properties":{"id":567,"lon":1.12,"lat":-41.0,"e5":0.63,"e10":0.68,"e15":0.72,"rh":12.0,"rc":31.3,"sst":11.9,"om":2.48,"bf":false}},{"type":"Feature","geometry":{"type":"Polygon","coordinates":[[[-34.25,-17.75],[-34.25,-18.75],[-35.5,-18.75],[-35.5,-21.5],[-36.5,-21.5],[-36.5,-23.0],[-37.75,-23.0],[-37.75,-23.5],[-38.75,-23.5],[-38.75,-24.5],[-37.75,-24.5],[-37.75,-25.25],[-36.5,-25.25],[-36.5,-26.75],[-35.5,-26.75],[-35.5,-27.75],[-34.25,-27.75],[-34.25,-27.25],[-32.0,-27.25],[-32.0,-26.75],[-29.75,-26.75],[-29.75,-26.25],[-27.5,-26.25],[-27.5,-19.75],[-28.75,-19.75],[-28.75,-19.25],[-29.75,-19.25],[-29.75,-19.0],[-31.0,-19.0],[-31.0,-18.25],[-32.0,-18.25],[-32.0,-18.0],[-33.25,-18.0],[-33.25,-17.75],[-34.25,-17.75]]]},"properties":{"id":568,"lon":-32.0,"lat":-22.25,"e5":0.67,"e10":0.78,"e15":0.80,"rh":9.5,"rc":24.8,"sst":24.7,"om":3.94,"bf":false}},{"type":"Feature","geometry":{"type":"Polygon","coordinates":[[[117.5,-49.5],[117.5,-50.0],[116.5,-50.0],[116.5,-56.0],[115.25,-56.0],[115.25,-60.25],[125.5,-60.25],[125.5,-53.75],[124.25,-53.75],[124.25,-53.25],[123.25,-53.25],[123.25,-52.75],[122.0,-52.75],[122.0,-51.75],[121.0,-51.75],[121.0,-51.25],[119.75,-51.25],[119.75,-50.75],[118.75,-50.75],[118.75,-49.5],[117.5,-49.5]]]},"properties":{"id":569,"lon":121.0,"lat":-54.87,"e5":0.74,"e10":0.78,"e15":0.79,"rh":13.4,"rc":34.9,"sst":3.3,"om":1.71,"bf":false}},{"type":"Feature","geometry":{"type":"Polygon","coordinates":[[[53.25,6.0],[53.25,4.75],[52.25,4.75],[52.25,2.75],[51.0,2.75],[51.0,1.25],[50.0,1.25],[50.0,0.0],[49.0,0.0],[49.0,-0.75],[50.0,-0.75],[50.0,-1.75],[51.25,-1.75],[51.25,-3.0],[52.25,-3.0],[52.25,-4.0],[54.5,-4.0],[54.5,-3.5],[55.75,-3.5],[55.75,-3.25],[56.75,-3.25],[56.75,-2.75],[58.0,-2.75],[58.0,-2.25],[59.0,-2.25],[59.0,2.75],[57.75,2.75],[57.75,3.5],[56.75,3.5],[56.75,4.25],[55.5,4.25],[55.5,5.0],[54.5,5.0],[54.5,6.0],[53.25,6.0]]]},"properties":{"id":570,"lon":54.5,"lat":0.62,"e5":0.70,"e10":0.77,"e15":0.79,"rh":9.0,"rc":23.5,"sst":28.3,"om":4.14,"bf":false}},{"type":"Feature","geometry":{"type":"MultiPolygon","coordinates":[[[[-171.5,-10.0],[-171.5,-12.0],[-172.75,-12.0],[-172.75,-16.5],[-173.75,-16.5],[-173.75,-16.75],[-175.0,-16.75],[-175.0,-17.25],[-176.0,-17.25],[-176.0,-17.75],[-177.25,-17.75],[-177.25,-16.75],[-178.25,-16.75],[-178.25,-15.0],[-179.5,-15.0],[-179.5,-14.5],[-180.0,-14.5],[-180.0,-10.0],[-171.5,-10.0]]],[[[180.0,-10.0],[180.0,-14.5],[179.5,-14.5],[179.5,-14.25],[178.25,-14.25],[178.25,-10.0],[180.0,-10.0]]]]},"properties":{"id":571,"lon":-176.37,"lat":-13.25,"e5":0.65,"e10":0.75,"e15":0.78,"rh":8.8,"rc":22.9,"sst":28.7,"om":4.23,"bf":false}},{"type":"Feature","geometry":{"type":"MultiPolygon","coordinates":[[[[160.25,-22.25],[161.5,-22.25],[161.5,-24.0],[162.5,-24.0],[162.5,-24.5],[163.75,-24.5],[163.75,-24.75],[166.0,-24.75],[166.0,-30.25],[164.75,-30.25],[164.75,-30.75],[162.5,-30.75],[162.5,-31.5],[160.25,-31.5],[160.25,-32.0],[158.0,-32.0],[158.0,-24.5],[157.0,-24.5],[157.0,-23.0],[155.75,-23.0],[155.75,-22.75],[157.0,-22.75],[157.0,-21.0],[158.0,-21.0],[158.0,-20.75],[159.25,-20.75],[159.25,-20.25],[160.25,-20.25],[160.25,-22.25]]],[[[160.25,-19.75],[161.5,-19.75],[161.5,-20.25],[160.25,-20.25],[160.25,-19.75]]]]},"properties":{"id":572,"lon":162.0,"lat":-27.5,"e5":0.59,"e10":0.69,"e15":0.73,"rh":9.7,"rc":25.1,"sst":23.2,"om":3.82,"bf":false}},{"type":"Feature","geometry":{"type":"Polygon","coordinates":[[[-107.5,-42.0],[-107.5,-42.75],[-108.5,-42.75],[-108.5,-44.25],[-109.75,-44.25],[-109.75,-45.75],[-110.75,-45.75],[-110.75,-48.0],[-112.0,-48.0],[-112.0,-50.75],[-110.75,-50.75],[-110.75,-51.25],[-108.5,-51.25],[-108.5,-51.75],[-106.25,-51.75],[-106.25,-52.25],[-104.0,-52.25],[-104.0,-52.75],[-103.0,-52.75],[-103.0,-51.75],[-101.75,-51.75],[-101.75,-50.75],[-100.75,-50.75],[-100.75,-49.5],[-99.5,-49.5],[-99.5,-46.25],[-100.75,-46.25],[-100.75,-44.25],[-101.75,-44.25],[-101.75,-43.75],[-103.0,-43.75],[-103.0,-43.25],[-104.0,-43.25],[-104.0,-42.5],[-104.25,-42.5],[-104.25,-42.75],[-106.25,-42.75],[-106.25,-42.0],[-107.5,-42.0]]]},"properties":{"id":573,"lon":-105.12,"lat":-47.12,"e5":0.72,"e10":0.76,"e15":0.77,"rh":12.6,"rc":32.7,"sst":9.5,"om":2.17,"bf":false}},{"type":"Feature","geometry":{"type":"Polygon","coordinates":[[[-137.75,-50.75],[-137.75,-51.25],[-139.0,-51.25],[-139.0,-52.25],[-140.0,-52.25],[-140.0,-52.75],[-141.25,-52.75],[-141.25,-53.75],[-142.25,-53.75],[-142.25,-60.25],[-131.0,-60.25],[-131.0,-53.25],[-132.25,-53.25],[-132.25,-52.75],[-133.25,-52.75],[-133.25,-52.25],[-134.5,-52.25],[-134.5,-51.75],[-135.5,-51.75],[-135.5,-51.25],[-136.75,-51.25],[-136.75,-50.75],[-137.75,-50.75]]]},"properties":{"id":574,"lon":-136.62,"lat":-57.0,"e5":0.72,"e10":0.77,"e15":0.79,"rh":13.3,"rc":34.6,"sst":4.3,"om":1.78,"bf":false}},{"type":"Feature","geometry":{"type":"Polygon","coordinates":[[[-17.5,-10.0],[-17.5,-12.25],[-18.5,-12.25],[-18.5,-15.75],[-19.75,-15.75],[-19.75,-19.0],[-18.5,-19.0],[-18.5,-20.0],[-17.5,-20.0],[-17.5,-21.0],[-16.25,-21.0],[-16.25,-20.75],[-13.0,-20.75],[-13.0,-20.25],[-11.75,-20.25],[-11.75,-19.25],[-10.75,-19.25],[-10.75,-17.0],[-11.75,-17.0],[-11.75,-13.25],[-13.0,-13.25],[-13.0,-10.0],[-17.5,-10.0]]]},"properties":{"id":575,"lon":-15.12,"lat":-14.5,"e5":0.61,"e10":0.73,"e15":0.77,"rh":9.6,"rc":24.9,"sst":24.3,"om":3.92,"bf":false}},{"type":"Feature","geometry":{"type":"Polygon","coordinates":[[[-40.0,-24.0],[-40.0,-25.75],[-41.0,-25.75],[-41.0,-26.25],[-43.25,-26.25],[-43.25,-26.75],[-44.5,-26.75],[-44.5,-30.75],[-45.5,-30.75],[-45.5,-33.0],[-44.5,-33.0],[-44.5,-33.5],[-43.25,-33.5],[-43.25,-34.5],[-42.25,-34.5],[-42.25,-35.75],[-41.0,-35.75],[-41.0,-35.25],[-40.0,-35.25],[-40.0,-34.5],[-37.75,-34.5],[-37.75,-34.0],[-35.5,-34.0],[-35.5,-28.25],[-34.25,-28.25],[-34.25,-27.75],[-35.5,-27.75],[-35.5,-26.75],[-36.5,-26.75],[-36.5,-25.25],[-37.75,-25.25],[-37.75,-24.5],[-38.75,-24.5],[-38.75,-24.0],[-40.0,-24.0]]]},"properties":{"id":576,"lon":-40.0,"lat":-29.5,"e5":0.64,"e10":0.76,"e15":0.79,"rh":10.1,"rc":26.4,"sst":21.3,"om":3.58,"bf":false}},{"type":"Feature","geometry":{"type":"Polygon","coordinates":[[[51.25,-26.25],[51.25,-27.25],[50.0,-27.25],[50.0,-27.75],[49.0,-27.75],[49.0,-28.25],[47.75,-28.25],[47.75,-28.75],[46.75,-28.75],[46.75,-34.0],[47.75,-34.0],[47.75,-35.25],[49.0,-35.25],[49.0,-36.25],[50.0,-36.25],[50.0,-37.25],[51.25,-37.25],[51.25,-39.0],[52.25,-39.0],[52.25,-39.5],[54.5,-39.5],[54.5,-39.0],[55.75,-39.0],[55.75,-38.25],[56.75,-38.25],[56.75,-37.25],[58.0,-37.25],[58.0,-29.25],[56.75,-29.25],[56.75,-28.75],[55.75,-28.75],[55.75,-27.75],[54.5,-27.75],[54.5,-27.25],[53.5,-27.25],[53.5,-26.75],[52.25,-26.75],[52.25,-26.25],[51.25,-26.25]]]},"properties":{"id":577,"lon":52.37,"lat":-31.62,"e5":0.53,"e10":0.63,"e15":0.69,"rh":10.3,"rc":26.9,"sst":20.5,"om":3.44,"bf":false}},{"type":"Feature","geometry":{"type":"Polygon","coordinates":[[[33.25,-34.0],[33.25,-34.5],[32.0,-34.5],[32.0,-35.75],[31.0,-35.75],[31.0,-36.25],[29.75,-36.25],[29.75,-36.75],[28.75,-36.75],[28.75,-42.0],[29.75,-42.0],[29.75,-46.25],[31.0,-46.25],[31.0,-47.0],[33.25,-47.0],[33.25,-47.5],[34.25,-47.5],[34.25,-47.0],[35.5,-47.0],[35.5,-45.75],[36.5,-45.75],[36.5,-44.75],[37.75,-44.75],[37.75,-43.75],[38.75,-43.75],[38.75,-42.0],[40.0,-42.0],[40.0,-38.25],[38.75,-38.25],[38.75,-37.25],[37.75,-37.25],[37.75,-36.25],[36.5,-36.25],[36.5,-35.75],[35.5,-35.75],[35.5,-34.5],[34.25,-34.5],[34.25,-34.0],[33.25,-34.0]]]},"properties":{"id":578,"lon":34.37,"lat":-40.12,"e5":0.65,"e10":0.70,"e15":0.73,"rh":11.4,"rc":29.8,"sst":14.9,"om":2.81,"bf":false}},{"type":"Feature","geometry":{"type":"Polygon","coordinates":[[[112.0,-37.75],[112.0,-39.0],[110.75,-39.0],[110.75,-40.5],[109.75,-40.5],[109.75,-41.5],[108.5,-41.5],[108.5,-42.75],[109.5,-42.75],[109.5,-42.5],[109.75,-42.5],[109.75,-45.75],[110.75,-45.75],[110.75,-49.0],[113.0,-49.0],[113.0,-49.5],[114.25,-49.5],[114.25,-50.0],[117.5,-50.0],[117.5,-49.5],[118.75,-49.5],[118.75,-47.5],[119.75,-47.5],[119.75,-43.75],[118.75,-43.75],[118.75,-40.0],[117.5,-40.0],[117.5,-39.0],[116.5,-39.0],[116.5,-38.25],[114.25,-38.25],[114.25,-37.75],[112.0,-37.75]]]},"properties":{"id":579,"lon":114.75,"lat":-44.75,"e5":0.63,"e10":0.69,"e15":0.71,"rh":12.3,"rc":31.9,"sst":10.9,"om":2.37,"bf":false}},{"type":"Feature","geometry":{"type":"Polygon","coordinates":[[[13.0,-51.25],[13.0,-51.75],[9.5,-51.75],[9.5,-52.25],[7.25,-52.25],[7.25,-55.0],[6.25,-55.0],[6.25,-60.25],[16.25,-60.25],[16.25,-52.25],[15.25,-52.25],[15.25,-51.25],[13.0,-51.25]]]},"properties":{"id":580,"lon":11.25,"lat":-57.62,"e5":0.82,"e10":0.84,"e15":0.85,"rh":13.8,"rc":35.9,"sst":0.4,"om":1.52,"bf":false}},{"type":"Feature","geometry":{"type":"Polygon","coordinates":[[[-41.0,-51.25],[-41.0,-51.75],[-42.25,-51.75],[-42.25,-52.25],[-43.25,-52.25],[-43.25,-52.75],[-44.5,-52.75],[-44.5,-53.25],[-45.5,-53.25],[-45.5,-60.25],[-34.25,-60.25],[-34.25,-53.75],[-35.5,-53.75],[-35.5,-53.25],[-36.5,-53.25],[-36.5,-52.25],[-37.75,-52.25],[-37.75,-51.75],[-38.75,-51.75],[-38.75,-51.25],[-41.0,-51.25]]]},"properties":{"id":581,"lon":-39.87,"lat":-57.0,"e5":0.80,"e10":0.83,"e15":0.83,"rh":13.5,"rc":35.2,"sst":2.4,"om":1.66,"bf":false}},{"type":"Feature","geometry":{"type":"Polygon","coordinates":[[[58.0,-2.25],[58.0,-2.75],[56.75,-2.75],[56.75,-3.25],[55.75,-3.25],[55.75,-3.5],[54.5,-3.5],[54.5,-4.0],[53.5,-4.0],[53.5,-11.0],[54.5,-11.0],[54.5,-10.75],[56.75,-10.75],[56.75,-10.5],[59.0,-10.5],[59.0,-10.25],[61.25,-10.25],[61.25,-10.0],[62.5,-10.0],[62.5,-4.25],[61.25,-4.25],[61.25,-3.25],[60.25,-3.25],[60.25,-2.5],[59.0,-2.5],[59.0,-2.25],[58.0,-2.25]]]},"properties":{"id":582,"lon":58.0,"lat":-7.12,"e5":0.70,"e10":0.77,"e15":0.79,"rh":9.1,"rc":23.7,"sst":27.9,"om":4.08,"bf":false}},{"type":"Feature","geometry":{"type":"Polygon","coordinates":[[[130.0,-6.5],[130.0,-8.5],[133.25,-8.5],[133.25,-8.75],[134.5,-8.75],[134.5,-7.25],[133.25,-7.25],[133.25,-7.0],[132.25,-7.0],[132.25,-6.75],[131.0,-6.75],[131.0,-6.5],[130.0,-6.5]]]},"properties":{"id":583,"lon":132.25,"lat":-7.87,"e5":0.63,"e10":0.73,"e15":0.76,"rh":9.2,"rc":24.0,"sst":28.1,"om":3.93,"bf":false}},{"type":"Feature","geometry":{"type":"Polygon","coordinates":[[[130.0,-49.5],[130.0,-50.75],[128.75,-50.75],[128.75,-51.75],[127.75,-51.75],[127.75,-52.75],[126.5,-52.75],[126.5,-53.75],[125.5,-53.75],[125.5,-60.25],[135.5,-60.25],[135.5,-58.0],[136.75,-58.0],[136.75,-53.25],[135.5,-53.25],[135.5,-52.25],[134.5,-52.25],[134.5,-51.25],[133.25,-51.25],[133.25,-50.75],[132.25,-50.75],[132.25,-49.5],[130.0,-49.5]]]},"properties":{"id":584,"lon":131.12,"lat":-55.87,"e5":0.74,"e10":0.78,"e15":0.79,"rh":13.4,"rc":34.9,"sst":3.7,"om":1.73,"bf":false}},{"type":"Feature","geometry":{"type":"Polygon","coordinates":[[[105.25,-10.5],[105.25,-11.5],[104.0,-11.5],[104.0,-13.25],[103.0,-13.25],[103.0,-15.0],[101.75,-15.0],[101.75,-18.0],[103.0,-18.0],[103.0,-20.0],[104.0,-20.0],[104.0,-21.5],[106.25,-21.5],[106.25,-22.0],[109.75,-22.0],[109.75,-21.0],[110.75,-21.0],[110.75,-15.0],[109.75,-15.0],[109.75,-11.0],[108.5,-11.0],[108.5,-10.75],[106.25,-10.75],[106.25,-10.5],[105.25,-10.5]]]},"properties":{"id":585,"lon":106.25,"lat":-16.5,"e5":0.63,"e10":0.70,"e15":0.74,"rh":9.3,"rc":24.2,"sst":26.5,"om":3.95,"bf":false}},{"type":"Feature","geometry":{"type":"Polygon","coordinates":[[[-145.75,-10.0],[-145.75,-16.75],[-144.5,-16.75],[-144.5,-17.25],[-143.5,-17.25],[-143.5,-17.75],[-142.25,-17.75],[-142.25,-18.25],[-141.25,-18.25],[-141.25,-18.75],[-139.0,-18.75],[-139.0,-17.75],[-137.75,-17.75],[-137.75,-16.75],[-136.75,-16.75],[-136.75,-10.0],[-145.75,-10.0]]]},"properties":{"id":586,"lon":-141.25,"lat":-13.37,"e5":0.60,"e10":0.73,"e15":0.78,"rh":9.1,"rc":23.6,"sst":27.3,"om":4.15,"bf":false}},{"type":"Feature","geometry":{"type":"Polygon","coordinates":[[[82.75,-23.0],[82.75,-23.5],[81.5,-23.5],[81.5,-24.0],[80.5,-24.0],[80.5,-25.75],[79.25,-25.75],[79.25,-27.25],[78.25,-27.25],[78.25,-29.25],[79.25,-29.25],[79.25,-32.0],[80.5,-32.0],[80.5,-34.0],[81.5,-34.0],[81.5,-35.25],[82.75,-35.25],[82.75,-34.5],[83.75,-34.5],[83.75,-34.0],[85.0,-34.0],[85.0,-33.5],[86.0,-33.5],[86.0,-33.0],[87.25,-33.0],[87.25,-32.5],[88.25,-32.5],[88.25,-32.0],[89.5,-32.0],[89.5,-30.25],[90.5,-30.25],[90.5,-29.25],[89.5,-29.25],[89.5,-28.25],[88.25,-28.25],[88.25,-26.75],[87.25,-26.75],[87.25,-25.25],[86.0,-25.25],[86.0,-24.5],[85.0,-24.5],[85.0,-23.0],[82.75,-23.0]]]},"properties":{"id":587,"lon":83.87,"lat":-28.75,"e5":0.42,"e10":0.54,"e15":0.62,"rh":10.4,"rc":26.9,"sst":20.6,"om":3.44,"bf":false}},{"type":"Feature","geometry":{"type":"Polygon","coordinates":[[[72.5,-27.75],[72.5,-28.25],[71.5,-28.25],[71.5,-29.75],[70.25,-29.75],[70.25,-30.75],[69.25,-30.75],[69.25,-35.25],[70.25,-35.25],[70.25,-35.75],[71.5,-35.75],[71.5,-36.75],[72.5,-36.75],[72.5,-37.25],[73.75,-37.25],[73.75,-38.25],[74.75,-38.25],[74.75,-39.0],[76.0,-39.0],[76.0,-38.25],[78.25,-38.25],[78.25,-37.75],[79.25,-37.75],[79.25,-37.25],[80.5,-37.25],[80.5,-36.75],[81.5,-36.75],[81.5,-34.0],[80.5,-34.0],[80.5,-32.0],[79.25,-32.0],[79.25,-29.25],[78.25,-29.25],[78.25,-27.75],[72.5,-27.75]]]},"properties":{"id":588,"lon":74.87,"lat":-33.0,"e5":0.47,"e10":0.56,"e15":0.63,"rh":10.8,"rc":28.0,"sst":18.9,"om":3.2,"bf":false}},{"type":"Feature","geometry":{"type":"Polygon","coordinates":[[[-31.0,-10.0],[-31.0,-10.75],[-32.0,-10.75],[-32.0,-12.25],[-33.25,-12.25],[-33.25,-13.75],[-34.25,-13.75],[-34.25,-17.75],[-33.25,-17.75],[-33.25,-18.0],[-32.0,-18.0],[-32.0,-18.25],[-31.0,-18.25],[-31.0,-19.0],[-29.75,-19.0],[-29.75,-19.25],[-28.75,-19.25],[-28.75,-19.75],[-27.5,-19.75],[-27.5,-19.25],[-26.5,-19.25],[-26.5,-18.25],[-25.25,-18.25],[-25.25,-14.0],[-26.5,-14.0],[-26.5,-10.0],[-31.0,-10.0]]]},"properties":{"id":589,"lon":-29.75,"lat":-15.87,"e5":0.69,"e10":0.77,"e15":0.79,"rh":9.2,"rc":23.9,"sst":26.0,"om":4.15,"bf":false}},{"type":"Feature","geometry":{"type":"Polygon","coordinates":[[[-20.75,-27.25],[-20.75,-27.75],[-23.0,-27.75],[-23.0,-28.25],[-24.25,-28.25],[-24.25,-28.75],[-25.25,-28.75],[-25.25,-34.0],[-26.5,-34.0],[-26.5,-35.25],[-25.25,-35.25],[-25.25,-36.25],[-24.25,-36.25],[-24.25,-37.25],[-23.0,-37.25],[-23.0,-38.25],[-22.0,-38.25],[-22.0,-39.0],[-19.75,-39.0],[-19.75,-38.25],[-18.5,-38.25],[-18.5,-37.75],[-17.5,-37.75],[-17.5,-37.25],[-16.25,-37.25],[-16.25,-35.75],[-15.25,-35.75],[-15.25,-30.75],[-16.25,-30.75],[-16.25,-29.75],[-17.5,-29.75],[-17.5,-28.75],[-18.5,-28.75],[-18.5,-27.75],[-19.75,-27.75],[-19.75,-27.25],[-20.75,-27.25]]]},"properties":{"id":590,"lon":-20.25,"lat":-32.37,"e5":0.60,"e10":0.72,"e15":0.77,"rh":10.8,"rc":28.1,"sst":19.0,"om":3.17,"bf":false}},{"type":"Feature","geometry":{"type":"Polygon","coordinates":[[[-122.0,-28.75],[-122.0,-29.25],[-123.25,-29.25],[-123.25,-30.75],[-124.25,-30.75],[-124.25,-32.0],[-125.5,-32.0],[-125.5,-33.5],[-126.5,-33.5],[-126.5,-36.25],[-125.5,-36.25],[-125.5,-39.5],[-124.25,-39.5],[-124.25,-40.0],[-121.0,-40.0],[-121.0,-40.5],[-118.75,-40.5],[-118.75,-39.5],[-117.5,-39.5],[-117.5,-38.25],[-116.5,-38.25],[-116.5,-37.25],[-115.25,-37.25],[-115.25,-33.0],[-116.5,-33.0],[-116.5,-30.25],[-117.5,-30.25],[-117.5,-29.75],[-118.75,-29.75],[-118.75,-29.25],[-121.0,-29.25],[-121.0,-28.75],[-122.0,-28.75]]]},"properties":{"id":591,"lon":-120.87,"lat":-34.87,"e5":0.62,"e10":0.67,"e15":0.70,"rh":10.9,"rc":28.3,"sst":18.6,"om":3.1,"bf":false}},{"type":"Feature","geometry":{"type":"Polygon","coordinates":[[[63.5,21.0],[63.5,19.75],[62.25,19.75],[62.25,18.0],[61.25,18.0],[61.25,16.5],[60.0,16.5],[60.0,15.5],[59.0,15.5],[59.0,14.75],[57.75,14.75],[57.75,13.25],[59.0,13.25],[59.0,12.5],[60.0,12.5],[60.0,11.5],[61.25,11.5],[61.25,11.0],[62.25,11.0],[62.25,10.25],[64.5,10.25],[64.5,11.0],[65.75,11.0],[65.75,11.5],[66.75,11.5],[66.75,12.25],[68.0,12.25],[68.0,12.75],[69.0,12.75],[69.0,13.25],[70.25,13.25],[70.25,14.5],[69.0,14.5],[69.0,17.75],[68.0,17.75],[68.0,18.0],[66.75,18.0],[66.75,19.25],[65.75,19.25],[65.75,20.5],[64.5,20.5],[64.5,21.0],[63.5,21.0]]]},"properties":{"id":592,"lon":64.5,"lat":16.0,"e5":0.61,"e10":0.73,"e15":0.76,"rh":9.0,"rc":23.4,"sst":27.3,"om":4.22,"bf":false}},{"type":"Feature","geometry":{"type":"Polygon","coordinates":[[[92.75,-49.5],[92.75,-50.0],[91.75,-50.0],[91.75,-50.75],[90.5,-50.75],[90.5,-51.25],[89.5,-51.25],[89.5,-52.25],[88.25,-52.25],[88.25,-52.75],[87.25,-52.75],[87.25,-53.25],[86.0,-53.25],[86.0,-60.25],[97.25,-60.25],[97.25,-51.25],[96.25,-51.25],[96.25,-50.75],[95.0,-50.75],[95.0,-50.0],[94.0,-50.0],[94.0,-49.5],[92.75,-49.5]]]},"properties":{"id":593,"lon":91.62,"lat":-56.75,"e5":0.76,"e10":0.79,"e15":0.81,"rh":13.6,"rc":35.3,"sst":2.2,"om":1.64,"bf":false}},{"type":"Feature","geometry":{"type":"Polygon","coordinates":[[[-163.75,-15.75],[-163.75,-16.25],[-164.75,-16.25],[-164.75,-17.0],[-166.0,-17.0],[-166.0,-18.0],[-167.0,-18.0],[-167.0,-19.0],[-168.25,-19.0],[-168.25,-23.0],[-167.0,-23.0],[-167.0,-23.5],[-166.0,-23.5],[-166.0,-24.5],[-164.75,-24.5],[-164.75,-24.75],[-163.75,-24.75],[-163.75,-25.75],[-161.5,-25.75],[-161.5,-24.75],[-160.25,-24.75],[-160.25,-24.5],[-159.25,-24.5],[-159.25,-23.5],[-158.0,-23.5],[-158.0,-18.25],[-159.25,-18.25],[-159.25,-17.75],[-160.25,-17.75],[-160.25,-17.0],[-161.5,-17.0],[-161.5,-16.5],[-162.5,-16.5],[-162.5,-15.75],[-163.75,-15.75]]]},"properties":{"id":594,"lon":-163.12,"lat":-21.0,"e5":0.61,"e10":0.71,"e15":0.75,"rh":9.1,"rc":23.7,"sst":26.4,"om":4.11,"bf":false}},{"type":"Feature","geometry":{"type":"Polygon","coordinates":[[[84.75,-42.5],[84.75,-42.75],[83.75,-42.75],[83.75,-44.75],[82.75,-44.75],[82.75,-47.5],[81.5,-47.5],[81.5,-49.5],[82.75,-49.5],[82.75,-50.75],[83.75,-50.75],[83.75,-51.75],[85.0,-51.75],[85.0,-52.75],[86.0,-52.75],[86.0,-53.25],[87.25,-53.25],[87.25,-52.75],[88.25,-52.75],[88.25,-52.25],[89.5,-52.25],[89.5,-51.25],[90.5,-51.25],[90.5,-50.75],[91.75,-50.75],[91.75,-50.0],[92.75,-50.0],[92.75,-47.0],[91.75,-47.0],[91.75,-43.75],[90.5,-43.75],[90.5,-42.75],[89.5,-42.75],[89.5,-42.5],[89.25,-42.5],[89.25,-42.75],[87.25,-42.75],[87.25,-42.5],[87.0,-42.5],[87.0,-42.75],[85.0,-42.75],[85.0,-42.5],[84.75,-42.5]]]},"properties":{"id":595,"lon":87.12,"lat":-48.5,"e5":0.69,"e10":0.73,"e15":0.75,"rh":12.8,"rc":33.3,"sst":7.9,"om":2.06,"bf":false}},{"type":"Feature","geometry":{"type":"Polygon","coordinates":[[[7.25,-42.0],[7.25,-42.75],[6.25,-42.75],[6.25,-44.25],[5.0,-44.25],[5.0,-46.25],[4.0,-46.25],[4.0,-49.0],[5.0,-49.0],[5.0,-50.75],[6.25,-50.75],[6.25,-51.75],[7.25,-51.75],[7.25,-52.25],[9.5,-52.25],[9.5,-51.75],[13.0,-51.75],[13.0,-51.25],[14.0,-51.25],[14.0,-49.0],[15.25,-49.0],[15.25,-44.75],[14.0,-44.75],[14.0,-44.25],[13.0,-44.25],[13.0,-43.75],[10.75,-43.75],[10.75,-43.25],[9.5,-43.25],[9.5,-42.75],[8.5,-42.75],[8.5,-42.0],[7.25,-42.0]]]},"properties":{"id":596,"lon":9.62,"lat":-47.62,"e5":0.75,"e10":0.78,"e15":0.79,"rh":12.9,"rc":33.6,"sst":6.9,"om":1.99,"bf":false}},{"type":"Feature","geometry":{"type":"Polygon","coordinates":[[[-94.0,-27.75],[-94.0,-28.25],[-95.0,-28.25],[-95.0,-30.25],[-96.25,-30.25],[-96.25,-32.5],[-97.25,-32.5],[-97.25,-36.75],[-96.25,-36.75],[-96.25,-39.0],[-95.0,-39.0],[-95.0,-39.5],[-92.75,-39.5],[-92.75,-40.0],[-90.5,-40.0],[-90.5,-40.5],[-89.5,-40.5],[-89.5,-39.0],[-88.25,-39.0],[-88.25,-36.75],[-87.25,-36.75],[-87.25,-35.25],[-86.0,-35.25],[-86.0,-32.0],[-87.25,-32.0],[-87.25,-29.25],[-88.25,-29.25],[-88.25,-28.75],[-90.5,-28.75],[-90.5,-28.25],[-91.75,-28.25],[-91.75,-27.75],[-94.0,-27.75]]]},"properties":{"id":597,"lon":-91.62,"lat":-33.87,"e5":0.59,"e10":0.65,"e15":0.69,"rh":11.1,"rc":28.9,"sst":18.4,"om":2.97,"bf":false}},{"type":"Feature","geometry":{"type":"Polygon","coordinates":[[[-6.25,-40.5],[-6.25,-41.0],[-8.5,-41.0],[-8.5,-41.5],[-10.75,-41.5],[-10.75,-42.0],[-11.75,-42.0],[-11.75,-44.25],[-13.0,-44.25],[-13.0,-47.5],[-14.0,-47.5],[-14.0,-50.0],[-13.0,-50.0],[-13.0,-51.25],[-11.75,-51.25],[-11.75,-51.75],[-9.5,-51.75],[-9.5,-51.25],[-4.0,-51.25],[-4.0,-50.75],[-2.75,-50.75],[-2.75,-49.5],[-1.75,-49.5],[-1.75,-46.25],[-2.75,-46.25],[-2.75,-44.25],[-4.0,-44.25],[-4.0,-42.0],[-5.0,-42.0],[-5.0,-40.5],[-6.25,-40.5]]]},"properties":{"id":598,"lon":-7.87,"lat":-45.25,"e5":0.75,"e10":0.78,"e15":0.79,"rh":12.9,"rc":33.4,"sst":7.2,"om":2.02,"bf":false}},{"type":"Feature","geometry":{"type":"Polygon","coordinates":[[[89.5,-9.25],[89.5,-10.0],[88.25,-10.0],[88.25,-11.5],[87.25,-11.5],[87.25,-13.0],[86.0,-13.0],[86.0,-14.25],[87.25,-14.25],[87.25,-17.0],[88.25,-17.0],[88.25,-18.25],[89.5,-18.25],[89.5,-18.75],[91.75,-18.75],[91.75,-19.0],[94.0,-19.0],[94.0,-18.0],[95.0,-18.0],[95.0,-16.75],[96.25,-16.75],[96.25,-13.25],[95.0,-13.25],[95.0,-10.5],[94.0,-10.5],[94.0,-10.25],[92.75,-10.25],[92.75,-10.0],[91.75,-10.0],[91.75,-9.5],[90.5,-9.5],[90.5,-9.25],[89.5,-9.25]]]},"properties":{"id":599,"lon":91.12,"lat":-13.75,"e5":0.67,"e10":0.74,"e15":0.77,"rh":9.3,"rc":24.2,"sst":26.7,"om":3.93,"bf":false}},{"type":"Feature","geometry":{"type":"Polygon","coordinates":[[[1.75,-10.0],[1.75,-17.75],[4.0,-17.75],[4.0,-18.0],[6.25,-18.0],[6.25,-18.25],[7.25,-18.25],[7.25,-14.25],[8.5,-14.25],[8.5,-12.25],[9.5,-12.25],[9.5,-10.25],[8.5,-10.25],[8.5,-10.0],[1.75,-10.0]]]},"properties":{"id":600,"lon":5.12,"lat":-13.25,"e5":0.62,"e10":0.73,"e15":0.76,"rh":10.0,"rc":25.9,"sst":23.5,"om":3.68,"bf":false}},{"type":"Feature","geometry":{"type":"Polygon","coordinates":[[[63.5,-12.0],[63.5,-14.5],[62.5,-14.5],[62.5,-18.0],[61.25,-18.0],[61.25,-19.75],[62.5,-19.75],[62.5,-21.0],[70.25,-21.0],[70.25,-20.0],[71.5,-20.0],[71.5,-15.25],[70.25,-15.25],[70.25,-12.25],[67.0,-12.25],[67.0,-12.0],[63.5,-12.0]]]},"properties":{"id":601,"lon":67.0,"lat":-16.62,"e5":0.68,"e10":0.75,"e15":0.77,"rh":9.4,"rc":24.6,"sst":25.6,"om":3.89,"bf":false}},{"type":"Feature","geometry":{"type":"Polygon","coordinates":[[[38.75,-25.75],[38.75,-27.25],[37.75,-27.25],[37.75,-28.75],[36.5,-28.75],[36.5,-30.75],[35.5,-30.75],[35.5,-32.5],[34.25,-32.5],[34.25,-33.5],[33.25,-33.5],[33.25,-34.0],[34.25,-34.0],[34.25,-34.5],[35.5,-34.5],[35.5,-35.75],[36.5,-35.75],[36.5,-36.25],[37.75,-36.25],[37.75,-37.25],[38.75,-37.25],[38.75,-38.25],[40.0,-38.25],[40.0,-37.75],[41.0,-37.75],[41.0,-36.75],[42.25,-36.75],[42.25,-36.25],[43.25,-36.25],[43.25,-35.25],[44.5,-35.25],[44.5,-34.5],[45.5,-34.5],[45.5,-33.5],[46.75,-33.5],[46.75,-28.75],[43.25,-28.75],[43.25,-28.25],[42.25,-28.25],[42.25,-27.75],[41.0,-27.75],[41.0,-26.75],[40.0,-26.75],[40.0,-25.75],[38.75,-25.75]]]},"properties":{"id":602,"lon":41.12,"lat":-31.62,"e5":0.58,"e10":0.67,"e15":0.72,"rh":10.0,"rc":26.1,"sst":21.9,"om":3.62,"bf":false}},{"type":"Feature","geometry":{"type":"Polygon","coordinates":[[[95.0,-26.25],[95.0,-26.75],[94.0,-26.75],[94.0,-27.75],[92.75,-27.75],[92.75,-28.25],[91.75,-28.25],[91.75,-29.25],[90.5,-29.25],[90.5,-30.25],[89.5,-30.25],[89.5,-32.5],[90.5,-32.5],[90.5,-34.0],[91.75,-34.0],[91.75,-35.75],[92.75,-35.75],[92.75,-37.25],[94.0,-37.25],[94.0,-38.25],[99.5,-38.25],[99.5,-36.25],[100.75,-36.25],[100.75,-34.0],[101.75,-34.0],[101.75,-30.75],[100.75,-30.75],[100.75,-28.75],[99.5,-28.75],[99.5,-26.75],[97.25,-26.75],[97.25,-26.25],[95.0,-26.25]]]},"properties":{"id":603,"lon":95.62,"lat":-31.62,"e5":0.41,"e10":0.48,"e15":0.56,"rh":10.9,"rc":28.4,"sst":18.0,"om":3.11,"bf":false}},{"type":"Feature","geometry":{"type":"Polygon","coordinates":[[[-106.25,-17.25],[-106.25,-17.75],[-110.75,-17.75],[-110.75,-18.25],[-112.0,-18.25],[-112.0,-19.75],[-113.0,-19.75],[-113.0,-22.75],[-112.0,-22.75],[-112.0,-26.25],[-110.75,-26.25],[-110.75,-26.75],[-108.5,-26.75],[-108.5,-27.25],[-107.5,-27.25],[-107.5,-27.75],[-106.25,-27.75],[-106.25,-26.75],[-105.25,-26.75],[-105.25,-25.75],[-104.0,-25.75],[-104.0,-24.75],[-103.0,-24.75],[-103.0,-24.0],[-101.75,-24.0],[-101.75,-19.75],[-103.0,-19.75],[-103.0,-18.75],[-104.0,-18.75],[-104.0,-17.75],[-105.25,-17.75],[-105.25,-17.25],[-106.25,-17.25]]]},"properties":{"id":604,"lon":-107.37,"lat":-21.25,"e5":0.47,"e10":0.59,"e15":0.69,"rh":9.9,"rc":25.8,"sst":23.2,"om":3.69,"bf":false}},{"type":"Feature","geometry":{"type":"Polygon","coordinates":[[[88.25,17.25],[88.25,16.5],[87.0,16.5],[87.0,15.0],[86.0,15.0],[86.0,14.0],[84.75,14.0],[84.75,9.5],[86.0,9.5],[86.0,9.25],[87.0,9.25],[87.0,8.75],[88.25,8.75],[88.25,8.25],[89.25,8.25],[89.25,8.0],[90.5,8.0],[90.5,7.75],[92.75,7.75],[92.75,8.0],[93.75,8.0],[93.75,8.25],[94.0,8.25],[94.0,8.5],[95.0,8.5],[95.0,9.75],[93.75,9.75],[93.75,13.0],[93.0,13.0],[93.0,12.75],[92.75,12.75],[92.75,13.25],[91.5,13.25],[91.5,13.75],[90.5,13.75],[90.5,15.5],[89.25,15.5],[89.25,17.25],[88.25,17.25]]]},"properties":{"id":605,"lon":89.25,"lat":11.25,"e5":0.69,"e10":0.77,"e15":0.79,"rh":9.3,"rc":24.2,"sst":28.2,"om":3.83,"bf":false}},{"type":"Feature","geometry":{"type":"Polygon","coordinates":[[[141.25,-51.25],[141.25,-51.75],[140.0,-51.75],[140.0,-52.25],[139.0,-52.25],[139.0,-52.75],[137.75,-52.75],[137.75,-53.25],[136.75,-53.25],[136.75,-58.0],[135.5,-58.0],[135.5,-60.25],[148.0,-60.25],[148.0,-56.0],[146.75,-56.0],[146.75,-55.0],[145.75,-55.0],[145.75,-53.75],[144.5,-53.75],[144.5,-52.75],[143.5,-52.75],[143.5,-51.75],[142.25,-51.75],[142.25,-51.25],[141.25,-51.25]]]},"properties":{"id":606,"lon":141.75,"lat":-55.5,"e5":0.74,"e10":0.78,"e15":0.79,"rh":13.6,"rc":35.3,"sst":2.6,"om":1.64,"bf":false}},{"type":"Feature","geometry":{"type":"Polygon","coordinates":[[[-150.25,-25.25],[-150.25,-25.75],[-151.25,-25.75],[-151.25,-26.25],[-152.5,-26.25],[-152.5,-29.25],[-153.5,-29.25],[-153.5,-33.0],[-152.5,-33.0],[-152.5,-33.5],[-151.25,-33.5],[-151.25,-34.5],[-150.25,-34.5],[-150.25,-35.75],[-149.0,-35.75],[-149.0,-36.25],[-146.75,-36.25],[-146.75,-35.75],[-145.75,-35.75],[-145.75,-35.25],[-144.5,-35.25],[-144.5,-34.5],[-143.5,-34.5],[-143.5,-27.25],[-144.5,-27.25],[-144.5,-26.75],[-145.75,-26.75],[-145.75,-26.25],[-146.75,-26.25],[-146.75,-25.75],[-148.0,-25.75],[-148.0,-25.25],[-150.25,-25.25]]]},"properties":{"id":607,"lon":-148.5,"lat":-31.12,"e5":0.59,"e10":0.66,"e15":0.69,"rh":10.2,"rc":26.6,"sst":20.8,"om":3.5,"bf":false}},{"type":"Feature","geometry":{"type":"MultiPolygon","coordinates":[[[[177.25,-21.0],[177.25,-21.5],[178.25,-21.5],[178.25,-21.0],[180.0,-21.0],[180.0,-31.5],[179.5,-31.5],[179.5,-32.5],[177.25,-32.5],[177.25,-32.0],[175.0,-32.0],[175.0,-21.0],[177.25,-21.0]]],[[[-178.25,-21.0],[-178.25,-23.0],[-177.25,-23.0],[-177.25,-24.75],[-176.0,-24.75],[-176.0,-26.25],[-175.0,-26.25],[-175.0,-27.25],[-176.0,-27.25],[-176.0,-28.25],[-177.25,-28.25],[-177.25,-29.25],[-178.25,-29.25],[-178.25,-30.25],[-179.5,-30.25],[-179.5,-31.5],[-180.0,-31.5],[-180.0,-21.0],[-178.25,-21.0]]]]},"properties":{"id":608,"lon":177.5,"lat":-26.5,"e5":0.58,"e10":0.67,"e15":0.73,"rh":9.7,"rc":25.3,"sst":23.2,"om":3.79,"bf":false}},{"type":"Feature","geometry":{"type":"Polygon","coordinates":[[[161.5,-48.5],[161.5,-49.0],[160.25,-49.0],[160.25,-49.5],[159.25,-49.5],[159.25,-50.75],[158.0,-50.75],[158.0,-54.5],[159.25,-54.5],[159.25,-60.25],[168.25,-60.25],[168.25,-50.0],[166.0,-50.0],[166.0,-49.5],[164.75,-49.5],[164.75,-49.0],[163.75,-49.0],[163.75,-48.5],[161.5,-48.5]]]},"properties":{"id":609,"lon":163.12,"lat":-52.62,"e5":0.70,"e10":0.74,"e15":0.76,"rh":13.0,"rc":33.8,"sst":6.7,"om":1.95,"bf":false}},{"type":"Feature","geometry":{"type":"Polygon","coordinates":[[[-80.5,-15.75],[-80.5,-16.75],[-81.5,-16.75],[-81.5,-17.75],[-82.75,-17.75],[-82.75,-18.75],[-83.75,-18.75],[-83.75,-25.25],[-81.5,-25.25],[-81.5,-25.75],[-79.25,-25.75],[-79.25,-26.25],[-77.0,-26.25],[-77.0,-26.75],[-74.75,-26.75],[-74.75,-19.25],[-76.0,-19.25],[-76.0,-19.0],[-77.0,-19.0],[-77.0,-18.25],[-78.25,-18.25],[-78.25,-17.25],[-79.25,-17.25],[-79.25,-15.75],[-80.5,-15.75]]]},"properties":{"id":610,"lon":-79.25,"lat":-22.25,"e5":0.66,"e10":0.71,"e15":0.75,"rh":10.9,"rc":28.3,"sst":19.7,"om":3.09,"bf":false}},{"type":"Feature","geometry":{"type":"Polygon","coordinates":[[[63.5,5.0],[63.5,4.75],[62.25,4.75],[62.25,4.0],[61.25,4.0],[61.25,3.25],[60.0,3.25],[60.0,2.75],[59.0,2.75],[59.0,-2.5],[60.25,-2.5],[60.25,-3.25],[61.25,-3.25],[61.25,-4.25],[62.5,-4.25],[62.5,-4.75],[63.5,-4.75],[63.5,-4.25],[64.75,-4.25],[64.75,-3.75],[65.75,-3.75],[65.75,-3.5],[67.0,-3.5],[67.0,-3.0],[68.0,-3.0],[68.0,3.25],[66.75,3.25],[66.75,3.75],[65.75,3.75],[65.75,4.25],[64.5,4.25],[64.5,5.0],[63.5,5.0]]]},"properties":{"id":611,"lon":63.5,"lat":0.12,"e5":0.70,"e10":0.78,"e15":0.80,"rh":8.9,"rc":23.1,"sst":28.9,"om":4.21,"bf":false}},{"type":"Feature","geometry":{"type":"Polygon","coordinates":[[[-46.75,-32.0],[-46.75,-33.0],[-47.75,-33.0],[-47.75,-35.25],[-49.0,-35.25],[-49.0,-36.25],[-50.0,-36.25],[-50.0,-37.25],[-51.25,-37.25],[-51.25,-37.75],[-52.25,-37.75],[-52.25,-40.0],[-51.25,-40.0],[-51.25,-41.0],[-50.0,-41.0],[-50.0,-42.75],[-49.0,-42.75],[-49.0,-43.75],[-46.75,-43.75],[-46.75,-43.25],[-44.5,-43.25],[-44.5,-42.75],[-43.5,-42.75],[-43.5,-42.5],[-43.25,-42.5],[-43.25,-42.75],[-42.25,-42.75],[-42.25,-34.5],[-43.25,-34.5],[-43.25,-33.5],[-44.5,-33.5],[-44.5,-33.0],[-45.5,-33.0],[-45.5,-32.0],[-46.75,-32.0]]]},"properties":{"id":612,"lon":-47.25,"lat":-38.87,"e5":0.65,"e10":0.74,"e15":0.78,"rh":11.1,"rc":28.8,"sst":16.4,"om":3.03,"bf":false}},{"type":"Feature","geometry":{"type":"Polygon","coordinates":[[[68.0,-35.25],[68.0,-36.25],[67.0,-36.25],[67.0,-37.25],[65.75,-37.25],[65.75,-38.25],[64.75,-38.25],[64.75,-43.25],[65.75,-43.25],[65.75,-46.25],[67.0,-46.25],[67.0,-45.75],[68.0,-45.75],[68.0,-45.25],[71.5,-45.25],[71.5,-45.75],[72.5,-45.75],[72.5,-45.25],[73.75,-45.25],[73.75,-41.5],[74.75,-41.5],[74.75,-38.25],[73.75,-38.25],[73.75,-37.25],[72.5,-37.25],[72.5,-36.75],[71.5,-36.75],[71.5,-35.75],[70.25,-35.75],[70.25,-35.25],[68.0,-35.25]]]},"properties":{"id":613,"lon":69.75,"lat":-39.87,"e5":0.61,"e10":0.65,"e15":0.69,"rh":11.8,"rc":30.7,"sst":13.6,"om":2.61,"bf":false}},{"type":"Feature","geometry":{"type":"Polygon","coordinates":[[[-97.25,-10.0],[-97.25,-17.25],[-96.25,-17.25],[-96.25,-17.75],[-95.0,-17.75],[-95.0,-18.25],[-94.0,-18.25],[-94.0,-18.75],[-92.75,-18.75],[-92.75,-19.25],[-91.75,-19.25],[-91.75,-18.75],[-90.5,-18.75],[-90.5,-18.0],[-89.5,-18.0],[-89.5,-10.0],[-97.25,-10.0]]]},"properties":{"id":614,"lon":-93.37,"lat":-13.62,"e5":0.58,"e10":0.68,"e15":0.74,"rh":10.2,"rc":26.6,"sst":22.6,"om":3.48,"bf":false}},{"type":"Feature","geometry":{"type":"Polygon","coordinates":[[[-168.25,-23.0],[-168.25,-23.5],[-169.25,-23.5],[-169.25,-24.5],[-170.5,-24.5],[-170.5,-25.25],[-171.5,-25.25],[-171.5,-26.25],[-172.75,-26.25],[-172.75,-28.75],[-171.5,-28.75],[-171.5,-30.75],[-170.5,-30.75],[-170.5,-32.5],[-169.25,-32.5],[-169.25,-34.0],[-168.25,-34.0],[-168.25,-33.5],[-167.0,-33.5],[-167.0,-33.0],[-166.0,-33.0],[-166.0,-32.5],[-163.75,-32.5],[-163.75,-32.0],[-162.5,-32.0],[-162.5,-25.75],[-163.75,-25.75],[-163.75,-24.75],[-164.75,-24.75],[-164.75,-24.5],[-166.0,-24.5],[-166.0,-23.5],[-167.0,-23.5],[-167.0,-23.0],[-168.25,-23.0]]]},"properties":{"id":615,"lon":-167.62,"lat":-27.5,"e5":0.57,"e10":0.65,"e15":0.69,"rh":10.0,"rc":26.0,"sst":21.8,"om":3.63,"bf":false}},{"type":"Feature","geometry":{"type":"Polygon","coordinates":[[[-96.25,-39.0],[-96.25,-40.0],[-97.25,-40.0],[-97.25,-41.0],[-98.5,-41.0],[-98.5,-42.75],[-99.5,-42.75],[-99.5,-43.75],[-100.75,-43.75],[-100.75,-46.25],[-99.5,-46.25],[-99.5,-49.0],[-98.5,-49.0],[-98.5,-49.5],[-97.25,-49.5],[-97.25,-50.0],[-96.25,-50.0],[-96.25,-50.75],[-95.0,-50.75],[-95.0,-51.25],[-92.75,-51.25],[-92.75,-50.75],[-91.75,-50.75],[-91.75,-50.0],[-90.5,-50.0],[-90.5,-47.0],[-89.5,-47.0],[-89.5,-42.75],[-88.5,-42.75],[-88.5,-42.5],[-88.25,-42.5],[-88.25,-42.0],[-89.5,-42.0],[-89.5,-40.5],[-90.5,-40.5],[-90.5,-40.0],[-92.75,-40.0],[-92.75,-39.5],[-95.0,-39.5],[-95.0,-39.0],[-96.25,-39.0]]]},"properties":{"id":616,"lon":-95.12,"lat":-45.0,"e5":0.72,"e10":0.76,"e15":0.77,"rh":12.3,"rc":32.0,"sst":11.4,"om":2.3,"bf":false}},{"type":"Feature","geometry":{"type":"Polygon","coordinates":[[[-136.75,-10.0],[-136.75,-16.25],[-135.5,-16.25],[-135.5,-16.75],[-134.5,-16.75],[-134.5,-17.0],[-133.25,-17.0],[-133.25,-17.75],[-132.25,-17.75],[-132.25,-18.25],[-131.0,-18.25],[-131.0,-18.75],[-130.0,-18.75],[-130.0,-17.75],[-128.75,-17.75],[-128.75,-16.75],[-127.75,-16.75],[-127.75,-15.5],[-126.5,-15.5],[-126.5,-10.0],[-136.75,-10.0]]]},"properties":{"id":617,"lon":-131.62,"lat":-12.75,"e5":0.59,"e10":0.73,"e15":0.77,"rh":9.2,"rc":24.0,"sst":26.6,"om":4.06,"bf":false}},{"type":"Feature","geometry":{"type":"Polygon","coordinates":[[[56.75,-37.25],[56.75,-38.25],[55.75,-38.25],[55.75,-39.0],[54.5,-39.0],[54.5,-41.5],[55.75,-41.5],[55.75,-44.75],[56.75,-44.75],[56.75,-48.0],[58.0,-48.0],[58.0,-49.0],[63.5,-49.0],[63.5,-48.0],[64.75,-48.0],[64.75,-47.0],[65.75,-47.0],[65.75,-43.25],[64.75,-43.25],[64.75,-39.0],[62.5,-39.0],[62.5,-38.25],[60.25,-38.25],[60.25,-37.75],[58.0,-37.75],[58.0,-37.25],[56.75,-37.25]]]},"properties":{"id":618,"lon":60.25,"lat":-42.37,"e5":0.68,"e10":0.71,"e15":0.74,"rh":12.2,"rc":31.7,"sst":11.2,"om":2.38,"bf":false}},{"type":"Feature","geometry":{"type":"Polygon","coordinates":[[[110.75,-49.0],[110.75,-49.5],[109.75,-49.5],[109.75,-50.75],[108.5,-50.75],[108.5,-51.25],[107.5,-51.25],[107.5,-52.25],[106.25,-52.25],[106.25,-56.0],[107.5,-56.0],[107.5,-60.25],[115.25,-60.25],[115.25,-56.0],[116.5,-56.0],[116.5,-50.0],[114.25,-50.0],[114.25,-49.5],[113.0,-49.5],[113.0,-49.0],[110.75,-49.0]]]},"properties":{"id":619,"lon":111.37,"lat":-54.12,"e5":0.75,"e10":0.79,"e15":0.80,"rh":13.4,"rc":34.9,"sst":3.4,"om":1.71,"bf":false}},{"type":"Feature","geometry":{"type":"Polygon","coordinates":[[[-9.5,-29.75],[-9.5,-30.25],[-10.75,-30.25],[-10.75,-30.75],[-13.0,-30.75],[-13.0,-31.5],[-14.0,-31.5],[-14.0,-32.0],[-15.25,-32.0],[-15.25,-35.75],[-16.25,-35.75],[-16.25,-37.75],[-15.25,-37.75],[-15.25,-39.0],[-14.0,-39.0],[-14.0,-40.0],[-13.0,-40.0],[-13.0,-41.0],[-11.75,-41.0],[-11.75,-42.0],[-10.75,-42.0],[-10.75,-41.5],[-8.5,-41.5],[-8.5,-41.0],[-6.25,-41.0],[-6.25,-40.5],[-5.0,-40.5],[-5.0,-39.0],[-4.0,-39.0],[-4.0,-36.75],[-5.0,-36.75],[-5.0,-34.5],[-6.25,-34.5],[-6.25,-32.5],[-7.25,-32.5],[-7.25,-30.75],[-8.5,-30.75],[-8.5,-29.75],[-9.5,-29.75]]]},"properties":{"id":620,"lon":-10.62,"lat":-36.25,"e5":0.57,"e10":0.67,"e15":0.74,"rh":11.2,"rc":29.1,"sst":16.9,"om":2.95,"bf":false}},{"type":"Feature","geometry":{"type":"Polygon","coordinates":[[[-18.5,-49.0],[-18.5,-50.0],[-19.75,-50.0],[-19.75,-51.75],[-20.75,-51.75],[-20.75,-52.75],[-22.0,-52.75],[-22.0,-54.5],[-23.0,-54.5],[-23.0,-60.25],[-11.75,-60.25],[-11.75,-51.25],[-13.0,-51.25],[-13.0,-50.0],[-14.0,-50.0],[-14.0,-49.0],[-18.5,-49.0]]]},"properties":{"id":621,"lon":-17.37,"lat":-57.37,"e5":0.82,"e10":0.84,"e15":0.84,"rh":13.6,"rc":35.4,"sst":1.7,"om":1.61,"bf":false}},{"type":"Feature","geometry":{"type":"Polygon","coordinates":[[[88.25,-18.25],[88.25,-19.0],[87.25,-19.0],[87.25,-20.75],[86.0,-20.75],[86.0,-22.0],[85.0,-22.0],[85.0,-24.5],[86.0,-24.5],[86.0,-25.25],[87.25,-25.25],[87.25,-26.75],[88.25,-26.75],[88.25,-28.25],[89.5,-28.25],[89.5,-29.25],[91.75,-29.25],[91.75,-28.25],[92.75,-28.25],[92.75,-27.75],[94.0,-27.75],[94.0,-26.75],[95.0,-26.75],[95.0,-26.25],[96.25,-26.25],[96.25,-25.25],[95.0,-25.25],[95.0,-22.0],[94.0,-22.0],[94.0,-19.0],[91.75,-19.0],[91.75,-18.75],[89.5,-18.75],[89.5,-18.25],[88.25,-18.25]]]},"properties":{"id":622,"lon":90.0,"lat":-23.25,"e5":0.49,"e10":0.61,"e15":0.68,"rh":9.9,"rc":25.6,"sst":22.6,"om":3.69,"bf":false}},{"type":"Feature","geometry":{"type":"Polygon","coordinates":[[[-153.5,-42.0],[-153.5,-42.5],[-153.75,-42.5],[-153.75,-42.75],[-155.75,-42.75],[-155.75,-42.5],[-156.0,-42.5],[-156.0,-42.75],[-158.0,-42.75],[-158.0,-42.5],[-158.25,-42.5],[-158.25,-42.75],[-159.25,-42.75],[-159.25,-49.5],[-158.0,-49.5],[-158.0,-50.0],[-157.0,-50.0],[-157.0,-50.75],[-155.75,-50.75],[-155.75,-51.25],[-154.75,-51.25],[-154.75,-51.75],[-153.5,-51.75],[-153.5,-52.25],[-151.25,-52.25],[-151.25,-51.75],[-150.25,-51.75],[-150.25,-50.75],[-149.0,-50.75],[-149.0,-50.0],[-148.0,-50.0],[-148.0,-42.75],[-149.0,-42.75],[-149.0,-42.0],[-153.5,-42.0]]]},"properties":{"id":623,"lon":-153.62,"lat":-46.12,"e5":0.66,"e10":0.70,"e15":0.71,"rh":12.3,"rc":31.9,"sst":10.8,"om":2.34,"bf":false}},{"type":"Feature","geometry":{"type":"Polygon","coordinates":[[[63.5,-21.0],[63.5,-21.5],[62.5,-21.5],[62.5,-25.75],[61.25,-25.75],[61.25,-28.25],[62.5,-28.25],[62.5,-28.75],[63.5,-28.75],[63.5,-29.25],[64.75,-29.25],[64.75,-29.75],[65.75,-29.75],[65.75,-30.25],[67.0,-30.25],[67.0,-30.75],[68.0,-30.75],[68.0,-31.5],[69.25,-31.5],[69.25,-30.75],[70.25,-30.75],[70.25,-29.75],[71.5,-29.75],[71.5,-28.25],[72.5,-28.25],[72.5,-26.25],[71.5,-26.25],[71.5,-22.75],[70.25,-22.75],[70.25,-21.0],[63.5,-21.0]]]},"properties":{"id":624,"lon":66.37,"lat":-26.0,"e5":0.55,"e10":0.67,"e15":0.72,"rh":9.9,"rc":25.6,"sst":23.1,"om":3.71,"bf":false}},{"type":"Feature","geometry":{"type":"Polygon","coordinates":[[[-81.5,-51.75],[-81.5,-52.25],[-82.75,-52.25],[-82.75,-52.75],[-83.75,-52.75],[-83.75,-56.5],[-85.0,-56.5],[-85.0,-60.25],[-70.25,-60.25],[-70.25,-58.75],[-72.5,-58.75],[-72.5,-58.0],[-73.75,-58.0],[-73.75,-57.5],[-74.75,-57.5],[-74.75,-57.0],[-76.0,-57.0],[-76.0,-56.5],[-77.0,-56.5],[-77.0,-55.5],[-78.25,-55.5],[-78.25,-54.5],[-79.25,-54.5],[-79.25,-53.75],[-80.5,-53.75],[-80.5,-51.75],[-81.5,-51.75]]]},"properties":{"id":625,"lon":-80.37,"lat":-56.0,"e5":0.66,"e10":0.72,"e15":0.74,"rh":13.2,"rc":34.3,"sst":5.4,"om":1.85,"bf":false}},{"type":"Feature","geometry":{"type":"Polygon","coordinates":[[[126.5,-36.25],[126.5,-36.75],[125.5,-36.75],[125.5,-37.25],[123.25,-37.25],[123.25,-37.75],[121.0,-37.75],[121.0,-38.25],[118.75,-38.25],[118.75,-39.0],[117.5,-39.0],[117.5,-40.0],[118.75,-40.0],[118.75,-43.75],[119.75,-43.75],[119.75,-45.75],[121.0,-45.75],[121.0,-45.25],[124.25,-45.25],[124.25,-44.75],[127.75,-44.75],[127.75,-36.25],[126.5,-36.25]]]},"properties":{"id":626,"lon":123.25,"lat":-41.87,"e5":0.63,"e10":0.69,"e15":0.71,"rh":11.7,"rc":30.5,"sst":13.4,"om":2.66,"bf":false}},{"type":"Feature","geometry":{"type":"Polygon","coordinates":[[[36.5,-51.25],[36.5,-51.75],[35.5,-51.75],[35.5,-55.0],[34.25,-55.0],[34.25,-57.5],[33.25,-57.5],[33.25,-60.25],[44.5,-60.25],[44.5,-52.75],[42.25,-52.75],[42.25,-52.25],[40.0,-52.25],[40.0,-51.75],[37.75,-51.75],[37.75,-51.25],[36.5,-51.25]]]},"properties":{"id":627,"lon":39.37,"lat":-56.25,"e5":0.79,"e10":0.82,"e15":0.82,"rh":13.6,"rc":35.4,"sst":1.8,"om":1.62,"bf":false}},{"type":"Feature","geometry":{"type":"Polygon","coordinates":[[[-149.0,-50.0],[-149.0,-50.75],[-150.25,-50.75],[-150.25,-51.75],[-151.25,-51.75],[-151.25,-52.25],[-152.5,-52.25],[-152.5,-60.25],[-142.25,-60.25],[-142.25,-53.75],[-143.5,-53.75],[-143.5,-52.75],[-144.5,-52.75],[-144.5,-52.25],[-145.75,-52.25],[-145.75,-51.75],[-146.75,-51.75],[-146.75,-50.75],[-148.0,-50.75],[-148.0,-50.0],[-149.0,-50.0]]]},"properties":{"id":628,"lon":-147.37,"lat":-57.0,"e5":0.74,"e10":0.79,"e15":0.80,"rh":13.4,"rc":34.7,"sst":4.0,"om":1.75,"bf":false}},{"type":"Feature","geometry":{"type":"Polygon","coordinates":[[[-117.5,-48.0],[-117.5,-49.0],[-118.75,-49.0],[-118.75,-49.5],[-119.75,-49.5],[-119.75,-50.75],[-121.0,-50.75],[-121.0,-51.25],[-122.0,-51.25],[-122.0,-52.75],[-121.0,-52.75],[-121.0,-60.25],[-113.0,-60.25],[-113.0,-57.0],[-112.0,-57.0],[-112.0,-51.75],[-110.75,-51.75],[-110.75,-50.75],[-112.0,-50.75],[-112.0,-49.0],[-113.0,-49.0],[-113.0,-48.5],[-115.25,-48.5],[-115.25,-48.0],[-117.5,-48.0]]]},"properties":{"id":629,"lon":-116.5,"lat":-54.87,"e5":0.72,"e10":0.77,"e15":0.78,"rh":13.2,"rc":34.2,"sst":5.5,"om":1.85,"bf":false}},{"type":"Feature","geometry":{"type":"Polygon","coordinates":[[[73.75,-51.75],[73.75,-52.25],[72.5,-52.25],[72.5,-52.75],[71.5,-52.75],[71.5,-53.25],[68.0,-53.25],[68.0,-52.75],[67.0,-52.75],[67.0,-52.25],[65.75,-52.25],[65.75,-55.0],[64.75,-55.0],[64.75,-60.25],[76.0,-60.25],[76.0,-55.5],[74.75,-55.5],[74.75,-51.75],[73.75,-51.75]]]},"properties":{"id":630,"lon":70.37,"lat":-57.87,"e5":0.72,"e10":0.75,"e15":0.77,"rh":13.7,"rc":35.6,"sst":1.1,"om":1.57,"bf":false}},{"type":"Feature","geometry":{"type":"Polygon","coordinates":[[[-133.25,-33.0],[-133.25,-34.0],[-134.5,-34.0],[-134.5,-35.25],[-135.5,-35.25],[-135.5,-36.25],[-136.75,-36.25],[-136.75,-42.0],[-134.5,-42.0],[-134.5,-42.75],[-133.5,-42.75],[-133.5,-42.5],[-133.25,-42.5],[-133.25,-42.75],[-132.25,-42.75],[-132.25,-43.25],[-130.0,-43.25],[-130.0,-43.75],[-127.75,-43.75],[-127.75,-42.75],[-126.75,-42.75],[-126.75,-42.5],[-126.5,-42.5],[-126.5,-41.0],[-125.5,-41.0],[-125.5,-40.0],[-124.25,-40.0],[-124.25,-39.5],[-125.5,-39.5],[-125.5,-36.25],[-126.5,-36.25],[-126.5,-34.0],[-128.75,-34.0],[-128.75,-33.5],[-131.0,-33.5],[-131.0,-33.0],[-133.25,-33.0]]]},"properties":{"id":631,"lon":-131.12,"lat":-37.87,"e5":0.66,"e10":0.70,"e15":0.71,"rh":11.5,"rc":30.0,"sst":15.3,"om":2.74,"bf":false}},{"type":"Feature","geometry":{"type":"Polygon","coordinates":[[[-13.0,-10.0],[-13.0,-13.25],[-11.75,-13.25],[-11.75,-17.0],[-10.75,-17.0],[-10.75,-18.75],[-9.5,-18.75],[-9.5,-18.25],[-8.5,-18.25],[-8.5,-18.0],[-7.25,-18.0],[-7.25,-17.75],[-6.25,-17.75],[-6.25,-17.25],[-5.0,-17.25],[-5.0,-10.0],[-13.0,-10.0]]]},"properties":{"id":632,"lon":-8.37,"lat":-15.12,"e5":0.61,"e10":0.73,"e15":0.77,"rh":9.7,"rc":25.1,"sst":23.9,"om":3.88,"bf":false}},{"type":"Feature","geometry":{"type":"Polygon","coordinates":[[[-56.75,-55.0],[-56.75,-55.5],[-58.0,-55.5],[-58.0,-56.0],[-60.25,-56.0],[-60.25,-57.0],[-61.25,-57.0],[-61.25,-57.5],[-62.5,-57.5],[-62.5,-58.0],[-64.75,-58.0],[-64.75,-58.75],[-67.0,-58.75],[-67.0,-59.25],[-70.25,-59.25],[-70.25,-60.25],[-52.25,-60.25],[-52.25,-59.75],[-54.5,-59.75],[-54.5,-59.25],[-55.75,-59.25],[-55.75,-55.0],[-56.75,-55.0]]]},"properties":{"id":633,"lon":-59.12,"lat":-57.75,"e5":0.74,"e10":0.78,"e15":0.80,"rh":13.4,"rc":34.9,"sst":3.3,"om":1.71,"bf":false}},{"type":"Feature","geometry":{"type":"MultiPolygon","coordinates":[[[[180.0,-31.5],[180.0,-34.5],[179.5,-34.5],[179.5,-33.5],[178.25,-33.5],[178.25,-32.5],[179.5,-32.5],[179.5,-31.5],[180.0,-31.5]]],[[[-172.75,-27.25],[-172.75,-28.75],[-171.5,-28.75],[-171.5,-30.75],[-170.5,-30.75],[-170.5,-32.5],[-169.25,-32.5],[-169.25,-36.25],[-170.5,-36.25],[-170.5,-36.75],[-171.5,-36.75],[-171.5,-37.25],[-173.75,-37.25],[-173.75,-37.75],[-176.0,-37.75],[-176.0,-38.25],[-177.25,-38.25],[-177.25,-36.25],[-178.25,-36.25],[-178.25,-35.25],[-179.5,-35.25],[-179.5,-34.5],[-180.0,-34.5],[-180.0,-31.5],[-179.5,-31.5],[-179.5,-30.25],[-178.25,-30.25],[-178.25,-29.25],[-177.25,-29.25],[-177.25,-28.25],[-176.0,-28.25],[-176.0,-27.25],[-172.75,-27.25]]]]},"properties":{"id":634,"lon":-174.62,"lat":-33.5,"e5":0.55,"e10":0.62,"e15":0.67,"rh":10.4,"rc":27.0,"sst":19.8,"om":3.42,"bf":false}},{"type":"Feature","geometry":{"type":"Polygon","coordinates":[[[-125.5,-40.0],[-125.5,-41.0],[-126.5,-41.0],[-126.5,-42.5],[-126.75,-42.5],[-126.75,-42.75],[-127.75,-42.75],[-127.75,-49.5],[-126.5,-49.5],[-126.5,-50.0],[-124.25,-50.0],[-124.25,-50.75],[-123.25,-50.75],[-123.25,-51.25],[-121.0,-51.25],[-121.0,-50.75],[-119.75,-50.75],[-119.75,-49.5],[-118.75,-49.5],[-118.75,-49.0],[-117.5,-49.0],[-117.5,-48.0],[-116.5,-48.0],[-116.5,-46.25],[-117.5,-46.25],[-117.5,-43.25],[-118.75,-43.25],[-118.75,-40.5],[-121.0,-40.5],[-121.0,-40.0],[-125.5,-40.0]]]},"properties":{"id":635,"lon":-122.62,"lat":-44.75,"e5":0.70,"e10":0.74,"e15":0.75,"rh":12.4,"rc":32.4,"sst":10.3,"om":2.24,"bf":false}},{"type":"Feature","geometry":{"type":"Polygon","coordinates":[[[-103.0,-24.0],[-103.0,-24.75],[-104.0,-24.75],[-104.0,-25.75],[-105.25,-25.75],[-105.25,-26.75],[-106.25,-26.75],[-106.25,-31.5],[-105.25,-31.5],[-105.25,-33.5],[-103.0,-33.5],[-103.0,-34.0],[-98.5,-34.0],[-98.5,-34.5],[-97.25,-34.5],[-97.25,-32.5],[-96.25,-32.5],[-96.25,-30.25],[-95.0,-30.25],[-95.0,-27.75],[-96.25,-27.75],[-96.25,-26.75],[-97.25,-26.75],[-97.25,-26.25],[-98.5,-26.25],[-98.5,-25.75],[-99.5,-25.75],[-99.5,-24.75],[-100.75,-24.75],[-100.75,-24.5],[-101.75,-24.5],[-101.75,-24.0],[-103.0,-24.0]]]},"properties":{"id":636,"lon":-100.62,"lat":-29.0,"e5":0.52,"e10":0.60,"e15":0.66,"rh":10.5,"rc":27.3,"sst":21.0,"om":3.34,"bf":false}},{"type":"Feature","geometry":{"type":"Polygon","coordinates":[[[1.75,-17.75],[1.75,-18.25],[0.5,-18.25],[0.5,-19.0],[-0.5,-19.0],[-0.5,-19.75],[-1.75,-19.75],[-1.75,-25.75],[-0.5,-25.75],[-0.5,-26.25],[0.5,-26.25],[0.5,-27.25],[1.75,-27.25],[1.75,-27.75],[4.0,-27.75],[4.0,-27.25],[5.0,-27.25],[5.0,-26.75],[6.25,-26.75],[6.25,-26.25],[7.25,-26.25],[7.25,-25.75],[8.5,-25.75],[8.5,-25.25],[9.5,-25.25],[9.5,-21.5],[8.5,-21.5],[8.5,-19.25],[7.25,-19.25],[7.25,-18.25],[6.25,-18.25],[6.25,-18.0],[4.0,-18.0],[4.0,-17.75],[1.75,-17.75]]]},"properties":{"id":637,"lon":3.87,"lat":-23.37,"e5":0.56,"e10":0.69,"e15":0.75,"rh":10.3,"rc":26.8,"sst":21.1,"om":3.48,"bf":false}},{"type":"Feature","geometry":{"type":"Polygon","coordinates":[[[74.75,-2.25],[74.75,-2.5],[73.75,-2.5],[73.75,-3.0],[72.5,-3.0],[72.5,-3.5],[71.5,-3.5],[71.5,-10.0],[72.5,-10.0],[72.5,-10.25],[76.0,-10.25],[76.0,-10.5],[79.25,-10.5],[79.25,-7.75],[80.5,-7.75],[80.5,-5.0],[79.25,-5.0],[79.25,-4.25],[78.25,-4.25],[78.25,-3.5],[77.0,-3.5],[77.0,-2.5],[76.0,-2.5],[76.0,-2.25],[74.75,-2.25]]]},"properties":{"id":638,"lon":76.0,"lat":-6.37,"e5":0.70,"e10":0.77,"e15":0.79,"rh":9.0,"rc":23.4,"sst":28.3,"om":4.12,"bf":false}},{"type":"Feature","geometry":{"type":"Polygon","coordinates":[[[94.0,0.0],[94.0,-0.5],[92.75,-0.5],[92.75,-1.75],[91.75,-1.75],[91.75,-3.25],[90.5,-3.25],[90.5,-4.25],[89.5,-4.25],[89.5,-5.5],[88.25,-5.5],[88.25,-7.25],[89.5,-7.25],[89.5,-9.25],[90.5,-9.25],[90.5,-9.5],[91.75,-9.5],[91.75,-10.0],[92.75,-10.0],[92.75,-10.25],[94.0,-10.25],[94.0,-10.5],[95.0,-10.5],[95.0,-9.5],[96.25,-9.5],[96.25,-8.5],[97.25,-8.5],[97.25,-7.5],[98.5,-7.5],[98.5,-5.0],[97.25,-5.0],[97.25,-3.0],[96.25,-3.0],[96.25,-1.25],[95.0,-1.25],[95.0,0.0],[94.0,0.0]]]},"properties":{"id":639,"lon":94.0,"lat":-5.25,"e5":0.70,"e10":0.76,"e15":0.78,"rh":9.0,"rc":23.4,"sst":28.6,"om":4.09,"bf":false}},{"type":"Feature","geometry":{"type":"Polygon","coordinates":[[[17.5,-42.75],[17.5,-43.75],[16.25,-43.75],[16.25,-44.25],[15.25,-44.25],[15.25,-49.0],[14.0,-49.0],[14.0,-51.25],[15.25,-51.25],[15.25,-52.25],[16.25,-52.25],[16.25,-53.25],[18.5,-53.25],[18.5,-52.75],[20.75,-52.75],[20.75,-52.25],[23.0,-52.25],[23.0,-51.75],[25.25,-51.75],[25.25,-49.0],[26.5,-49.0],[26.5,-48.0],[25.25,-48.0],[25.25,-47.5],[24.25,-47.5],[24.25,-46.25],[23.0,-46.25],[23.0,-45.25],[22.0,-45.25],[22.0,-44.75],[20.75,-44.75],[20.75,-43.75],[19.75,-43.75],[19.75,-43.25],[18.5,-43.25],[18.5,-42.75],[17.5,-42.75]]]},"properties":{"id":640,"lon":20.25,"lat":-47.75,"e5":0.76,"e10":0.79,"e15":0.80,"rh":13.1,"rc":34.0,"sst":6.0,"om":1.9,"bf":false}},{"type":"Feature","geometry":{"type":"Polygon","coordinates":[[[-126.5,-10.0],[-126.5,-15.75],[-125.5,-15.75],[-125.5,-16.5],[-124.25,-16.5],[-124.25,-16.75],[-123.25,-16.75],[-123.25,-17.25],[-122.0,-17.25],[-122.0,-17.75],[-121.0,-17.75],[-121.0,-18.25],[-119.75,-18.25],[-119.75,-16.25],[-118.75,-16.25],[-118.75,-11.0],[-117.5,-11.0],[-117.5,-10.0],[-126.5,-10.0]]]},"properties":{"id":641,"lon":-122.62,"lat":-13.37,"e5":0.58,"e10":0.71,"e15":0.77,"rh":9.4,"rc":24.5,"sst":25.7,"om":3.94,"bf":false}},{"type":"Feature","geometry":{"type":"Polygon","coordinates":[[[-35.5,-43.25],[-35.5,-43.75],[-36.5,-43.75],[-36.5,-44.25],[-38.75,-44.25],[-38.75,-44.75],[-40.0,-44.75],[-40.0,-51.25],[-38.75,-51.25],[-38.75,-51.75],[-37.75,-51.75],[-37.75,-52.25],[-36.5,-52.25],[-36.5,-53.25],[-35.5,-53.25],[-35.5,-53.75],[-33.25,-53.75],[-33.25,-52.75],[-32.0,-52.75],[-32.0,-52.25],[-31.0,-52.25],[-31.0,-51.25],[-29.75,-51.25],[-29.75,-45.25],[-31.0,-45.25],[-31.0,-44.25],[-32.0,-44.25],[-32.0,-43.25],[-35.5,-43.25]]]},"properties":{"id":642,"lon":-34.87,"lat":-48.25,"e5":0.79,"e10":0.81,"e15":0.82,"rh":12.9,"rc":33.5,"sst":7.1,"om":2.0,"bf":false}},{"type":"Feature","geometry":{"type":"Polygon","coordinates":[[[-144.5,-34.5],[-144.5,-35.25],[-145.75,-35.25],[-145.75,-35.75],[-146.75,-35.75],[-146.75,-36.25],[-148.0,-36.25],[-148.0,-39.5],[-149.0,-39.5],[-149.0,-42.75],[-148.0,-42.75],[-148.0,-44.25],[-137.75,-44.25],[-137.75,-43.25],[-136.75,-43.25],[-136.75,-37.25],[-137.75,-37.25],[-137.75,-36.75],[-139.0,-36.75],[-139.0,-36.25],[-140.0,-36.25],[-140.0,-35.75],[-141.25,-35.75],[-141.25,-35.25],[-142.25,-35.25],[-142.25,-34.5],[-144.5,-34.5]]]},"properties":{"id":643,"lon":-142.37,"lat":-38.37,"e5":0.65,"e10":0.70,"e15":0.71,"rh":11.7,"rc":30.4,"sst":14.2,"om":2.65,"bf":false}},{"type":"Feature","geometry":{"type":"Polygon","coordinates":[[[-27.5,-35.25],[-27.5,-35.75],[-29.75,-35.75],[-29.75,-36.25],[-31.0,-36.25],[-31.0,-36.75],[-32.0,-36.75],[-32.0,-41.0],[-33.25,-41.0],[-33.25,-43.25],[-32.0,-43.25],[-32.0,-44.25],[-31.0,-44.25],[-31.0,-45.25],[-29.75,-45.25],[-29.75,-45.75],[-28.75,-45.75],[-28.75,-45.25],[-26.5,-45.25],[-26.5,-44.75],[-25.25,-44.75],[-25.25,-44.25],[-24.25,-44.25],[-24.25,-43.75],[-23.0,-43.75],[-23.0,-42.0],[-22.0,-42.0],[-22.0,-38.25],[-23.0,-38.25],[-23.0,-37.25],[-24.25,-37.25],[-24.25,-36.25],[-25.25,-36.25],[-25.25,-35.25],[-27.5,-35.25]]]},"properties":{"id":644,"lon":-27.0,"lat":-39.62,"e5":0.67,"e10":0.73,"e15":0.76,"rh":11.7,"rc":30.5,"sst":13.6,"om":2.65,"bf":false}},{"type":"Feature","geometry":{"type":"Polygon","coordinates":[[[-113.0,-10.0],[-113.0,-10.25],[-112.0,-10.25],[-112.0,-15.5],[-110.75,-15.5],[-110.75,-17.75],[-106.25,-17.75],[-106.25,-17.25],[-105.25,-17.25],[-105.25,-14.5],[-104.0,-14.5],[-104.0,-10.0],[-113.0,-10.0]]]},"properties":{"id":645,"lon":-108.0,"lat":-12.37,"e5":0.57,"e10":0.70,"e15":0.76,"rh":9.8,"rc":25.4,"sst":24.2,"om":3.75,"bf":false}},{"type":"Feature","geometry":{"type":"MultiPolygon","coordinates":[[[[180.0,-52.75],[180.0,-60.25],[177.25,-60.25],[177.25,-55.5],[178.25,-55.5],[178.25,-52.75],[180.0,-52.75]]],[[[-172.75,-51.75],[-172.75,-60.25],[-180.0,-60.25],[-180.0,-52.75],[-179.5,-52.75],[-179.5,-52.25],[-173.75,-52.25],[-173.75,-51.75],[-172.75,-51.75]]]]},"properties":{"id":646,"lon":-176.37,"lat":-56.5,"e5":0.79,"e10":0.82,"e15":0.83,"rh":13.3,"rc":34.5,"sst":4.9,"om":1.79,"bf":false}},{"type":"Feature","geometry":{"type":"Polygon","coordinates":[[[-163.75,-10.0],[-163.75,-15.75],[-162.5,-15.75],[-162.5,-16.5],[-161.5,-16.5],[-161.5,-17.0],[-160.25,-17.0],[-160.25,-17.75],[-159.25,-17.75],[-159.25,-18.25],[-157.0,-18.25],[-157.0,-17.25],[-155.75,-17.25],[-155.75,-16.5],[-154.75,-16.5],[-154.75,-10.0],[-163.75,-10.0]]]},"properties":{"id":647,"lon":-159.25,"lat":-12.87,"e5":0.63,"e10":0.75,"e15":0.78,"rh":8.9,"rc":23.1,"sst":28.2,"om":4.23,"bf":false}},{"type":"Feature","geometry":{"type":"Polygon","coordinates":[[[-159.25,-23.5],[-159.25,-24.5],[-160.25,-24.5],[-160.25,-24.75],[-161.5,-24.75],[-161.5,-25.75],[-162.5,-25.75],[-162.5,-32.5],[-161.5,-32.5],[-161.5,-33.0],[-160.25,-33.0],[-160.25,-34.0],[-159.25,-34.0],[-159.25,-34.5],[-158.0,-34.5],[-158.0,-34.0],[-157.0,-34.0],[-157.0,-33.5],[-155.75,-33.5],[-155.75,-33.0],[-154.75,-33.0],[-154.75,-32.5],[-153.5,-32.5],[-153.5,-29.25],[-152.5,-29.25],[-152.5,-26.25],[-153.5,-26.25],[-153.5,-25.75],[-154.75,-25.75],[-154.75,-25.25],[-155.75,-25.25],[-155.75,-24.5],[-157.0,-24.5],[-157.0,-24.0],[-158.0,-24.0],[-158.0,-23.5],[-159.25,-23.5]]]},"properties":{"id":648,"lon":-157.5,"lat":-27.75,"e5":0.58,"e10":0.65,"e15":0.69,"rh":10.1,"rc":26.1,"sst":21.6,"om":3.6,"bf":false}},{"type":"Feature","geometry":{"type":"Polygon","coordinates":[[[150.25,-45.75],[150.25,-46.25],[149.0,-46.25],[149.0,-47.0],[144.5,-47.0],[144.5,-46.25],[143.5,-46.25],[143.5,-48.5],[142.25,-48.5],[142.25,-51.75],[143.5,-51.75],[143.5,-52.75],[144.5,-52.75],[144.5,-53.75],[145.75,-53.75],[145.75,-55.0],[146.75,-55.0],[146.75,-56.0],[149.0,-56.0],[149.0,-55.0],[150.25,-55.0],[150.25,-53.25],[151.25,-53.25],[151.25,-52.25],[152.5,-52.25],[152.5,-51.25],[153.5,-51.25],[153.5,-48.0],[152.5,-48.0],[152.5,-46.25],[151.25,-46.25],[151.25,-45.75],[150.25,-45.75]]]},"properties":{"id":649,"lon":147.87,"lat":-49.87,"e5":0.70,"e10":0.75,"e15":0.77,"rh":12.7,"rc":33.0,"sst":8.7,"om":2.12,"bf":false}},{"type":"Feature","geometry":{"type":"Polygon","coordinates":[[[-128.75,-60.25],[-128.75,-74.25],[-127.75,-74.25],[-127.75,-73.5],[-126.5,-73.5],[-126.5,-73.0],[-125.5,-73.0],[-125.5,-73.5],[-118.75,-73.5],[-118.75,-60.25],[-128.75,-60.25]]]},"properties":{"id":650,"lon":-123.75,"lat":-66.62,"e5":0.67,"e10":0.74,"e15":0.76,"rh":13.8,"rc":35.8,"sst":-0.5,"om":1.52,"bf":false}},{"type":"Feature","geometry":{"type":"Polygon","coordinates":[[[2.75,-60.25],[2.75,-69.75],[13.0,-69.75],[13.0,-69.25],[16.25,-69.25],[16.25,-60.25],[2.75,-60.25]]]},"properties":{"id":651,"lon":9.5,"lat":-64.75,"e5":0.57,"e10":0.64,"e15":0.65,"rh":13.9,"rc":36.1,"sst":-1.2,"om":1.47,"bf":true}},{"type":"Feature","geometry":{"type":"Polygon","coordinates":[[[137.75,-60.25],[137.75,-66.75],[145.75,-66.75],[145.75,-67.25],[146.75,-67.25],[146.75,-67.75],[149.0,-67.75],[149.0,-68.25],[150.25,-68.25],[150.25,-63.5],[151.25,-63.5],[151.25,-60.25],[137.75,-60.25]]]},"properties":{"id":652,"lon":144.0,"lat":-65.12,"e5":0.73,"e10":0.76,"e15":0.77,"rh":13.8,"rc":36.0,"sst":-0.6,"om":1.5,"bf":false}},{"type":"Feature","geometry":{"type":"Polygon","coordinates":[[[-46.75,-66.25],[-46.75,-66.75],[-47.75,-66.75],[-47.75,-67.75],[-49.0,-67.75],[-49.0,-68.25],[-50.0,-68.25],[-50.0,-68.75],[-51.25,-68.75],[-51.25,-73.0],[-52.25,-73.0],[-52.25,-76.25],[-51.25,-76.25],[-51.25,-76.75],[-49.0,-76.75],[-49.0,-77.25],[-46.75,-77.25],[-46.75,-78.0],[-42.25,-78.0],[-42.25,-68.75],[-43.25,-68.75],[-43.25,-67.75],[-44.5,-67.75],[-44.5,-66.75],[-45.5,-66.75],[-45.5,-66.25],[-46.75,-66.25]]]},"properties":{"id":653,"lon":-46.75,"lat":-70.87,"e5":0.29,"e10":0.32,"e15":0.33,"rh":14.0,"rc":36.3,"sst":-1.4,"om":1.45,"bf":false}},{"type":"Feature","geometry":{"type":"Polygon","coordinates":[[[74.75,-60.25],[74.75,-69.25],[77.0,-69.25],[77.0,-68.75],[78.25,-68.75],[78.25,-68.25],[79.25,-68.25],[79.25,-67.75],[81.5,-67.75],[81.5,-66.75],[85.0,-66.75],[85.0,-66.25],[86.0,-66.25],[86.0,-60.25],[74.75,-60.25]]]},"properties":{"id":654,"lon":80.37,"lat":-63.25,"e5":0.64,"e10":0.67,"e15":0.68,"rh":13.9,"rc":36.1,"sst":-1.4,"om":1.46,"bf":false}},{"type":"Feature","geometry":{"type":"Polygon","coordinates":[[[-166.0,-67.25],[-166.0,-67.75],[-167.0,-67.75],[-167.0,-68.75],[-168.25,-68.75],[-168.25,-69.25],[-169.25,-69.25],[-169.25,-70.5],[-170.5,-70.5],[-170.5,-78.0],[-166.0,-78.0],[-166.0,-78.5],[-161.5,-78.5],[-161.5,-78.0],[-159.25,-78.0],[-159.25,-70.5],[-160.25,-70.5],[-160.25,-69.75],[-161.5,-69.75],[-161.5,-69.25],[-162.5,-69.25],[-162.5,-68.75],[-163.75,-68.75],[-163.75,-67.75],[-164.75,-67.75],[-164.75,-67.25],[-166.0,-67.25]]]},"properties":{"id":655,"lon":-164.87,"lat":-74.25,"e5":0.38,"e10":0.43,"e15":0.45,"rh":13.9,"rc":36.1,"sst":-1.7,"om":1.47,"bf":false}},{"type":"Feature","geometry":{"type":"Polygon","coordinates":[[[-81.5,-60.25],[-81.5,-71.5],[-82.75,-71.5],[-82.75,-73.5],[-80.5,-73.5],[-80.5,-73.0],[-79.25,-73.0],[-79.25,-72.5],[-74.75,-72.5],[-74.75,-71.0],[-76.0,-71.0],[-76.0,-70.5],[-74.75,-70.5],[-74.75,-69.75],[-72.5,-69.75],[-72.5,-68.75],[-71.5,-68.75],[-71.5,-67.25],[-72.5,-67.25],[-72.5,-63.5],[-73.75,-63.5],[-73.75,-60.25],[-81.5,-60.25]]]},"properties":{"id":656,"lon":-77.0,"lat":-65.37,"e5":0.69,"e10":0.74,"e15":0.76,"rh":13.7,"rc":35.5,"sst":0.5,"om":1.59,"bf":false}},{"type":"Feature","geometry":{"type":"Polygon","coordinates":[[[52.25,-60.25],[52.25,-65.5],[55.75,-65.5],[55.75,-66.25],[56.75,-66.25],[56.75,-66.75],[58.0,-66.75],[58.0,-67.25],[63.5,-67.25],[63.5,-60.25],[52.25,-60.25]]]},"properties":{"id":657,"lon":57.87,"lat":-62.87,"e5":0.65,"e10":0.69,"e15":0.70,"rh":13.8,"rc":36.0,"sst":-0.9,"om":1.5,"bf":false}},{"type":"Feature","geometry":{"type":"Polygon","coordinates":[[[-20.75,-60.25],[-20.75,-65.5],[-22.0,-65.5],[-22.0,-68.75],[-20.75,-68.75],[-20.75,-71.0],[-19.75,-71.0],[-19.75,-72.5],[-16.25,-72.5],[-16.25,-72.0],[-13.0,-72.0],[-13.0,-71.5],[-11.75,-71.5],[-11.75,-71.0],[-9.5,-71.0],[-9.5,-60.25],[-20.75,-60.25]]]},"properties":{"id":658,"lon":-15.75,"lat":-67.12,"e5":0.62,"e10":0.67,"e15":0.68,"rh":13.9,"rc":36.3,"sst":-1.4,"om":1.45,"bf":false}},{"type":"Feature","geometry":{"type":"Polygon","coordinates":[[[99.5,-60.25],[99.5,-65.5],[103.0,-65.5],[103.0,-65.0],[104.0,-65.0],[104.0,-66.25],[107.5,-66.25],[107.5,-66.75],[109.75,-66.75],[109.75,-66.25],[112.0,-66.25],[112.0,-60.25],[99.5,-60.25]]]},"properties":{"id":659,"lon":105.75,"lat":-62.62,"e5":0.69,"e10":0.72,"e15":0.73,"rh":13.8,"rc":35.9,"sst":-1.0,"om":1.51,"bf":false}},{"type":"Feature","geometry":{"type":"Polygon","coordinates":[[[-153.5,-60.25],[-153.5,-66.25],[-152.5,-66.25],[-152.5,-67.25],[-151.25,-67.25],[-151.25,-67.75],[-150.25,-67.75],[-150.25,-68.75],[-149.0,-68.75],[-149.0,-69.75],[-148.0,-69.75],[-148.0,-69.25],[-146.75,-69.25],[-146.75,-68.75],[-145.75,-68.75],[-145.75,-67.75],[-144.5,-67.75],[-144.5,-67.25],[-143.5,-67.25],[-143.5,-66.25],[-142.25,-66.25],[-142.25,-65.5],[-141.25,-65.5],[-141.25,-64.5],[-140.0,-64.5],[-140.0,-60.25],[-153.5,-60.25]]]},"properties":{"id":660,"lon":-147.37,"lat":-65.0,"e5":0.68,"e10":0.74,"e15":0.75,"rh":13.8,"rc":36.0,"sst":-0.8,"om":1.49,"bf":false}},{"type":"Feature","geometry":{"type":"Polygon","coordinates":[[[-118.75,-60.25],[-118.75,-73.5],[-113.0,-73.5],[-113.0,-74.25],[-109.75,-74.25],[-109.75,-74.75],[-108.5,-74.75],[-108.5,-60.25],[-118.75,-60.25]]]},"properties":{"id":661,"lon":-113.62,"lat":-66.87,"e5":0.68,"e10":0.75,"e15":0.77,"rh":13.7,"rc":35.7,"sst":-0.2,"om":1.54,"bf":false}},{"type":"Feature","geometry":{"type":"Polygon","coordinates":[[[28.75,-60.25],[28.75,-69.25],[29.75,-69.25],[29.75,-68.75],[33.25,-68.75],[33.25,-68.25],[34.25,-68.25],[34.25,-68.75],[36.5,-68.75],[36.5,-69.25],[40.0,-69.25],[40.0,-60.25],[28.75,-60.25]]]},"properties":{"id":662,"lon":34.37,"lat":-64.25,"e5":0.63,"e10":0.71,"e15":0.73,"rh":13.9,"rc":36.0,"sst":-1.0,"om":1.49,"bf":false}},{"type":"Feature","geometry":{"type":"MultiPolygon","coordinates":[[[[-60.25,-68.75],[-60.25,-70.5],[-61.25,-70.5],[-61.25,-68.75],[-60.25,-68.75]]],[[[-60.25,-60.25],[-60.25,-64.0],[-63.5,-64.0],[-63.5,-65.0],[-64.75,-65.0],[-64.75,-65.5],[-65.75,-65.5],[-65.75,-66.25],[-67.0,-66.25],[-67.0,-66.75],[-68.0,-66.75],[-68.0,-68.75],[-71.5,-68.75],[-71.5,-67.25],[-72.5,-67.25],[-72.5,-63.5],[-73.75,-63.5],[-73.75,-60.25],[-60.25,-60.25]]]]},"properties":{"id":663,"lon":-68.0,"lat":-64.5,"e5":0.73,"e10":0.77,"e15":0.78,"rh":13.7,"rc":35.6,"sst":0.7,"om":1.56,"bf":false}},{"type":"Feature","geometry":{"type":"MultiPolygon","coordinates":[[[[180.0,-60.25],[180.0,-69.75],[179.5,-69.75],[179.5,-71.0],[178.25,-71.0],[178.25,-71.5],[177.25,-71.5],[177.25,-70.5],[176.0,-70.5],[176.0,-69.75],[175.0,-69.75],[175.0,-68.75],[173.75,-68.75],[173.75,-68.25],[172.75,-68.25],[172.75,-60.25],[180.0,-60.25]]],[[[-177.25,-60.25],[-177.25,-68.25],[-178.25,-68.25],[-178.25,-69.25],[-179.5,-69.25],[-179.5,-69.75],[-180.0,-69.75],[-180.0,-60.25],[-177.25,-60.25]]]]},"properties":{"id":664,"lon":176.37,"lat":-64.25,"e5":0.75,"e10":0.78,"e15":0.79,"rh":13.8,"rc":36.0,"sst":-0.2,"om":1.5,"bf":false}},{"type":"Feature","geometry":{"type":"Polygon","coordinates":[[[-33.25,-67.75],[-33.25,-70.5],[-32.0,-70.5],[-32.0,-76.25],[-31.0,-76.25],[-31.0,-76.75],[-29.75,-76.75],[-29.75,-76.25],[-27.5,-76.25],[-27.5,-75.75],[-26.5,-75.75],[-26.5,-75.25],[-25.25,-75.25],[-25.25,-74.25],[-24.25,-74.25],[-24.25,-73.5],[-20.75,-73.5],[-20.75,-73.0],[-19.75,-73.0],[-19.75,-71.0],[-20.75,-71.0],[-20.75,-68.75],[-22.0,-68.75],[-22.0,-67.75],[-33.25,-67.75]]]},"properties":{"id":665,"lon":-25.87,"lat":-72.0,"e5":0.39,"e10":0.44,"e15":0.45,"rh":14.0,"rc":36.3,"sst":-1.6,"om":1.45,"bf":false}},{"type":"Feature","geometry":{"type":"Polygon","coordinates":[[[-9.5,-60.25],[-9.5,-70.5],[-2.75,-70.5],[-2.75,-69.75],[2.75,-69.75],[2.75,-60.25],[-9.5,-60.25]]]},"properties":{"id":666,"lon":-3.37,"lat":-65.0,"e5":0.60,"e10":0.66,"e15":0.67,"rh":13.9,"rc":36.3,"sst":-1.3,"om":1.45,"bf":false}},{"type":"Feature","geometry":{"type":"Polygon","coordinates":[[[151.25,-60.25],[151.25,-63.5],[150.25,-63.5],[150.25,-68.25],[154.75,-68.25],[154.75,-68.75],[158.0,-68.75],[158.0,-69.25],[160.25,-69.25],[160.25,-69.75],[161.5,-69.75],[161.5,-67.25],[162.5,-67.25],[162.5,-60.25],[151.25,-60.25]]]},"properties":{"id":667,"lon":156.37,"lat":-65.37,"e5":0.74,"e10":0.76,"e15":0.77,"rh":13.9,"rc":36.1,"sst":-0.9,"om":1.47,"bf":false}},{"type":"Feature","geometry":{"type":"Polygon","coordinates":[[[-141.25,-64.5],[-141.25,-65.5],[-142.25,-65.5],[-142.25,-66.25],[-143.5,-66.25],[-143.5,-67.25],[-144.5,-67.25],[-144.5,-67.75],[-145.75,-67.75],[-145.75,-68.75],[-146.75,-68.75],[-146.75,-69.25],[-148.0,-69.25],[-148.0,-75.75],[-145.75,-75.75],[-145.75,-75.25],[-139.0,-75.25],[-139.0,-74.75],[-135.5,-74.75],[-135.5,-72.5],[-136.75,-72.5],[-136.75,-70.5],[-137.75,-70.5],[-137.75,-68.25],[-139.0,-68.25],[-139.0,-66.25],[-140.0,-66.25],[-140.0,-64.5],[-141.25,-64.5]]]},"properties":{"id":668,"lon":-142.87,"lat":-69.87,"e5":0.45,"e10":0.56,"e15":0.59,"rh":13.9,"rc":36.0,"sst":-1.8,"om":1.48,"bf":false}},{"type":"Feature","geometry":{"type":"Polygon","coordinates":[[[124.25,-60.25],[124.25,-66.75],[125.5,-66.75],[125.5,-66.25],[127.75,-66.25],[127.75,-66.75],[130.0,-66.75],[130.0,-66.25],[137.75,-66.25],[137.75,-60.25],[124.25,-60.25]]]},"properties":{"id":669,"lon":131.0,"lat":-63.25,"e5":0.71,"e10":0.75,"e15":0.76,"rh":13.8,"rc":35.9,"sst":-0.5,"om":1.51,"bf":false}},{"type":"Feature","geometry":{"type":"Polygon","coordinates":[[[86.0,-60.25],[86.0,-66.25],[89.5,-66.25],[89.5,-66.75],[94.0,-66.75],[94.0,-66.25],[95.0,-66.25],[95.0,-65.0],[97.25,-65.0],[97.25,-65.5],[99.5,-65.5],[99.5,-60.25],[86.0,-60.25]]]},"properties":{"id":670,"lon":92.75,"lat":-62.62,"e5":0.72,"e10":0.75,"e15":0.75,"rh":13.9,"rc":36.0,"sst":-1.4,"om":1.49,"bf":false}},{"type":"Feature","geometry":{"type":"Polygon","coordinates":[[[-100.75,-60.25],[-100.75,-60.75],[-99.5,-60.75],[-99.5,-71.5],[-96.25,-71.5],[-96.25,-72.0],[-95.0,-72.0],[-95.0,-72.5],[-90.5,-72.5],[-90.5,-60.25],[-100.75,-60.25]]]},"properties":{"id":671,"lon":-95.0,"lat":-66.12,"e5":0.70,"e10":0.75,"e15":0.77,"rh":13.7,"rc":35.6,"sst":0.6,"om":1.58,"bf":false}},{"type":"Feature","geometry":{"type":"Polygon","coordinates":[[[40.0,-60.25],[40.0,-68.75],[41.0,-68.75],[41.0,-68.25],[42.25,-68.25],[42.25,-67.75],[45.5,-67.75],[45.5,-67.25],[49.0,-67.25],[49.0,-66.75],[50.0,-66.75],[50.0,-66.25],[52.25,-66.25],[52.25,-60.25],[40.0,-60.25]]]},"properties":{"id":672,"lon":46.12,"lat":-63.25,"e5":0.65,"e10":0.72,"e15":0.74,"rh":13.8,"rc":36.0,"sst":-0.8,"om":1.5,"bf":false}},{"type":"Feature","geometry":{"type":"Polygon","coordinates":[[[16.25,-60.25],[16.25,-69.25],[17.5,-69.25],[17.5,-69.75],[28.75,-69.75],[28.75,-60.25],[16.25,-60.25]]]},"properties":{"id":673,"lon":22.5,"lat":-64.75,"e5":0.61,"e10":0.68,"e15":0.70,"rh":13.9,"rc":36.0,"sst":-1.0,"om":1.49,"bf":false}},{"type":"Feature","geometry":{"type":"Polygon","coordinates":[[[-60.25,-64.5],[-60.25,-74.75],[-59.0,-74.75],[-59.0,-75.25],[-56.75,-75.25],[-56.75,-75.75],[-53.5,-75.75],[-53.5,-76.25],[-52.25,-76.25],[-52.25,-73.0],[-51.25,-73.0],[-51.25,-68.75],[-52.25,-68.75],[-52.25,-67.75],[-53.5,-67.75],[-53.5,-67.25],[-54.5,-67.25],[-54.5,-66.75],[-55.75,-66.75],[-55.75,-65.5],[-56.75,-65.5],[-56.75,-65.0],[-58.0,-65.0],[-58.0,-64.5],[-60.25,-64.5]]]},"properties":{"id":674,"lon":-55.75,"lat":-70.87,"e5":0.28,"e10":0.30,"e15":0.30,"rh":14.0,"rc":36.3,"sst":-1.3,"om":1.44,"bf":false}},{"type":"Feature","geometry":{"type":"Polygon","coordinates":[[[-108.5,-60.25],[-108.5,-74.75],[-103.0,-74.75],[-103.0,-72.0],[-99.5,-72.0],[-99.5,-60.75],[-100.75,-60.75],[-100.75,-60.25],[-108.5,-60.25]]]},"properties":{"id":675,"lon":-104.0,"lat":-66.37,"e5":0.69,"e10":0.75,"e15":0.77,"rh":13.7,"rc":35.6,"sst":0.1,"om":1.57,"bf":false}},{"type":"Feature","geometry":{"type":"Polygon","coordinates":[[[-45.5,-60.25],[-45.5,-66.75],[-44.5,-66.75],[-44.5,-67.75],[-43.25,-67.75],[-43.25,-68.75],[-42.25,-68.75],[-42.25,-69.75],[-41.0,-69.75],[-41.0,-69.25],[-38.75,-69.25],[-38.75,-68.75],[-36.5,-68.75],[-36.5,-68.25],[-34.25,-68.25],[-34.25,-67.75],[-33.25,-67.75],[-33.25,-60.25],[-45.5,-60.25]]]},"properties":{"id":676,"lon":-39.37,"lat":-63.5,"e5":0.70,"e10":0.73,"e15":0.74,"rh":13.8,"rc":36.0,"sst":-0.6,"om":1.5,"bf":false}},{"type":"Feature","geometry":{"type":"Polygon","coordinates":[[[-166.0,-60.25],[-166.0,-67.25],[-164.75,-67.25],[-164.75,-67.75],[-163.75,-67.75],[-163.75,-68.75],[-162.5,-68.75],[-162.5,-69.25],[-161.5,-69.25],[-161.5,-69.75],[-160.25,-69.75],[-160.25,-70.5],[-159.25,-70.5],[-159.25,-69.75],[-158.0,-69.75],[-158.0,-68.75],[-157.0,-68.75],[-157.0,-68.25],[-155.75,-68.25],[-155.75,-67.25],[-154.75,-67.25],[-154.75,-66.25],[-153.5,-66.25],[-153.5,-60.25],[-166.0,-60.25]]]},"properties":{"id":677,"lon":-159.75,"lat":-63.25,"e5":0.71,"e10":0.76,"e15":0.77,"rh":13.9,"rc":36.2,"sst":-1.0,"om":1.45,"bf":false}},{"type":"Feature","geometry":{"type":"Polygon","coordinates":[[[-34.25,-67.75],[-34.25,-68.25],[-36.5,-68.25],[-36.5,-68.75],[-38.75,-68.75],[-38.75,-69.25],[-41.0,-69.25],[-41.0,-69.75],[-42.25,-69.75],[-42.25,-78.0],[-40.0,-78.0],[-40.0,-78.5],[-36.5,-78.5],[-36.5,-78.0],[-34.25,-78.0],[-34.25,-77.25],[-33.25,-77.25],[-33.25,-76.75],[-31.0,-76.75],[-31.0,-76.25],[-32.0,-76.25],[-32.0,-70.5],[-33.25,-70.5],[-33.25,-67.75],[-34.25,-67.75]]]},"properties":{"id":678,"lon":-37.12,"lat":-73.37,"e5":0.29,"e10":0.33,"e15":0.34,"rh":13.9,"rc":36.3,"sst":-1.5,"om":1.45,"bf":false}},{"type":"Feature","geometry":{"type":"Polygon","coordinates":[[[-177.25,-60.25],[-177.25,-67.75],[-176.0,-67.75],[-176.0,-68.25],[-175.0,-68.25],[-175.0,-68.75],[-173.75,-68.75],[-173.75,-69.25],[-172.75,-69.25],[-172.75,-69.75],[-171.5,-69.75],[-171.5,-70.5],[-169.25,-70.5],[-169.25,-69.25],[-168.25,-69.25],[-168.25,-68.75],[-167.0,-68.75],[-167.0,-67.75],[-166.0,-67.75],[-166.0,-60.25],[-177.25,-60.25]]]},"properties":{"id":679,"lon":-171.62,"lat":-64.0,"e5":0.75,"e10":0.78,"e15":0.79,"rh":13.9,"rc":36.1,"sst":-0.6,"om":1.48,"bf":false}},{"type":"Feature","geometry":{"type":"Polygon","coordinates":[[[-140.0,-60.25],[-140.0,-66.25],[-139.0,-66.25],[-139.0,-68.25],[-137.75,-68.25],[-137.75,-70.5],[-136.75,-70.5],[-136.75,-72.5],[-135.5,-72.5],[-135.5,-74.75],[-133.25,-74.75],[-133.25,-74.25],[-128.75,-74.25],[-128.75,-60.25],[-140.0,-60.25]]]},"properties":{"id":680,"lon":-133.87,"lat":-67.25,"e5":0.65,"e10":0.73,"e15":0.75,"rh":13.8,"rc":35.9,"sst":-0.7,"om":1.52,"bf":false}},{"type":"Feature","geometry":{"type":"Polygon","coordinates":[[[63.5,-60.25],[63.5,-67.25],[64.75,-67.25],[64.75,-67.75],[70.25,-67.75],[70.25,-68.75],[73.75,-68.75],[73.75,-69.25],[74.75,-69.25],[74.75,-60.25],[63.5,-60.25]]]},"properties":{"id":681,"lon":69.12,"lat":-63.75,"e5":0.59,"e10":0.62,"e15":0.64,"rh":13.9,"rc":36.0,"sst":-1.2,"om":1.49,"bf":false}},{"type":"Feature","geometry":{"type":"Polygon","coordinates":[[[112.0,-60.25],[112.0,-65.5],[114.25,-65.5],[114.25,-66.25],[116.5,-66.25],[116.5,-66.75],[124.25,-66.75],[124.25,-60.25],[112.0,-60.25]]]},"properties":{"id":682,"lon":118.12,"lat":-62.87,"e5":0.67,"e10":0.71,"e15":0.72,"rh":13.8,"rc":35.9,"sst":-0.8,"om":1.51,"bf":false}},{"type":"Feature","geometry":{"type":"Polygon","coordinates":[[[-154.75,-66.25],[-154.75,-67.25],[-155.75,-67.25],[-155.75,-68.25],[-157.0,-68.25],[-157.0,-68.75],[-158.0,-68.75],[-158.0,-69.75],[-159.25,-69.75],[-159.25,-78.0],[-158.0,-78.0],[-158.0,-76.75],[-150.25,-76.75],[-150.25,-76.25],[-149.0,-76.25],[-149.0,-75.75],[-148.0,-75.75],[-148.0,-69.75],[-149.0,-69.75],[-149.0,-68.75],[-150.25,-68.75],[-150.25,-67.75],[-151.25,-67.75],[-151.25,-67.25],[-152.5,-67.25],[-152.5,-66.25],[-154.75,-66.25]]]},"properties":{"id":683,"lon":-153.62,"lat":-72.75,"e5":0.41,"e10":0.48,"e15":0.50,"rh":13.9,"rc":36.1,"sst":-1.8,"om":1.47,"bf":false}},{"type":"Feature","geometry":{"type":"Polygon","coordinates":[[[171.5,-68.25],[171.5,-68.75],[170.5,-68.75],[170.5,-69.25],[169.25,-69.25],[169.25,-69.75],[168.25,-69.75],[168.25,-71.0],[169.25,-71.0],[169.25,-71.5],[170.5,-71.5],[170.5,-73.0],[169.25,-73.0],[169.25,-73.5],[166.0,-73.5],[166.0,-74.25],[164.75,-74.25],[164.75,-74.75],[163.75,-74.75],[163.75,-77.25],[170.5,-77.25],[170.5,-76.75],[171.5,-76.75],[171.5,-77.25],[178.25,-77.25],[178.25,-71.5],[177.25,-71.5],[177.25,-70.5],[176.0,-70.5],[176.0,-69.75],[175.0,-69.75],[175.0,-68.75],[173.75,-68.75],[173.75,-68.25],[171.5,-68.25]]]},"properties":{"id":684,"lon":174.37,"lat":-72.25,"e5":0.30,"e10":0.33,"e15":0.35,"rh":13.8,"rc":35.9,"sst":-1.4,"om":1.52,"bf":false}},{"type":"Feature","geometry":{"type":"MultiPolygon","coordinates":[[[[180.0,-69.75],[180.0,-78.0],[178.25,-78.0],[178.25,-71.0],[179.5,-71.0],[179.5,-69.75],[180.0,-69.75]]],[[[-176.0,-67.75],[-176.0,-68.25],[-175.0,-68.25],[-175.0,-68.75],[-173.75,-68.75],[-173.75,-69.25],[-172.75,-69.25],[-172.75,-69.75],[-171.5,-69.75],[-171.5,-70.5],[-170.5,-70.5],[-170.5,-78.0],[-180.0,-78.0],[-180.0,-69.75],[-179.5,-69.75],[-179.5,-69.25],[-178.25,-69.25],[-178.25,-68.25],[-177.25,-68.25],[-177.25,-67.75],[-176.0,-67.75]]]]},"properties":{"id":685,"lon":-175.25,"lat":-74.25,"e5":0.35,"e10":0.39,"e15":0.41,"rh":13.9,"rc":36.1,"sst":-1.5,"om":1.48,"bf":false}},{"type":"Feature","geometry":{"type":"Polygon","coordinates":[[[-90.5,-60.25],[-90.5,-72.5],[-86.0,-72.5],[-86.0,-73.0],[-85.0,-73.0],[-85.0,-73.5],[-82.75,-73.5],[-82.75,-71.5],[-81.5,-71.5],[-81.5,-60.25],[-90.5,-60.25]]]},"properties":{"id":686,"lon":-86.0,"lat":-65.87,"e5":0.69,"e10":0.74,"e15":0.76,"rh":13.7,"rc":35.5,"sst":0.6,"om":1.59,"bf":false}},{"type":"Feature","geometry":{"type":"Polygon","coordinates":[[[-33.25,-60.25],[-33.25,-67.75],[-22.0,-67.75],[-22.0,-65.5],[-20.75,-65.5],[-20.75,-60.25],[-33.25,-60.25]]]},"properties":{"id":687,"lon":-27.0,"lat":-62.87,"e5":0.73,"e10":0.77,"e15":0.78,"rh":13.9,"rc":36.1,"sst":-1.0,"om":1.47,"bf":false}},{"type":"Feature","geometry":{"type":"Polygon","coordinates":[[[-60.25,-60.25],[-60.25,-63.5],[-58.0,-63.5],[-58.0,-63.0],[-55.75,-63.0],[-55.75,-63.5],[-56.75,-63.5],[-56.75,-64.5],[-58.0,-64.5],[-58.0,-65.0],[-56.75,-65.0],[-56.75,-65.5],[-55.75,-65.5],[-55.75,-66.75],[-54.5,-66.75],[-54.5,-67.25],[-53.5,-67.25],[-53.5,-67.75],[-52.25,-67.75],[-52.25,-68.75],[-50.0,-68.75],[-50.0,-68.25],[-49.0,-68.25],[-49.0,-67.75],[-47.75,-67.75],[-47.75,-66.75],[-46.75,-66.75],[-46.75,-66.25],[-45.5,-66.25],[-45.5,-60.25],[-60.25,-60.25]]]},"properties":{"id":688,"lon":-51.12,"lat":-64.0,"e5":0.67,"e10":0.70,"e15":0.71,"rh":13.8,"rc":35.8,"sst":-0.1,"om":1.54,"bf":false}},{"type":"Feature","geometry":{"type":"Polygon","coordinates":[[[162.5,-60.25],[162.5,-67.25],[161.5,-67.25],[161.5,-69.75],[162.5,-69.75],[162.5,-70.5],[168.25,-70.5],[168.25,-69.75],[169.25,-69.75],[169.25,-69.25],[170.5,-69.25],[170.5,-68.75],[171.5,-68.75],[171.5,-68.25],[172.75,-68.25],[172.75,-60.25],[162.5,-60.25]]]},"properties":{"id":689,"lon":167.62,"lat":-63.75,"e5":0.75,"e10":0.77,"e15":0.78,"rh":13.9,"rc":36.0,"sst":-0.6,"om":1.49,"bf":false}}]}