{"type": "FeatureCollection", "features": [{"type": "Feature", "properties": {}, "geometry": {"type": "Polygon", "coordinates": [[[31.28, -22.40], [30.91, -22.29], [30.46, -22.32], [30.19, -22.29], [29.66, -22.14], [29.36, -22.19], [29.23, -22.07], [29.04, -22.01], [29.02, -21.79], [28.01, -21.55], [27.66, -21.06], [27.69, -20.53], [27.62, -20.48], [27.28, -20.47], [27.25, -20.23], [27.17, -20.10], [26.67, -19.89], [26.16, -19.53], [25.95, -19.08], [25.93, -18.93], [25.24, -17.96], [25.25, -17.79], [25.45, -17.84], [25.63, -17.82], [25.86, -17.95], [25.99, -17.96], [26.13, -17.91], [26.33, -17.92], [26.57, -18.02], [26.77, -18.04], [27.02, -17.95], [27.93, -16.89], [28.76, -16.53], [28.83, -16.42], [28.91, -15.98], [29.28, -15.77], [29.72, -15.64], [30.39, -15.64], [30.43, -15.99], [31.23, -16.02], [31.48, -16.17], [31.68, -16.21], [31.93, -16.42], [32.24, -16.44], [32.63, -16.58], [32.74, -16.67], [32.94, -16.71], [32.87, -16.88], [32.96, -17.25], [32.95, -18.08], [32.99, -18.35], [32.88, -18.72], [32.72, -18.82], [32.69, -18.94], [32.84, -19.10], [32.77, -19.38], [33.00, -19.87], [32.99, -19.98], [32.67, -20.51], [32.49, -20.65], [32.47, -20.95], [32.35, -21.13], [32.42, -21.29], [31.28, -22.40]]]}}, {"type": "Feature", "properties": {}, "geometry": {"type": "Polygon", "coordinates": [[[30.39, -15.64], [29.72, -15.64], [29.48, -15.69], [28.91, -15.98], [28.83, -16.42], [28.76, -16.53], [27.93, -16.89], [27.02, -17.95], [26.77, -18.04], [26.57, -18.02], [26.33, -17.92], [25.86, -17.95], [25.63, -17.82], [25.45, -17.84], [25.25, -17.79], [25.00, -17.56], [24.73, -17.51], [24.27, -17.48], [23.38, -17.64], [22.45, -16.81], [22.15, -16.59], [22.04, -16.26], [21.97, -15.95], [21.97, -13.00], [23.96, -12.98], [23.88, -12.79], [23.99, -12.42], [23.97, -11.63], [24.04, -11.40], [23.96, -10.87], [24.07, -10.89], [24.13, -11.02], [24.31, -11.07], [24.36, -11.12], [24.39, -11.25], [24.33, -11.37], [24.37, -11.41], [24.51, -11.43], [24.66, -11.35], [25.28, -11.21], [25.31, -11.23], [25.28, -11.40], [25.34, -11.62], [25.51, -11.75], [25.61, -11.74], [26.02, -11.89], [26.82, -11.96], [26.94, -11.89], [27.04, -11.61], [27.15, -11.57], [27.23, -11.78], [27.42, -11.94], [27.57, -12.22], [27.85, -12.28], [28.41, -12.51], [28.55, -12.83], [28.67, -12.86], [28.73, -12.92], [29.01, -13.36], [29.20, -13.39], [29.55, -13.24], [29.63, -13.29], [29.65, -13.41], [29.77, -13.43], [29.79, -12.15], [29.50, -12.22], [29.48, -12.41], [29.06, -12.34], [28.48, -11.81], [28.38, -11.56], [28.35, -11.48], [28.64, -10.55], [28.60, -10.39], [28.60, -9.67], [28.40, -9.22], [28.68, -9.01], [28.86, -8.78], [28.93, -8.59], [28.89, -8.48], [30.75, -8.19], [30.89, -8.47], [31.03, -8.59], [31.35, -8.60], [31.44, -8.65], [31.67, -8.90], [31.88, -8.92], [31.94, -9.05], [32.43, -9.15], [32.91, -9.40], [32.99, -9.62], [33.19, -9.62], [33.35, -9.86], [33.31, -10.03], [33.52, -10.23], [33.55, -10.39], [33.66, -10.55], [33.46, -10.78], [33.34, -10.81], [33.26, -10.89], [33.37, -11.15], [33.23, -11.41], [33.22, -11.53], [33.30, -11.69], [33.25, -12.11], [33.34, -12.30], [33.51, -12.34], [33.39, -12.48], [33.02, -12.63], [32.94, -12.80], [33.0, -12.89], [32.96, -13.22], [32.85, -13.45], [32.67, -13.59], [32.79, -13.68], [32.76, -13.76], [32.86, -13.81], [32.99, -14.02], [33.14, -13.94], [33.20, -14.01], [30.23, -14.99], [30.39, -15.64]]]}}, {"type": "Feature", "properties": {}, "geometry": {"type": "MultiPolygon", "coordinates": [[[[53.08, 16.64], [52.58, 16.47], [52.32, 16.29], [52.23, 16.17], [52.17, 15.95], [52.21, 15.65], [51.60, 15.33], [51.01, 15.14], [50.52, 15.03], [50.16, 14.85], [49.90, 14.82], [49.34, 14.63], [49.04, 14.45], [48.92, 14.26], [48.66, 14.05], [48.27, 13.99], [47.98, 14.04], [47.63, 13.85], [47.40, 13.66], [46.78, 13.46], [45.65, 13.33], [45.39, 13.06], [45.16, 12.99], [45.03, 12.81], [44.75, 12.76], [44.61, 12.81], [44.35, 12.66], [44.00, 12.60], [43.63, 12.74], [43.48, 12.69], [43.47, 12.83], [43.23, 13.26], [43.28, 13.69], [43.23, 13.85], [43.08, 14.01], [43.09, 14.20], [42.92, 14.81], [42.93, 14.93], [42.85, 15.13], [42.65, 15.23], [42.69, 15.32], [42.78, 15.26], [42.79, 15.32], [42.71, 15.65], [42.83, 16.03], [42.79, 16.37], [43.16, 16.68], [43.18, 16.81], [43.11, 16.94], [43.15, 17.20], [43.23, 17.26], [43.19, 17.35], [43.34, 17.48], [43.53, 17.49], [43.71, 17.36], [43.91, 17.32], [44.15, 17.39], [45.14, 17.42], [45.53, 17.30], [46.31, 17.23], [46.72, 17.26], [46.97, 16.95], [47.14, 16.94], [47.44, 17.11], [47.57, 17.44], [48.17, 18.15], [49.19, 18.62], [51.97, 18.99], [52.72, 17.30], [52.80, 17.26], [53.08, 16.64]]], [[[42.59, 15.30], [42.55, 15.28], [42.54, 15.32], [42.60, 15.43], [42.59, 15.30]]], [[[42.75, 13.70], [42.68, 13.67], [42.79, 13.76], [42.75, 13.70]]], [[[42.78, 13.97], [42.75, 13.95], [42.69, 14.00], [42.76, 14.06], [42.78, 13.97]]], [[[53.76, 12.63], [54.18, 12.66], [54.51, 12.55], [54.12, 12.36], [53.71, 12.31], [53.59, 12.34], [53.31, 12.53], [53.53, 12.71], [53.76, 12.63]]]]}}, {"type": "Feature", "properties": {}, "geometry": {"type": "MultiPolygon", "coordinates": [[[[104.06, 10.39], [104.07, 10.22], [104.01, 10.02], [103.95, 10.24], [103.84, 10.37], [103.98, 10.42], [104.06, 10.39]]], [[[107.97, 21.50], [107.80, 21.49], [107.63, 21.36], [107.40, 21.28], [107.35, 21.05], [107.16, 20.94], [107.07, 20.99], [106.88, 20.95], [106.68, 21.00], [106.75, 20.73], [106.55, 20.52], [106.57, 20.39], [106.51, 20.28], [106.16, 19.99], [105.98, 19.93], [105.81, 19.58], [105.79, 19.29], [105.62, 18.96], [105.88, 18.50], [106.49, 17.94], [106.45, 17.87], [106.47, 17.71], [106.37, 17.74], [106.51, 17.66], [106.73, 17.36], [107.11, 17.05], [107.18, 16.89], [107.54, 16.64], [107.54, 16.60], [107.80, 16.40], [107.83, 16.32], [108.02, 16.33], [108.20, 16.09], [108.26, 16.08], [108.28, 15.98], [108.57, 15.58], [108.82, 15.37], [109.08, 14.71], [109.08, 14.55], [109.30, 13.85], [109.28, 13.76], [109.24, 13.85], [109.27, 13.27], [109.42, 12.95], [109.44, 12.59], [109.33, 12.75], [109.21, 12.64], [109.30, 12.39], [109.20, 12.41], [109.25, 11.95], [109.24, 11.90], [109.19, 11.99], [109.15, 11.83], [109.19, 11.72], [109.13, 11.60], [109.03, 11.59], [108.98, 11.33], [108.82, 11.31], [108.27, 10.93], [108.09, 10.89], [108.00, 10.72], [107.84, 10.70], [107.26, 10.39], [107.19, 10.47], [107.08, 10.49], [107.00, 10.66], [106.94, 10.40], [106.81, 10.43], [106.72, 10.53], [106.60, 10.46], [106.74, 10.44], [106.75, 10.29], [106.46, 10.29], [106.72, 10.19], [106.78, 10.11], [106.59, 9.85], [106.13, 10.22], [106.50, 9.82], [106.57, 9.64], [106.48, 9.55], [106.37, 9.55], [105.83, 10.00], [106.15, 9.59], [106.20, 9.50], [106.16, 9.39], [105.50, 9.09], [105.32, 8.80], [105.11, 8.62], [104.77, 8.59], [104.89, 8.74], [104.81, 8.80], [104.84, 9.60], [104.90, 9.81], [105.09, 9.90], [105.09, 9.94], [105.02, 10.06], [104.87, 10.11], [104.80, 10.20], [104.66, 10.16], [104.42, 10.41], [104.56, 10.51], [104.85, 10.53], [105.04, 10.70], [105.04, 10.91], [105.31, 10.84], [105.40, 10.95], [105.75, 10.98], [105.85, 10.86], [105.93, 10.88], [106.16, 10.79], [106.13, 10.92], [106.16, 11.03], [105.85, 11.29], [105.85, 11.63], [105.92, 11.65], [106.00, 11.75], [106.39, 11.68], [106.41, 11.94], [106.70, 11.97], [106.76, 12.05], [106.93, 12.07], [107.21, 12.30], [107.33, 12.31], [107.39, 12.26], [107.50, 12.36], [107.55, 12.53], [107.47, 13.03], [107.60, 13.43], [107.33, 14.12], [107.36, 14.36], [107.53, 14.64], [107.48, 14.97], [107.65, 15.25], [107.56, 15.39], [107.27, 15.61], [107.16, 15.80], [107.39, 15.95], [107.39, 16.04], [106.93, 16.35], [106.85, 16.51], [106.73, 16.45], [106.65, 16.49], [106.54, 16.65], [106.50, 16.95], [105.69, 17.73], [105.58, 17.98], [105.45, 18.15], [105.33, 18.18], [105.11, 18.40], [105.08, 18.49], [105.14, 18.65], [104.71, 18.80], [103.89, 19.30], [104.06, 19.48], [104.03, 19.67], [104.25, 19.68], [104.58, 19.61], [104.74, 19.75], [104.92, 20.01], [104.84, 20.20], [104.69, 20.20], [104.61, 20.37], [104.36, 20.44], [104.53, 20.55], [104.58, 20.64], [104.10, 20.94], [103.63, 20.69], [103.10, 20.89], [102.85, 21.26], [102.94, 21.68], [102.84, 21.73], [102.81, 21.80], [102.73, 21.67], [102.66, 21.67], [102.58, 21.90], [102.48, 21.95], [102.12, 22.37], [102.47, 22.75], [102.83, 22.58], [102.98, 22.44], [103.13, 22.54], [103.13, 22.59], [103.32, 22.76], [103.49, 22.58], [103.62, 22.78], [103.94, 22.54], [104.05, 22.75], [104.14, 22.80], [104.21, 22.80], [104.29, 22.71], [104.37, 22.70], [104.52, 22.80], [104.68, 22.82], [104.79, 22.91], [104.86, 23.13], [105.27, 23.34], [105.44, 23.23], [105.54, 23.07], [105.84, 22.92], [106.14, 22.97], [106.27, 22.85], [106.54, 22.90], [106.78, 22.77], [106.55, 22.50], [106.55, 22.34], [106.65, 22.24], [106.66, 21.97], [106.72, 22.00], [106.97, 21.92], [107.06, 21.79], [107.27, 21.71], [107.35, 21.60], [107.75, 21.65], [107.97, 21.50]]], [[[106.61, 8.68], [106.56, 8.70], [106.65, 8.76], [106.65, 8.70], [106.61, 8.68]]], [[[107.16, 10.39], [107.08, 10.33], [107.07, 10.38], [107.19, 10.44], [107.16, 10.39]]], [[[106.86, 20.81], [106.76, 20.86], [106.79, 20.92], [106.85, 20.85], [106.86, 20.81]]], [[[107.60, 21.21], [107.45, 21.09], [107.40, 21.09], [107.47, 21.26], [107.60, 21.21]]], [[[107.52, 20.92], [107.46, 20.90], [107.39, 20.90], [107.55, 21.03], [107.52, 20.92]]], [[[107.03, 20.74], [106.99, 20.74], [106.91, 20.82], [106.95, 20.86], [107.04, 20.83], [107.03, 20.74]]]]}}, {"type": "Feature", "properties": {}, "geometry": {"type": "MultiPolygon", "coordinates": [[[[-60.82, 9.13], [-60.94, 9.10], [-60.90, 9.17], [-60.73, 9.20], [-60.82, 9.13]]], [[[-63.84, 11.13], [-63.81, 11.00], [-63.91, 10.88], [-64.40, 10.98], [-64.34, 11.05], [-64.21, 11.08], [-64.11, 11.00], [-64.02, 11.00], [-63.89, 11.16], [-63.84, 11.13]]], [[[-65.21, 10.90], [-65.26, 10.88], [-65.41, 10.93], [-65.30, 10.97], [-65.21, 10.90]]], [[[-60.99, 8.86], [-61.05, 8.84], [-61.06, 8.94], [-60.91, 9.07], [-60.84, 8.99], [-60.86, 8.94], [-60.99, 8.86]]], [[[-60.01, 8.54], [-59.83, 8.30], [-59.84, 8.24], [-59.96, 8.19], [-60.03, 8.05], [-60.38, 7.82], [-60.51, 7.81], [-60.71, 7.53], [-60.60, 7.32], [-60.63, 7.21], [-60.58, 7.15], [-60.34, 7.15], [-60.35, 7.00], [-60.71, 6.76], [-60.87, 6.78], [-60.93, 6.73], [-61.14, 6.69], [-61.20, 6.58], [-61.12, 6.21], [-61.39, 5.93], [-60.67, 5.16], [-60.60, 4.99], [-60.62, 4.89], [-60.90, 4.68], [-61.00, 4.53], [-61.28, 4.51], [-61.47, 4.40], [-61.55, 4.28], [-62.15, 4.09], [-62.41, 4.15], [-62.71, 4.01], [-62.76, 3.67], [-62.85, 3.59], [-62.96, 3.59], [-63.33, 3.94], [-63.52, 3.89], [-63.65, 3.94], [-64.02, 3.92], [-64.19, 4.12], [-64.57, 4.13], [-64.72, 4.27], [-64.78, 4.27], [-64.81, 4.23], [-64.66, 4.01], [-64.22, 3.58], [-64.21, 3.20], [-64.00, 2.67], [-64.04, 2.50], [-63.92, 2.45], [-63.38, 2.41], [-63.39, 2.22], [-63.46, 2.13], [-64.00, 1.93], [-64.11, 1.61], [-64.20, 1.52], [-64.30, 1.45], [-64.48, 1.45], [-64.73, 1.25], [-64.81, 1.25], [-65.02, 1.15], [-65.36, 0.86], [-65.47, 0.69], [-65.55, 0.68], [-65.52, 0.84], [-65.64, 0.97], [-65.81, 0.93], [-66.06, 0.78], [-66.30, 0.75], [-66.87, 1.22], [-66.98, 1.68], [-67.21, 2.27], [-67.21, 2.39], [-67.56, 2.68], [-67.61, 2.79], [-67.76, 2.83], [-67.85, 2.79], [-67.83, 2.89], [-67.35, 3.32], [-67.31, 3.41], [-67.66, 3.86], [-67.85, 4.50], [-67.82, 5.27], [-67.64, 5.55], [-67.57, 5.83], [-67.47, 5.92], [-67.43, 6.02], [-67.48, 6.18], [-67.56, 6.24], [-67.85, 6.28], [-68.47, 6.15], [-68.93, 6.19], [-69.08, 6.18], [-69.26, 6.09], [-69.35, 6.14], [-69.42, 6.12], [-70.12, 6.95], [-70.38, 6.97], [-70.73, 7.09], [-71.12, 6.98], [-71.62, 7.03], [-71.89, 6.99], [-72.00, 7.03], [-72.08, 7.09], [-72.20, 7.37], [-72.39, 7.41], [-72.47, 7.52], [-72.44, 7.96], [-72.35, 8.08], [-72.39, 8.28], [-72.41, 8.38], [-72.66, 8.62], [-72.79, 9.10], [-72.96, 9.13], [-73.05, 9.25], [-73.19, 9.19], [-73.36, 9.19], [-73.00, 9.78], [-72.86, 10.49], [-72.69, 10.83], [-72.44, 11.11], [-72.24, 11.19], [-71.95, 11.66], [-71.31, 11.86], [-71.48, 11.71], [-71.95, 11.56], [-71.94, 11.41], [-71.83, 11.19], [-71.64, 11.01], [-71.73, 10.99], [-71.59, 10.65], [-71.66, 10.44], [-71.95, 10.10], [-72.11, 9.81], [-71.97, 9.55], [-71.76, 9.33], [-71.78, 9.25], [-71.68, 9.07], [-71.53, 9.04], [-71.24, 9.16], [-71.08, 9.34], [-71.05, 9.70], [-71.08, 9.83], [-71.26, 10.14], [-71.38, 10.26], [-71.49, 10.53], [-71.54, 10.77], [-71.46, 10.83], [-71.46, 10.96], [-71.26, 10.99], [-70.82, 11.20], [-70.23, 11.37], [-70.09, 11.51], [-69.88, 11.44], [-69.80, 11.47], [-69.77, 11.54], [-69.81, 11.67], [-70.19, 11.62], [-70.28, 11.88], [-70.20, 12.09], [-70.00, 12.17], [-69.86, 12.05], [-69.76, 11.67], [-69.63, 11.47], [-69.23, 11.51], [-68.82, 11.43], [-68.39, 11.16], [-68.27, 10.88], [-68.32, 10.80], [-68.29, 10.68], [-68.13, 10.49], [-67.87, 10.47], [-66.98, 10.61], [-66.24, 10.63], [-66.10, 10.57], [-66.09, 10.47], [-65.85, 10.25], [-65.12, 10.07], [-64.85, 10.09], [-64.18, 10.45], [-63.83, 10.44], [-63.73, 10.50], [-63.86, 10.55], [-64.15, 10.57], [-64.24, 10.54], [-64.29, 10.63], [-63.49, 10.64], [-62.70, 10.74], [-62.24, 10.69], [-61.87, 10.74], [-61.92, 10.68], [-62.23, 10.63], [-62.37, 10.54], [-62.91, 10.53], [-62.84, 10.50], [-62.84, 10.41], [-62.68, 10.28], [-62.66, 10.19], [-62.74, 10.05], [-62.60, 10.11], [-62.60, 10.21], [-62.55, 10.20], [-62.32, 9.78], [-62.22, 9.88], [-62.15, 9.82], [-62.15, 9.97], [-62.07, 9.97], [-61.90, 9.86], [-61.73, 9.63], [-61.76, 9.81], [-61.62, 9.81], [-61.58, 9.89], [-61.30, 9.63], [-61.01, 9.55], [-60.79, 9.36], [-60.84, 9.26], [-61.02, 9.15], [-61.24, 8.60], [-61.61, 8.59], [-61.30, 8.41], [-61.19, 8.48], [-61.03, 8.49], [-60.80, 8.59], [-60.48, 8.54], [-60.34, 8.62], [-60.01, 8.54]]]]}}, {"type": "Feature", "properties": {}, "geometry": {"type": "Polygon", "coordinates": [[[12.43, 41.89], [12.43, 41.89], [12.42, 41.90], [12.43, 41.90], [12.43, 41.89]]]}}, {"type": "Feature", "properties": {}, "geometry": {"type": "MultiPolygon", "coordinates": [[[[166.74, -14.82], [166.81, -15.15], [166.92, -15.13], [166.98, -14.94], [167.07, -14.93], [167.06, -15.07], [167.13, -15.13], [167.20, -15.44], [167.09, -15.58], [166.75, -15.63], [166.75, -15.56], [166.63, -15.40], [166.64, -15.21], [166.52, -14.85], [166.56, -14.64], [166.60, -14.63], [166.74, -14.82]]], [[[167.41, -16.09], [167.68, -16.26], [167.83, -16.44], [167.75, -16.51], [167.61, -16.49], [167.52, -16.57], [167.44, -16.55], [167.34, -16.15], [167.31, -16.11], [167.21, -16.15], [167.15, -16.08], [167.19, -15.88], [167.33, -15.91], [167.41, -16.09]]], [[[168.44, -16.77], [168.46, -16.83], [168.32, -16.78], [168.18, -16.80], [168.13, -16.63], [168.19, -16.59], [168.36, -16.75], [168.44, -16.77]]], [[[168.29, -16.33], [168.02, -16.31], [167.92, -16.22], [168.06, -16.18], [168.16, -16.08], [168.29, -16.33]]], [[[168.44, -17.54], [168.58, -17.69], [168.52, -17.79], [168.25, -17.78], [168.30, -17.74], [168.27, -17.70], [168.15, -17.71], [168.27, -17.55], [168.44, -17.54]]], [[[167.91, -15.43], [167.84, -15.48], [167.67, -15.45], [167.82, -15.31], [168.00, -15.28], [167.91, -15.43]]], [[[168.21, -15.97], [168.12, -15.68], [168.15, -15.46], [168.26, -15.89], [168.21, -15.97]]], [[[168.18, -15.32], [168.17, -15.39], [168.13, -15.31], [168.11, -14.98], [168.18, -15.32]]], [[[167.21, -15.72], [167.20, -15.75], [167.09, -15.68], [167.11, -15.62], [167.23, -15.64], [167.21, -15.72]]], [[[167.58, -14.26], [167.54, -14.31], [167.43, -14.29], [167.41, -14.19], [167.50, -14.14], [167.59, -14.18], [167.58, -14.26]]], [[[167.48, -13.90], [167.45, -13.90], [167.39, -13.78], [167.48, -13.70], [167.55, -13.81], [167.48, -13.90]]], [[[169.89, -20.18], [169.86, -20.24], [169.73, -20.20], [169.75, -20.15], [169.82, -20.14], [169.89, -20.18]]], [[[169.49, -19.54], [169.43, -19.64], [169.34, -19.62], [169.21, -19.47], [169.24, -19.34], [169.33, -19.32], [169.35, -19.45], [169.49, -19.54]]], [[[169.33, -18.94], [169.24, -18.98], [168.98, -18.87], [169.01, -18.64], [169.14, -18.63], [169.17, -18.72], [169.25, -18.76], [169.20, -18.79], [169.33, -18.94]]]]}}, {"type": "Feature", "properties": {}, "geometry": {"type": "MultiPolygon", "coordinates": [[[[70.94, 42.24], [71.03, 42.28], [71.22, 42.16], [70.85, 42.03], [70.80, 41.92], [70.63, 41.87], [70.18, 41.57], [70.20, 41.51], [70.47, 41.41], [70.68, 41.44], [70.78, 41.26], [70.86, 41.22], [71.39, 41.12], [71.42, 41.34], [71.5, 41.30], [71.58, 41.33], [71.60, 41.50], [71.66, 41.54], [71.85, 41.31], [71.87, 41.19], [72.16, 41.17], [72.18, 41.02], [72.36, 41.04], [72.65, 40.86], [72.99, 40.86], [73.13, 40.81], [72.77, 40.65], [72.60, 40.52], [72.40, 40.57], [72.36, 40.51], [72.40, 40.46], [72.35, 40.40], [72.23, 40.45], [72.13, 40.43], [71.95, 40.25], [71.69, 40.15], [71.62, 40.21], [71.52, 40.20], [71.30, 40.28], [70.60, 40.21], [70.53, 40.32], [70.37, 40.38], [70.37, 40.43], [70.71, 40.66], [70.75, 40.73], [70.63, 40.77], [70.65, 40.83], [70.40, 41.03], [70.29, 40.89], [69.71, 40.65], [69.41, 40.79], [69.30, 40.72], [69.31, 40.63], [69.20, 40.56], [69.30, 40.32], [69.21, 40.28], [69.27, 40.19], [68.95, 40.22], [68.63, 40.16], [68.63, 40.12], [68.92, 40.13], [68.97, 40.08], [68.80, 40.05], [68.86, 39.90], [68.77, 39.90], [68.73, 39.83], [68.63, 39.83], [68.58, 39.63], [68.50, 39.56], [68.39, 39.52], [67.71, 39.62], [67.42, 39.46], [67.35, 39.21], [67.64, 39.13], [67.69, 38.99], [68.04, 38.98], [68.13, 38.92], [68.04, 38.66], [68.08, 38.47], [68.35, 38.21], [68.29, 38.03], [67.81, 37.48], [67.75, 37.17], [67.51, 37.26], [67.31, 37.20], [67.19, 37.23], [67.06, 37.33], [66.82, 37.37], [66.52, 37.34], [66.52, 37.78], [66.62, 37.93], [66.57, 38.01], [65.97, 38.24], [65.61, 38.23], [64.62, 38.75], [64.30, 38.97], [64.16, 38.95], [63.76, 39.16], [63.50, 39.37], [62.48, 39.97], [62.37, 40.33], [62.09, 40.68], [61.90, 41.09], [61.49, 41.27], [61.24, 41.18], [60.86, 41.24], [60.45, 41.22], [60.08, 41.39], [60.06, 41.47], [60.13, 41.59], [60.07, 41.75], [60.20, 41.80], [60.10, 41.90], [59.94, 41.97], [59.98, 42.21], [59.85, 42.29], [59.35, 42.32], [59.27, 42.35], [59.15, 42.51], [58.87, 42.56], [58.58, 42.77], [58.47, 42.66], [58.25, 42.68], [58.15, 42.62], [58.41, 42.40], [58.47, 42.29], [58.39, 42.29], [58.28, 42.42], [58.02, 42.48], [57.81, 42.18], [57.29, 42.12], [56.96, 41.85], [57.01, 41.45], [57.11, 41.35], [57.01, 41.26], [55.97, 41.32], [55.97, 44.99], [58.55, 45.55], [61.00, 44.39], [61.16, 44.16], [61.99, 43.49], [63.20, 43.62], [64.44, 43.55], [64.90, 43.71], [65.27, 43.41], [65.49, 43.31], [65.80, 42.87], [66.10, 42.99], [66.00, 42.00], [66.49, 41.99], [66.70, 41.17], [66.81, 41.14], [67.93, 41.19], [68.11, 41.02], [68.04, 40.80], [68.41, 40.61], [68.57, 40.62], [68.58, 40.87], [68.73, 41.04], [68.98, 41.20], [69.06, 41.36], [69.15, 41.42], [69.36, 41.49], [69.66, 41.67], [70.09, 41.82], [70.41, 42.07], [70.58, 42.03], [70.71, 42.16], [70.94, 42.24]], [[70.65, 40.93], [70.61, 41.00], [70.55, 41.01], [70.62, 40.93], [70.65, 40.93]]], [[[71.20, 39.89], [71.01, 39.89], [71.04, 39.99], [70.97, 40.03], [70.97, 40.13], [71.02, 40.14], [71.08, 40.07], [71.22, 40.04], [71.17, 39.97], [71.20, 39.89]]], [[[71.77, 39.95], [71.75, 39.90], [71.66, 39.94], [71.78, 39.99], [71.77, 39.95]]]]}}, {"type": "Feature", "properties": {}, "geometry": {"type": "Polygon", "coordinates": [[[-53.37, -33.74], [-53.47, -33.84], [-53.53, -34.01], [-53.74, -34.24], [-53.78, -34.38], [-54.16, -34.67], [-54.27, -34.66], [-54.90, -34.93], [-55.23, -34.89], [-55.37, -34.80], [-55.67, -34.77], [-56.11, -34.90], [-56.24, -34.90], [-56.38, -34.86], [-56.46, -34.77], [-56.85, -34.67], [-57.17, -34.45], [-57.87, -34.44], [-57.96, -34.30], [-58.40, -33.91], [-58.43, -33.71], [-58.36, -33.18], [-58.22, -33.12], [-58.09, -32.96], [-58.20, -32.47], [-58.11, -32.24], [-58.16, -32.18], [-58.18, -31.92], [-58.04, -31.76], [-57.98, -31.62], [-58.05, -31.49], [-57.89, -31.19], [-57.89, -30.97], [-57.81, -30.85], [-57.87, -30.59], [-57.65, -30.29], [-57.64, -30.22], [-57.60, -30.18], [-57.55, -30.26], [-57.21, -30.28], [-57.12, -30.14], [-56.83, -30.10], [-56.04, -30.77], [-55.99, -30.83], [-56.00, -31.07], [-55.80, -31.03], [-55.60, -30.85], [-55.17, -31.27], [-55.09, -31.31], [-55.03, -31.27], [-54.89, -31.39], [-54.58, -31.48], [-54.22, -31.85], [-53.92, -31.95], [-53.76, -32.05], [-53.60, -32.40], [-53.23, -32.62], [-53.12, -32.73], [-53.48, -33.06], [-53.53, -33.17], [-53.53, -33.65], [-53.37, -33.74]]]}}, {"type": "Feature", "properties": {}, "geometry": {"type": "MultiPolygon", "coordinates": [[[[162.98, 5.32], [162.99, 5.27], [162.92, 5.31], [162.95, 5.33], [162.98, 5.32]]], [[[138.14, 9.50], [138.06, 9.41], [138.11, 9.55], [138.18, 9.59], [138.21, 9.54], [138.14, 9.50]]], [[[151.64, 7.34], [151.63, 7.33], [151.56, 7.34], [151.62, 7.39], [151.64, 7.34]]], [[[151.88, 7.43], [151.86, 7.46], [151.91, 7.46], [151.91, 7.45], [151.88, 7.43]]], [[[158.31, 6.81], [158.18, 6.80], [158.13, 6.94], [158.18, 6.97], [158.29, 6.95], [158.33, 6.89], [158.31, 6.81]]]]}}, {"type": "Feature", "properties": {}, "geometry": {"type": "MultiPolygon", "coordinates": [[[[169.63, 5.83], [169.59, 5.80], [169.65, 5.94], [169.73, 6.01], [169.63, 5.83]]], [[[168.83, 7.30], [168.81, 7.29], [168.67, 7.32], [168.67, 7.33], [168.83, 7.30]]], [[[171.57, 7.04], [171.68, 7.02], [171.75, 6.97], [171.61, 7.00], [171.57, 7.04]]], [[[171.10, 7.13], [171.22, 7.08], [171.39, 7.11], [171.23, 7.06], [171.03, 7.15], [171.10, 7.13]]], [[[166.89, 11.15], [166.86, 11.14], [166.84, 11.15], [166.88, 11.16], [166.89, 11.15]]]]}}, {"type": "Feature", "properties": {}, "geometry": {"type": "MultiPolygon", "coordinates": [[[[145.70, 18.76], [145.67, 18.72], [145.64, 18.80], [145.70, 18.79], [145.70, 18.76]]], [[[145.71, 16.33], [145.65, 16.33], [145.63, 16.37], [145.69, 16.37], [145.71, 16.33]]], [[[145.26, 14.15], [145.21, 14.11], [145.15, 14.16], [145.23, 14.18], [145.26, 14.15]]], [[[145.77, 18.07], [145.72, 18.05], [145.80, 18.17], [145.83, 18.13], [145.77, 18.07]]], [[[145.75, 15.13], [145.68, 15.12], [145.71, 15.21], [145.82, 15.26], [145.75, 15.13]]], [[[145.66, 14.97], [145.62, 14.91], [145.58, 15.03], [145.62, 15.06], [145.66, 14.97]]]]}}, {"type": "Feature", "properties": {}, "geometry": {"type": "MultiPolygon", "coordinates": [[[[-64.84, 18.33], [-64.91, 18.32], [-65.02, 18.36], [-64.88, 18.37], [-64.84, 18.33]]], [[[-64.65, 18.35], [-64.72, 18.32], [-64.78, 18.34], [-64.75, 18.37], [-64.65, 18.35]]], [[[-64.76, 17.79], [-64.68, 17.75], [-64.58, 17.75], [-64.88, 17.70], [-64.88, 17.77], [-64.76, 17.79]]]]}}, {"type": "Feature", "properties": {}, "geometry": {"type": "Polygon", "coordinates": [[[144.74, 13.25], [144.65, 13.31], [144.64, 13.42], [144.79, 13.52], [144.83, 13.62], [144.87, 13.61], [144.94, 13.57], [144.77, 13.41], [144.74, 13.25]]]}}, {"type": "Feature", "properties": {}, "geometry": {"type": "Polygon", "coordinates": [[[-170.72, -14.35], [-170.82, -14.31], [-170.68, -14.25], [-170.56, -14.26], [-170.72, -14.35]]]}}, {"type": "Feature", "properties": {}, "geometry": {"type": "MultiPolygon", "coordinates": [[[[-66.12, 18.44], [-66.06, 18.42], [-66.07, 18.46], [-65.62, 18.38], [-65.62, 18.24], [-65.97, 17.97], [-66.24, 17.94], [-66.77, 17.98], [-66.9, 17.94], [-67.19, 17.99], [-67.17, 18.22], [-67.26, 18.36], [-67.15, 18.49], [-66.12, 18.44]]], [[[-65.42, 18.10], [-65.55, 18.10], [-65.57, 18.13], [-65.29, 18.13], [-65.42, 18.10]]], [[[-67.87, 18.05], [-67.93, 18.08], [-67.93, 18.11], [-67.84, 18.11], [-67.87, 18.05]]]]}}, {"type": "Feature", "properties": {}, "geometry": {"type": "MultiPolygon", "coordinates": [[[[-132.74, 56.52], [-132.88, 56.51], [-132.94, 56.56], [-132.84, 56.79], [-132.65, 56.68], [-132.56, 56.57], [-132.74, 56.52]]], [[[-132.77, 56.24], [-132.89, 56.25], [-133.03, 56.36], [-132.90, 56.45], [-132.64, 56.43], [-132.64, 56.31], [-132.77, 56.24]]], [[[-134.31, 58.22], [-134.45, 58.20], [-134.66, 58.29], [-134.51, 58.33], [-134.31, 58.22]]], [[[-145.11, 60.33], [-145.15, 60.31], [-145.28, 60.33], [-145.12, 60.40], [-145.11, 60.33]]], [[[-144.56, 59.81], [-144.61, 59.81], [-144.44, 59.95], [-144.23, 60.01], [-144.56, 59.81]]], [[[-148.02, 60.06], [-148.07, 60.03], [-148.27, 60.05], [-148.23, 60.11], [-148.07, 60.15], [-147.91, 60.09], [-148.02, 60.06]]], [[[-152.02, 60.36], [-152.06, 60.35], [-151.95, 60.50], [-151.89, 60.49], [-152.02, 60.36]]], [[[-160.32, 55.33], [-160.34, 55.25], [-160.51, 55.33], [-160.36, 55.35], [-160.32, 55.33]]], [[[-159.36, 54.97], [-159.42, 54.97], [-159.46, 55.05], [-159.39, 55.04], [-159.36, 54.97]]], [[[-159.51, 55.15], [-159.53, 55.05], [-159.64, 55.07], [-159.57, 55.21], [-159.51, 55.15]]], [[[-166.20, 53.72], [-166.25, 53.76], [-166.11, 53.84], [-166.13, 53.78], [-166.20, 53.72]]], [[[-176.00, 51.81], [-176.09, 51.79], [-176.20, 51.83], [-176.19, 51.88], [-176.00, 51.81]]], [[[-166.10, 66.22], [-166.14, 66.22], [-165.82, 66.32], [-165.82, 66.31], [-166.10, 66.22]]], [[[-171.46, 63.64], [-170.87, 63.59], [-170.43, 63.69], [-170.12, 63.61], [-170.01, 63.49], [-169.62, 63.43], [-169.55, 63.37], [-168.71, 63.31], [-168.76, 63.21], [-168.85, 63.17], [-169.36, 63.17], [-169.67, 62.95], [-169.81, 63.12], [-170.18, 63.19], [-170.27, 63.28], [-170.52, 63.37], [-170.95, 63.45], [-171.51, 63.33], [-171.79, 63.42], [-171.81, 63.52], [-171.74, 63.70], [-171.64, 63.72], [-171.46, 63.64]]], [[[-166.13, 60.38], [-166.04, 60.33], [-165.72, 60.31], [-165.68, 60.22], [-165.71, 60.06], [-165.63, 60.02], [-165.59, 59.91], [-166.09, 59.84], [-166.10, 59.77], [-166.14, 59.76], [-167.13, 60.00], [-167.43, 60.20], [-166.83, 60.21], [-166.78, 60.29], [-166.47, 60.38], [-166.13, 60.38]]], [[[-152.89, 57.82], [-152.89, 57.76], [-152.61, 57.84], [-152.42, 57.82], [-152.48, 57.70], [-152.21, 57.57], [-152.41, 57.45], [-152.94, 57.49], [-152.99, 57.46], [-152.78, 57.45], [-152.67, 57.34], [-152.87, 57.32], [-153.05, 57.23], [-153.27, 57.22], [-153.73, 57.05], [-153.64, 57.02], [-153.64, 56.96], [-153.75, 56.85], [-153.97, 56.77], [-154.07, 56.82], [-153.79, 56.98], [-153.99, 57.04], [-154.10, 57.02], [-154.03, 57.12], [-154.24, 57.14], [-154.38, 57.09], [-154.23, 57.08], [-154.18, 57.00], [-154.26, 56.91], [-154.33, 56.92], [-154.49, 57.03], [-154.56, 57.20], [-154.70, 57.33], [-154.67, 57.44], [-154.53, 57.55], [-154.11, 57.65], [-154.02, 57.63], [-154.00, 57.55], [-153.80, 57.35], [-153.68, 57.30], [-153.79, 57.44], [-153.83, 57.63], [-153.69, 57.66], [-153.90, 57.79], [-153.84, 57.86], [-153.69, 57.87], [-153.48, 57.73], [-153.39, 57.79], [-153.21, 57.79], [-153.16, 57.91], [-153.22, 57.95], [-153.16, 57.97], [-152.85, 57.89], [-152.89, 57.82]]], [[[-130.02, 55.88], [-130.14, 55.65], [-130.03, 55.29], [-130.21, 55.02], [-130.57, 54.76], [-130.84, 54.80], [-131.04, 55.15], [-130.98, 55.24], [-130.74, 55.31], [-130.85, 55.35], [-130.91, 55.73], [-131.12, 55.96], [-131.14, 55.99], [-131.03, 56.08], [-131.78, 55.87], [-131.82, 55.83], [-131.80, 55.76], [-131.94, 55.55], [-132.11, 55.56], [-132.20, 55.75], [-132.00, 55.93], [-131.84, 56.16], [-131.55, 56.20], [-131.88, 56.24], [-132.02, 56.38], [-132.18, 56.42], [-132.35, 56.62], [-132.47, 56.64], [-132.48, 56.76], [-132.80, 56.89], [-132.82, 57.05], [-133.46, 57.17], [-133.43, 57.33], [-133.53, 57.55], [-133.64, 57.64], [-133.55, 57.69], [-133.11, 57.56], [-133.51, 57.77], [-133.53, 57.83], [-133.51, 57.88], [-133.19, 57.87], [-133.55, 57.92], [-133.65, 57.84], [-133.72, 57.84], [-134.03, 58.07], [-134.04, 58.28], [-133.87, 58.51], [-134.20, 58.23], [-134.77, 58.45], [-134.94, 58.64], [-134.98, 58.76], [-135.13, 58.84], [-135.33, 59.23], [-135.36, 59.41], [-135.41, 59.31], [-135.48, 59.30], [-135.40, 59.20], [-135.50, 59.20], [-135.38, 59.08], [-135.06, 58.34], [-135.09, 58.24], [-135.30, 58.25], [-135.44, 58.37], [-135.57, 58.41], [-135.89, 58.40], [-135.86, 58.57], [-136.04, 58.82], [-135.82, 58.89], [-136.01, 58.87], [-136.15, 59.04], [-136.12, 58.81], [-136.22, 58.76], [-136.45, 58.84], [-136.56, 58.94], [-136.98, 59.03], [-136.94, 58.93], [-137.05, 58.87], [-136.87, 58.88], [-136.61, 58.80], [-136.41, 58.70], [-136.48, 58.61], [-136.22, 58.60], [-136.06, 58.45], [-136.08, 58.36], [-136.46, 58.32], [-136.60, 58.24], [-137.54, 58.58], [-138.02, 58.94], [-138.56, 59.12], [-138.51, 59.16], [-138.88, 59.23], [-139.79, 59.54], [-139.61, 59.61], [-139.51, 59.69], [-139.58, 59.84], [-139.51, 59.95], [-139.33, 59.87], [-139.28, 59.61], [-139.22, 59.81], [-138.98, 59.83], [-139.24, 59.89], [-139.43, 60.01], [-139.51, 60.01], [-139.91, 59.80], [-140.41, 59.71], [-140.84, 59.74], [-141.40, 59.90], [-141.28, 60.00], [-141.40, 60.11], [-141.44, 60.01], [-141.67, 59.96], [-142.94, 60.09], [-144.14, 60.01], [-144.08, 60.08], [-144.18, 60.15], [-144.64, 60.22], [-144.90, 60.33], [-144.82, 60.53], [-144.69, 60.66], [-145.24, 60.38], [-145.89, 60.47], [-145.67, 60.65], [-146.14, 60.66], [-146.18, 60.73], [-146.25, 60.74], [-146.50, 60.70], [-146.57, 60.72], [-146.39, 60.81], [-146.60, 60.87], [-146.63, 60.99], [-146.59, 61.05], [-146.28, 61.11], [-146.38, 61.13], [-146.58, 61.12], [-146.98, 60.97], [-147.19, 60.99], [-147.36, 60.91], [-147.56, 60.99], [-147.65, 60.90], [-147.80, 60.88], [-148.00, 60.96], [-147.75, 61.21], [-148.04, 61.08], [-148.34, 61.06], [-148.41, 61.01], [-148.20, 61.02], [-148.34, 60.85], [-148.55, 60.80], [-148.26, 60.69], [-148.28, 60.60], [-148.50, 60.56], [-148.64, 60.48], [-148.11, 60.57], [-147.96, 60.48], [-148.18, 60.39], [-148.19, 60.16], [-148.33, 60.12], [-148.43, 59.98], [-148.75, 59.94], [-149.12, 60.03], [-149.26, 59.99], [-149.39, 60.10], [-149.59, 59.77], [-149.71, 59.91], [-149.79, 59.85], [-149.78, 59.75], [-150.00, 59.78], [-149.96, 59.69], [-150.19, 59.56], [-150.60, 59.56], [-150.67, 59.42], [-150.93, 59.24], [-151.18, 59.30], [-151.17, 59.23], [-151.73, 59.18], [-151.94, 59.26], [-151.93, 59.34], [-151.84, 59.40], [-151.39, 59.51], [-151.04, 59.77], [-151.45, 59.65], [-151.76, 59.7], [-151.85, 59.78], [-151.73, 59.98], [-151.39, 60.27], [-151.31, 60.46], [-151.35, 60.65], [-151.32, 60.74], [-150.44, 61.02], [-150.11, 60.93], [-149.63, 60.95], [-149.07, 60.87], [-149.14, 60.93], [-149.59, 60.99], [-150.05, 61.17], [-149.89, 61.23], [-149.73, 61.36], [-149.32, 61.49], [-149.43, 61.50], [-149.69, 61.47], [-149.97, 61.27], [-150.47, 61.25], [-150.56, 61.30], [-150.94, 61.19], [-151.15, 61.08], [-151.73, 60.91], [-151.78, 60.83], [-151.75, 60.75], [-151.99, 60.68], [-152.27, 60.52], [-152.30, 60.45], [-152.26, 60.40], [-152.36, 60.33], [-152.65, 60.23], [-153.02, 60.29], [-152.66, 60.12], [-152.62, 60.04], [-152.66, 59.99], [-152.75, 59.92], [-153.21, 59.84], [-153.02, 59.79], [-153.09, 59.70], [-153.36, 59.65], [-153.36, 59.72], [-153.41, 59.74], [-153.65, 59.64], [-153.60, 59.61], [-153.75, 59.50], [-154.08, 59.36], [-154.17, 59.15], [-153.41, 58.95], [-153.32, 58.88], [-153.43, 58.75], [-153.86, 58.58], [-154.01, 58.49], [-154.08, 58.36], [-154.28, 58.30], [-154.20, 58.28], [-154.24, 58.15], [-154.57, 58.11], [-154.58, 58.05], [-155.00, 58.01], [-155.14, 57.88], [-155.59, 57.73], [-155.77, 57.56], [-156.00, 57.54], [-156.05, 57.44], [-156.24, 57.44], [-156.43, 57.35], [-156.47, 57.32], [-156.40, 57.20], [-156.62, 57.00], [-156.77, 57.00], [-157.13, 56.82], [-157.44, 56.79], [-157.57, 56.63], [-157.86, 56.64], [-158.07, 56.55], [-157.92, 56.52], [-158.41, 56.43], [-158.55, 56.31], [-158.38, 56.30], [-158.27, 56.19], [-158.47, 56.07], [-158.52, 56.07], [-158.54, 56.16], [-158.59, 56.18], [-158.78, 55.98], [-159.52, 55.81], [-159.56, 55.69], [-159.65, 55.62], [-159.67, 55.82], [-159.77, 55.84], [-160.37, 55.63], [-160.49, 55.53], [-160.62, 55.55], [-160.77, 55.48], [-160.89, 55.51], [-161.17, 55.38], [-161.46, 55.38], [-161.47, 55.46], [-161.41, 55.53], [-161.20, 55.54], [-161.35, 55.61], [-161.51, 55.61], [-161.65, 55.56], [-161.74, 55.39], [-162.07, 55.13], [-162.38, 55.05], [-162.45, 55.07], [-162.41, 55.10], [-162.49, 55.20], [-162.63, 55.24], [-162.61, 55.03], [-162.67, 54.99], [-162.86, 54.95], [-162.99, 55.04], [-163.11, 55.06], [-163.13, 54.91], [-163.33, 54.83], [-163.27, 55.12], [-163.11, 55.19], [-162.90, 55.19], [-162.15, 55.71], [-161.69, 55.90], [-161.21, 56.02], [-161.17, 56.01], [-161.22, 55.97], [-161.19, 55.95], [-160.89, 55.99], [-160.90, 55.94], [-161.00, 55.88], [-160.80, 55.75], [-160.74, 55.77], [-160.75, 55.85], [-160.70, 55.87], [-160.29, 55.80], [-160.30, 55.86], [-160.53, 56.00], [-160.30, 56.31], [-159.78, 56.56], [-159.28, 56.68], [-158.91, 56.88], [-158.89, 56.81], [-158.67, 56.79], [-158.66, 57.03], [-158.32, 57.29], [-157.84, 57.52], [-157.46, 57.50], [-157.57, 57.54], [-157.69, 57.67], [-157.61, 58.05], [-157.55, 58.13], [-157.19, 58.19], [-157.48, 58.25], [-157.52, 58.42], [-157.22, 58.64], [-156.97, 58.73], [-157.04, 58.77], [-156.80, 59.13], [-157.14, 58.87], [-158.19, 58.61], [-158.30, 58.64], [-158.50, 58.85], [-158.42, 58.99], [-158.08, 58.97], [-158.42, 59.08], [-158.51, 59.07], [-158.67, 58.92], [-158.80, 58.97], [-158.77, 58.90], [-158.86, 58.71], [-158.77, 58.52], [-158.78, 58.44], [-158.95, 58.40], [-159.67, 58.91], [-159.92, 58.81], [-160.15, 58.90], [-160.36, 59.05], [-160.81, 58.87], [-161.24, 58.79], [-161.36, 58.66], [-161.75, 58.61], [-162.14, 58.64], [-161.72, 58.79], [-161.78, 59.01], [-161.64, 59.10], [-161.89, 59.07], [-161.98, 59.14], [-162.02, 59.28], [-161.87, 59.42], [-161.82, 59.58], [-162.24, 60.17], [-162.42, 60.28], [-162.13, 60.61], [-161.94, 60.68], [-162.13, 60.68], [-162.46, 60.39], [-162.68, 60.26], [-162.52, 60.19], [-162.50, 60.12], [-162.57, 59.98], [-162.73, 59.99], [-163.21, 59.84], [-163.90, 59.80], [-164.14, 59.89], [-164.13, 59.99], [-164.47, 60.14], [-164.66, 60.30], [-164.79, 60.30], [-165.06, 60.41], [-165.02, 60.50], [-165.35, 60.54], [-165.01, 60.74], [-164.89, 60.87], [-164.80, 60.89], [-164.31, 60.77], [-164.26, 60.72], [-164.37, 60.59], [-163.99, 60.76], [-163.89, 60.74], [-163.72, 60.58], [-163.52, 60.66], [-163.42, 60.75], [-163.90, 60.85], [-163.58, 60.90], [-163.74, 60.96], [-163.99, 60.86], [-165.11, 60.93], [-165.17, 60.96], [-164.86, 61.11], [-165.07, 61.09], [-165.13, 61.13], [-165.12, 61.19], [-165.20, 61.15], [-165.34, 61.19], [-165.24, 61.26], [-165.27, 61.27], [-165.39, 61.21], [-165.38, 61.10], [-165.56, 61.10], [-165.69, 61.29], [-165.86, 61.33], [-165.90, 61.40], [-165.79, 61.49], [-165.84, 61.53], [-166.09, 61.50], [-166.15, 61.54], [-166.16, 61.65], [-165.80, 61.69], [-166.07, 61.80], [-165.61, 61.86], [-165.72, 61.95], [-165.70, 62.10], [-165.19, 62.47], [-164.99, 62.53], [-164.75, 62.49], [-164.84, 62.58], [-164.68, 62.60], [-164.58, 62.70], [-164.79, 62.62], [-164.84, 62.80], [-164.79, 62.91], [-164.67, 63.02], [-164.38, 63.03], [-164.52, 63.12], [-164.40, 63.21], [-163.94, 63.24], [-163.61, 63.12], [-163.73, 63.01], [-163.50, 63.10], [-163.28, 63.04], [-162.94, 63.11], [-162.62, 63.26], [-162.28, 63.52], [-162.11, 63.53], [-161.97, 63.45], [-161.50, 63.46], [-161.26, 63.49], [-160.92, 63.66], [-160.77, 63.81], [-160.98, 64.25], [-161.22, 64.39], [-161.49, 64.43], [-161.41, 64.52], [-161.19, 64.51], [-160.93, 64.57], [-160.83, 64.68], [-160.88, 64.79], [-161.13, 64.92], [-161.46, 64.79], [-161.75, 64.81], [-161.86, 64.74], [-162.33, 64.61], [-162.71, 64.37], [-162.80, 64.37], [-162.87, 64.51], [-163.20, 64.65], [-163.30, 64.60], [-163.05, 64.51], [-163.14, 64.42], [-163.71, 64.58], [-164.30, 64.58], [-164.69, 64.50], [-164.76, 64.52], [-164.97, 64.45], [-166.14, 64.58], [-166.32, 64.62], [-166.48, 64.72], [-166.47, 64.79], [-166.40, 64.82], [-166.41, 64.92], [-166.55, 64.95], [-166.92, 65.15], [-166.53, 65.15], [-166.45, 65.24], [-166.12, 65.26], [-166.15, 65.28], [-167.40, 65.42], [-167.98, 65.56], [-168.08, 65.65], [-167.93, 65.74], [-167.91, 65.68], [-167.58, 65.75], [-167.40, 65.85], [-167.07, 65.87], [-166.74, 66.05], [-166.39, 66.14], [-165.62, 66.13], [-165.56, 66.16], [-165.84, 66.24], [-165.81, 66.28], [-165.44, 66.40], [-165.06, 66.43], [-164.46, 66.58], [-163.72, 66.61], [-163.63, 66.57], [-163.89, 66.57], [-163.77, 66.53], [-163.90, 66.37], [-163.89, 66.28], [-164.03, 66.21], [-163.69, 66.08], [-162.88, 66.09], [-162.58, 66.05], [-161.93, 66.04], [-161.81, 66.05], [-161.45, 66.28], [-161.20, 66.21], [-161.10, 66.23], [-161.03, 66.18], [-161.12, 66.33], [-161.54, 66.40], [-161.82, 66.37], [-161.91, 66.41], [-161.88, 66.49], [-162.19, 66.69], [-162.46, 66.73], [-162.60, 66.89], [-162.36, 66.94], [-162.25, 66.91], [-162.13, 66.80], [-162.01, 66.78], [-162.05, 66.66], [-161.90, 66.55], [-161.59, 66.45], [-161.15, 66.49], [-160.65, 66.37], [-160.23, 66.42], [-160.26, 66.57], [-160.36, 66.61], [-160.64, 66.60], [-160.86, 66.67], [-161.39, 66.55], [-161.85, 66.70], [-161.87, 66.80], [-161.62, 66.97], [-161.71, 67.02], [-162.39, 67.01], [-162.40, 67.10], [-162.58, 67.01], [-163.53, 67.10], [-163.72, 67.19], [-163.94, 67.47], [-164.12, 67.60], [-165.38, 68.04], [-165.95, 68.15], [-166.23, 68.27], [-166.78, 68.35], [-166.54, 68.42], [-166.64, 68.37], [-166.57, 68.36], [-166.38, 68.42], [-166.18, 68.79], [-166.20, 68.88], [-165.50, 68.86], [-164.30, 68.93], [-163.86, 69.03], [-163.53, 69.17], [-163.16, 69.38], [-163.09, 69.61], [-162.95, 69.75], [-161.88, 70.33], [-161.76, 70.25], [-162.07, 70.16], [-160.99, 70.30], [-160.11, 70.59], [-159.96, 70.56], [-160.10, 70.47], [-160.00, 70.44], [-160.09, 70.33], [-159.90, 70.33], [-159.86, 70.27], [-159.81, 70.49], [-159.38, 70.52], [-159.74, 70.53], [-159.96, 70.63], [-160.08, 70.63], [-159.68, 70.78], [-159.31, 70.87], [-159.19, 70.85], [-159.33, 70.78], [-159.25, 70.74], [-158.99, 70.80], [-157.90, 70.86], [-157.32, 71.03], [-156.78, 71.31], [-156.47, 71.40], [-156.39, 71.39], [-156.56, 71.34], [-156.46, 71.29], [-155.64, 71.18], [-155.57, 71.12], [-155.80, 70.99], [-156.14, 70.92], [-155.97, 70.84], [-155.57, 70.89], [-155.16, 71.09], [-154.94, 71.08], [-154.67, 70.98], [-154.78, 70.89], [-154.19, 70.80], [-153.91, 70.87], [-153.23, 70.93], [-152.30, 70.84], [-152.23, 70.81], [-152.43, 70.73], [-152.47, 70.65], [-152.17, 70.55], [-151.76, 70.56], [-151.94, 70.45], [-151.22, 70.41], [-150.66, 70.50], [-150.27, 70.43], [-149.87, 70.50], [-149.26, 70.50], [-148.68, 70.41], [-148.47, 70.31], [-148.14, 70.35], [-147.86, 70.30], [-147.70, 70.21], [-145.82, 70.16], [-145.19, 70.00], [-144.61, 69.98], [-144.41, 70.03], [-143.21, 70.11], [-142.70, 70.03], [-142.29, 69.86], [-141.69, 69.77], [-141.40, 69.65], [-141.00, 69.65], [-141.00, 60.30], [-140.52, 60.21], [-140.45, 60.29], [-139.97, 60.18], [-139.67, 60.32], [-139.07, 60.34], [-139.18, 60.08], [-139.04, 59.99], [-138.70, 59.90], [-138.63, 59.77], [-137.59, 59.22], [-137.48, 58.99], [-137.52, 58.91], [-137.43, 58.90], [-136.81, 59.15], [-136.57, 59.15], [-136.46, 59.27], [-136.46, 59.45], [-136.34, 59.45], [-136.24, 59.53], [-136.32, 59.60], [-135.47, 59.79], [-135.05, 59.57], [-135.07, 59.44], [-134.94, 59.28], [-134.44, 59.08], [-134.29, 58.89], [-133.82, 58.70], [-133.40, 58.41], [-133.42, 58.33], [-132.23, 57.19], [-132.33, 57.07], [-132.03, 57.02], [-132.10, 56.85], [-131.86, 56.79], [-131.82, 56.58], [-131.57, 56.59], [-131.08, 56.40], [-130.74, 56.34], [-130.64, 56.26], [-130.47, 56.23], [-130.41, 56.12], [-130.21, 56.08], [-130.09, 56.10], [-130.02, 56.01], [-130.02, 55.88]]], [[[-163.47, 54.98], [-163.37, 54.81], [-163.08, 54.66], [-163.35, 54.73], [-163.58, 54.62], [-164.07, 54.62], [-164.23, 54.57], [-164.40, 54.44], [-164.59, 54.40], [-164.82, 54.41], [-164.90, 54.54], [-164.88, 54.60], [-164.70, 54.69], [-164.47, 54.90], [-164.27, 54.90], [-163.80, 55.04], [-163.60, 55.05], [-163.47, 54.98]]], [[[-133.30, 55.54], [-133.28, 55.49], [-133.65, 55.26], [-133.63, 55.41], [-133.73, 55.49], [-133.63, 55.53], [-133.30, 55.54]]], [[[-131.33, 55.07], [-131.23, 54.90], [-131.40, 54.89], [-131.48, 55.03], [-131.59, 55.02], [-131.57, 55.24], [-131.40, 55.21], [-131.33, 55.07]]], [[[-132.11, 56.10], [-132.13, 55.94], [-132.36, 55.93], [-132.45, 56.05], [-132.65, 56.07], [-132.69, 56.19], [-132.59, 56.24], [-132.37, 56.49], [-132.31, 56.48], [-132.06, 56.24], [-132.11, 56.10]]], [[[-130.97, 55.48], [-131.08, 55.26], [-131.18, 55.20], [-131.42, 55.27], [-131.44, 55.40], [-131.64, 55.29], [-131.76, 55.16], [-131.81, 55.22], [-131.84, 55.41], [-131.64, 55.58], [-131.62, 55.83], [-131.26, 55.95], [-130.99, 55.72], [-130.97, 55.48]]], [[[-133.36, 57.00], [-133.07, 56.97], [-132.95, 56.88], [-132.95, 56.67], [-133.00, 56.62], [-133.32, 56.83], [-133.15, 56.61], [-133.18, 56.47], [-133.60, 56.46], [-133.64, 56.51], [-133.68, 56.79], [-133.97, 57.00], [-133.86, 57.06], [-133.36, 57.00]]], [[[-132.86, 54.89], [-132.77, 54.92], [-132.61, 54.89], [-132.70, 54.68], [-133.00, 54.85], [-133.25, 55.17], [-133.41, 55.21], [-133.42, 55.30], [-133.29, 55.32], [-133.09, 55.21], [-132.86, 54.89]]], [[[-146.39, 60.44], [-146.10, 60.41], [-146.59, 60.26], [-146.70, 60.39], [-146.56, 60.48], [-146.39, 60.44]]], [[[-147.73, 59.81], [-147.87, 59.82], [-147.76, 59.94], [-147.33, 60.18], [-147.18, 60.35], [-146.95, 60.28], [-147.31, 60.07], [-147.49, 59.89], [-147.73, 59.81]]], [[[-147.65, 60.45], [-147.73, 60.22], [-147.81, 60.18], [-147.80, 60.23], [-147.87, 60.22], [-147.89, 60.29], [-147.79, 60.45], [-147.76, 60.43], [-147.68, 60.49], [-147.65, 60.45]]], [[[-147.93, 60.82], [-148.05, 60.81], [-148.12, 60.84], [-148.10, 60.91], [-148.03, 60.92], [-147.96, 60.90], [-147.93, 60.82]]], [[[-153.00, 57.12], [-153.15, 57.09], [-153.29, 57.00], [-153.37, 57.05], [-153.28, 57.18], [-152.90, 57.15], [-153.00, 57.12]]], [[[-152.48, 58.48], [-152.63, 58.54], [-152.46, 58.61], [-152.36, 58.61], [-152.36, 58.57], [-152.48, 58.48]]], [[[-153.24, 57.85], [-153.29, 57.82], [-153.52, 57.95], [-153.34, 57.93], [-153.24, 57.85]]], [[[-155.56, 55.82], [-155.68, 55.79], [-155.73, 55.82], [-155.59, 55.92], [-155.56, 55.82]]], [[[-154.68, 56.43], [-154.77, 56.43], [-154.62, 56.56], [-154.51, 56.60], [-154.44, 56.57], [-154.68, 56.43]]], [[[-154.20, 56.51], [-154.33, 56.53], [-154.32, 56.57], [-154.11, 56.60], [-154.11, 56.54], [-154.20, 56.51]]], [[[-160.68, 55.31], [-160.55, 55.38], [-160.58, 55.30], [-160.48, 55.18], [-160.79, 55.14], [-160.83, 55.33], [-160.72, 55.40], [-160.67, 55.37], [-160.68, 55.31]]], [[[-162.29, 54.84], [-162.39, 54.87], [-162.43, 54.93], [-162.26, 54.98], [-162.23, 54.93], [-162.29, 54.84]]], [[[-162.55, 54.40], [-162.73, 54.40], [-162.82, 54.49], [-162.64, 54.46], [-162.55, 54.40]]], [[[-159.87, 55.12], [-160.16, 54.94], [-160.22, 54.92], [-160.15, 55.03], [-160.17, 55.12], [-159.98, 55.19], [-159.92, 55.26], [-159.87, 55.26], [-159.89, 55.22], [-159.83, 55.18], [-159.87, 55.12]]], [[[-165.84, 54.07], [-166.03, 54.04], [-166.10, 54.14], [-165.89, 54.20], [-165.69, 54.09], [-165.84, 54.07]]], [[[-165.56, 54.13], [-165.61, 54.13], [-165.65, 54.25], [-165.55, 54.28], [-165.40, 54.19], [-165.56, 54.13]]], [[[-160.91, 58.57], [-161.07, 58.56], [-161.13, 58.66], [-160.71, 58.79], [-160.91, 58.57]]], [[[-172.74, 60.45], [-172.38, 60.39], [-172.23, 60.29], [-172.63, 60.32], [-173.07, 60.49], [-173.04, 60.56], [-172.92, 60.60], [-172.86, 60.50], [-172.74, 60.45]]], [[[-170.16, 57.18], [-170.26, 57.13], [-170.38, 57.20], [-170.11, 57.24], [-170.16, 57.18]]], [[[-169.69, 52.84], [-169.72, 52.79], [-169.99, 52.82], [-169.82, 52.88], [-169.69, 52.84]]], [[[-170.73, 52.58], [-170.79, 52.54], [-170.82, 52.60], [-170.68, 52.69], [-170.58, 52.66], [-170.61, 52.60], [-170.73, 52.58]]], [[[-172.46, 52.27], [-172.61, 52.27], [-172.47, 52.38], [-172.31, 52.32], [-172.46, 52.27]]], [[[-169.75, 56.63], [-169.55, 56.62], [-169.47, 56.59], [-169.63, 56.54], [-169.75, 56.63]]], [[[-176.28, 51.79], [-176.34, 51.73], [-176.41, 51.84], [-176.37, 51.86], [-176.28, 51.79]]], [[[-176.02, 52.00], [-176.14, 52.00], [-176.18, 52.05], [-176.07, 52.09], [-175.97, 52.02], [-176.02, 52.00]]], [[[-177.14, 51.71], [-177.65, 51.67], [-177.67, 51.70], [-177.25, 51.80], [-177.11, 51.92], [-177.06, 51.90], [-177.14, 51.71]]], [[[178.57, 51.91], [178.51, 51.89], [178.47, 51.96], [178.57, 51.97], [178.60, 51.95], [178.57, 51.91]]], [[[179.45, 51.37], [179.27, 51.37], [178.64, 51.64], [178.90, 51.61], [179.45, 51.37]]], [[[173.72, 52.35], [173.61, 52.39], [173.40, 52.40], [173.65, 52.50], [173.77, 52.49], [173.72, 52.35]]], [[[-134.96, 57.35], [-134.82, 57.15], [-134.62, 56.71], [-134.61, 56.60], [-134.65, 56.52], [-134.63, 56.30], [-134.68, 56.21], [-134.80, 56.28], [-134.98, 56.51], [-134.88, 56.67], [-135.01, 56.66], [-135.15, 56.72], [-135.16, 56.82], [-135.33, 56.82], [-135.31, 56.93], [-135.19, 57.02], [-135.34, 57.08], [-135.37, 57.18], [-135.45, 57.24], [-135.50, 57.24], [-135.66, 57.03], [-135.81, 57.00], [-135.76, 57.10], [-135.82, 57.28], [-135.62, 57.35], [-135.44, 57.53], [-135.34, 57.53], [-134.96, 57.35]]], [[[-134.68, 58.16], [-134.24, 58.14], [-133.96, 57.87], [-133.82, 57.62], [-133.92, 57.67], [-134.18, 58.01], [-134.30, 58.03], [-134.26, 57.88], [-133.93, 57.58], [-133.92, 57.49], [-133.97, 57.45], [-133.90, 57.36], [-134.10, 57.30], [-134.26, 57.14], [-134.43, 57.05], [-134.55, 57.05], [-134.61, 57.13], [-134.48, 57.48], [-134.65, 57.63], [-134.78, 58.07], [-134.92, 58.35], [-134.68, 58.16]]], [[[-135.73, 58.24], [-135.58, 58.14], [-135.61, 58.05], [-135.69, 58.03], [-135.61, 57.99], [-135.34, 58.12], [-134.95, 58.01], [-134.92, 57.95], [-134.97, 57.81], [-135.23, 57.81], [-135.33, 57.76], [-134.97, 57.72], [-134.87, 57.58], [-134.93, 57.48], [-135.56, 57.66], [-135.60, 57.65], [-135.61, 57.48], [-135.69, 57.41], [-135.91, 57.44], [-136.07, 57.67], [-136.56, 57.97], [-136.51, 58.09], [-136.36, 58.14], [-136.32, 58.21], [-136.14, 58.09], [-136.09, 58.19], [-135.78, 58.26], [-135.73, 58.24]]], [[[-133.56, 56.33], [-133.20, 56.31], [-133.08, 56.19], [-133.09, 56.09], [-132.75, 55.99], [-132.59, 55.89], [-132.43, 55.68], [-132.17, 55.48], [-132.51, 55.59], [-132.63, 55.47], [-132.41, 55.48], [-132.16, 55.32], [-132.20, 55.22], [-131.97, 55.20], [-131.98, 54.80], [-132.02, 54.72], [-132.18, 54.73], [-132.34, 54.90], [-132.54, 54.95], [-132.62, 55.13], [-132.70, 55.13], [-132.70, 55.03], [-132.78, 55.04], [-133.11, 55.32], [-132.95, 55.39], [-133.08, 55.50], [-133.03, 55.58], [-133.29, 55.60], [-133.36, 55.68], [-133.55, 55.69], [-133.68, 55.78], [-133.58, 55.83], [-133.41, 55.79], [-133.24, 55.92], [-133.28, 56.01], [-133.37, 56.03], [-133.68, 55.94], [-133.74, 55.96], [-133.75, 55.99], [-133.53, 56.14], [-133.59, 56.21], [-133.56, 56.33]]], [[[-133.98, 56.84], [-133.92, 56.77], [-133.83, 56.78], [-133.73, 56.65], [-133.85, 56.58], [-133.88, 56.29], [-133.94, 56.12], [-134.18, 56.07], [-134.24, 56.20], [-134.19, 56.41], [-134.08, 56.45], [-134.29, 56.58], [-134.27, 56.61], [-134.38, 56.72], [-134.37, 56.83], [-134.27, 56.91], [-134.14, 56.93], [-133.98, 56.84]]], [[[-152.41, 58.36], [-152.31, 58.41], [-152.12, 58.37], [-152.07, 58.31], [-151.97, 58.30], [-151.98, 58.24], [-152.10, 58.16], [-152.26, 58.25], [-152.33, 58.20], [-152.30, 58.13], [-152.53, 58.10], [-152.59, 58.16], [-152.68, 58.06], [-152.92, 57.99], [-153.38, 58.08], [-152.97, 58.29], [-152.77, 58.27], [-152.76, 58.34], [-152.84, 58.41], [-152.61, 58.44], [-152.41, 58.36]]], [[[-167.96, 53.34], [-168.27, 53.23], [-168.50, 53.04], [-169.08, 52.83], [-168.79, 53.04], [-168.77, 53.14], [-168.68, 53.22], [-168.38, 53.28], [-168.39, 53.40], [-168.28, 53.50], [-168.07, 53.55], [-167.82, 53.50], [-167.86, 53.38], [-167.96, 53.34]]], [[[-166.61, 53.90], [-166.57, 53.85], [-166.49, 53.88], [-166.37, 53.99], [-166.23, 53.93], [-166.48, 53.78], [-166.54, 53.70], [-166.30, 53.69], [-166.77, 53.47], [-167.62, 53.25], [-167.80, 53.32], [-167.13, 53.52], [-167.01, 53.69], [-166.89, 53.69], [-166.81, 53.64], [-166.74, 53.71], [-167.07, 53.78], [-167.11, 53.87], [-167.03, 53.94], [-166.67, 54.00], [-166.62, 53.99], [-166.61, 53.90]]], [[[-173.55, 52.13], [-173.35, 52.09], [-173.02, 52.07], [-173.83, 52.04], [-173.99, 52.12], [-173.55, 52.13]]], [[[-174.67, 52.03], [-175.29, 52.02], [-174.30, 52.21], [-174.25, 52.26], [-174.43, 52.31], [-174.16, 52.42], [-174.01, 52.33], [-174.05, 52.24], [-174.17, 52.20], [-174.12, 52.13], [-174.67, 52.03]]], [[[-176.59, 51.86], [-176.58, 51.83], [-176.43, 51.82], [-176.45, 51.73], [-176.77, 51.62], [-176.83, 51.67], [-176.96, 51.60], [-176.87, 51.79], [-176.73, 51.83], [-176.69, 51.98], [-176.54, 51.94], [-176.59, 51.86]]], [[[-177.87, 51.64], [-177.92, 51.61], [-178.05, 51.67], [-177.98, 51.76], [-178.19, 51.88], [-177.95, 51.91], [-177.79, 51.84], [-177.64, 51.82], [-177.77, 51.77], [-177.87, 51.64]]], [[[179.72, 51.90], [179.54, 51.89], [179.50, 51.97], [179.62, 52.03], [179.77, 51.96], [179.72, 51.90]]], [[[177.41, 51.88], [177.32, 51.84], [177.25, 51.90], [177.52, 52.01], [177.56, 52.11], [177.66, 52.10], [177.59, 51.94], [177.41, 51.88]]], [[[172.81, 53.01], [173.10, 52.99], [173.43, 52.85], [173.08, 52.81], [172.93, 52.75], [172.77, 52.79], [172.72, 52.88], [172.49, 52.93], [172.81, 53.01]]], [[[-155.58, 19.01], [-155.68, 18.96], [-155.88, 19.07], [-155.89, 19.38], [-156.04, 19.74], [-155.82, 20.01], [-155.89, 20.16], [-155.83, 20.27], [-155.19, 19.99], [-155.08, 19.87], [-155.06, 19.74], [-154.98, 19.73], [-154.95, 19.64], [-154.80, 19.52], [-155.05, 19.31], [-155.30, 19.26], [-155.53, 19.10], [-155.58, 19.01]]], [[[-157.21, 21.21], [-156.95, 21.19], [-156.71, 21.15], [-156.85, 21.05], [-157.29, 21.11], [-157.24, 21.22], [-157.21, 21.21]]], [[[-156.48, 20.93], [-156.27, 20.95], [-155.98, 20.75], [-156.10, 20.64], [-156.40, 20.60], [-156.48, 20.80], [-156.61, 20.82], [-156.69, 20.94], [-156.65, 21.02], [-156.58, 21.03], [-156.48, 20.93]]], [[[-157.79, 21.45], [-157.72, 21.45], [-157.63, 21.30], [-157.79, 21.26], [-157.90, 21.34], [-157.95, 21.32], [-157.97, 21.37], [-158.01, 21.36], [-157.98, 21.31], [-158.11, 21.31], [-158.27, 21.58], [-158.12, 21.60], [-157.96, 21.70], [-157.79, 21.45]]], [[[-159.37, 21.93], [-159.46, 21.87], [-159.60, 21.90], [-159.78, 22.04], [-159.72, 22.14], [-159.57, 22.22], [-159.35, 22.21], [-159.30, 22.10], [-159.37, 21.93]]], [[[-160.18, 21.84], [-160.23, 21.80], [-160.22, 21.89], [-160.10, 22.01], [-160.04, 22.00], [-160.08, 21.90], [-160.18, 21.84]]], [[[-156.84, 20.77], [-156.97, 20.75], [-157.05, 20.91], [-156.88, 20.90], [-156.80, 20.83], [-156.84, 20.77]]], [[[-74.70, 45.00], [-71.51, 45.00], [-71.32, 45.29], [-71.13, 45.26], [-70.99, 45.33], [-70.86, 45.27], [-70.79, 45.40], [-70.68, 45.42], [-70.70, 45.55], [-70.42, 45.73], [-70.29, 45.90], [-70.24, 46.25], [-70.06, 46.44], [-70.00, 46.70], [-69.24, 47.46], [-69.05, 47.42], [-69.04, 47.27], [-68.93, 47.21], [-68.23, 47.34], [-67.80, 47.08], [-67.76, 45.92], [-67.80, 45.72], [-67.59, 45.62], [-67.43, 45.60], [-67.42, 45.53], [-67.49, 45.47], [-67.42, 45.37], [-67.47, 45.27], [-67.31, 45.15], [-67.24, 45.20], [-67.12, 45.16], [-67.08, 44.98], [-67.10, 44.88], [-66.98, 44.82], [-67.19, 44.67], [-67.36, 44.69], [-67.55, 44.64], [-67.65, 44.56], [-67.83, 44.57], [-67.90, 44.45], [-67.96, 44.46], [-68.05, 44.38], [-68.15, 44.50], [-68.27, 44.50], [-68.37, 44.44], [-68.45, 44.50], [-68.53, 44.25], [-68.81, 44.33], [-68.71, 44.44], [-68.79, 44.45], [-68.76, 44.57], [-68.96, 44.43], [-68.95, 44.34], [-69.13, 44.03], [-69.22, 43.98], [-69.34, 44.00], [-69.52, 43.89], [-69.55, 43.98], [-69.62, 43.88], [-69.65, 43.99], [-69.72, 43.85], [-69.79, 43.91], [-69.80, 43.77], [-69.87, 43.81], [-69.97, 43.78], [-69.96, 43.85], [-70.06, 43.83], [-70.26, 43.67], [-70.20, 43.62], [-70.52, 43.34], [-70.64, 43.13], [-70.73, 43.07], [-70.82, 42.82], [-70.73, 42.66], [-70.62, 42.67], [-70.61, 42.62], [-70.83, 42.55], [-71.04, 42.33], [-70.73, 42.22], [-70.61, 42.04], [-70.65, 41.98], [-70.54, 41.93], [-70.51, 41.80], [-70.42, 41.75], [-70.29, 41.72], [-70.00, 41.82], [-70.11, 42.03], [-70.19, 42.03], [-70.24, 42.09], [-70.10, 42.07], [-69.97, 41.96], [-69.94, 41.67], [-70.40, 41.62], [-70.65, 41.53], [-70.66, 41.71], [-70.70, 41.71], [-70.97, 41.54], [-71.16, 41.48], [-71.20, 41.64], [-71.14, 41.74], [-71.27, 41.68], [-71.39, 41.79], [-71.36, 41.70], [-71.42, 41.63], [-71.44, 41.45], [-71.52, 41.37], [-72.47, 41.27], [-72.92, 41.28], [-73.58, 41.02], [-73.98, 40.75], [-73.87, 41.05], [-73.88, 41.17], [-73.96, 41.24], [-73.91, 41.13], [-73.92, 40.91], [-74.26, 40.52], [-74.24, 40.45], [-73.99, 40.45], [-73.97, 40.40], [-74.07, 39.78], [-74.06, 39.99], [-74.25, 39.61], [-74.33, 39.53], [-74.40, 39.54], [-74.42, 39.38], [-74.60, 39.29], [-74.79, 39.00], [-74.95, 38.94], [-74.89, 39.14], [-75.13, 39.20], [-75.52, 39.49], [-75.52, 39.60], [-75.42, 39.78], [-75.15, 39.87], [-75.07, 39.98], [-75.17, 39.89], [-75.40, 39.83], [-75.58, 39.64], [-75.57, 39.47], [-75.41, 39.28], [-75.39, 39.09], [-75.18, 38.81], [-75.08, 38.77], [-75.12, 38.63], [-75.18, 38.59], [-75.07, 38.57], [-75.03, 38.42], [-75.07, 38.36], [-75.07, 38.41], [-75.11, 38.40], [-75.16, 38.25], [-75.22, 38.24], [-75.35, 38.06], [-75.59, 37.63], [-75.58, 37.55], [-75.81, 37.42], [-75.93, 37.15], [-75.99, 37.26], [-75.97, 37.39], [-75.88, 37.61], [-75.65, 37.95], [-75.85, 37.97], [-75.79, 38.08], [-75.92, 38.16], [-75.85, 38.36], [-76.05, 38.27], [-76.26, 38.43], [-76.29, 38.49], [-76.26, 38.59], [-76.01, 38.62], [-76.21, 38.75], [-76.27, 38.77], [-76.34, 38.70], [-76.30, 38.81], [-76.16, 38.85], [-76.24, 38.94], [-76.33, 38.90], [-76.31, 39.00], [-76.18, 38.99], [-76.13, 39.08], [-76.13, 39.12], [-76.21, 39.06], [-76.23, 39.19], [-76.07, 39.36], [-75.87, 39.37], [-76.00, 39.41], [-75.87, 39.51], [-75.97, 39.50], [-75.95, 39.58], [-76.06, 39.56], [-76.09, 39.43], [-76.21, 39.37], [-76.24, 39.43], [-76.27, 39.32], [-76.33, 39.40], [-76.42, 39.22], [-76.57, 39.26], [-76.42, 39.12], [-76.47, 39.03], [-76.55, 39.06], [-76.49, 38.94], [-76.53, 38.74], [-76.50, 38.53], [-76.39, 38.36], [-76.57, 38.43], [-76.67, 38.61], [-76.66, 38.53], [-76.64, 38.45], [-76.40, 38.26], [-76.34, 38.08], [-76.45, 38.17], [-76.76, 38.26], [-76.86, 38.39], [-76.88, 38.29], [-77.00, 38.44], [-77.23, 38.40], [-77.22, 38.54], [-77.01, 38.77], [-77.03, 38.88], [-77.04, 38.77], [-77.26, 38.6], [-77.31, 38.39], [-77.27, 38.35], [-77.04, 38.35], [-76.90, 38.19], [-76.54, 38.09], [-76.26, 37.89], [-76.34, 37.67], [-76.49, 37.68], [-76.93, 38.09], [-77.11, 38.16], [-76.54, 37.66], [-76.30, 37.57], [-76.36, 37.53], [-76.26, 37.49], [-76.26, 37.35], [-76.40, 37.38], [-76.39, 37.29], [-76.45, 37.27], [-76.75, 37.50], [-76.61, 37.32], [-76.32, 37.14], [-76.28, 37.05], [-76.40, 36.99], [-76.60, 37.14], [-76.63, 37.22], [-77.00, 37.31], [-77.25, 37.32], [-76.67, 37.17], [-76.63, 37.04], [-76.50, 36.96], [-76.48, 36.89], [-76.24, 36.95], [-75.99, 36.91], [-75.75, 36.22], [-75.53, 35.81], [-75.72, 36.10], [-75.94, 36.65], [-75.99, 36.47], [-75.82, 36.11], [-76.14, 36.27], [-76.15, 36.14], [-76.27, 36.18], [-76.22, 36.11], [-76.38, 36.13], [-76.47, 36.02], [-76.55, 36.01], [-76.67, 36.07], [-76.73, 36.22], [-76.72, 35.95], [-76.06, 35.97], [-76.08, 35.69], [-76.00, 35.72], [-75.97, 35.89], [-75.85, 35.96], [-75.75, 35.84], [-75.77, 35.64], [-76.17, 35.35], [-76.48, 35.39], [-76.57, 35.53], [-76.63, 35.45], [-76.74, 35.43], [-77.03, 35.52], [-76.97, 35.45], [-76.51, 35.27], [-76.62, 35.07], [-76.77, 34.99], [-77.07, 35.15], [-76.97, 35.02], [-76.74, 34.94], [-76.45, 34.98], [-76.36, 34.93], [-76.43, 34.84], [-76.73, 34.70], [-77.13, 34.70], [-77.29, 34.60], [-77.35, 34.62], [-77.41, 34.73], [-77.37, 34.52], [-77.75, 34.28], [-77.86, 34.14], [-77.92, 33.93], [-77.95, 34.16], [-78.01, 33.91], [-78.40, 33.91], [-78.84, 33.72], [-79.13, 33.40], [-79.19, 33.24], [-79.23, 33.31], [-79.22, 33.40], [-79.28, 33.31], [-79.22, 33.18], [-79.27, 33.13], [-79.58, 33.00], [-79.61, 32.90], [-79.80, 32.78], [-79.93, 32.81], [-79.89, 32.72], [-79.94, 32.66], [-80.36, 32.50], [-80.63, 32.51], [-80.47, 32.42], [-80.48, 32.35], [-80.57, 32.28], [-80.64, 32.39], [-80.70, 32.33], [-80.80, 32.44], [-80.79, 32.36], [-80.69, 32.21], [-80.84, 32.11], [-80.92, 31.94], [-81.11, 31.87], [-81.06, 31.78], [-81.19, 31.70], [-81.16, 31.61], [-81.25, 31.53], [-81.17, 31.53], [-81.29, 31.37], [-81.38, 31.35], [-81.28, 31.26], [-81.36, 31.17], [-81.44, 31.19], [-81.46, 31.12], [-81.51, 30.80], [-81.24, 29.79], [-80.9, 29.04], [-80.52, 28.48], [-80.58, 28.27], [-80.45, 27.90], [-80.61, 28.17], [-80.60, 28.52], [-80.69, 28.34], [-80.73, 28.46], [-80.68, 28.57], [-80.76, 28.63], [-80.77, 28.73], [-80.83, 28.75], [-80.74, 28.38], [-80.22, 27.20], [-80.12, 27.08], [-80.05, 26.80], [-80.12, 25.83], [-80.15, 25.87], [-80.30, 25.61], [-80.36, 25.33], [-80.48, 25.22], [-80.73, 25.15], [-81.11, 25.13], [-81.16, 25.22], [-81.13, 25.30], [-80.96, 25.22], [-80.94, 25.26], [-81.11, 25.36], [-81.36, 25.83], [-81.71, 25.98], [-81.81, 26.14], [-81.86, 26.43], [-81.95, 26.48], [-81.82, 26.68], [-81.97, 26.55], [-82.03, 26.55], [-82.06, 26.89], [-82.01, 26.96], [-82.18, 26.93], [-82.18, 26.84], [-82.29, 26.87], [-82.71, 27.49], [-82.63, 27.52], [-82.43, 27.77], [-82.40, 27.86], [-82.44, 27.90], [-82.52, 27.87], [-82.63, 27.98], [-82.67, 27.96], [-82.59, 27.87], [-82.61, 27.77], [-82.74, 27.70], [-82.84, 27.84], [-82.66, 28.48], [-82.65, 28.88], [-82.76, 29.05], [-83.29, 29.45], [-83.69, 29.92], [-84.04, 30.10], [-84.30, 30.06], [-84.38, 29.90], [-84.55, 29.89], [-84.80, 29.77], [-85.31, 29.68], [-85.41, 29.76], [-85.41, 29.84], [-85.31, 29.75], [-85.35, 29.87], [-85.67, 30.12], [-85.62, 30.11], [-85.66, 30.18], [-85.60, 30.28], [-85.74, 30.24], [-85.75, 30.16], [-86.45, 30.39], [-86.12, 30.40], [-86.25, 30.49], [-86.44, 30.49], [-86.67, 30.40], [-87.20, 30.33], [-86.98, 30.43], [-86.99, 30.57], [-87.07, 30.50], [-87.17, 30.53], [-87.28, 30.33], [-87.47, 30.29], [-87.44, 30.39], [-87.62, 30.26], [-88.00, 30.23], [-87.79, 30.29], [-87.92, 30.44], [-87.92, 30.56], [-88.01, 30.69], [-88.13, 30.36], [-88.69, 30.35], [-88.90, 30.41], [-89.32, 30.34], [-89.44, 30.22], [-89.58, 30.16], [-89.95, 30.26], [-90.12, 30.36], [-90.22, 30.37], [-90.33, 30.27], [-90.41, 30.14], [-90.17, 30.02], [-89.73, 30.17], [-89.66, 30.11], [-89.81, 30.00], [-89.74, 29.92], [-89.63, 29.90], [-89.49, 30.05], [-89.40, 30.04], [-89.35, 29.82], [-89.53, 29.77], [-89.59, 29.72], [-89.55, 29.69], [-89.68, 29.67], [-89.72, 29.61], [-89.51, 29.42], [-89.18, 29.33], [-89.01, 29.20], [-89.02, 29.14], [-89.15, 29.01], [-89.23, 29.08], [-89.37, 28.98], [-89.35, 29.07], [-89.44, 29.19], [-89.62, 29.30], [-89.79, 29.33], [-89.87, 29.45], [-90.15, 29.53], [-90.05, 29.43], [-90.05, 29.33], [-90.10, 29.18], [-90.21, 29.10], [-90.30, 29.25], [-90.37, 29.29], [-90.58, 29.27], [-90.67, 29.15], [-90.75, 29.13], [-91.29, 29.28], [-91.23, 29.33], [-91.15, 29.31], [-91.24, 29.45], [-91.24, 29.56], [-91.33, 29.51], [-91.51, 29.55], [-91.67, 29.74], [-91.82, 29.75], [-91.89, 29.83], [-92.13, 29.69], [-92.05, 29.61], [-92.08, 29.59], [-92.26, 29.55], [-92.67, 29.59], [-93.17, 29.77], [-93.69, 29.76], [-93.82, 29.72], [-93.88, 29.81], [-93.80, 29.85], [-93.76, 29.95], [-93.84, 29.97], [-93.94, 29.81], [-93.89, 29.68], [-94.09, 29.67], [-94.75, 29.38], [-94.52, 29.54], [-94.77, 29.54], [-94.72, 29.65], [-94.74, 29.75], [-94.83, 29.75], [-94.88, 29.67], [-95.02, 29.70], [-94.99, 29.53], [-94.88, 29.37], [-95.13, 29.16], [-95.15, 29.07], [-95.27, 28.96], [-95.85, 28.64], [-96.23, 28.48], [-96.01, 28.63], [-96.37, 28.65], [-96.44, 28.59], [-96.57, 28.71], [-96.64, 28.70], [-96.52, 28.48], [-96.42, 28.45], [-96.67, 28.34], [-96.77, 28.42], [-96.83, 28.19], [-96.89, 28.15], [-96.93, 28.22], [-97.15, 28.14], [-97.14, 28.06], [-97.03, 28.09], [-97.07, 27.98], [-97.17, 27.87], [-97.43, 27.83], [-97.28, 27.67], [-97.43, 27.32], [-97.52, 27.31], [-97.76, 27.45], [-97.69, 27.28], [-97.48, 27.23], [-97.47, 27.11], [-97.55, 26.96], [-97.43, 26.48], [-97.21, 26.06], [-97.14, 26.02], [-97.14, 25.96], [-97.28, 25.94], [-97.35, 25.87], [-97.80, 26.04], [-98.27, 26.11], [-99.10, 26.44], [-99.22, 26.76], [-99.45, 27.05], [-99.50, 27.54], [-99.75, 27.72], [-100.11, 28.17], [-100.29, 28.32], [-100.33, 28.50], [-100.75, 29.18], [-101.38, 29.74], [-101.54, 29.80], [-101.99, 29.79], [-102.34, 29.86], [-102.47, 29.76], [-102.61, 29.75], [-102.73, 29.64], [-102.89, 29.21], [-103.08, 29.04], [-103.25, 29.00], [-103.98, 29.32], [-104.40, 29.57], [-104.62, 29.85], [-104.68, 30.13], [-104.91, 30.58], [-106.14, 31.45], [-106.44, 31.76], [-108.21, 31.77], [-108.21, 31.32], [-111.04, 31.32], [-114.83, 32.50], [-114.72, 32.71], [-117.12, 32.53], [-117.13, 32.64], [-117.18, 32.68], [-117.24, 32.66], [-117.31, 33.10], [-117.46, 33.29], [-118.08, 33.72], [-118.41, 33.74], [-118.39, 33.85], [-118.50, 34.01], [-118.83, 34.02], [-119.14, 34.11], [-119.23, 34.16], [-119.26, 34.25], [-119.60, 34.41], [-120.48, 34.47], [-120.64, 34.57], [-120.65, 35.12], [-120.85, 35.20], [-120.89, 35.42], [-121.28, 35.67], [-121.66, 36.15], [-121.87, 36.33], [-121.91, 36.57], [-121.78, 36.73], [-121.80, 36.85], [-121.88, 36.93], [-122.16, 36.99], [-122.39, 37.20], [-122.40, 37.37], [-122.49, 37.54], [-122.51, 37.77], [-122.44, 37.79], [-122.38, 37.78], [-122.36, 37.65], [-122.29, 37.59], [-122.07, 37.47], [-122.38, 37.96], [-122.31, 38.00], [-121.52, 38.05], [-122.03, 38.12], [-122.15, 38.06], [-122.39, 38.14], [-122.48, 38.10], [-122.46, 37.83], [-122.52, 37.82], [-122.93, 38.05], [-122.99, 37.98], [-122.97, 38.22], [-122.87, 38.12], [-122.90, 38.19], [-123.04, 38.30], [-123.12, 38.44], [-123.28, 38.53], [-123.70, 38.90], [-123.71, 39.11], [-123.82, 39.36], [-123.77, 39.51], [-123.83, 39.77], [-124.10, 40.09], [-124.32, 40.25], [-124.37, 40.49], [-124.28, 40.71], [-124.25, 40.74], [-124.22, 40.69], [-124.19, 40.77], [-124.22, 40.77], [-124.13, 40.96], [-124.07, 41.45], [-124.16, 41.71], [-124.24, 41.78], [-124.21, 41.98], [-124.35, 42.12], [-124.42, 42.38], [-124.40, 42.58], [-124.53, 42.81], [-124.34, 43.34], [-124.19, 43.42], [-124.28, 43.40], [-124.14, 43.69], [-124.09, 44.33], [-124.04, 44.42], [-124.05, 44.77], [-123.92, 45.57], [-123.94, 46.14], [-123.98, 46.21], [-123.67, 46.18], [-123.52, 46.22], [-123.40, 46.15], [-123.22, 46.15], [-123.46, 46.27], [-124.07, 46.27], [-124.04, 46.60], [-123.94, 46.43], [-123.88, 46.66], [-124.07, 46.74], [-124.11, 46.86], [-123.84, 46.96], [-124.11, 47.03], [-124.13, 46.95], [-124.37, 47.65], [-124.66, 47.97], [-124.70, 48.38], [-123.97, 48.16], [-123.29, 48.11], [-123.16, 48.15], [-122.97, 48.07], [-122.77, 48.13], [-122.65, 47.88], [-122.77, 47.73], [-122.82, 47.79], [-123.05, 47.55], [-123.13, 47.38], [-123.10, 47.34], [-122.92, 47.40], [-123.06, 47.39], [-123.06, 47.45], [-122.98, 47.55], [-122.60, 47.83], [-122.58, 47.92], [-122.53, 47.91], [-122.52, 47.76], [-122.63, 47.69], [-122.61, 47.61], [-122.67, 47.61], [-122.55, 47.46], [-122.57, 47.29], [-122.70, 47.31], [-122.76, 47.21], [-122.82, 47.33], [-122.91, 47.28], [-123.02, 47.13], [-122.70, 47.11], [-122.60, 47.16], [-122.54, 47.27], [-122.35, 47.37], [-122.40, 47.78], [-122.24, 48.01], [-122.41, 48.18], [-122.39, 48.08], [-122.51, 48.15], [-122.52, 48.22], [-122.40, 48.29], [-122.66, 48.46], [-122.49, 48.50], [-122.51, 48.66], [-122.56, 48.77], [-122.68, 48.79], [-122.78, 48.99], [-95.16, 48.99], [-95.15, 49.36], [-94.85, 49.30], [-94.80, 49.00], [-94.70, 48.80], [-94.62, 48.74], [-94.05, 48.65], [-93.70, 48.52], [-93.46, 48.56], [-93.37, 48.61], [-92.99, 48.61], [-92.50, 48.43], [-92.41, 48.27], [-92.17, 48.33], [-92.00, 48.30], [-91.51, 48.05], [-91.38, 48.05], [-90.91, 48.20], [-90.84, 48.20], [-90.74, 48.10], [-90.09, 48.11], [-89.99, 48.01], [-89.90, 47.99], [-89.45, 47.99], [-88.37, 48.30], [-84.87, 46.89], [-84.77, 46.63], [-84.56, 46.45], [-84.14, 46.54], [-84.08, 46.22], [-83.97, 46.08], [-83.61, 46.11], [-83.46, 45.99], [-83.59, 45.81], [-82.55, 45.34], [-82.13, 43.57], [-82.40, 43.07], [-82.54, 42.62], [-82.86, 42.38], [-83.07, 42.30], [-83.14, 42.14], [-83.14, 41.97], [-83.02, 41.83], [-82.69, 41.67], [-82.43, 41.67], [-81.27, 42.20], [-80.24, 42.36], [-79.03, 42.80], [-78.91, 42.90], [-79.02, 43.01], [-79.05, 43.27], [-79.17, 43.46], [-78.84, 43.58], [-78.45, 43.63], [-76.81, 43.62], [-76.46, 44.05], [-76.15, 44.30], [-75.87, 44.41], [-75.17, 44.89], [-74.85, 45.00], [-74.70, 45.00]]], [[[-72.50, 40.98], [-72.58, 40.92], [-72.18, 41.04], [-72.10, 41.01], [-71.90, 41.06], [-73.19, 40.65], [-73.89, 40.57], [-73.79, 40.64], [-73.87, 40.65], [-74.01, 40.58], [-74.03, 40.63], [-73.87, 40.79], [-73.69, 40.87], [-73.65, 40.83], [-73.57, 40.91], [-72.62, 40.99], [-72.27, 41.15], [-72.50, 40.98]]], [[[-68.18, 44.33], [-68.30, 44.32], [-68.31, 44.24], [-68.41, 44.29], [-68.40, 44.36], [-68.29, 44.45], [-68.23, 44.43], [-68.18, 44.33]]], [[[-74.18, 40.52], [-74.23, 40.51], [-74.18, 40.61], [-74.06, 40.64], [-74.07, 40.58], [-74.18, 40.52]]], [[[-70.50, 41.37], [-70.78, 41.32], [-70.82, 41.35], [-70.61, 41.45], [-70.50, 41.37]]], [[[-71.24, 41.49], [-71.34, 41.46], [-71.23, 41.65], [-71.24, 41.49]]], [[[-69.97, 41.26], [-70.05, 41.24], [-70.23, 41.28], [-70.06, 41.32], [-70.04, 41.39], [-69.97, 41.26]]], [[[-75.63, 35.85], [-75.65, 35.83], [-75.71, 35.94], [-75.64, 35.91], [-75.63, 35.85]]], [[[-75.54, 35.24], [-75.69, 35.22], [-75.53, 35.27], [-75.48, 35.57], [-75.50, 35.76], [-75.46, 35.44], [-75.54, 35.24]]], [[[-75.78, 35.19], [-75.96, 35.11], [-75.98, 35.12], [-75.86, 35.17], [-75.78, 35.19]]], [[[-76.50, 34.64], [-76.43, 34.75], [-76.20, 34.93], [-76.35, 34.80], [-76.50, 34.64]]], [[[-82.03, 26.45], [-82.14, 26.44], [-82.20, 26.54], [-82.11, 26.46], [-82.03, 26.45]]], [[[-82.08, 26.55], [-82.08, 26.49], [-82.16, 26.70], [-82.12, 26.66], [-82.08, 26.55]]], [[[-80.38, 25.14], [-80.58, 24.95], [-80.35, 25.23], [-80.35, 25.29], [-80.25, 25.34], [-80.38, 25.14]]], [[[-91.79, 29.50], [-91.83, 29.48], [-92.00, 29.61], [-91.87, 29.64], [-91.75, 29.56], [-91.79, 29.50]]], [[[-97.01, 27.90], [-96.97, 28.01], [-96.85, 28.13], [-96.83, 28.08], [-97.01, 27.90]]], [[[-96.76, 28.15], [-96.80, 28.14], [-96.75, 28.20], [-96.40, 28.38], [-96.41, 28.33], [-96.76, 28.15]]], [[[-97.35, 27.30], [-97.38, 27.24], [-97.29, 27.52], [-97.06, 27.82], [-97.35, 27.30]]], [[[-95.03, 29.14], [-95.08, 29.13], [-94.82, 29.34], [-94.76, 29.33], [-95.03, 29.14]]], [[[-97.17, 26.15], [-97.18, 26.11], [-97.40, 26.82], [-97.38, 27.19], [-97.35, 26.80], [-97.17, 26.15]]], [[[-120.30, 34.02], [-120.35, 34.02], [-120.44, 34.03], [-120.36, 34.07], [-120.30, 34.02]]], [[[-119.43, 33.21], [-119.54, 33.22], [-119.57, 33.27], [-119.47, 33.27], [-119.43, 33.21]]], [[[-118.35, 32.82], [-118.47, 32.83], [-118.59, 33.01], [-118.55, 33.03], [-118.35, 32.82]]], [[[-120.04, 33.91], [-120.16, 33.91], [-120.25, 34.01], [-120.07, 34.02], [-119.98, 33.97], [-120.04, 33.91]]], [[[-119.88, 34.07], [-119.67, 34.02], [-119.56, 34.05], [-119.54, 34.02], [-119.80, 33.96], [-119.88, 33.99], [-119.91, 34.06], [-119.88, 34.07]]], [[[-118.34, 33.38], [-118.29, 33.31], [-118.44, 33.31], [-118.56, 33.46], [-118.34, 33.38]]], [[[-122.78, 48.67], [-122.83, 48.62], [-122.90, 48.66], [-122.89, 48.59], [-123.00, 48.65], [-122.89, 48.71], [-122.78, 48.67]]], [[[-123.01, 48.50], [-122.98, 48.46], [-123.13, 48.50], [-123.16, 48.60], [-123.11, 48.61], [-123.01, 48.50]]], [[[-122.57, 48.15], [-122.52, 48.02], [-122.50, 48.08], [-122.36, 47.98], [-122.38, 47.92], [-122.55, 47.99], [-122.62, 48.15], [-122.74, 48.22], [-122.62, 48.38], [-122.54, 48.29], [-122.69, 48.22], [-122.57, 48.15]]], [[[-71.36, 41.48], [-71.39, 41.46], [-71.38, 41.57], [-71.35, 41.54], [-71.36, 41.48]]], [[[-74.13, 39.68], [-74.25, 39.52], [-74.10, 39.74], [-74.13, 39.68]]], [[[-75.33, 37.88], [-75.37, 37.87], [-75.09, 38.29], [-75.13, 38.18], [-75.33, 37.88]]], [[[-76.54, 34.65], [-76.60, 34.66], [-76.67, 34.70], [-76.62, 34.69], [-76.54, 34.65]]], [[[-81.33, 24.65], [-81.37, 24.63], [-81.42, 24.75], [-81.32, 24.68], [-81.33, 24.65]]], [[[-80.82, 24.80], [-80.84, 24.80], [-80.78, 24.83], [-80.78, 24.82], [-80.82, 24.80]]], [[[-80.63, 24.90], [-80.66, 24.89], [-80.61, 24.93], [-80.63, 24.90]]], [[[-81.04, 24.71], [-81.13, 24.71], [-80.93, 24.75], [-80.98, 24.72], [-81.04, 24.71]]], [[[-81.41, 30.97], [-81.46, 30.72], [-81.48, 30.89], [-81.41, 30.97]]], [[[-81.56, 24.59], [-81.63, 24.59], [-81.56, 24.68], [-81.53, 24.61], [-81.56, 24.59]]], [[[-80.18, 27.27], [-80.17, 27.20], [-80.43, 27.85], [-80.39, 27.79], [-80.18, 27.27]]], [[[-81.78, 24.54], [-81.81, 24.55], [-81.73, 24.57], [-81.73, 24.55], [-81.78, 24.54]]], [[[-88.88, 29.71], [-88.94, 29.66], [-88.87, 29.75], [-88.88, 29.71]]], [[[-88.55, 30.21], [-88.65, 30.22], [-88.72, 30.26], [-88.57, 30.22], [-88.55, 30.21]]], [[[-88.07, 30.25], [-88.15, 30.23], [-88.31, 30.24], [-88.10, 30.27], [-88.07, 30.25]]], [[[-89.22, 30.08], [-89.22, 30.03], [-89.34, 30.06], [-89.18, 30.16], [-89.22, 30.08]]], [[[-88.82, 29.80], [-88.85, 29.77], [-88.82, 29.92], [-88.86, 30.05], [-88.81, 29.93], [-88.82, 29.80]]], [[[-84.90, 29.64], [-85.00, 29.60], [-85.11, 29.63], [-85.00, 29.62], [-84.73, 29.73], [-84.90, 29.64]]], [[[-122.85, 47.20], [-122.87, 47.18], [-122.91, 47.25], [-122.88, 47.27], [-122.85, 47.20]]], [[[-122.39, 47.39], [-122.50, 47.35], [-122.48, 47.48], [-122.46, 47.48], [-122.39, 47.39]]], [[[-122.49, 47.59], [-122.57, 47.61], [-122.54, 47.70], [-122.50, 47.68], [-122.49, 47.59]]], [[[-122.82, 48.43], [-122.92, 48.45], [-122.91, 48.53], [-122.86, 48.54], [-122.82, 48.43]]], [[[-68.62, 44.19], [-68.70, 44.18], [-68.70, 44.23], [-68.67, 44.25], [-68.62, 44.19]]]]}}, {"type": "Feature", "properties": {}, "geometry": {"type": "MultiPolygon", "coordinates": [[[[-26.26, -58.43], [-26.25, -58.49], [-26.45, -58.41], [-26.30, -58.38], [-26.26, -58.43]]], [[[-37.10, -54.06], [-37.00, -54.11], [-36.92, -54.08], [-36.70, -54.10], [-36.60, -54.18], [-36.64, -54.26], [-36.54, -54.24], [-36.44, -54.30], [-36.32, -54.25], [-36.17, -54.38], [-36.07, -54.55], [-35.89, -54.55], [-35.91, -54.71], [-35.79, -54.76], [-36.08, -54.86], [-36.25, -54.77], [-36.50, -54.51], [-36.73, -54.46], [-36.88, -54.33], [-37.00, -54.34], [-37.49, -54.15], [-37.63, -54.16], [-37.69, -54.13], [-37.68, -54.07], [-37.61, -54.04], [-38.01, -54.00], [-37.38, -53.98], [-37.23, -54.06], [-37.10, -54.06]]]]}}, {"type": "Feature", "properties": {}, "geometry": {"type": "Polygon", "coordinates": [[[72.49, -7.37], [72.42, -7.43], [72.34, -7.26], [72.42, -7.29], [72.44, -7.39], [72.44, -7.22], [72.49, -7.26], [72.49, -7.37]]]}}, {"type": "Feature", "properties": {}, "geometry": {"type": "MultiPolygon", "coordinates": [[[[-5.69, -15.99], [-5.78, -16.00], [-5.70, -15.90], [-5.66, -15.91], [-5.69, -15.99]]], [[[-14.36, -7.97], [-14.41, -7.94], [-14.38, -7.88], [-14.30, -7.93], [-14.36, -7.97]]]]}}, {"type": "Feature", "properties": {}, "geometry": {"type": "Polygon", "coordinates": [[[-128.29, -24.39], [-128.34, -24.37], [-128.33, -24.32], [-128.30, -24.33], [-128.29, -24.39]]]}}, {"type": "Feature", "properties": {}, "geometry": {"type": "Polygon", "coordinates": [[[-63.00, 18.22], [-63.16, 18.17], [-63.02, 18.26], [-62.97, 18.26], [-63.00, 18.22]]]}}, {"type": "Feature", "properties": {}, "geometry": {"type": "MultiPolygon", "coordinates": [[[[-58.85, -51.26], [-58.69, -51.32], [-58.42, -51.32], [-58.37, -51.37], [-58.40, -51.41], [-58.51, -51.42], [-58.50, -51.48], [-58.27, -51.57], [-58.23, -51.57], [-58.28, -51.45], [-58.25, -51.41], [-57.97, -51.38], [-57.80, -51.51], [-57.96, -51.58], [-57.79, -51.63], [-57.83, -51.70], [-58.68, -51.93], [-58.65, -52.09], [-59.19, -52.01], [-59.06, -52.17], [-59.34, -52.19], [-59.39, -52.30], [-59.53, -52.23], [-59.64, -52.13], [-59.64, -52.07], [-59.53, -51.97], [-59.57, -51.92], [-59.26, -51.73], [-59.05, -51.68], [-59.09, -51.49], [-58.88, -51.35], [-58.91, -51.27], [-58.85, -51.26]]], [[[-60.28, -51.46], [-60.14, -51.48], [-59.91, -51.38], [-59.71, -51.43], [-59.46, -51.41], [-59.38, -51.35], [-59.26, -51.42], [-59.92, -51.96], [-60.24, -51.98], [-60.38, -52.15], [-60.68, -52.18], [-60.96, -52.05], [-60.76, -51.94], [-60.59, -51.95], [-60.23, -51.77], [-60.27, -51.71], [-60.50, -51.75], [-60.58, -51.71], [-60.24, -51.63], [-60.50, -51.48], [-60.56, -51.35], [-60.28, -51.46]]], [[[-61.01, -51.78], [-60.87, -51.79], [-60.94, -51.94], [-61.03, -51.94], [-61.14, -51.83], [-61.01, -51.78]]], [[[-58.43, -52.01], [-58.43, -52.09], [-58.54, -52.02], [-58.49, -51.99], [-58.43, -52.01]]], [[[-60.11, -51.39], [-60.24, -51.39], [-60.27, -51.28], [-60.06, -51.30], [-60.11, -51.39]]], [[[-59.68, -52.23], [-59.76, -52.24], [-59.79, -52.13], [-59.68, -52.18], [-59.68, -52.23]]]]}}, {"type": "Feature", "properties": {}, "geometry": {"type": "MultiPolygon", "coordinates": [[[[-81.36, 19.34], [-81.13, 19.34], [-81.10, 19.30], [-81.40, 19.27], [-81.41, 19.37], [-81.36, 19.34]]], [[[-79.97, 19.70], [-80.09, 19.66], [-80.12, 19.66], [-80.08, 19.70], [-79.97, 19.70]]], [[[-79.82, 19.71], [-79.90, 19.70], [-79.74, 19.75], [-79.74, 19.75], [-79.82, 19.71]]]]}}, {"type": "Feature", "properties": {}, "geometry": {"type": "Polygon", "coordinates": [[[-64.73, 32.29], [-64.82, 32.25], [-64.86, 32.27], [-64.66, 32.38], [-64.73, 32.29]]]}}, {"type": "Feature", "properties": {}, "geometry": {"type": "MultiPolygon", "coordinates": [[[[-64.39, 18.46], [-64.43, 18.45], [-64.42, 18.51], [-64.32, 18.51], [-64.39, 18.46]]], [[[-64.59, 18.40], [-64.67, 18.39], [-64.69, 18.41], [-64.54, 18.43], [-64.59, 18.40]]], [[[-64.28, 18.74], [-64.27, 18.70], [-64.41, 18.75], [-64.32, 18.75], [-64.28, 18.74]]]]}}, {"type": "Feature", "properties": {}, "geometry": {"type": "MultiPolygon", "coordinates": [[[[-71.66, 21.76], [-71.83, 21.79], [-71.84, 21.84], [-71.66, 21.83], [-71.66, 21.76]]], [[[-71.87, 21.84], [-71.95, 21.86], [-72.01, 21.95], [-71.93, 21.95], [-71.87, 21.84]]], [[[-72.33, 21.85], [-72.21, 21.79], [-72.14, 21.79], [-72.33, 21.75], [-72.33, 21.85]]]]}}, {"type": "Feature", "properties": {}, "geometry": {"type": "Polygon", "coordinates": [[[-62.14, 16.74], [-62.15, 16.68], [-62.22, 16.69], [-62.19, 16.80], [-62.14, 16.74]]]}}, {"type": "Feature", "properties": {}, "geometry": {"type": "Polygon", "coordinates": [[[-2.01, 49.23], [-2.00, 49.18], [-2.23, 49.17], [-2.22, 49.26], [-2.01, 49.23]]]}}, {"type": "Feature", "properties": {}, "geometry": {"type": "Polygon", "coordinates": [[[-2.51, 49.49], [-2.54, 49.42], [-2.64, 49.46], [-2.54, 49.50], [-2.51, 49.49]]]}}, {"type": "Feature", "properties": {}, "geometry": {"type": "Polygon", "coordinates": [[[-4.41, 54.18], [-4.61, 54.05], [-4.78, 54.07], [-4.69, 54.22], [-4.42, 54.40], [-4.37, 54.39], [-4.33, 54.26], [-4.41, 54.18]]]}}, {"type": "Feature", "properties": {}, "geometry": {"type": "MultiPolygon", "coordinates": [[[[-2.66, 51.62], [-3.29, 51.39], [-3.56, 51.41], [-3.89, 51.59], [-4.23, 51.56], [-4.09, 51.65], [-4.38, 51.74], [-4.60, 51.73], [-4.90, 51.62], [-5.12, 51.70], [-5.20, 51.86], [-5.26, 51.88], [-5.08, 51.99], [-4.38, 52.19], [-4.14, 52.32], [-3.98, 52.54], [-4.07, 52.60], [-4.03, 52.70], [-4.11, 52.82], [-4.10, 52.91], [-4.68, 52.80], [-4.63, 52.89], [-4.40, 53.01], [-4.26, 53.14], [-3.76, 53.30], [-3.32, 53.34], [-3.09, 53.26], [-3.16, 53.39], [-3.06, 53.42], [-2.91, 53.30], [-2.74, 53.31], [-2.91, 53.35], [-3.06, 53.51], [-3.05, 53.58], [-2.92, 53.73], [-3.03, 53.77], [-3.04, 53.84], [-3.02, 53.90], [-2.89, 53.96], [-2.86, 54.17], [-3.16, 54.12], [-3.56, 54.46], [-3.59, 54.56], [-3.46, 54.77], [-3.26, 54.90], [-3.03, 54.95], [-3.55, 54.94], [-3.95, 54.78], [-4.13, 54.77], [-4.25, 54.84], [-4.51, 54.75], [-4.81, 54.84], [-4.91, 54.68], [-5.13, 54.85], [-5.17, 54.98], [-5.05, 54.98], [-4.67, 55.50], [-4.72, 55.59], [-4.89, 55.69], [-4.82, 55.92], [-4.58, 55.93], [-4.84, 56.05], [-4.80, 56.15], [-4.92, 56.02], [-5.09, 55.98], [-5.21, 55.88], [-5.22, 56.06], [-4.99, 56.23], [-5.38, 56.01], [-5.41, 55.97], [-5.38, 55.77], [-5.55, 55.38], [-5.64, 55.32], [-5.76, 55.36], [-5.68, 55.62], [-5.50, 55.80], [-5.62, 55.81], [-5.60, 56.05], [-5.53, 56.25], [-5.39, 56.51], [-5.18, 56.75], [-5.65, 56.53], [-5.86, 56.56], [-5.96, 56.68], [-6.13, 56.71], [-5.73, 56.85], [-5.86, 56.90], [-5.59, 57.10], [-5.56, 57.23], [-5.65, 57.33], [-5.79, 57.37], [-5.80, 57.46], [-5.58, 57.54], [-5.67, 57.57], [-5.74, 57.66], [-5.60, 57.88], [-5.15, 57.88], [-5.41, 58.06], [-5.33, 58.23], [-5.00, 58.26], [-5.09, 58.38], [-5.01, 58.56], [-4.80, 58.57], [-4.71, 58.51], [-4.49, 58.56], [-4.43, 58.51], [-3.25, 58.65], [-3.05, 58.63], [-3.11, 58.40], [-3.21, 58.32], [-3.99, 57.95], [-4.03, 57.85], [-3.85, 57.81], [-4.07, 57.67], [-4.13, 57.57], [-3.29, 57.71], [-3.03, 57.67], [-2.07, 57.70], [-1.86, 57.61], [-1.78, 57.47], [-2.02, 57.25], [-2.26, 56.86], [-2.50, 56.63], [-2.68, 56.51], [-3.30, 56.36], [-2.88, 56.39], [-2.65, 56.31], [-2.67, 56.25], [-2.76, 56.20], [-2.97, 56.19], [-3.36, 56.02], [-3.78, 56.09], [-3.60, 56.01], [-3.04, 55.95], [-2.83, 56.02], [-2.59, 56.02], [-2.14, 55.90], [-1.65, 55.57], [-1.23, 54.70], [-0.67, 54.50], [-0.08, 54.11], [-0.20, 54.02], [0.11, 53.60], [-0.27, 53.73], [-0.65, 53.72], [-0.29, 53.69], [0.12, 53.46], [0.27, 53.33], [0.35, 53.15], [0.04, 52.90], [0.27, 52.80], [0.38, 52.82], [0.55, 52.96], [1.27, 52.92], [1.65, 52.75], [1.74, 52.57], [1.74, 52.46], [1.59, 52.11], [1.41, 51.99], [1.23, 51.97], [1.27, 51.84], [1.10, 51.78], [0.95, 51.80], [0.75, 51.72], [0.89, 51.68], [0.92, 51.64], [0.89, 51.57], [0.42, 51.46], [0.52, 51.48], [0.68, 51.38], [0.88, 51.35], [1.41, 51.36], [1.39, 51.18], [1.04, 51.04], [0.96, 50.92], [0.77, 50.93], [0.20, 50.76], [-0.20, 50.81], [-0.78, 50.76], [-1.41, 50.89], [-1.33, 50.82], [-1.60, 50.73], [-2.03, 50.72], [-1.96, 50.62], [-2.03, 50.60], [-2.35, 50.63], [-2.43, 50.59], [-2.77, 50.70], [-2.99, 50.71], [-3.40, 50.63], [-3.58, 50.32], [-3.67, 50.23], [-3.79, 50.22], [-4.19, 50.39], [-4.72, 50.29], [-5.00, 50.16], [-5.11, 50.03], [-5.22, 50.02], [-5.43, 50.10], [-5.62, 50.05], [-5.65, 50.07], [-5.65, 50.13], [-5.57, 50.19], [-5.34, 50.24], [-4.89, 50.53], [-4.58, 50.77], [-4.52, 50.97], [-4.29, 51.02], [-4.18, 51.18], [-3.84, 51.23], [-3.13, 51.20], [-2.43, 51.74], [-2.66, 51.62]]], [[[-4.19, 53.32], [-4.04, 53.30], [-4.37, 53.13], [-4.55, 53.26], [-4.56, 53.38], [-4.31, 53.41], [-4.19, 53.32]]], [[[-2.54, 59.23], [-2.66, 59.23], [-2.60, 59.28], [-2.40, 59.29], [-2.54, 59.23]]], [[[-1.04, 60.51], [-1.16, 60.60], [-1.09, 60.72], [-0.99, 60.68], [-1.04, 60.64], [-1.04, 60.51]]], [[[-1.30, 60.53], [-1.28, 60.46], [-1.23, 60.48], [-1.15, 60.41], [-1.05, 60.44], [-1.19, 60.00], [-1.29, 59.87], [-1.35, 59.91], [-1.29, 60.15], [-1.32, 60.18], [-1.48, 60.17], [-1.49, 60.22], [-1.64, 60.23], [-1.66, 60.28], [-1.37, 60.33], [-1.44, 60.46], [-1.57, 60.49], [-1.36, 60.60], [-1.30, 60.60], [-1.30, 60.53]]], [[[-0.77, 60.81], [-0.82, 60.68], [-0.92, 60.69], [-0.91, 60.81], [-0.77, 60.81]]], [[[-3.16, 58.79], [-3.27, 58.78], [-3.39, 58.90], [-3.27, 58.90], [-3.16, 58.79]]], [[[-2.92, 58.74], [-2.97, 58.75], [-3.03, 58.82], [-2.89, 58.82], [-2.92, 58.74]]], [[[-3.05, 59.02], [-3.07, 59.00], [-2.76, 58.95], [-2.82, 58.89], [-2.99, 58.93], [-3.16, 58.91], [-3.24, 58.99], [-3.33, 58.97], [-3.35, 59.01], [-3.31, 59.13], [-3.24, 59.14], [-3.05, 59.09], [-3.02, 59.05], [-3.05, 59.02]]], [[[-2.72, 59.18], [-2.81, 59.16], [-2.86, 59.24], [-3.05, 59.32], [-2.97, 59.34], [-2.73, 59.22], [-2.72, 59.18]]], [[[-6.60, 56.58], [-6.66, 56.59], [-6.48, 56.66], [-6.53, 56.62], [-6.60, 56.58]]], [[[-5.10, 55.44], [-5.33, 55.48], [-5.39, 55.61], [-5.37, 55.66], [-5.31, 55.70], [-5.18, 55.69], [-5.10, 55.57], [-5.10, 55.44]]], [[[-5.77, 56.34], [-6.31, 56.29], [-6.29, 56.33], [-6.18, 56.35], [-6.13, 56.49], [-6.31, 56.56], [-6.10, 56.64], [-5.94, 56.53], [-5.76, 56.49], [-5.77, 56.34]]], [[[-6.12, 55.93], [-6.05, 55.72], [-6.08, 55.65], [-6.30, 55.60], [-6.27, 55.67], [-6.30, 55.78], [-6.49, 55.69], [-6.41, 55.85], [-6.12, 55.93]]], [[[-5.97, 55.81], [-6.04, 55.80], [-6.07, 55.89], [-5.91, 55.97], [-5.97, 55.99], [-5.93, 56.04], [-5.72, 56.11], [-5.97, 55.81]]], [[[-6.19, 58.36], [-6.32, 58.18], [-6.55, 58.09], [-6.40, 58.07], [-6.42, 58.02], [-6.95, 57.75], [-7.08, 57.81], [-6.85, 57.92], [-7.05, 58.00], [-6.98, 58.05], [-7.08, 58.09], [-7.08, 58.18], [-7.02, 58.22], [-6.72, 58.18], [-6.77, 58.30], [-6.23, 58.50], [-6.19, 58.36]]], [[[-6.27, 56.96], [-6.34, 56.95], [-6.43, 57.01], [-6.32, 57.05], [-6.26, 57.00], [-6.27, 56.96]]], [[[-6.14, 57.50], [-6.13, 57.31], [-5.70, 57.26], [-5.66, 57.22], [-5.98, 57.04], [-6.03, 57.20], [-6.32, 57.20], [-6.44, 57.32], [-6.67, 57.36], [-6.76, 57.44], [-6.70, 57.49], [-6.58, 57.50], [-6.61, 57.56], [-6.37, 57.60], [-6.35, 57.66], [-6.24, 57.65], [-6.14, 57.50]]], [[[-7.20, 57.68], [-7.09, 57.62], [-7.18, 57.53], [-7.51, 57.60], [-7.47, 57.65], [-7.20, 57.68]]], [[[-7.24, 57.11], [-7.38, 57.13], [-7.41, 57.38], [-7.26, 57.37], [-7.24, 57.11]]], [[[-7.41, 56.96], [-7.50, 56.95], [-7.54, 56.97], [-7.45, 57.01], [-7.41, 56.96]]], [[[-6.21, 54.08], [-6.64, 54.05], [-6.64, 54.16], [-6.80, 54.21], [-6.87, 54.32], [-7.00, 54.40], [-7.20, 54.30], [-7.15, 54.23], [-7.32, 54.13], [-7.60, 54.14], [-7.85, 54.21], [-7.88, 54.28], [-8.14, 54.45], [-7.75, 54.59], [-7.91, 54.69], [-7.55, 54.76], [-7.37, 55.02], [-7.21, 55.09], [-7.10, 55.04], [-6.94, 55.18], [-6.47, 55.24], [-6.12, 55.21], [-5.86, 54.91], [-5.71, 54.81], [-5.71, 54.75], [-5.87, 54.68], [-5.87, 54.64], [-5.58, 54.66], [-5.47, 54.50], [-5.48, 54.44], [-5.67, 54.54], [-5.65, 54.38], [-5.55, 54.37], [-5.60, 54.27], [-5.82, 54.23], [-6.01, 54.05], [-6.21, 54.08]]], [[[-1.06, 50.69], [-1.25, 50.58], [-1.56, 50.66], [-1.31, 50.77], [-1.06, 50.69]]]]}}, {"type": "Feature", "properties": {}, "geometry": {"type": "MultiPolygon", "coordinates": [[[[56.29, 25.65], [56.36, 25.56], [56.38, 24.97], [56.06, 24.73], [55.97, 24.85], [56.00, 24.95], [55.91, 24.97], [55.79, 24.86], [55.76, 24.49], [55.80, 24.34], [55.76, 24.24], [55.92, 24.21], [55.98, 24.06], [55.54, 23.99], [55.46, 23.94], [55.53, 23.81], [55.50, 23.72], [55.19, 23.03], [55.18, 22.70], [55.11, 22.62], [52.55, 22.93], [51.57, 24.12], [51.60, 24.33], [51.66, 24.25], [51.76, 24.25], [51.79, 24.07], [51.90, 23.98], [52.25, 23.99], [52.64, 24.15], [53.89, 24.07], [54.39, 24.27], [54.74, 24.81], [55.09, 25.04], [55.52, 25.49], [55.94, 25.79], [56.08, 26.06], [56.16, 26.04], [56.14, 25.69], [56.24, 25.62], [56.29, 25.65]], [[56.28, 25.23], [56.27, 25.30], [56.23, 25.30], [56.21, 25.21], [56.28, 25.23]]], [[[53.33, 24.25], [53.19, 24.29], [53.41, 24.41], [53.44, 24.37], [53.33, 24.25]]], [[[52.61, 24.28], [52.58, 24.35], [52.62, 24.37], [52.65, 24.33], [52.61, 24.28]]], [[[53.92, 24.17], [53.92, 24.14], [53.79, 24.13], [53.63, 24.16], [53.83, 24.25], [53.92, 24.17]]], [[[54.46, 24.44], [54.42, 24.42], [54.33, 24.47], [54.39, 24.50], [54.46, 24.44]]]]}}, {"type": "Feature", "properties": {}, "geometry": {"type": "MultiPolygon", "coordinates": [[[[38.21, 47.09], [37.54, 47.07], [37.33, 46.91], [37.04, 46.87], [36.79, 46.71], [36.55, 46.76], [36.27, 46.65], [35.82, 46.62], [35.40, 46.38], [35.20, 46.16], [35.01, 46.10], [35.28, 46.27], [35.29, 46.37], [35.23, 46.44], [35.06, 46.26], [34.84, 46.18], [34.85, 45.98], [35.00, 45.73], [34.94, 45.72], [34.79, 45.79], [34.79, 45.89], [34.68, 45.97], [34.44, 45.96], [34.35, 46.06], [34.02, 46.10], [33.80, 46.20], [33.65, 46.21], [33.59, 46.09], [33.42, 46.05], [33.20, 46.17], [32.47, 46.08], [32.03, 46.26], [31.83, 46.28], [31.77, 46.32], [31.99, 46.36], [32.00, 46.42], [31.71, 46.47], [31.55, 46.55], [32.36, 46.47], [32.57, 46.61], [32.35, 46.56], [32.04, 46.64], [31.94, 46.78], [31.93, 46.98], [31.75, 47.21], [31.91, 46.92], [31.87, 46.64], [31.53, 46.66], [31.56, 46.77], [31.40, 46.62], [30.79, 46.55], [30.65, 46.26], [30.21, 45.86], [29.82, 45.73], [29.62, 45.72], [29.60, 45.6], [29.67, 45.54], [29.72, 45.34], [29.70, 45.25], [29.56, 45.37], [29.40, 45.41], [28.89, 45.28], [28.78, 45.30], [28.76, 45.23], [28.45, 45.29], [28.21, 45.45], [28.49, 45.51], [28.49, 45.66], [28.72, 45.85], [28.73, 45.93], [28.94, 46.04], [29.00, 46.17], [28.93, 46.36], [28.95, 46.45], [29.18, 46.52], [29.20, 46.37], [29.30, 46.46], [29.61, 46.39], [29.70, 46.44], [29.83, 46.35], [30.07, 46.37], [30.13, 46.42], [29.92, 46.53], [29.94, 46.72], [29.87, 46.82], [29.57, 46.96], [29.51, 47.12], [29.53, 47.27], [29.13, 47.48], [29.21, 47.77], [29.12, 47.96], [28.92, 47.95], [28.77, 48.11], [28.53, 48.15], [28.46, 48.09], [28.42, 48.14], [28.34, 48.14], [28.34, 48.21], [28.29, 48.23], [28.08, 48.25], [27.82, 48.41], [27.54, 48.47], [27.22, 48.37], [26.84, 48.38], [26.61, 48.25], [26.30, 48.20], [26.16, 47.99], [25.46, 47.91], [25.16, 47.82], [25.07, 47.74], [24.89, 47.71], [24.57, 47.93], [24.48, 47.94], [24.17, 47.90], [23.66, 47.99], [23.40, 47.98], [23.13, 48.08], [23.05, 48.00], [22.87, 47.94], [22.76, 48.10], [22.58, 48.13], [22.52, 48.20], [22.35, 48.25], [22.25, 48.40], [22.13, 48.40], [22.14, 48.56], [22.29, 48.68], [22.53, 49.07], [22.83, 49.03], [22.84, 49.08], [22.70, 49.17], [22.73, 49.29], [22.64, 49.53], [22.70, 49.60], [23.03, 49.89], [23.71, 50.37], [23.97, 50.41], [24.08, 50.53], [24.09, 50.61], [23.97, 50.78], [24.09, 50.87], [23.98, 50.94], [23.66, 51.31], [23.67, 51.39], [23.60, 51.51], [23.60, 51.61], [23.79, 51.63], [23.97, 51.59], [24.36, 51.86], [25.26, 51.93], [25.92, 51.91], [27.14, 51.75], [27.29, 51.59], [27.68, 51.57], [27.7, 51.47], [27.85, 51.59], [28.01, 51.55], [28.18, 51.60], [28.59, 51.54], [28.64, 51.45], [28.73, 51.43], [28.84, 51.54], [29.10, 51.62], [29.34, 51.38], [30.16, 51.47], [30.30, 51.39], [30.33, 51.32], [30.54, 51.26], [30.63, 51.35], [30.53, 51.59], [30.58, 51.68], [30.75, 51.89], [30.98, 52.04], [31.57, 52.10], [32.12, 52.05], [32.28, 52.11], [32.36, 52.27], [32.43, 52.30], [32.80, 52.25], [33.14, 52.34], [33.73, 52.34], [33.92, 52.25], [34.11, 51.97], [34.39, 51.78], [34.37, 51.71], [34.12, 51.67], [34.20, 51.55], [34.22, 51.36], [34.27, 51.34], [34.21, 51.25], [34.71, 51.17], [35.06, 51.20], [35.15, 51.06], [35.31, 51.04], [35.31, 50.94], [35.44, 50.72], [35.39, 50.61], [35.41, 50.53], [35.59, 50.36], [35.67, 50.34], [35.89, 50.43], [36.11, 50.40], [36.30, 50.28], [36.49, 50.28], [36.61, 50.20], [36.75, 50.29], [37.42, 50.41], [37.58, 50.29], [37.70, 50.10], [38.04, 49.92], [38.14, 49.93], [38.17, 50.02], [38.25, 50.05], [38.45, 49.96], [38.64, 49.95], [38.91, 49.82], [39.17, 49.85], [39.30, 49.74], [39.46, 49.72], [39.78, 49.57], [40.08, 49.57], [40.05, 49.43], [40.12, 49.36], [40.10, 49.25], [39.88, 49.06], [39.68, 49.00], [39.75, 48.91], [40.00, 48.82], [39.79, 48.80], [39.70, 48.73], [39.64, 48.59], [39.83, 48.54], [39.88, 48.36], [39.84, 48.30], [39.95, 48.26], [39.77, 47.96], [39.77, 47.88], [39.65, 47.84], [38.90, 47.85], [38.82, 47.83], [38.64, 47.66], [38.36, 47.60], [38.28, 47.55], [38.20, 47.32], [38.28, 47.27], [38.20, 47.17], [38.21, 47.09]]], [[[32.01, 46.20], [32.15, 46.15], [31.56, 46.25], [31.50, 46.37], [31.63, 46.27], [32.01, 46.20]]]]}}, {"type": "Feature", "properties": {}, "geometry": {"type": "Polygon", "coordinates": [[[33.90, -1.00], [30.80, -0.99], [30.59, -1.06], [30.36, -1.07], [30.10, -1.36], [29.93, -1.46], [29.82, -1.33], [29.57, -1.38], [29.56, -0.97], [29.71, 0.09], [29.93, 0.49], [29.94, 0.81], [30.18, 0.97], [30.32, 1.18], [30.47, 1.23], [31.25, 2.04], [31.27, 2.14], [31.17, 2.27], [31.08, 2.28], [30.96, 2.40], [30.83, 2.40], [30.72, 2.45], [30.85, 2.89], [30.75, 3.04], [30.90, 3.40], [30.83, 3.49], [31.04, 3.72], [31.22, 3.78], [31.54, 3.67], [31.79, 3.80], [31.94, 3.60], [32.13, 3.51], [32.33, 3.70], [32.83, 3.79], [32.99, 3.88], [33.15, 3.77], [33.48, 3.75], [33.97, 4.22], [34.13, 3.88], [34.18, 3.86], [34.16, 3.81], [34.43, 3.65], [34.39, 3.41], [34.44, 3.16], [34.52, 3.11], [34.58, 2.92], [34.74, 2.81], [34.90, 2.47], [34.97, 1.71], [34.78, 1.38], [34.79, 1.24], [34.60, 1.15], [34.48, 1.04], [34.41, 0.86], [34.16, 0.60], [33.94, 0.17], [33.90, -1.00]]]}}, {"type": "Feature", "properties": {}, "geometry": {"type": "MultiPolygon", "coordinates": [[[[53.10, 38.80], [53.10, 38.75], [53.01, 39.05], [53.05, 39.09], [53.09, 39.09], [53.05, 39.03], [53.10, 38.80]]], [[[55.97, 41.32], [57.01, 41.26], [57.11, 41.35], [57.01, 41.45], [56.96, 41.85], [57.29, 42.12], [57.81, 42.18], [58.02, 42.48], [58.28, 42.42], [58.39, 42.29], [58.47, 42.29], [58.41, 42.40], [58.15, 42.62], [58.25, 42.68], [58.47, 42.66], [58.58, 42.77], [58.87, 42.56], [59.15, 42.51], [59.27, 42.35], [59.35, 42.32], [59.85, 42.29], [59.98, 42.21], [59.94, 41.97], [60.10, 41.90], [60.20, 41.80], [60.07, 41.75], [60.13, 41.59], [60.06, 41.47], [60.08, 41.39], [60.45, 41.22], [60.86, 41.24], [61.24, 41.18], [61.49, 41.27], [61.90, 41.09], [62.09, 40.68], [62.37, 40.33], [62.48, 39.97], [63.50, 39.37], [63.76, 39.16], [64.16, 38.95], [64.30, 38.97], [64.62, 38.75], [65.61, 38.23], [65.97, 38.24], [66.57, 38.01], [66.62, 37.93], [66.52, 37.78], [66.52, 37.34], [66.10, 37.41], [65.76, 37.56], [65.64, 37.46], [65.55, 37.25], [65.08, 37.23], [64.81, 37.13], [64.51, 36.34], [64.09, 36.11], [64.00, 36.01], [63.12, 35.84], [63.16, 35.67], [63.05, 35.44], [62.68, 35.25], [62.46, 35.25], [62.30, 35.17], [62.21, 35.28], [61.98, 35.44], [61.62, 35.43], [61.34, 35.62], [61.26, 35.61], [61.25, 35.86], [61.15, 35.97], [61.21, 36.19], [61.16, 36.57], [61.11, 36.64], [60.34, 36.63], [60.06, 36.96], [59.45, 37.25], [59.36, 37.33], [59.30, 37.51], [58.81, 37.68], [58.65, 37.65], [58.55, 37.68], [58.38, 37.63], [58.26, 37.66], [57.98, 37.83], [57.35, 37.97], [57.30, 38.13], [57.19, 38.21], [56.44, 38.24], [56.32, 38.19], [56.27, 38.08], [55.57, 38.09], [55.38, 38.05], [54.90, 37.77], [54.69, 37.47], [54.19, 37.33], [53.91, 37.34], [53.82, 37.92], [53.86, 38.94], [53.72, 39.10], [53.70, 39.20], [53.33, 39.34], [53.15, 39.26], [53.12, 39.43], [53.23, 39.60], [53.38, 39.53], [53.60, 39.54], [53.58, 39.60], [53.47, 39.66], [53.48, 39.90], [53.40, 39.96], [52.98, 39.98], [52.95, 39.89], [53.03, 39.77], [52.80, 40.05], [52.73, 40.39], [52.94, 41.03], [53.14, 40.82], [53.33, 40.78], [53.61, 40.81], [53.76, 40.66], [53.87, 40.64], [54.19, 40.72], [54.37, 40.69], [54.31, 40.83], [54.37, 40.87], [54.54, 40.83], [54.68, 40.87], [54.72, 40.95], [54.70, 41.07], [54.59, 41.19], [54.09, 41.51], [53.80, 42.11], [53.16, 42.09], [52.97, 41.97], [52.81, 41.71], [52.88, 41.65], [52.83, 41.34], [52.85, 41.20], [52.60, 41.52], [52.49, 41.78], [53.05, 42.14], [53.68, 42.29], [54.12, 42.33], [54.85, 41.96], [55.24, 41.45], [55.43, 41.29], [55.54, 41.26], [55.97, 41.32]]]]}}, {"type": "Feature", "properties": {}, "geometry": {"type": "MultiPolygon", "coordinates": [[[[25.97, 40.13], [25.74, 40.10], [25.66, 40.13], [25.91, 40.23], [25.97, 40.13]]], [[[41.51, 41.51], [41.82, 41.43], [41.92, 41.49], [42.46, 41.43], [42.60, 41.57], [42.78, 41.56], [42.82, 41.49], [43.17, 41.28], [43.14, 41.26], [43.20, 41.19], [43.43, 41.15], [43.45, 41.06], [43.63, 40.92], [43.72, 40.71], [43.66, 40.57], [43.56, 40.48], [43.70, 40.16], [43.66, 40.12], [43.94, 40.02], [44.28, 40.04], [44.39, 39.99], [44.81, 39.65], [44.58, 39.76], [44.45, 39.66], [44.38, 39.42], [44.02, 39.37], [44.07, 39.21], [44.17, 39.14], [44.17, 38.93], [44.27, 38.83], [44.29, 38.38], [44.44, 38.33], [44.21, 37.90], [44.58, 37.71], [44.54, 37.65], [44.57, 37.43], [44.79, 37.29], [44.76, 37.14], [44.60, 37.17], [44.28, 36.97], [44.20, 37.05], [44.19, 37.24], [44.11, 37.30], [44.01, 37.31], [43.83, 37.22], [43.67, 37.22], [43.09, 37.36], [42.93, 37.32], [42.77, 37.37], [42.45, 37.12], [42.35, 37.10], [42.31, 37.22], [42.20, 37.29], [42.05, 37.20], [41.51, 37.08], [40.70, 37.09], [40.01, 36.82], [39.35, 36.68], [38.76, 36.69], [38.44, 36.86], [38.19, 36.90], [37.43, 36.64], [37.06, 36.65], [36.94, 36.75], [36.65, 36.80], [36.53, 36.45], [36.63, 36.23], [36.37, 36.17], [36.34, 36.00], [36.20, 35.93], [36.12, 35.83], [35.89, 35.91], [35.95, 35.99], [35.81, 36.30], [36.18, 36.65], [36.18, 36.80], [36.04, 36.91], [35.66, 36.72], [35.53, 36.59], [35.39, 36.57], [34.70, 36.81], [34.29, 36.60], [33.95, 36.29], [33.69, 36.18], [32.92, 36.09], [32.79, 36.03], [32.37, 36.18], [32.02, 36.53], [31.35, 36.80], [30.64, 36.86], [30.58, 36.79], [30.55, 36.52], [30.44, 36.26], [30.38, 36.24], [30.23, 36.30], [29.68, 36.15], [29.22, 36.32], [29.14, 36.39], [29.03, 36.69], [28.96, 36.71], [28.81, 36.67], [28.48, 36.80], [28.30, 36.81], [28.19, 36.68], [28.01, 36.63], [28.08, 36.75], [27.80, 36.73], [27.65, 36.67], [27.45, 36.71], [27.63, 36.78], [28.00, 36.83], [28.24, 37.02], [27.34, 37.01], [27.26, 36.97], [27.24, 37.07], [27.30, 37.12], [27.53, 37.16], [27.52, 37.24], [27.21, 37.38], [27.14, 37.60], [27.06, 37.65], [27.22, 37.72], [27.23, 37.97], [26.87, 38.05], [26.68, 38.19], [26.58, 38.14], [26.29, 38.27], [26.34, 38.37], [26.41, 38.36], [26.37, 38.62], [26.44, 38.64], [26.58, 38.55], [26.59, 38.41], [26.67, 38.33], [26.72, 38.41], [26.86, 38.37], [27.14, 38.45], [26.90, 38.48], [26.76, 38.70], [26.90, 38.77], [27.01, 38.88], [26.81, 38.96], [26.85, 39.11], [26.68, 39.29], [26.89, 39.54], [26.11, 39.46], [26.18, 39.99], [26.31, 40.02], [26.73, 40.40], [27.01, 40.39], [27.12, 40.45], [27.28, 40.45], [27.33, 40.37], [27.47, 40.31], [27.72, 40.32], [27.84, 40.38], [27.73, 40.48], [27.87, 40.51], [27.98, 40.48], [27.92, 40.38], [27.96, 40.36], [29.00, 40.38], [29.05, 40.42], [28.78, 40.53], [29.05, 40.64], [29.84, 40.73], [29.36, 40.80], [29.11, 40.93], [29.04, 41.00], [29.14, 41.22], [29.91, 41.15], [30.34, 41.19], [30.81, 41.08], [31.25, 41.10], [31.34, 41.15], [31.45, 41.32], [32.08, 41.58], [32.30, 41.72], [33.28, 42.00], [34.75, 41.95], [35.00, 42.06], [35.15, 42.02], [35.12, 41.89], [35.29, 41.72], [35.55, 41.63], [35.91, 41.71], [36.05, 41.68], [36.17, 41.42], [36.40, 41.27], [36.50, 41.26], [36.64, 41.35], [36.77, 41.36], [36.99, 41.27], [37.06, 41.18], [37.76, 41.07], [37.91, 41.00], [38.38, 40.92], [39.42, 41.10], [39.80, 40.98], [40.26, 40.96], [41.08, 41.26], [41.41, 41.42], [41.51, 41.51]]], [[[28.01, 41.96], [27.98, 41.85], [28.19, 41.55], [29.05, 41.22], [28.95, 41.00], [28.78, 40.97], [28.17, 41.08], [27.92, 40.99], [27.49, 40.97], [27.43, 40.83], [27.25, 40.68], [26.77, 40.49], [26.32, 40.12], [26.20, 40.07], [26.25, 40.31], [26.44, 40.44], [26.72, 40.54], [26.79, 40.62], [26.10, 40.61], [26.03, 40.72], [26.33, 40.95], [26.33, 41.23], [26.60, 41.35], [26.62, 41.40], [26.58, 41.60], [26.32, 41.71], [26.32, 41.77], [26.51, 41.82], [26.61, 41.96], [27.24, 42.09], [27.53, 41.92], [27.87, 41.98], [28.01, 41.96]]]]}}, {"type": "Feature", "properties": {}, "geometry": {"type": "MultiPolygon", "coordinates": [[[[11.50, 33.18], [11.45, 32.64], [11.53, 32.52], [11.50, 32.41], [10.82, 32.08], [10.60, 31.92], [10.47, 31.73], [10.27, 31.68], [10.11, 31.46], [10.25, 30.94], [10.21, 30.78], [9.89, 30.38], [9.51, 30.22], [9.04, 32.07], [8.33, 32.54], [8.21, 32.92], [8.11, 33.05], [7.73, 33.26], [7.50, 33.83], [7.51, 34.08], [7.74, 34.25], [7.83, 34.41], [8.12, 34.56], [8.24, 34.73], [8.27, 34.97], [8.39, 35.20], [8.31, 35.40], [8.31, 35.65], [8.24, 35.80], [8.34, 36.36], [8.20, 36.51], [8.36, 36.63], [8.44, 36.76], [8.60, 36.83], [8.57, 36.93], [8.82, 36.99], [9.14, 37.19], [9.68, 37.34], [9.83, 37.30], [9.78, 37.21], [9.83, 37.13], [9.89, 37.18], [9.87, 37.25], [10.19, 37.20], [10.18, 37.03], [10.33, 36.86], [10.29, 36.78], [10.41, 36.73], [10.57, 36.87], [11.05, 37.07], [11.12, 36.87], [10.96, 36.74], [10.79, 36.49], [10.52, 36.32], [10.47, 36.17], [10.59, 35.88], [11.00, 35.63], [11.04, 35.33], [11.12, 35.24], [10.69, 34.67], [10.11, 34.28], [10.04, 34.14], [10.04, 34.05], [10.15, 33.85], [10.30, 33.72], [10.45, 33.66], [10.71, 33.68], [10.72, 33.51], [10.89, 33.53], [10.95, 33.62], [11.08, 33.56], [11.15, 33.36], [11.25, 33.30], [11.20, 33.24], [11.50, 33.18]]], [[[11.27, 34.75], [11.12, 34.68], [11.25, 34.82], [11.27, 34.75]]], [[[10.95, 33.72], [10.85, 33.68], [10.72, 33.73], [10.74, 33.88], [10.92, 33.89], [11.01, 33.82], [11.03, 33.78], [10.95, 33.72]]]]}}, {"type": "Feature", "properties": {}, "geometry": {"type": "MultiPolygon", "coordinates": [[[[-60.75, 11.17], [-60.81, 11.16], [-60.80, 11.20], [-60.70, 11.27], [-60.52, 11.32], [-60.54, 11.26], [-60.75, 11.17]]], [[[-61.01, 10.13], [-61.17, 10.07], [-61.90, 10.06], [-61.63, 10.24], [-61.49, 10.26], [-61.47, 10.60], [-61.65, 10.71], [-61.37, 10.79], [-60.91, 10.84], [-61.03, 10.66], [-61.03, 10.48], [-60.96, 10.32], [-61.01, 10.13]]]]}}, {"type": "Feature", "properties": {}, "geometry": {"type": "MultiPolygon", "coordinates": [[[[-175.16, -21.16], [-175.07, -21.12], [-175.15, -21.26], [-175.36, -21.10], [-175.31, -21.06], [-175.16, -21.16]]], [[[-173.95, -18.63], [-173.99, -18.69], [-174.06, -18.64], [-173.96, -18.56], [-173.92, -18.58], [-173.95, -18.63]]], [[[-174.91, -21.30], [-174.91, -21.45], [-174.97, -21.34], [-174.91, -21.30]]]]}}, {"type": "Feature", "properties": {}, "geometry": {"type": "Polygon", "coordinates": [[[0.90, 10.99], [0.78, 10.71], [0.76, 10.38], [1.33, 9.99], [1.38, 9.36], [1.60, 9.05], [1.62, 6.99], [1.53, 6.99], [1.58, 6.87], [1.59, 6.61], [1.74, 6.42], [1.77, 6.29], [1.18, 6.08], [1.18, 6.14], [1.04, 6.20], [0.98, 6.32], [0.73, 6.45], [0.52, 6.85], [0.63, 7.35], [0.50, 7.43], [0.5, 7.54], [0.60, 7.72], [0.59, 8.20], [0.68, 8.30], [0.61, 8.47], [0.41, 8.65], [0.37, 8.75], [0.48, 8.85], [0.46, 9.11], [0.52, 9.39], [0.40, 9.49], [0.25, 9.42], [0.23, 9.46], [0.27, 9.57], [0.34, 9.60], [0.26, 9.64], [0.32, 9.68], [0.38, 10.29], [-0.05, 10.63], [-0.09, 10.71], [0.00, 11.02], [-0.06, 11.11], [0.48, 10.99], [0.49, 10.95], [0.90, 10.99]]]}}, {"type": "Feature", "properties": {}, "geometry": {"type": "MultiPolygon", "coordinates": [[[[125.64, -8.13], [125.57, -8.31], [125.50, -8.27], [125.58, -8.17], [125.64, -8.13]]], [[[125.06, -9.51], [124.96, -9.21], [125.10, -9.18], [125.14, -9.04], [125.10, -9.00], [124.93, -9.05], [124.92, -8.94], [125.17, -8.64], [125.80, -8.49], [126.61, -8.45], [126.96, -8.31], [127.29, -8.42], [126.91, -8.71], [126.66, -8.78], [126.48, -8.91], [126.16, -8.99], [125.94, -9.12], [125.40, -9.27], [125.06, -9.51]]], [[[124.03, -9.34], [124.19, -9.25], [124.44, -9.19], [124.41, -9.31], [124.28, -9.42], [124.09, -9.41], [124.03, -9.34]]]]}}, {"type": "Feature", "properties": {}, "geometry": {"type": "MultiPolygon", "coordinates": [[[[102.60, 11.67], [102.58, 11.57], [102.53, 11.61], [102.56, 11.69], [102.60, 11.67]]], [[[102.42, 11.98], [102.30, 11.98], [102.27, 12.15], [102.31, 12.14], [102.42, 11.98]]], [[[98.40, 7.90], [98.39, 7.82], [98.29, 7.77], [98.26, 7.92], [98.32, 8.16], [98.43, 8.08], [98.40, 7.90]]], [[[100.12, 20.31], [100.13, 20.24], [100.31, 20.38], [100.51, 20.17], [100.54, 20.08], [100.39, 19.75], [100.42, 19.64], [100.51, 19.55], [100.62, 19.49], [100.74, 19.51], [100.96, 19.61], [101.21, 19.54], [101.19, 19.32], [101.28, 18.97], [101.16, 18.61], [101.04, 18.44], [101.13, 18.28], [101.14, 18.14], [100.90, 17.58], [100.95, 17.54], [101.10, 17.47], [101.16, 17.49], [101.68, 17.88], [101.77, 18.03], [101.94, 18.08], [102.10, 18.21], [102.55, 17.96], [102.66, 17.81], [102.80, 17.94], [103.05, 18.02], [103.14, 18.22], [103.26, 18.27], [103.28, 18.40], [103.48, 18.41], [103.79, 18.31], [103.94, 18.31], [104.42, 17.69], [104.73, 17.46], [104.81, 17.30], [104.74, 16.88], [104.75, 16.64], [104.81, 16.46], [105.04, 16.16], [105.40, 15.98], [105.39, 15.82], [105.64, 15.65], [105.61, 15.48], [105.49, 15.25], [105.54, 14.93], [105.47, 14.53], [105.07, 14.22], [105.00, 14.25], [104.96, 14.36], [104.77, 14.42], [103.98, 14.35], [103.60, 14.42], [103.19, 14.33], [102.90, 14.13], [102.72, 13.84], [102.54, 13.65], [102.54, 13.58], [102.31, 13.53], [102.33, 13.28], [102.46, 13.01], [102.49, 12.66], [102.75, 12.42], [102.70, 12.25], [102.73, 12.08], [102.93, 11.70], [102.79, 11.88], [102.76, 12.01], [102.59, 12.20], [102.54, 12.10], [102.34, 12.25], [102.25, 12.39], [102.22, 12.33], [102.03, 12.53], [101.83, 12.64], [101.72, 12.68], [101.44, 12.61], [101.09, 12.67], [100.95, 12.62], [100.89, 12.65], [100.86, 12.71], [100.96, 13.43], [100.60, 13.56], [100.53, 13.51], [100.23, 13.48], [100.01, 13.35], [99.99, 13.24], [100.08, 13.04], [99.96, 12.69], [99.98, 12.17], [99.62, 11.46], [99.48, 10.88], [99.16, 10.31], [99.19, 10.17], [99.16, 9.73], [99.28, 9.41], [99.25, 9.26], [99.39, 9.21], [99.72, 9.31], [99.83, 9.28], [99.98, 8.58], [100.12, 8.42], [100.16, 8.50], [100.27, 8.26], [100.45, 7.44], [100.54, 7.22], [100.43, 7.28], [100.38, 7.54], [100.28, 7.55], [100.31, 7.71], [100.25, 7.77], [100.15, 7.72], [100.16, 7.59], [100.42, 7.18], [100.58, 7.17], [101.01, 6.86], [101.30, 6.90], [101.49, 6.86], [101.79, 6.47], [102.10, 6.24], [101.87, 5.82], [101.67, 5.77], [101.55, 5.90], [101.25, 5.78], [101.19, 5.66], [101.11, 5.63], [100.98, 5.77], [101.07, 5.95], [101.05, 6.24], [100.87, 6.24], [100.75, 6.46], [100.62, 6.44], [100.34, 6.54], [100.26, 6.68], [100.17, 6.67], [100.11, 6.44], [99.86, 6.74], [99.69, 6.87], [99.72, 7.10], [99.55, 7.21], [99.59, 7.35], [99.43, 7.33], [99.35, 7.37], [99.26, 7.61], [99.18, 7.71], [99.07, 7.71], [99.05, 7.88], [98.78, 8.05], [98.70, 8.25], [98.57, 8.34], [98.49, 8.31], [98.42, 8.17], [98.36, 8.18], [98.30, 8.22], [98.23, 8.42], [98.24, 8.76], [98.32, 8.96], [98.37, 9.29], [98.74, 10.35], [98.75, 10.66], [99.19, 11.10], [99.61, 11.78], [99.46, 12.19], [99.40, 12.54], [99.21, 12.73], [99.12, 13.03], [99.10, 13.10], [99.17, 13.23], [99.13, 13.71], [98.93, 14.04], [98.57, 14.35], [98.24, 14.81], [98.20, 14.97], [98.19, 15.20], [98.45, 15.35], [98.55, 15.36], [98.59, 16.05], [98.81, 16.18], [98.88, 16.35], [98.83, 16.41], [98.68, 16.30], [98.66, 16.33], [98.47, 16.73], [98.43, 16.97], [97.70, 17.79], [97.73, 17.93], [97.63, 18.29], [97.52, 18.29], [97.45, 18.35], [97.37, 18.51], [97.51, 18.49], [97.74, 18.58], [97.70, 18.93], [97.80, 19.13], [97.81, 19.45], [97.99, 19.65], [98.01, 19.74], [98.37, 19.68], [98.91, 19.77], [99.07, 20.09], [99.33, 20.07], [99.48, 20.14], [99.45, 20.36], [99.72, 20.32], [99.89, 20.42], [100.12, 20.31]]], [[[100.07, 9.69], [100.02, 9.71], [99.98, 9.79], [100.04, 9.79], [100.07, 9.69]]], [[[100.07, 9.58], [100.05, 9.46], [99.96, 9.42], [99.93, 9.55], [100.07, 9.58]]], [[[99.66, 6.52], [99.60, 6.59], [99.65, 6.71], [99.70, 6.57], [99.66, 6.52]]], [[[98.59, 7.93], [98.57, 7.91], [98.52, 8.10], [98.60, 8.05], [98.59, 7.93]]], [[[98.30, 9.05], [98.25, 9.04], [98.30, 9.13], [98.31, 9.08], [98.30, 9.05]]], [[[99.07, 7.59], [99.10, 7.47], [99.03, 7.54], [99.04, 7.63], [99.07, 7.59]]]]}}, {"type": "Feature", "properties": {}, "geometry": {"type": "MultiPolygon", "coordinates": [[[[39.49, -6.17], [39.57, -6.38], [39.48, -6.45], [39.42, -6.34], [39.38, -6.36], [39.31, -6.27], [39.24, -6.27], [39.18, -6.17], [39.19, -5.93], [39.30, -5.72], [39.43, -6.11], [39.49, -6.17]]], [[[39.86, -4.90], [39.85, -5.25], [39.74, -5.44], [39.64, -5.36], [39.70, -5.11], [39.67, -4.92], [39.86, -4.90]]], [[[32.91, -9.40], [32.43, -9.15], [31.94, -9.05], [31.91, -8.94], [31.67, -8.90], [31.55, -8.80], [31.53, -8.71], [31.35, -8.60], [31.07, -8.61], [30.96, -8.55], [30.83, -8.38], [30.21, -7.03], [29.70, -6.61], [29.54, -6.31], [29.48, -6.02], [29.60, -5.72], [29.32, -4.89], [29.40, -4.44], [29.71, -4.45], [29.94, -4.30], [30.14, -4.08], [30.42, -3.58], [30.63, -3.41], [30.62, -3.34], [30.79, -3.27], [30.81, -3.20], [30.78, -2.98], [30.45, -2.89], [30.42, -2.82], [30.47, -2.69], [30.42, -2.64], [30.53, -2.42], [30.82, -2.33], [30.87, -2.14], [30.81, -1.96], [30.81, -1.56], [30.71, -1.39], [30.63, -1.36], [30.50, -1.20], [30.47, -1.13], [30.51, -1.06], [30.80, -0.99], [33.97, -1.00], [37.64, -3.04], [37.68, -3.24], [37.60, -3.49], [39.22, -4.69], [38.97, -5.51], [38.81, -5.87], [38.80, -6.07], [38.87, -6.33], [39.12, -6.55], [39.28, -6.81], [39.47, -6.87], [39.54, -7.02], [39.28, -7.51], [39.28, -7.78], [39.33, -7.74], [39.42, -7.81], [39.44, -8.01], [39.30, -8.44], [39.37, -8.72], [39.48, -8.86], [39.45, -8.94], [39.64, -9.19], [39.62, -9.40], [39.78, -9.91], [39.72, -10.00], [39.86, -10.02], [39.98, -10.15], [40.08, -10.15], [40.38, -10.35], [40.46, -10.46], [39.98, -10.82], [39.43, -11.03], [39.32, -11.12], [38.79, -11.22], [38.49, -11.41], [38.17, -11.27], [37.92, -11.29], [37.82, -11.48], [37.72, -11.58], [37.37, -11.71], [37.21, -11.68], [36.97, -11.56], [36.87, -11.57], [36.67, -11.68], [36.30, -11.70], [36.19, -11.67], [36.08, -11.53], [35.91, -11.45], [35.78, -11.45], [35.56, -11.60], [34.95, -11.57], [34.89, -11.39], [34.77, -11.34], [34.60, -11.08], [34.66, -10.79], [34.58, -10.52], [34.56, -10.24], [34.52, -10.03], [34.32, -9.73], [33.99, -9.49], [33.95, -9.65], [33.88, -9.67], [33.69, -9.59], [33.42, -9.60], [33.33, -9.51], [33.13, -9.49], [32.97, -9.39], [32.91, -9.40]]], [[[39.71, -7.97], [39.65, -7.99], [39.60, -7.93], [39.90, -7.64], [39.82, -7.90], [39.71, -7.97]]]]}}, {"type": "Feature", "properties": {}, "geometry": {"type": "MultiPolygon", "coordinates": [[[[67.75, 37.17], [67.81, 37.48], [68.29, 38.03], [68.35, 38.21], [68.08, 38.47], [68.04, 38.66], [68.13, 38.92], [68.04, 38.98], [67.69, 38.99], [67.64, 39.13], [67.35, 39.21], [67.42, 39.46], [67.71, 39.62], [68.46, 39.53], [68.58, 39.63], [68.63, 39.83], [68.73, 39.83], [68.77, 39.90], [68.86, 39.90], [68.80, 40.05], [68.97, 40.08], [68.92, 40.13], [68.63, 40.12], [68.63, 40.16], [68.95, 40.22], [69.27, 40.19], [69.21, 40.28], [69.30, 40.32], [69.20, 40.56], [69.31, 40.63], [69.30, 40.72], [69.35, 40.76], [69.41, 40.79], [69.71, 40.65], [70.29, 40.89], [70.40, 41.03], [70.65, 40.83], [70.63, 40.77], [70.75, 40.72], [70.38, 40.45], [70.37, 40.38], [70.53, 40.32], [70.60, 40.21], [70.95, 40.23], [70.94, 40.18], [70.64, 40.08], [70.62, 39.99], [70.51, 39.94], [70.45, 40.04], [69.96, 40.20], [69.53, 40.09], [69.46, 40.02], [69.47, 39.91], [69.30, 39.96], [69.27, 39.91], [69.22, 39.76], [69.29, 39.52], [69.59, 39.57], [70.17, 39.58], [70.24, 39.54], [70.50, 39.58], [70.60, 39.56], [70.73, 39.41], [70.79, 39.39], [71.00, 39.41], [71.06, 39.49], [71.47, 39.60], [71.51, 39.55], [71.50, 39.47], [71.73, 39.42], [71.72, 39.30], [71.77, 39.27], [72.04, 39.35], [72.22, 39.20], [72.35, 39.33], [72.56, 39.37], [73.10, 39.36], [73.47, 39.46], [73.63, 39.44], [73.60, 39.22], [73.80, 38.96], [73.69, 38.85], [73.80, 38.60], [74.02, 38.53], [74.13, 38.66], [74.27, 38.65], [74.81, 38.46], [74.83, 38.40], [74.77, 38.19], [74.93, 37.77], [74.89, 37.60], [75.09, 37.45], [75.11, 37.38], [74.89, 37.23], [74.65, 37.39], [74.34, 37.41], [74.25, 37.41], [74.16, 37.32], [73.74, 37.23], [73.62, 37.26], [73.71, 37.32], [73.72, 37.41], [73.38, 37.46], [72.89, 37.26], [72.75, 37.17], [72.65, 37.02], [72.35, 36.98], [71.80, 36.69], [71.66, 36.69], [71.53, 36.84], [71.43, 37.12], [71.58, 37.91], [71.27, 37.91], [71.33, 38.17], [71.25, 38.30], [70.87, 38.45], [70.61, 38.33], [70.41, 38.07], [70.21, 37.92], [70.25, 37.66], [70.18, 37.58], [70.04, 37.54], [69.82, 37.60], [69.49, 37.55], [69.39, 37.39], [69.41, 37.20], [69.30, 37.11], [68.91, 37.33], [68.38, 37.13], [68.26, 37.01], [68.06, 36.94], [67.95, 36.97], [67.75, 37.17]]], [[[70.65, 40.93], [70.62, 40.93], [70.55, 41.01], [70.61, 41.00], [70.65, 40.93]]], [[[70.70, 39.82], [70.55, 39.79], [70.48, 39.88], [70.66, 39.85], [70.70, 39.82]]]]}}, {"type": "Feature", "properties": {}, "geometry": {"type": "MultiPolygon", "coordinates": [[[[121.00, 22.62], [120.89, 22.37], [120.83, 21.92], [120.74, 21.95], [120.58, 22.35], [120.31, 22.54], [120.08, 23.09], [120.14, 23.39], [120.13, 23.65], [120.62, 24.47], [121.04, 25.03], [121.36, 25.15], [121.44, 25.24], [121.59, 25.27], [121.85, 25.10], [121.92, 24.97], [121.82, 24.82], [121.82, 24.53], [121.61, 24.05], [121.39, 23.17], [121.29, 22.96], [121.00, 22.62]]], [[[118.40, 24.52], [118.43, 24.41], [118.29, 24.43], [118.28, 24.47], [118.40, 24.52]]]]}}, {"type": "Feature", "properties": {}, "geometry": {"type": "Polygon", "coordinates": [[[35.89, 35.91], [36.15, 35.83], [36.20, 35.93], [36.34, 36.00], [36.37, 36.17], [36.63, 36.23], [36.53, 36.45], [36.65, 36.80], [36.94, 36.75], [37.06, 36.65], [37.43, 36.64], [38.19, 36.90], [38.44, 36.86], [38.76, 36.69], [39.35, 36.68], [40.01, 36.82], [40.70, 37.09], [41.51, 37.08], [42.05, 37.20], [42.20, 37.29], [42.31, 37.22], [42.35, 37.10], [41.78, 36.59], [41.41, 36.51], [41.29, 36.38], [41.24, 36.07], [41.35, 35.80], [41.35, 35.64], [41.21, 35.28], [41.19, 34.76], [40.98, 34.42], [40.68, 34.33], [38.77, 33.37], [36.81, 32.31], [36.37, 32.38], [36.21, 32.49], [36.05, 32.53], [35.89, 32.71], [35.78, 32.73], [35.88, 32.94], [35.79, 33.33], [36.03, 33.58], [35.94, 33.66], [35.96, 33.73], [36.09, 33.83], [36.36, 33.83], [36.27, 33.92], [36.58, 34.22], [36.50, 34.43], [36.32, 34.49], [36.43, 34.61], [36.38, 34.65], [35.97, 34.62], [35.88, 34.94], [35.94, 35.22], [35.90, 35.42], [35.76, 35.57], [35.89, 35.91]]]}}, {"type": "Feature", "properties": {}, "geometry": {"type": "Polygon", "coordinates": [[[9.52, 47.52], [9.62, 47.46], [9.48, 47.17], [9.48, 47.06], [9.84, 47.00], [9.87, 46.93], [10.13, 46.85], [10.34, 46.98], [10.45, 46.89], [10.39, 46.66], [10.43, 46.55], [10.27, 46.56], [10.19, 46.62], [10.08, 46.59], [10.03, 46.48], [10.12, 46.23], [10.04, 46.23], [9.93, 46.36], [9.52, 46.30], [9.42, 46.48], [9.30, 46.49], [9.26, 46.47], [9.25, 46.28], [9.00, 46.01], [9.04, 45.87], [8.95, 45.83], [8.77, 45.99], [8.81, 46.07], [8.64, 46.11], [8.45, 46.24], [8.42, 46.44], [8.09, 46.27], [8.12, 46.16], [7.99, 46.01], [7.78, 45.92], [7.53, 45.97], [7.12, 45.88], [7.05, 45.90], [6.77, 46.16], [6.81, 46.27], [6.75, 46.41], [6.42, 46.43], [6.23, 46.33], [6.27, 46.25], [6.19, 46.19], [5.97, 46.15], [5.97, 46.21], [6.09, 46.27], [6.12, 46.37], [6.06, 46.42], [6.16, 46.61], [6.41, 46.75], [6.45, 46.94], [6.66, 47.02], [6.95, 47.26], [7.00, 47.33], [6.90, 47.39], [7.05, 47.48], [7.26, 47.42], [7.42, 47.45], [7.49, 47.54], [7.61, 47.59], [7.92, 47.56], [8.45, 47.59], [8.56, 47.65], [8.40, 47.68], [8.57, 47.77], [8.88, 47.65], [9.18, 47.67], [9.52, 47.52]]]}}, {"type": "Feature", "properties": {}, "geometry": {"type": "MultiPolygon", "coordinates": [[[[19.07, 57.83], [18.81, 57.70], [18.79, 57.48], [18.90, 57.39], [18.78, 57.36], [18.69, 57.24], [18.47, 57.16], [18.34, 56.97], [18.14, 56.92], [18.28, 57.08], [18.10, 57.27], [18.15, 57.33], [18.13, 57.55], [18.53, 57.83], [18.72, 57.86], [18.80, 57.83], [18.90, 57.91], [19.07, 57.83]]], [[[16.52, 56.29], [16.43, 56.24], [16.40, 56.31], [16.41, 56.56], [16.63, 56.87], [16.72, 56.90], [16.99, 57.31], [17.11, 57.31], [17.05, 57.28], [17.05, 57.20], [16.77, 56.80], [16.52, 56.29]]], [[[11.38, 59.03], [11.47, 58.90], [11.64, 58.92], [11.79, 59.28], [11.68, 59.59], [11.83, 59.69], [11.93, 59.86], [12.16, 59.91], [12.48, 60.10], [12.58, 60.45], [12.31, 60.89], [12.29, 61.00], [12.70, 61.05], [12.88, 61.35], [12.59, 61.54], [12.15, 61.72], [12.30, 62.28], [12.11, 62.59], [12.10, 62.91], [12.21, 63.00], [11.99, 63.29], [12.21, 63.49], [12.17, 63.59], [12.79, 64.0], [13.20, 64.07], [13.96, 64.01], [14.14, 64.17], [14.07, 64.46], [13.65, 64.58], [14.47, 65.30], [14.54, 65.64], [14.63, 65.79], [14.54, 66.12], [15.04, 66.16], [15.48, 66.30], [15.42, 66.48], [16.40, 67.05], [16.43, 67.15], [16.12, 67.42], [16.19, 67.50], [16.45, 67.55], [16.58, 67.62], [16.78, 67.89], [17.32, 68.10], [17.91, 67.96], [18.17, 68.20], [18.16, 68.52], [18.37, 68.56], [19.96, 68.35], [20.24, 68.47], [19.96, 68.54], [20.24, 68.67], [20.34, 68.84], [20.33, 68.89], [20.11, 69.02], [20.62, 69.03], [20.89, 68.97], [20.91, 68.90], [21.99, 68.52], [22.85, 68.36], [23.09, 68.25], [23.18, 68.13], [23.31, 68.13], [23.63, 67.95], [23.50, 67.87], [23.54, 67.61], [23.45, 67.46], [23.73, 67.42], [23.77, 67.32], [23.62, 67.23], [23.64, 67.12], [23.98, 66.81], [23.89, 66.70], [23.86, 66.57], [23.70, 66.48], [23.70, 66.25], [23.75, 66.19], [23.90, 66.14], [24.15, 65.80], [23.89, 65.78], [23.69, 65.82], [23.22, 65.78], [23.10, 65.73], [22.74, 65.87], [22.53, 65.79], [22.40, 65.86], [22.28, 65.75], [22.25, 65.59], [22.08, 65.61], [22.14, 65.55], [21.92, 65.53], [21.95, 65.47], [21.87, 65.42], [21.56, 65.40], [21.52, 65.35], [21.60, 65.26], [21.41, 65.31], [21.54, 65.20], [21.57, 65.12], [21.13, 64.80], [21.27, 64.72], [21.39, 64.54], [21.51, 64.46], [21.46, 64.37], [21.01, 64.17], [20.76, 63.86], [20.20, 63.66], [19.91, 63.61], [19.72, 63.46], [19.50, 63.50], [19.49, 63.42], [19.35, 63.47], [19.23, 63.34], [19.03, 63.23], [18.81, 63.25], [18.79, 63.23], [18.85, 63.20], [18.60, 63.17], [18.53, 63.06], [18.31, 62.99], [18.50, 62.98], [18.46, 62.89], [18.17, 62.78], [17.87, 62.87], [17.97, 62.72], [17.90, 62.65], [18.03, 62.60], [17.64, 62.45], [17.41, 62.50], [17.37, 62.46], [17.42, 62.33], [17.63, 62.23], [17.51, 62.16], [17.37, 61.86], [17.46, 61.68], [17.19, 61.72], [17.21, 61.65], [17.13, 61.57], [17.13, 61.38], [17.19, 61.31], [17.16, 61.27], [17.20, 60.95], [17.27, 60.81], [17.25, 60.70], [17.35, 60.64], [17.59, 60.62], [17.66, 60.53], [17.95, 60.58], [18.16, 60.40], [18.55, 60.25], [18.53, 60.15], [18.78, 60.07], [18.99, 59.82], [18.97, 59.75], [18.57, 59.56], [17.96, 59.35], [18.13, 59.31], [18.50, 59.40], [18.61, 59.32], [18.41, 59.29], [18.37, 59.17], [18.28, 59.10], [17.45, 58.85], [16.97, 58.65], [16.21, 58.63], [16.78, 58.58], [16.92, 58.49], [16.65, 58.43], [16.76, 58.21], [16.70, 58.16], [16.69, 57.91], [16.59, 57.91], [16.55, 57.81], [16.65, 57.50], [16.47, 57.26], [16.52, 57.06], [16.34, 56.70], [16.15, 56.50], [15.99, 56.22], [15.82, 56.12], [15.62, 56.18], [14.71, 56.13], [14.75, 56.03], [14.55, 56.04], [14.21, 55.83], [14.20, 55.72], [14.34, 55.52], [14.17, 55.39], [13.80, 55.42], [13.32, 55.34], [12.88, 55.41], [12.94, 55.48], [12.97, 55.74], [12.47, 56.29], [12.70, 56.23], [12.80, 56.26], [12.65, 56.44], [12.85, 56.45], [12.91, 56.51], [12.88, 56.61], [12.71, 56.66], [12.57, 56.82], [12.42, 56.90], [12.15, 57.22], [12.05, 57.44], [11.96, 57.42], [11.87, 57.67], [11.73, 57.71], [11.70, 57.97], [11.54, 58.00], [11.44, 58.11], [11.43, 58.33], [11.24, 58.36], [11.27, 58.47], [11.20, 58.86], [11.14, 58.98], [11.19, 59.07], [11.38, 59.03]]], [[[19.15, 57.92], [19.13, 57.86], [19.03, 57.91], [19.13, 57.98], [19.33, 57.96], [19.15, 57.92]]], [[[18.41, 59.02], [18.34, 59.02], [18.39, 59.08], [18.48, 59.10], [18.41, 59.02]]], [[[18.59, 59.47], [18.57, 59.43], [18.54, 59.47], [18.57, 59.52], [18.69, 59.53], [18.59, 59.47]]]]}}, {"type": "Feature", "properties": {}, "geometry": {"type": "Polygon", "coordinates": [[[31.94, -25.95], [32.06, -26.01], [32.04, -26.28], [32.10, -26.52], [32.11, -26.83], [31.99, -26.81], [31.95, -27.30], [31.46, -27.29], [31.06, -27.11], [30.88, -26.79], [30.79, -26.76], [30.78, -26.45], [31.08, -25.98], [31.20, -25.84], [31.38, -25.74], [31.87, -25.98], [31.94, -25.95]]]}}, {"type": "Feature", "properties": {}, "geometry": {"type": "Polygon", "coordinates": [[[-54.15, 5.35], [-54.45, 5.01], [-54.44, 4.48], [-54.35, 4.05], [-53.99, 3.58], [-54.00, 3.44], [-54.20, 3.13], [-54.19, 2.81], [-54.40, 2.46], [-54.53, 2.34], [-54.66, 2.32], [-54.72, 2.44], [-54.87, 2.45], [-54.97, 2.59], [-55.34, 2.48], [-55.38, 2.44], [-55.73, 2.40], [-55.95, 2.52], [-56.13, 2.25], [-55.91, 2.03], [-55.96, 1.85], [-56.45, 1.93], [-56.70, 2.03], [-57.10, 2.76], [-57.19, 2.85], [-57.30, 3.37], [-57.54, 3.35], [-57.64, 3.39], [-57.64, 3.51], [-57.83, 3.67], [-57.90, 3.85], [-58.03, 4.00], [-58.05, 4.17], [-57.84, 4.66], [-57.91, 4.82], [-57.88, 4.88], [-57.71, 4.99], [-57.30, 5.04], [-57.30, 5.10], [-57.20, 5.21], [-57.27, 5.24], [-57.31, 5.33], [-57.18, 5.52], [-57.05, 5.93], [-56.96, 5.99], [-56.23, 5.88], [-55.93, 5.79], [-55.89, 5.69], [-55.90, 5.89], [-55.82, 5.96], [-54.83, 5.98], [-54.35, 5.90], [-54.05, 5.80], [-54.04, 5.60], [-54.15, 5.35]]]}}, {"type": "Feature", "properties": {}, "geometry": {"type": "Polygon", "coordinates": [[[33.97, 4.22], [33.48, 3.75], [33.15, 3.77], [32.99, 3.88], [32.83, 3.79], [32.33, 3.70], [32.13, 3.51], [31.94, 3.60], [31.79, 3.80], [31.54, 3.67], [31.15, 3.78], [30.92, 3.63], [30.83, 3.49], [30.75, 3.62], [30.58, 3.62], [30.50, 3.83], [30.19, 3.98], [29.67, 4.58], [29.55, 4.63], [29.22, 4.39], [28.72, 4.50], [28.42, 4.32], [28.19, 4.35], [27.78, 4.64], [27.66, 4.84], [27.49, 4.96], [27.25, 5.28], [27.22, 5.56], [27.14, 5.72], [26.72, 5.99], [26.51, 6.06], [26.30, 6.45], [26.36, 6.63], [25.88, 7.06], [25.27, 7.42], [25.18, 7.55], [25.24, 7.72], [25.20, 7.80], [24.85, 8.13], [24.29, 8.29], [24.20, 8.36], [24.17, 8.46], [24.22, 8.60], [24.16, 8.69], [24.30, 8.81], [24.53, 8.88], [24.64, 9.17], [24.67, 9.38], [24.78, 9.52], [24.78, 9.77], [25.00, 10.05], [25.06, 10.29], [25.79, 10.42], [25.85, 10.40], [25.91, 10.16], [26.16, 9.96], [26.55, 9.52], [26.65, 9.48], [27.07, 9.61], [27.88, 9.60], [28.04, 9.32], [28.84, 9.32], [28.83, 9.45], [28.97, 9.59], [29.47, 9.76], [29.60, 9.92], [29.60, 10.06], [30.00, 10.27], [30.47, 9.97], [30.75, 9.73], [31.15, 9.77], [31.65, 10.22], [31.85, 10.47], [31.93, 10.66], [32.42, 11.08], [32.33, 11.31], [32.33, 11.71], [32.07, 12.00], [32.73, 12.00], [32.72, 12.22], [33.19, 12.21], [33.12, 11.69], [33.07, 11.60], [33.17, 10.85], [33.13, 10.74], [33.37, 10.65], [33.90, 10.18], [33.96, 9.86], [33.89, 9.71], [33.87, 9.50], [33.89, 9.46], [34.07, 9.46], [34.10, 8.67], [34.07, 8.54], [33.95, 8.44], [33.28, 8.43], [32.99, 7.89], [33.22, 7.76], [33.66, 7.67], [33.90, 7.50], [34.02, 7.36], [34.06, 7.22], [34.27, 7.00], [34.48, 6.89], [34.71, 6.66], [34.95, 6.04], [34.98, 5.85], [35.08, 5.67], [35.26, 5.49], [33.97, 4.22]]]}}, {"type": "Feature", "properties": {}, "geometry": {"type": "Polygon", "coordinates": [[[34.07, 9.46], [33.89, 9.46], [33.87, 9.50], [33.89, 9.71], [33.96, 9.86], [33.90, 10.18], [33.37, 10.65], [33.13, 10.74], [33.17, 10.85], [33.07, 11.60], [33.12, 11.69], [33.19, 12.21], [32.72, 12.22], [32.73, 12.00], [32.07, 12.00], [32.33, 11.71], [32.33, 11.31], [32.42, 11.08], [31.93, 10.66], [31.85, 10.47], [31.65, 10.22], [31.15, 9.77], [30.75, 9.73], [30.47, 9.97], [30.00, 10.27], [29.60, 10.06], [29.60, 9.92], [29.47, 9.76], [28.97, 9.59], [28.83, 9.45], [28.84, 9.32], [28.04, 9.32], [27.88, 9.60], [27.07, 9.61], [26.65, 9.48], [26.55, 9.52], [26.16, 9.96], [25.91, 10.16], [25.85, 10.40], [25.79, 10.42], [25.06, 10.29], [25.00, 10.05], [24.78, 9.77], [24.78, 9.52], [24.67, 9.38], [24.64, 9.17], [24.53, 8.88], [24.21, 8.76], [24.14, 8.66], [23.67, 8.73], [23.53, 8.81], [23.55, 8.94], [23.48, 8.99], [23.46, 9.11], [23.62, 9.34], [23.64, 9.82], [23.31, 10.38], [22.86, 10.91], [22.93, 11.19], [22.92, 11.34], [22.59, 11.57], [22.55, 11.66], [22.58, 11.99], [22.47, 12.06], [22.39, 12.46], [22.41, 12.54], [22.35, 12.66], [22.23, 12.70], [21.92, 12.67], [21.82, 12.79], [21.99, 13.11], [22.15, 13.21], [22.22, 13.32], [22.10, 13.79], [22.17, 13.91], [22.53, 14.16], [22.44, 14.28], [22.38, 14.55], [22.67, 14.72], [22.67, 14.85], [22.76, 14.99], [22.93, 15.16], [22.96, 15.31], [22.93, 15.53], [23.10, 15.70], [23.60, 15.74], [23.97, 15.72], [23.98, 19.99], [24.97, 20.00], [24.98, 21.99], [31.20, 21.99], [31.26, 22.00], [31.40, 22.20], [31.48, 22.14], [31.43, 21.99], [36.87, 21.99], [36.92, 21.58], [37.25, 21.10], [37.25, 21.03], [37.15, 21.10], [37.14, 20.98], [37.22, 20.55], [37.19, 20.12], [37.26, 19.79], [37.24, 19.58], [37.47, 18.82], [37.59, 18.71], [37.72, 18.69], [37.92, 18.55], [38.20, 18.24], [38.28, 18.28], [38.60, 18.00], [38.25, 17.58], [37.78, 17.45], [37.54, 17.32], [37.41, 17.06], [37.00, 17.05], [36.97, 16.80], [36.88, 16.62], [36.91, 16.29], [36.52, 15.25], [36.42, 15.13], [36.52, 14.25], [36.39, 13.62], [36.16, 13.09], [36.12, 12.75], [35.67, 12.62], [35.25, 11.95], [35.11, 11.81], [34.96, 11.27], [34.93, 10.86], [34.77, 10.74], [34.57, 10.88], [34.43, 10.78], [34.34, 10.65], [34.27, 10.52], [34.31, 10.19], [34.15, 9.85], [34.07, 9.46]]]}}, {"type": "Feature", "properties": {}, "geometry": {"type": "MultiPolygon", "coordinates": [[[[79.96, 9.63], [79.90, 9.61], [79.85, 9.73], [79.88, 9.74], [79.96, 9.63]]], [[[79.87, 9.05], [79.90, 8.97], [79.74, 9.10], [79.85, 9.06], [79.87, 9.05]]], [[[79.98, 9.81], [80.25, 9.79], [80.71, 9.36], [80.93, 8.97], [81.01, 8.93], [81.19, 8.66], [81.22, 8.50], [81.37, 8.43], [81.42, 8.14], [81.66, 7.78], [81.87, 7.28], [81.86, 6.90], [81.76, 6.61], [81.63, 6.42], [81.30, 6.20], [80.72, 5.97], [80.49, 5.94], [80.26, 6.00], [80.09, 6.15], [79.85, 6.82], [79.71, 8.18], [79.74, 8.29], [79.78, 8.01], [79.94, 8.69], [79.92, 8.89], [80.09, 9.20], [80.08, 9.57], [80.31, 9.46], [80.42, 9.48], [80.25, 9.61], [80.04, 9.64], [79.95, 9.74], [79.98, 9.81]]]]}}, {"type": "Feature", "properties": {}, "geometry": {"type": "MultiPolygon", "coordinates": [[[[1.59, 38.67], [1.40, 38.67], [1.40, 38.71], [1.43, 38.76], [1.59, 38.67]]], [[[3.14, 39.79], [3.39, 39.77], [3.44, 39.76], [3.46, 39.69], [3.24, 39.38], [3.07, 39.30], [2.79, 39.38], [2.70, 39.54], [2.63, 39.55], [2.49, 39.47], [2.37, 39.57], [2.37, 39.61], [2.78, 39.85], [3.15, 39.97], [3.19, 39.96], [3.16, 39.92], [3.19, 39.88], [3.14, 39.79]]], [[[4.29, 39.84], [3.86, 39.95], [3.85, 40.06], [4.22, 40.03], [4.31, 39.91], [4.29, 39.84]]], [[[1.44, 38.91], [1.40, 38.85], [1.22, 38.90], [1.34, 39.08], [1.56, 39.12], [1.61, 39.08], [1.62, 39.03], [1.44, 38.91]]], [[[-1.79, 43.40], [-1.71, 43.30], [-1.41, 43.24], [-1.48, 43.07], [-1.42, 43.03], [-1.30, 43.10], [-1.17, 43.02], [-0.76, 42.93], [-0.58, 42.79], [-0.29, 42.82], [-0.04, 42.68], [0.20, 42.71], [0.63, 42.68], [0.69, 42.84], [1.34, 42.69], [1.42, 42.59], [1.44, 42.43], [1.70, 42.50], [1.92, 42.42], [1.98, 42.35], [2.20, 42.42], [2.65, 42.34], [2.70, 42.40], [2.89, 42.45], [3.21, 42.43], [3.30, 42.28], [3.16, 42.25], [3.15, 42.16], [3.23, 42.08], [3.24, 41.94], [3.00, 41.76], [2.31, 41.46], [2.08, 41.28], [1.03, 41.06], [0.71, 40.82], [0.89, 40.72], [0.59, 40.61], [-0.07, 39.87], [-0.32, 39.51], [-0.20, 39.06], [-0.03, 38.89], [0.15, 38.82], [0.20, 38.75], [-0.52, 38.31], [-0.55, 38.20], [-0.64, 38.15], [-0.68, 37.99], [-0.81, 37.76], [-0.82, 37.71], [-0.72, 37.63], [-0.82, 37.58], [-1.32, 37.56], [-1.64, 37.38], [-1.79, 37.23], [-1.93, 36.94], [-2.11, 36.77], [-2.18, 36.74], [-2.30, 36.81], [-2.45, 36.83], [-2.78, 36.71], [-3.14, 36.75], [-3.43, 36.70], [-3.82, 36.75], [-4.36, 36.71], [-4.67, 36.50], [-4.93, 36.50], [-5.17, 36.42], [-5.36, 36.13], [-5.44, 36.15], [-5.46, 36.07], [-5.62, 36.02], [-6.04, 36.18], [-6.22, 36.42], [-6.26, 36.59], [-6.38, 36.63], [-6.41, 36.72], [-6.21, 36.91], [-6.32, 36.90], [-6.39, 36.83], [-6.49, 36.95], [-6.88, 37.19], [-6.86, 37.27], [-6.97, 37.19], [-7.40, 37.17], [-7.50, 37.58], [-7.44, 37.72], [-7.18, 38.00], [-7.02, 38.04], [-6.95, 38.18], [-7.10, 38.18], [-7.34, 38.45], [-7.28, 38.71], [-7.04, 38.90], [-6.99, 39.05], [-7.17, 39.13], [-7.33, 39.46], [-7.53, 39.66], [-7.11, 39.68], [-6.97, 39.79], [-6.89, 40.02], [-7.03, 40.16], [-6.81, 40.34], [-6.85, 40.44], [-6.83, 40.77], [-6.92, 41.00], [-6.21, 41.53], [-6.30, 41.64], [-6.54, 41.67], [-6.55, 41.87], [-6.61, 41.94], [-7.14, 41.98], [-7.20, 41.89], [-7.40, 41.83], [-7.92, 41.88], [-8.15, 41.81], [-8.22, 41.89], [-8.12, 42.01], [-8.21, 42.13], [-8.26, 42.13], [-8.85, 41.92], [-8.88, 42.10], [-8.69, 42.27], [-8.81, 42.28], [-8.73, 42.41], [-8.81, 42.47], [-8.81, 42.64], [-9.03, 42.59], [-9.03, 42.66], [-8.92, 42.79], [-9.04, 42.81], [-9.23, 42.97], [-9.17, 43.17], [-8.87, 43.33], [-8.66, 43.31], [-8.35, 43.39], [-8.24, 43.43], [-8.28, 43.53], [-8.25, 43.57], [-7.69, 43.76], [-7.50, 43.73], [-7.26, 43.59], [-7.06, 43.55], [-6.08, 43.59], [-5.84, 43.64], [-5.66, 43.58], [-4.52, 43.41], [-3.60, 43.51], [-3.04, 43.37], [-2.87, 43.45], [-2.33, 43.32], [-1.99, 43.34], [-1.79, 43.40]]], [[[-16.33, 28.37], [-16.41, 28.15], [-16.54, 28.03], [-16.65, 28.00], [-16.90, 28.33], [-16.55, 28.40], [-16.31, 28.55], [-16.12, 28.57], [-16.11, 28.52], [-16.33, 28.37]]], [[[-13.71, 28.91], [-13.78, 28.84], [-13.85, 28.86], [-13.78, 29.05], [-13.53, 29.14], [-13.46, 29.23], [-13.42, 29.19], [-13.47, 29.00], [-13.71, 28.91]]], [[[-14.19, 28.16], [-14.33, 28.05], [-14.49, 28.10], [-14.23, 28.21], [-14.00, 28.70], [-13.85, 28.73], [-13.82, 28.58], [-13.92, 28.25], [-14.19, 28.16]]], [[[-15.40, 28.14], [-15.38, 27.87], [-15.43, 27.81], [-15.55, 27.74], [-15.65, 27.75], [-15.80, 27.88], [-15.80, 27.99], [-15.68, 28.15], [-15.40, 28.14]]], [[[-17.18, 28.02], [-17.27, 28.03], [-17.32, 28.11], [-17.25, 28.20], [-17.10, 28.11], [-17.18, 28.02]]], [[[-17.88, 27.80], [-17.98, 27.64], [-18.16, 27.76], [-18.04, 27.76], [-17.92, 27.85], [-17.88, 27.80]]], [[[-17.83, 28.49], [-18.00, 28.75], [-17.92, 28.84], [-17.79, 28.84], [-17.72, 28.72], [-17.75, 28.56], [-17.83, 28.49]]]]}}, {"type": "Feature", "properties": {}, "geometry": {"type": "MultiPolygon", "coordinates": [[[[126.63, 37.78], [126.66, 37.91], [127.09, 38.28], [128.03, 38.30], [128.16, 38.35], [128.37, 38.62], [128.61, 38.17], [129.33, 37.27], [129.41, 37.05], [129.47, 36.74], [129.39, 36.32], [129.40, 36.05], [129.45, 36.00], [129.57, 36.05], [129.56, 35.94], [129.41, 35.49], [129.21, 35.18], [128.98, 35.10], [128.51, 35.10], [128.41, 35.01], [128.44, 34.87], [128.09, 34.93], [128.03, 35.02], [127.71, 34.95], [127.63, 34.88], [127.74, 34.78], [127.71, 34.72], [127.63, 34.69], [127.52, 34.84], [127.40, 34.82], [127.38, 34.74], [127.47, 34.62], [127.32, 34.46], [127.17, 34.54], [127.26, 34.66], [127.24, 34.75], [127.03, 34.60], [126.89, 34.43], [126.75, 34.51], [126.61, 34.40], [126.58, 34.31], [126.53, 34.31], [126.48, 34.49], [126.26, 34.67], [126.30, 34.71], [126.52, 34.69], [126.47, 34.75], [126.59, 34.82], [126.42, 34.82], [126.29, 35.15], [126.49, 35.50], [126.61, 35.57], [126.48, 35.60], [126.48, 35.64], [126.71, 35.76], [126.75, 35.87], [126.64, 35.92], [126.69, 36.01], [126.54, 36.16], [126.54, 36.47], [126.48, 36.69], [126.38, 36.65], [126.18, 36.69], [126.16, 36.77], [126.21, 36.87], [126.48, 37.00], [126.78, 36.94], [126.87, 36.82], [126.97, 36.93], [126.86, 36.97], [126.74, 37.19], [126.79, 37.29], [126.65, 37.44], [126.65, 37.55], [126.56, 37.71], [126.63, 37.78]]], [[[128.74, 34.79], [128.64, 34.73], [128.48, 34.86], [128.72, 35.01], [128.74, 34.79]]], [[[128.06, 34.80], [128.05, 34.70], [127.98, 34.70], [127.94, 34.76], [127.87, 34.73], [127.83, 34.87], [127.91, 34.92], [128.03, 34.87], [128.06, 34.80]]], [[[126.23, 34.37], [126.16, 34.35], [126.10, 34.39], [126.12, 34.44], [126.24, 34.56], [126.34, 34.54], [126.37, 34.49], [126.33, 34.42], [126.23, 34.37]]], [[[126.52, 37.73], [126.51, 37.60], [126.46, 37.61], [126.36, 37.77], [126.41, 37.82], [126.52, 37.73]]], [[[126.75, 34.34], [126.76, 34.29], [126.68, 34.30], [126.65, 34.39], [126.75, 34.34]]], [[[127.79, 34.61], [127.78, 34.58], [127.73, 34.63], [127.78, 34.68], [127.79, 34.61]]], [[[126.41, 36.49], [126.40, 36.42], [126.33, 36.47], [126.31, 36.61], [126.41, 36.49]]], [[[126.17, 34.73], [126.11, 34.71], [126.00, 34.86], [126.07, 34.91], [126.16, 34.82], [126.17, 34.73]]], [[[130.91, 37.47], [130.87, 37.44], [130.81, 37.50], [130.90, 37.55], [130.91, 37.47]]], [[[126.32, 33.22], [126.24, 33.21], [126.16, 33.31], [126.33, 33.46], [126.69, 33.54], [126.90, 33.51], [126.93, 33.44], [126.87, 33.34], [126.58, 33.23], [126.32, 33.22]]]]}}, {"type": "Feature", "properties": {}, "geometry": {"type": "MultiPolygon", "coordinates": [[[[29.36, -22.19], [29.66, -22.14], [30.19, -22.29], [30.46, -22.32], [30.91, -22.29], [31.28, -22.40], [31.53, -23.27], [31.54, -23.48], [31.79, -23.89], [31.96, -24.37], [31.98, -25.63], [31.92, -25.77], [31.94, -25.95], [31.87, -25.98], [31.41, -25.74], [31.20, -25.84], [30.80, -26.41], [30.80, -26.78], [30.88, -26.79], [31.06, -27.11], [31.27, -27.23], [31.74, -27.30], [31.95, -27.30], [31.99, -26.81], [32.35, -26.86], [32.88, -26.84], [32.84, -27.08], [32.65, -27.60], [32.53, -28.19], [32.37, -28.49], [32.02, -28.83], [31.77, -28.93], [31.33, -29.37], [30.28, -30.97], [29.97, -31.32], [29.48, -31.67], [28.85, -32.29], [27.86, -33.05], [27.07, -33.52], [26.61, -33.70], [26.42, -33.75], [25.98, -33.71], [25.80, -33.73], [25.65, -33.84], [25.63, -34.01], [25.57, -34.03], [25.16, -33.96], [25.00, -33.97], [24.82, -34.16], [24.59, -34.17], [23.69, -33.99], [23.58, -33.98], [23.26, -34.08], [22.55, -34.01], [22.24, -34.06], [21.78, -34.37], [21.34, -34.40], [20.98, -34.36], [20.52, -34.46], [20.02, -34.78], [19.63, -34.75], [19.39, -34.60], [19.29, -34.61], [19.33, -34.49], [19.24, -34.41], [19.14, -34.41], [19.09, -34.35], [18.83, -34.36], [18.80, -34.10], [18.75, -34.08], [18.50, -34.10], [18.46, -34.34], [18.35, -34.18], [18.33, -34.07], [18.35, -33.93], [18.46, -33.88], [18.43, -33.71], [18.26, -33.42], [17.99, -33.15], [17.85, -32.82], [17.96, -32.70], [18.03, -32.77], [18.12, -32.74], [18.25, -32.65], [18.32, -32.50], [18.31, -32.12], [18.21, -31.74], [17.67, -31.01], [17.34, -30.44], [16.95, -29.40], [16.73, -29.00], [16.44, -28.61], [16.75, -28.45], [16.87, -28.12], [17.05, -28.03], [17.14, -28.08], [17.20, -28.19], [17.35, -28.26], [17.38, -28.35], [17.34, -28.50], [17.44, -28.69], [18.10, -28.87], [18.83, -28.86], [19.16, -28.93], [19.24, -28.90], [19.27, -28.77], [19.48, -28.66], [19.53, -28.57], [19.67, -28.50], [19.98, -28.45], [19.98, -24.77], [20.34, -25.02], [20.43, -25.14], [20.79, -25.91], [20.81, -26.16], [20.62, -26.44], [20.64, -26.74], [20.68, -26.82], [21.69, -26.84], [21.78, -26.71], [22.09, -26.58], [22.21, -26.38], [22.59, -26.13], [22.87, -25.45], [23.05, -25.31], [23.26, -25.26], [23.38, -25.29], [23.89, -25.60], [24.19, -25.63], [24.33, -25.74], [24.74, -25.81], [25.44, -25.71], [25.58, -25.60], [25.91, -24.74], [26.39, -24.61], [26.83, -24.24], [26.98, -23.70], [27.08, -23.57], [27.31, -23.42], [27.49, -23.36], [27.64, -23.21], [27.75, -23.19], [28.21, -22.69], [28.38, -22.59], [28.83, -22.48], [29.01, -22.27], [29.12, -22.21], [29.36, -22.19]], [[28.73, -30.10], [29.09, -29.91], [29.14, -29.70], [29.29, -29.56], [29.39, -29.26], [29.30, -29.08], [28.95, -28.88], [28.62, -28.58], [28.23, -28.70], [27.95, -28.87], [27.73, -28.94], [27.29, -29.51], [27.05, -29.62], [27.13, -29.84], [27.35, -30.15], [27.38, -30.31], [27.75, -30.6], [28.05, -30.63], [28.13, -30.44], [28.39, -30.14], [28.73, -30.10]]], [[[37.85, -46.94], [37.61, -46.94], [37.59, -46.90], [37.68, -46.82], [37.78, -46.83], [37.88, -46.90], [37.85, -46.94]]]]}}, {"type": "Feature", "properties": {}, "geometry": {"type": "Polygon", "coordinates": [[[41.53, -1.69], [41.52, -1.57], [40.97, -0.87], [40.97, 2.84], [41.34, 3.20], [42.02, 4.13], [42.79, 4.29], [43.12, 4.64], [43.58, 4.85], [43.98, 4.95], [44.94, 4.91], [46.42, 6.49], [47.97, 7.99], [48.93, 9.45], [48.93, 11.25], [50.11, 11.52], [50.46, 11.72], [50.63, 11.94], [50.79, 11.98], [51.25, 11.83], [51.08, 11.33], [51.14, 10.65], [51.09, 10.48], [51.03, 10.44], [51.18, 10.47], [51.19, 10.55], [51.36, 10.47], [51.38, 10.38], [51.20, 10.43], [50.93, 10.33], [50.82, 9.42], [50.42, 8.84], [50.10, 8.19], [49.85, 7.96], [49.67, 7.46], [49.23, 6.77], [49.04, 6.17], [47.97, 4.49], [46.87, 3.28], [46.05, 2.47], [44.92, 1.81], [44.33, 1.39], [43.46, 0.62], [41.97, -0.97], [41.73, -1.43], [41.53, -1.69]]]}}, {"type": "Feature", "properties": {}, "geometry": {"type": "Polygon", "coordinates": [[[48.93, 11.25], [48.93, 9.45], [47.97, 7.99], [46.97, 7.99], [44.02, 8.98], [43.39, 9.48], [43.18, 9.87], [43.06, 9.92], [42.84, 10.20], [42.65, 10.6], [43.24, 11.49], [43.44, 11.34], [43.63, 11.03], [43.85, 10.78], [44.38, 10.43], [44.94, 10.43], [45.81, 10.83], [46.56, 10.74], [47.40, 11.17], [47.71, 11.11], [48.01, 11.13], [48.57, 11.32], [48.93, 11.25]]]}}, {"type": "Feature", "properties": {}, "geometry": {"type": "MultiPolygon", "coordinates": [[[[159.68, -8.50], [159.56, -8.48], [159.55, -8.39], [159.64, -8.41], [159.68, -8.50]]], [[[166.92, -11.66], [166.80, -11.67], [166.74, -11.59], [166.85, -11.57], [166.92, -11.66]]], [[[166.13, -10.75], [165.96, -10.77], [165.90, -10.85], [165.81, -10.84], [165.79, -10.78], [165.90, -10.67], [166.02, -10.66], [166.16, -10.69], [166.13, -10.75]]], [[[160.57, -11.79], [160.44, -11.81], [160.27, -11.66], [160.00, -11.57], [159.98, -11.49], [160.07, -11.49], [160.57, -11.79]]], [[[161.54, -9.62], [161.55, -9.76], [161.40, -9.68], [161.41, -9.51], [161.36, -9.35], [161.54, -9.62]]], [[[159.18, -9.12], [159.07, -9.10], [159.03, -9.07], [159.12, -8.99], [159.22, -9.02], [159.23, -9.09], [159.18, -9.12]]], [[[160.16, -8.99], [160.25, -9.00], [160.40, -9.14], [160.37, -9.18], [160.27, -9.16], [160.10, -9.08], [160.09, -9.03], [160.16, -8.99]]], [[[157.76, -8.24], [157.89, -8.50], [157.81, -8.61], [157.74, -8.52], [157.58, -8.44], [157.55, -8.26], [157.35, -8.27], [157.30, -8.33], [157.23, -8.31], [157.21, -8.26], [157.49, -7.96], [157.59, -8.00], [157.65, -8.21], [157.76, -8.24]]], [[[158.20, -8.82], [158.15, -8.78], [158.20, -8.67], [158.25, -8.79], [158.20, -8.82]]], [[[158.10, -8.68], [158.00, -8.76], [157.93, -8.73], [157.87, -8.66], [157.90, -8.56], [157.99, -8.50], [158.10, -8.53], [158.13, -8.55], [158.06, -8.60], [158.10, -8.68]]], [[[157.38, -8.71], [157.21, -8.56], [157.37, -8.42], [157.41, -8.47], [157.33, -8.65], [157.38, -8.71]]], [[[156.68, -7.92], [156.51, -7.70], [156.50, -7.64], [156.56, -7.57], [156.80, -7.72], [156.68, -7.92]]], [[[156.60, -8.17], [156.53, -8.07], [156.57, -7.95], [156.61, -8.09], [156.60, -8.17]]], [[[157.17, -8.10], [157.04, -8.11], [156.95, -8.01], [156.95, -7.93], [157.02, -7.86], [157.10, -7.85], [157.18, -7.94], [157.17, -8.10]]], [[[155.83, -7.09], [155.73, -7.12], [155.67, -7.08], [155.73, -6.97], [155.86, -7.04], [155.83, -7.09]]], [[[157.64, -8.75], [157.64, -8.79], [157.58, -8.78], [157.45, -8.70], [157.57, -8.70], [157.64, -8.75]]], [[[159.75, -9.27], [159.97, -9.43], [160.35, -9.42], [160.62, -9.58], [160.79, -9.76], [160.81, -9.86], [160.64, -9.92], [160.32, -9.82], [159.80, -9.76], [159.68, -9.63], [159.61, -9.47], [159.62, -9.31], [159.75, -9.27]]], [[[159.87, -8.53], [159.64, -8.37], [158.94, -8.04], [158.59, -7.75], [158.56, -7.65], [158.45, -7.54], [158.73, -7.60], [159.10, -7.90], [159.43, -8.02], [159.84, -8.32], [159.79, -8.40], [159.87, -8.53]]], [[[157.48, -7.33], [157.51, -7.36], [157.44, -7.42], [157.31, -7.34], [157.10, -7.32], [156.49, -6.76], [156.45, -6.63], [156.60, -6.64], [157.03, -6.89], [157.19, -7.16], [157.33, -7.28], [157.48, -7.33]]], [[[160.74, -8.31], [160.99, -8.61], [160.94, -8.79], [161.15, -8.96], [161.25, -9.19], [161.25, -9.31], [161.36, -9.49], [161.36, -9.61], [161.19, -9.39], [160.87, -9.15], [160.77, -8.96], [160.66, -8.62], [160.71, -8.53], [160.59, -8.37], [160.59, -8.32], [160.74, -8.31]]], [[[161.71, -10.38], [161.84, -10.44], [162.10, -10.45], [162.28, -10.70], [162.28, -10.77], [162.37, -10.82], [162.12, -10.82], [161.78, -10.71], [161.53, -10.56], [161.48, -10.36], [161.29, -10.32], [161.30, -10.20], [161.47, -10.23], [161.71, -10.38]]]]}}, {"type": "Feature", "properties": {}, "geometry": {"type": "Polygon", "coordinates": [[[22.53, 49.07], [22.29, 48.68], [22.14, 48.56], [22.11, 48.39], [21.72, 48.34], [21.45, 48.55], [21.06, 48.50], [20.86, 48.54], [20.49, 48.52], [20.33, 48.29], [19.95, 48.14], [19.62, 48.22], [19.46, 48.11], [18.91, 48.05], [18.79, 48.00], [18.75, 47.93], [18.77, 47.85], [18.72, 47.78], [17.76, 47.77], [17.63, 47.80], [17.31, 47.99], [17.08, 48.03], [16.86, 48.38], [16.98, 48.67], [17.13, 48.84], [17.48, 48.82], [17.75, 48.88], [18.08, 49.06], [18.16, 49.25], [18.59, 49.49], [18.93, 49.49], [18.96, 49.39], [19.14, 49.4], [19.25, 49.51], [19.44, 49.59], [19.63, 49.40], [19.77, 49.37], [19.75, 49.20], [19.80, 49.19], [19.91, 49.22], [20.05, 49.18], [20.16, 49.31], [20.36, 49.38], [20.61, 49.39], [20.94, 49.31], [21.07, 49.41], [21.35, 49.42], [21.89, 49.34], [22.02, 49.20], [22.53, 49.07]]]}}, {"type": "Feature", "properties": {}, "geometry": {"type": "Polygon", "coordinates": [[[16.51, 46.49], [16.32, 46.53], [16.23, 46.48], [16.22, 46.37], [16.06, 46.37], [15.93, 46.27], [15.63, 46.20], [15.59, 46.13], [15.66, 46.04], [15.65, 45.86], [15.27, 45.73], [15.35, 45.65], [15.28, 45.57], [15.33, 45.46], [15.24, 45.44], [14.95, 45.49], [14.79, 45.47], [14.56, 45.65], [14.36, 45.48], [13.99, 45.50], [13.87, 45.42], [13.61, 45.47], [13.57, 45.51], [13.87, 45.61], [13.72, 45.76], [13.58, 45.81], [13.60, 45.97], [13.48, 45.98], [13.48, 46.03], [13.63, 46.17], [13.42, 46.21], [13.37, 46.26], [13.39, 46.31], [13.67, 46.46], [13.7, 46.52], [14.54, 46.39], [14.89, 46.60], [15.43, 46.62], [15.76, 46.71], [15.95, 46.67], [15.97, 46.80], [16.09, 46.86], [16.28, 46.85], [16.38, 46.63], [16.51, 46.49]]]}}, {"type": "Feature", "properties": {}, "geometry": {"type": "Polygon", "coordinates": [[[103.96, 1.33], [103.81, 1.26], [103.65, 1.32], [103.70, 1.42], [103.81, 1.44], [103.99, 1.36], [103.96, 1.33]]]}}, {"type": "Feature", "properties": {}, "geometry": {"type": "MultiPolygon", "coordinates": [[[[-10.28, 8.48], [-10.35, 8.18], [-10.57, 8.07], [-10.64, 7.75], [-11.26, 7.23], [-11.50, 6.90], [-11.73, 7.08], [-12.48, 7.38], [-12.43, 7.54], [-12.51, 7.66], [-12.48, 7.75], [-12.57, 7.70], [-12.69, 7.71], [-12.85, 7.81], [-12.95, 8.14], [-13.02, 8.20], [-13.14, 8.21], [-13.27, 8.42], [-13.26, 8.48], [-13.08, 8.42], [-12.89, 8.62], [-13.08, 8.62], [-13.18, 8.57], [-13.22, 8.69], [-13.20, 8.84], [-13.05, 8.88], [-13.15, 8.89], [-13.29, 9.04], [-13.12, 9.04], [-13.02, 9.10], [-12.95, 9.26], [-12.75, 9.37], [-12.50, 9.86], [-12.42, 9.89], [-12.27, 9.92], [-12.14, 9.87], [-11.92, 9.92], [-11.91, 9.99], [-11.27, 9.99], [-11.20, 9.97], [-10.69, 9.31], [-10.74, 9.09], [-10.61, 9.05], [-10.60, 8.86], [-10.50, 8.68], [-10.71, 8.33], [-10.55, 8.31], [-10.39, 8.48], [-10.28, 8.48]]], [[[-12.52, 7.43], [-12.54, 7.41], [-12.60, 7.47], [-12.95, 7.57], [-12.85, 7.62], [-12.61, 7.63], [-12.51, 7.58], [-12.52, 7.43]]]]}}, {"type": "Feature", "properties": {}, "geometry": {"type": "Polygon", "coordinates": [[[55.54, -4.69], [55.54, -4.78], [55.38, -4.60], [55.45, -4.55], [55.54, -4.69]]]}}, {"type": "Feature", "properties": {}, "geometry": {"type": "Polygon", "coordinates": [[[21.36, 44.82], [21.63, 44.71], [21.90, 44.66], [22.09, 44.54], [22.49, 44.70], [22.72, 44.60], [22.73, 44.56], [22.55, 44.54], [22.50, 44.48], [22.53, 44.37], [22.70, 44.23], [22.62, 44.19], [22.59, 44.07], [22.42, 44.00], [22.36, 43.78], [22.55, 43.45], [22.97, 43.18], [22.94, 43.09], [22.70, 42.88], [22.46, 42.84], [22.43, 42.62], [22.53, 42.48], [22.42, 42.32], [22.23, 42.35], [21.56, 42.24], [21.51, 42.32], [21.60, 42.38], [21.75, 42.66], [21.39, 42.75], [21.40, 42.83], [21.23, 42.91], [21.05, 43.09], [20.84, 43.17], [20.80, 43.26], [20.62, 43.19], [20.65, 43.09], [20.62, 43.03], [20.47, 42.95], [20.46, 42.85], [20.34, 42.82], [20.33, 42.89], [20.26, 42.93], [19.61, 43.17], [19.21, 43.44], [19.19, 43.53], [19.25, 43.58], [19.45, 43.56], [19.49, 43.64], [19.48, 43.70], [19.24, 43.96], [19.54, 43.98], [19.58, 44.04], [19.11, 44.35], [19.15, 44.52], [19.29, 44.69], [19.34, 44.88], [19.23, 44.91], [19.00, 44.86], [18.99, 44.90], [19.08, 44.92], [19.06, 45.13], [19.12, 45.15], [19.13, 45.19], [19.30, 45.16], [19.38, 45.17], [19.4, 45.21], [19.00, 45.39], [19.06, 45.51], [18.91, 45.60], [18.94, 45.65], [18.83, 45.83], [18.90, 45.93], [19.06, 46.00], [19.27, 46.00], [19.53, 46.15], [20.21, 46.12], [20.70, 45.73], [20.77, 45.74], [20.79, 45.46], [21.02, 45.32], [21.49, 45.14], [21.42, 45.03], [21.35, 45.00], [21.53, 44.90], [21.35, 44.86], [21.36, 44.82]]]}}, {"type": "Feature", "properties": {}, "geometry": {"type": "Polygon", "coordinates": [[[-12.28, 14.80], [-12.18, 14.64], [-12.22, 14.45], [-12.01, 14.20], [-12.02, 13.97], [-11.96, 13.87], [-12.05, 13.63], [-11.83, 13.31], [-11.75, 13.39], [-11.63, 13.36], [-11.39, 12.94], [-11.45, 12.55], [-11.38, 12.47], [-11.38, 12.40], [-12.04, 12.39], [-12.29, 12.32], [-12.79, 12.45], [-12.93, 12.53], [-13.06, 12.48], [-13.08, 12.63], [-15.19, 12.67], [-15.57, 12.49], [-15.83, 12.43], [-16.14, 12.45], [-16.52, 12.34], [-16.71, 12.35], [-16.78, 12.47], [-16.76, 12.52], [-16.44, 12.60], [-16.59, 12.71], [-16.70, 12.60], [-16.74, 12.58], [-16.76, 12.62], [-16.76, 13.06], [-16.64, 13.15], [-15.83, 13.15], [-15.81, 13.32], [-15.28, 13.39], [-15.15, 13.55], [-14.43, 13.26], [-14.24, 13.23], [-13.84, 13.33], [-13.82, 13.40], [-13.85, 13.47], [-13.97, 13.54], [-14.40, 13.50], [-14.93, 13.78], [-15.10, 13.81], [-15.42, 13.72], [-15.50, 13.58], [-16.56, 13.58], [-16.58, 13.68], [-16.76, 13.90], [-16.61, 14.04], [-16.79, 14.00], [-16.79, 14.09], [-16.97, 14.40], [-17.07, 14.48], [-17.16, 14.64], [-17.34, 14.72], [-17.41, 14.72], [-17.44, 14.65], [-17.53, 14.75], [-17.14, 14.92], [-16.84, 15.29], [-16.57, 15.73], [-16.44, 16.20], [-16.23, 16.53], [-15.76, 16.48], [-15.12, 16.60], [-15.09, 16.65], [-14.95, 16.67], [-14.53, 16.65], [-14.30, 16.58], [-13.97, 16.31], [-13.86, 16.14], [-13.50, 16.13], [-13.34, 15.97], [-13.20, 15.61], [-12.93, 15.45], [-12.85, 15.24], [-12.28, 14.80]]]}}, {"type": "Feature", "properties": {}, "geometry": {"type": "MultiPolygon", "coordinates": [[[[36.90, 25.38], [36.72, 25.53], [36.53, 25.60], [36.53, 25.68], [36.95, 25.41], [36.90, 25.38]]], [[[41.98, 16.71], [42.06, 16.71], [42.02, 16.75], [42.05, 16.80], [42.17, 16.70], [42.15, 16.57], [42.07, 16.67], [41.96, 16.65], [41.80, 16.77], [41.77, 16.84], [41.85, 16.89], [41.86, 17.00], [41.94, 16.93], [41.94, 16.74], [41.98, 16.71]]], [[[51.97, 18.99], [49.04, 18.58], [48.17, 18.15], [47.57, 17.44], [47.44, 17.11], [47.14, 16.94], [46.97, 16.95], [46.72, 17.26], [46.31, 17.23], [45.53, 17.30], [45.14, 17.42], [44.15, 17.39], [43.91, 17.32], [43.71, 17.36], [43.59, 17.47], [43.41, 17.51], [43.19, 17.35], [43.23, 17.26], [43.15, 17.20], [43.11, 16.94], [43.18, 16.81], [43.16, 16.68], [42.79, 16.37], [42.69, 16.73], [42.38, 17.12], [42.29, 17.43], [41.75, 17.88], [41.43, 18.45], [41.22, 18.67], [41.11, 19.08], [40.75, 19.75], [40.61, 19.82], [40.48, 19.99], [40.08, 20.26], [39.88, 20.29], [39.72, 20.39], [39.27, 20.97], [39.09, 21.31], [39.14, 21.51], [38.98, 21.88], [39.09, 22.39], [39.06, 22.59], [39.00, 22.77], [38.88, 22.88], [38.94, 22.88], [38.79, 23.04], [38.70, 23.30], [38.46, 23.71], [38.28, 23.91], [37.91, 24.18], [37.54, 24.29], [37.18, 24.82], [37.26, 24.96], [37.14, 25.29], [36.92, 25.64], [36.76, 25.75], [36.67, 26.03], [36.51, 26.10], [36.24, 26.59], [35.85, 27.07], [35.76, 27.25], [35.58, 27.43], [35.42, 27.73], [35.18, 28.03], [35.07, 28.08], [34.72, 28.13], [34.62, 28.06], [34.61, 28.14], [34.77, 28.50], [34.95, 29.35], [36.06, 29.20], [36.47, 29.49], [36.75, 29.86], [37.46, 29.99], [37.64, 30.33], [37.98, 30.5], [36.95, 31.49], [38.96, 31.99], [39.14, 32.12], [40.36, 31.93], [42.07, 31.08], [44.69, 29.20], [46.35, 29.06], [46.53, 29.09], [47.43, 28.98], [47.58, 28.62], [47.67, 28.53], [48.44, 28.54], [48.62, 28.13], [48.80, 27.89], [48.83, 27.80], [48.79, 27.72], [48.90, 27.62], [49.23, 27.49], [49.17, 27.43], [49.40, 27.18], [49.53, 27.15], [49.71, 26.95], [49.98, 26.82], [50.14, 26.66], [50.00, 26.67], [50.02, 26.52], [50.18, 26.40], [50.21, 26.30], [50.15, 26.10], [50.03, 26.11], [50.08, 25.96], [50.23, 25.62], [50.45, 25.42], [50.55, 25.08], [50.85, 24.67], [50.96, 24.57], [51.26, 24.60], [51.41, 24.57], [51.30, 24.34], [51.56, 24.28], [51.59, 24.07], [52.55, 22.93], [55.10, 22.62], [55.18, 22.70], [55.64, 22.00], [54.97, 19.99], [51.97, 18.99]]], [[[36.59, 25.71], [36.54, 25.73], [36.58, 25.85], [36.57, 25.79], [36.59, 25.71]]]]}}, {"type": "Feature", "properties": {}, "geometry": {"type": "MultiPolygon", "coordinates": [[[[7.42, 1.56], [7.38, 1.54], [7.33, 1.60], [7.41, 1.69], [7.45, 1.66], [7.42, 1.56]]], [[[6.65, 0.12], [6.55, 0.04], [6.51, 0.06], [6.46, 0.22], [6.52, 0.34], [6.68, 0.40], [6.75, 0.24], [6.65, 0.12]]]]}}, {"type": "Feature", "properties": {}, "geometry": {"type": "Polygon", "coordinates": [[[12.48, 43.90], [12.42, 43.89], [12.39, 43.93], [12.50, 43.98], [12.48, 43.90]]]}}, {"type": "Feature", "properties": {}, "geometry": {"type": "MultiPolygon", "coordinates": [[[[-172.33, -13.46], [-172.22, -13.55], [-172.17, -13.68], [-172.22, -13.80], [-172.53, -13.79], [-172.77, -13.51], [-172.33, -13.46]]], [[[-171.45, -14.04], [-171.91, -14.00], [-172.04, -13.85], [-171.85, -13.80], [-171.60, -13.87], [-171.56, -13.94], [-171.46, -13.97], [-171.45, -14.04]]]]}}, {"type": "Feature", "properties": {}, "geometry": {"type": "MultiPolygon", "coordinates": [[[[-61.17, 13.15], [-61.27, 13.20], [-61.26, 13.28], [-61.13, 13.35], [-61.13, 13.20], [-61.17, 13.15]]], [[[-61.22, 12.99], [-61.27, 12.98], [-61.20, 13.05], [-61.19, 13.03], [-61.22, 12.99]]], [[[-61.33, 12.69], [-61.35, 12.69], [-61.31, 12.73], [-61.31, 12.72], [-61.33, 12.69]]]]}}, {"type": "Feature", "properties": {}, "geometry": {"type": "Polygon", "coordinates": [[[-60.89, 13.82], [-60.95, 13.71], [-61.06, 13.78], [-61.07, 13.86], [-60.90, 14.09], [-60.89, 13.82]]]}}, {"type": "Feature", "properties": {}, "geometry": {"type": "MultiPolygon", "coordinates": [[[[-62.53, 17.12], [-62.62, 17.12], [-62.61, 17.19], [-62.53, 17.17], [-62.53, 17.12]]], [[[-62.63, 17.23], [-62.83, 17.33], [-62.82, 17.38], [-62.71, 17.35], [-62.63, 17.23]]]]}}, {"type": "Feature", "properties": {}, "geometry": {"type": "Polygon", "coordinates": [[[29.57, -1.38], [29.82, -1.33], [29.93, -1.46], [30.10, -1.36], [30.36, -1.07], [30.50, -1.06], [30.47, -1.13], [30.50, -1.20], [30.63, -1.36], [30.71, -1.39], [30.81, -1.56], [30.81, -1.96], [30.87, -2.14], [30.82, -2.33], [30.55, -2.40], [30.40, -2.31], [30.11, -2.41], [29.93, -2.33], [29.86, -2.71], [29.69, -2.79], [29.39, -2.80], [29.29, -2.67], [29.10, -2.59], [29.01, -2.72], [28.92, -2.68], [28.85, -2.44], [29.13, -2.19], [29.14, -1.81], [29.35, -1.51], [29.57, -1.38]]]}}, {"type": "Feature", "properties": {}, "geometry": {"type": "MultiPolygon", "coordinates": [[[[145.88, 43.45], [145.93, 43.45], [145.94, 43.42], [145.89, 43.41], [145.88, 43.45]]], [[[146.35, 43.62], [146.33, 43.61], [146.27, 43.62], [146.31, 43.65], [146.35, 43.62]]], [[[146.04, 43.40], [146.02, 43.42], [146.10, 43.44], [146.08, 43.42], [146.04, 43.40]]], [[[137.17, 55.10], [137.05, 54.92], [136.71, 54.95], [136.99, 55.09], [137.17, 55.10]]], [[[150.58, 59.01], [150.51, 59.00], [150.47, 59.05], [150.66, 59.16], [150.71, 59.12], [150.72, 59.09], [150.58, 59.01]]], [[[120.26, 73.08], [119.79, 73.04], [119.64, 73.12], [119.96, 73.16], [120.26, 73.08]]], [[[124.54, 73.85], [124.36, 73.87], [124.33, 73.92], [124.54, 73.93], [124.65, 73.88], [124.54, 73.85]]], [[[106.27, 78.20], [106.02, 78.22], [106.05, 78.26], [106.35, 78.27], [106.45, 78.34], [106.71, 78.29], [106.27, 78.20]]], [[[107.41, 77.24], [107.30, 77.24], [107.26, 77.28], [107.36, 77.34], [107.48, 77.34], [107.67, 77.26], [107.41, 77.24]]], [[[97.58, 76.59], [97.43, 76.59], [97.31, 76.68], [97.38, 76.70], [97.58, 76.59]]], [[[96.85, 76.19], [96.73, 76.20], [96.83, 76.34], [97.05, 76.30], [96.85, 76.19]]], [[[100.13, 79.61], [99.91, 79.60], [99.95, 79.69], [100.30, 79.67], [100.13, 79.61]]], [[[76.75, 73.44], [76.23, 73.47], [76.08, 73.52], [76.25, 73.55], [76.75, 73.44]]], [[[82.70, 74.09], [82.61, 74.05], [82.32, 74.13], [82.52, 74.16], [82.70, 74.09]]], [[[84.75, 74.45], [84.71, 74.39], [84.38, 74.45], [84.87, 74.51], [84.75, 74.45]]], [[[86.65, 74.98], [87.00, 74.99], [87.12, 74.93], [86.92, 74.83], [86.39, 74.85], [86.25, 74.89], [86.65, 74.98]]], [[[59.31, 81.30], [59.09, 81.29], [58.61, 81.33], [59.07, 81.39], [59.37, 81.32], [59.31, 81.30]]], [[[-179.79, 68.94], [-179.47, 68.91], [-179.27, 68.82], [-178.87, 68.75], [-178.53, 68.58], [-178.75, 68.66], [-178.69, 68.54], [-178.09, 68.42], [-178.01, 68.32], [-178.05, 68.26], [-177.79, 68.33], [-178.37, 68.56], [-177.52, 68.29], [-177.63, 68.24], [-177.58, 68.22], [-177.29, 68.22], [-175.34, 67.67], [-175.23, 67.44], [-175.37, 67.35], [-175.15, 67.36], [-175.00, 67.43], [-174.84, 67.34], [-174.93, 67.09], [-174.78, 66.91], [-174.77, 66.78], [-174.87, 66.72], [-174.92, 66.62], [-174.67, 66.60], [-174.50, 66.53], [-174.39, 66.34], [-174.08, 66.47], [-174.01, 66.38], [-174.06, 66.22], [-173.77, 66.43], [-173.92, 66.52], [-174.19, 66.58], [-174.23, 66.63], [-174.06, 66.68], [-174.00, 66.77], [-174.08, 66.94], [-174.34, 67.03], [-174.51, 67.04], [-174.55, 67.09], [-173.67, 67.14], [-173.15, 67.06], [-173.32, 66.95], [-173.34, 66.85], [-173.25, 66.84], [-173.17, 66.86], [-173.22, 66.96], [-173.19, 66.99], [-172.96, 66.94], [-172.52, 66.95], [-173.00, 67.06], [-171.79, 66.93], [-171.36, 66.67], [-170.47, 66.32], [-170.60, 66.24], [-170.30, 66.29], [-170.19, 66.20], [-170.24, 66.16], [-169.77, 66.14], [-169.72, 66.05], [-169.83, 65.99], [-170.15, 66.00], [-170.54, 65.86], [-170.56, 65.65], [-170.66, 65.62], [-171.45, 65.79], [-171.05, 65.54], [-171.16, 65.50], [-171.46, 65.53], [-171.90, 65.49], [-171.95, 65.54], [-172.28, 65.58], [-172.43, 65.66], [-172.78, 65.68], [-172.35, 65.49], [-172.41, 65.44], [-172.23, 65.45], [-172.21, 65.42], [-172.30, 65.27], [-172.66, 65.24], [-172.28, 65.20], [-172.21, 65.04], [-172.59, 64.90], [-173.06, 64.84], [-173.08, 64.81], [-172.80, 64.79], [-172.92, 64.70], [-172.90, 64.62], [-172.48, 64.54], [-172.37, 64.43], [-172.73, 64.41], [-172.79, 64.49], [-172.90, 64.52], [-172.94, 64.50], [-172.91, 64.36], [-173.00, 64.29], [-173.15, 64.27], [-173.37, 64.35], [-173.37, 64.41], [-173.30, 64.44], [-173.32, 64.53], [-173.60, 64.36], [-173.72, 64.36], [-174.57, 64.71], [-175.03, 64.81], [-175.44, 64.81], [-175.85, 65.01], [-175.85, 65.23], [-175.92, 65.35], [-176.09, 65.47], [-177.05, 65.61], [-177.48, 65.50], [-178.41, 65.49], [-178.52, 65.59], [-178.50, 65.74], [-178.79, 65.86], [-178.93, 66.03], [-178.74, 66.01], [-178.69, 66.12], [-178.58, 66.19], [-178.52, 66.40], [-178.86, 66.18], [-179.10, 66.23], [-179.14, 66.37], [-179.19, 66.31], [-179.34, 66.28], [-179.32, 66.16], [-179.61, 66.12], [-179.68, 66.18], [-179.78, 66.01], [-179.78, 65.90], [-179.72, 65.80], [-179.36, 65.63], [-179.35, 65.51], [-179.70, 65.18], [-180.0, 65.06], [-179.99, 68.98], [-179.79, 68.94]]], [[[130.68, 42.30], [130.52, 42.53], [130.58, 42.56], [130.57, 42.62], [130.42, 42.72], [130.57, 42.81], [131.06, 42.90], [131.08, 43.03], [131.17, 43.14], [131.25, 43.37], [131.24, 43.46], [131.18, 43.50], [131.17, 43.70], [131.25, 44.07], [130.98, 44.84], [131.08, 44.91], [131.44, 44.98], [131.65, 45.20], [131.85, 45.32], [131.97, 45.24], [132.93, 45.02], [133.11, 45.13], [133.11, 45.32], [133.18, 45.49], [133.43, 45.60], [133.51, 45.87], [133.64, 45.95], [133.70, 46.13], [133.86, 46.24], [133.90, 46.36], [133.86, 46.49], [134.02, 46.71], [134.07, 46.95], [134.20, 47.12], [134.16, 47.30], [134.29, 47.41], [134.54, 47.48], [134.75, 47.71], [134.56, 48.02], [134.66, 48.15], [134.66, 48.25], [134.56, 48.32], [134.29, 48.37], [133.84, 48.27], [133.46, 48.09], [133.14, 48.10], [132.70, 47.94], [132.47, 47.71], [131.78, 47.68], [131.31, 47.72], [130.96, 47.70], [130.91, 47.84], [130.73, 48.01], [130.71, 48.12], [130.80, 48.34], [130.55, 48.60], [130.61, 48.77], [130.55, 48.86], [130.19, 48.89], [129.67, 49.27], [129.53, 49.32], [129.49, 49.38], [129.06, 49.37], [128.81, 49.46], [128.77, 49.49], [128.76, 49.57], [128.70, 49.60], [127.99, 49.56], [127.71, 49.67], [127.55, 49.80], [127.49, 49.97], [127.59, 50.20], [127.33, 50.35], [127.30, 50.45], [127.34, 50.62], [127.30, 50.70], [126.92, 51.10], [126.80, 51.50], [126.70, 51.56], [126.70, 51.70], [126.51, 51.92], [126.34, 52.36], [126.19, 52.51], [126.01, 52.61], [126.04, 52.73], [125.87, 52.87], [125.72, 52.89], [125.64, 53.04], [125.07, 53.20], [124.81, 53.13], [124.46, 53.22], [124.21, 53.37], [123.60, 53.54], [123.15, 53.54], [122.51, 53.45], [122.33, 53.48], [120.98, 53.28], [120.70, 53.17], [120.09, 52.78], [120.04, 52.71], [120.06, 52.63], [120.52, 52.61], [120.65, 52.56], [120.69, 52.49], [120.65, 52.39], [120.66, 52.29], [120.74, 52.20], [120.74, 52.09], [120.68, 51.97], [120.06, 51.60], [119.81, 51.26], [119.74, 51.10], [119.51, 50.86], [119.44, 50.70], [119.16, 50.40], [119.30, 50.35], [119.34, 50.27], [119.25, 50.06], [118.75, 49.96], [118.45, 49.84], [117.87, 49.51], [117.24, 49.62], [116.68, 49.82], [116.55, 49.92], [116.21, 50.00], [115.71, 49.88], [115.42, 49.89], [114.74, 50.23], [114.29, 50.27], [113.57, 50.00], [113.16, 49.79], [113.05, 49.61], [112.80, 49.52], [112.49, 49.53], [112.07, 49.42], [111.33, 49.35], [110.70, 49.14], [110.42, 49.21], [110.19, 49.17], [109.23, 49.33], [108.61, 49.32], [107.96, 49.65], [107.91, 49.94], [107.23, 49.98], [106.71, 50.31], [106.21, 50.30], [105.87, 50.40], [105.38, 50.47], [105.09, 50.38], [104.46, 50.30], [104.07, 50.15], [103.80, 50.17], [103.63, 50.13], [103.30, 50.20], [103.16, 50.29], [102.68, 50.38], [102.28, 50.58], [102.31, 50.71], [102.21, 50.82], [102.15, 51.31], [102.11, 51.35], [101.57, 51.46], [101.38, 51.45], [100.46, 51.72], [99.92, 51.75], [99.71, 51.87], [99.40, 51.92], [98.89, 52.11], [98.64, 51.80], [98.35, 51.71], [98.21, 51.50], [98.03, 51.44], [97.94, 51.34], [97.91, 51.16], [97.83, 51.05], [97.82, 50.98], [97.95, 50.85], [98.02, 50.64], [98.27, 50.53], [98.25, 50.30], [98.10, 50.07], [98.00, 50.01], [97.58, 49.91], [97.35, 49.74], [97.20, 49.73], [96.98, 49.88], [96.31, 49.90], [96.06, 49.99], [95.93, 49.96], [95.78, 50.01], [95.52, 49.91], [95.11, 49.93], [94.93, 50.04], [94.61, 50.02], [94.35, 50.22], [94.25, 50.55], [93.10, 50.60], [93.00, 50.65], [92.94, 50.77], [92.77, 50.77], [92.73, 50.71], [92.62, 50.68], [92.35, 50.86], [92.29, 50.84], [92.19, 50.70], [91.80, 50.69], [91.44, 50.52], [91.41, 50.46], [91.02, 50.41], [90.65, 50.22], [90.05, 50.09], [89.97, 49.98], [89.64, 49.90], [89.65, 49.71], [89.39, 49.61], [89.24, 49.62], [89.10, 49.50], [89.00, 49.47], [88.90, 49.53], [88.83, 49.44], [88.63, 49.48], [88.19, 49.45], [88.11, 49.25], [87.98, 49.18], [87.41, 49.07], [87.32, 49.08], [87.23, 49.21], [87.00, 49.28], [86.71, 49.55], [86.62, 49.56], [86.61, 49.60], [86.73, 49.69], [86.67, 49.77], [86.18, 49.49], [85.23, 49.61], [85.00, 49.89], [84.98, 50.06], [84.60, 50.20], [84.32, 50.23], [84.25, 50.28], [84.17, 50.52], [83.94, 50.77], [83.35, 50.99], [83.16, 50.98], [83.01, 50.89], [82.76, 50.89], [82.49, 50.72], [82.09, 50.71], [81.93, 50.76], [81.46, 50.73], [81.38, 50.95], [81.07, 50.96], [81.12, 51.19], [80.96, 51.18], [80.87, 51.28], [80.73, 51.29], [80.44, 51.18], [80.42, 50.94], [80.22, 50.91], [80.08, 50.83], [80.06, 50.75], [79.98, 50.77], [79.46, 51.49], [78.47, 52.63], [77.85, 53.26], [76.48, 54.02], [76.42, 54.15], [76.65, 54.14], [76.83, 54.44], [76.26, 54.31], [75.69, 54.11], [75.43, 54.08], [75.37, 53.97], [75.22, 53.89], [75.05, 53.82], [74.83, 53.82], [74.45, 53.64], [74.40, 53.50], [74.35, 53.48], [74.20, 53.57], [73.85, 53.61], [73.64, 53.57], [73.40, 53.44], [73.28, 53.59], [73.30, 53.70], [73.39, 53.81], [73.67, 53.92], [73.71, 54.04], [73.61, 54.06], [73.38, 53.96], [73.22, 53.95], [72.91, 54.10], [72.62, 54.13], [72.56, 54.09], [72.58, 53.99], [72.44, 53.94], [72.40, 53.96], [72.38, 54.12], [72.18, 54.32], [72.10, 54.30], [72.00, 54.20], [71.33, 54.15], [71.09, 54.21], [71.05, 54.26], [71.15, 54.36], [71.18, 54.59], [70.91, 55.12], [70.73, 55.30], [70.48, 55.28], [70.18, 55.16], [69.49, 55.35], [68.97, 55.38], [68.52, 55.20], [68.20, 55.16], [68.24, 55.05], [68.15, 54.97], [66.22, 54.66], [65.95, 54.65], [65.91, 54.69], [65.70, 54.61], [65.47, 54.62], [65.23, 54.51], [65.15, 54.36], [65.08, 54.34], [64.92, 54.39], [64.64, 54.35], [64.46, 54.38], [63.84, 54.23], [63.19, 54.17], [63.07, 54.10], [62.63, 54.06], [62.49, 54.01], [62.04, 54.00], [61.92, 53.94], [61.33, 54.04], [61.23, 54.01], [61.14, 53.96], [61.11, 53.75], [60.97, 53.62], [61.24, 53.55], [61.47, 53.58], [61.53, 53.52], [61.40, 53.45], [61.22, 53.44], [61.16, 53.33], [61.19, 53.28], [61.65, 53.22], [62.01, 53.10], [62.08, 53.00], [61.97, 52.94], [61.40, 52.99], [61.04, 52.97], [60.77, 52.67], [60.99, 52.33], [60.67, 52.15], [60.42, 52.12], [60.03, 51.93], [60.38, 51.77], [60.46, 51.65], [61.36, 51.44], [61.55, 51.32], [61.58, 51.22], [61.38, 50.86], [60.94, 50.69], [60.42, 50.67], [60.28, 50.70], [60.05, 50.85], [59.95, 50.79], [59.81, 50.58], [59.52, 50.49], [59.52, 50.58], [59.45, 50.62], [58.88, 50.69], [58.54, 50.97], [58.35, 51.06], [57.83, 51.09], [57.65, 50.92], [57.44, 50.88], [57.17, 51.03], [57.01, 51.06], [56.62, 50.98], [56.49, 51.01], [56.14, 50.84], [56.04, 50.71], [55.68, 50.58], [55.36, 50.66], [54.86, 50.94], [54.64, 51.01], [54.54, 50.94], [54.60, 50.87], [54.65, 50.66], [54.63, 50.59], [54.55, 50.53], [54.47, 50.58], [54.42, 50.78], [54.13, 51.04], [53.95, 51.16], [53.68, 51.25], [53.53, 51.39], [53.33, 51.48], [52.57, 51.48], [52.33, 51.68], [52.21, 51.70], [52.00, 51.67], [51.60, 51.48], [51.34, 51.47], [51.26, 51.59], [51.16, 51.64], [50.79, 51.72], [50.30, 51.32], [49.82, 51.13], [49.49, 51.08], [49.32, 50.85], [48.80, 50.60], [48.62, 50.61], [48.84, 50.01], [48.75, 49.92], [48.43, 49.82], [48.33, 49.85], [47.70, 50.37], [47.59, 50.41], [47.42, 50.35], [47.29, 50.21], [47.29, 50.05], [47.24, 50.00], [46.99, 49.85], [46.88, 49.69], [46.80, 49.36], [47.03, 49.15], [46.70, 48.80], [46.60, 48.57], [46.66, 48.41], [47.06, 48.23], [47.11, 48.12], [47.09, 47.94], [47.29, 47.74], [47.48, 47.80], [48.16, 47.70], [48.55, 47.32], [48.95, 46.77], [48.88, 46.70], [48.55, 46.75], [48.50, 46.69], [48.54, 46.60], [49.23, 46.33], [49.24, 46.29], [49.12, 46.28], [49.07, 46.18], [48.68, 46.08], [48.72, 45.89], [48.48, 45.93], [48.15, 45.73], [47.83, 45.66], [47.70, 45.68], [47.63, 45.58], [47.46, 45.67], [47.52, 45.60], [47.51, 45.49], [47.41, 45.42], [47.35, 45.21], [47.08, 44.81], [47.00, 44.87], [46.95, 44.78], [46.75, 44.65], [46.71, 44.56], [46.75, 44.42], [47.02, 44.34], [47.30, 44.10], [47.46, 43.55], [47.56, 43.83], [47.64, 43.88], [47.50, 43.50], [47.51, 43.21], [47.46, 43.03], [47.63, 42.90], [47.70, 42.81], [47.72, 42.68], [48.08, 42.35], [48.38, 41.95], [48.57, 41.84], [48.39, 41.60], [48.05, 41.45], [47.86, 41.21], [47.52, 41.22], [47.26, 41.31], [47.20, 41.45], [46.74, 41.81], [46.57, 41.80], [46.53, 41.87], [45.95, 42.03], [45.63, 42.20], [45.72, 42.47], [45.65, 42.51], [45.34, 42.52], [45.16, 42.67], [44.87, 42.75], [44.77, 42.61], [44.64, 42.73], [44.50, 42.74], [43.95, 42.56], [43.82, 42.57], [43.73, 42.61], [43.78, 42.74], [43.08, 42.98], [42.99, 43.09], [42.76, 43.16], [42.56, 43.15], [42.41, 43.22], [42.05, 43.19], [41.58, 43.21], [41.35, 43.33], [41.08, 43.37], [40.64, 43.53], [40.51, 43.51], [40.15, 43.56], [40.08, 43.55], [39.97, 43.41], [38.71, 44.28], [38.18, 44.41], [37.85, 44.69], [37.70, 44.66], [37.49, 44.69], [37.35, 44.78], [37.20, 44.97], [36.65, 45.12], [36.61, 45.18], [36.94, 45.28], [36.72, 45.37], [36.79, 45.40], [36.86, 45.42], [37.21, 45.27], [37.64, 45.37], [37.67, 45.48], [37.60, 45.49], [37.61, 45.56], [37.84, 45.79], [37.93, 46.00], [38.01, 46.04], [38.07, 46.01], [38.07, 45.93], [38.18, 46.09], [38.49, 46.09], [38.07, 46.39], [37.91, 46.40], [37.76, 46.63], [37.96, 46.61], [38.22, 46.70], [38.50, 46.66], [38.43, 46.81], [39.27, 47.04], [39.29, 47.10], [39.19, 47.26], [39.02, 47.27], [38.92, 47.17], [38.66, 47.14], [38.55, 47.15], [38.76, 47.26], [38.57, 47.23], [38.21, 47.09], [38.20, 47.17], [38.28, 47.27], [38.20, 47.32], [38.28, 47.55], [38.64, 47.66], [38.82, 47.83], [39.73, 47.84], [39.77, 47.88], [39.77, 47.96], [39.95, 48.26], [39.84, 48.30], [39.88, 48.36], [39.83, 48.54], [39.64, 48.59], [39.70, 48.73], [39.79, 48.80], [40.00, 48.82], [39.75, 48.91], [39.68, 49.00], [39.88, 49.06], [40.10, 49.25], [40.12, 49.36], [40.05, 49.43], [40.08, 49.57], [39.78, 49.57], [39.46, 49.72], [39.30, 49.74], [39.17, 49.85], [38.91, 49.82], [38.64, 49.95], [38.45, 49.96], [38.25, 50.05], [38.17, 50.02], [38.14, 49.93], [38.04, 49.92], [37.70, 50.10], [37.58, 50.29], [37.42, 50.41], [36.75, 50.29], [36.61, 50.20], [36.49, 50.28], [36.30, 50.28], [36.11, 50.40], [35.89, 50.43], [35.67, 50.34], [35.59, 50.36], [35.41, 50.53], [35.39, 50.61], [35.44, 50.72], [35.31, 50.94], [35.31, 51.04], [35.15, 51.06], [35.06, 51.20], [34.71, 51.17], [34.21, 51.25], [34.27, 51.34], [34.22, 51.36], [34.20, 51.55], [34.12, 51.67], [34.37, 51.71], [34.39, 51.78], [34.11, 51.97], [33.92, 52.25], [33.73, 52.34], [33.14, 52.34], [32.80, 52.25], [32.43, 52.30], [32.36, 52.27], [32.28, 52.11], [32.12, 52.05], [31.76, 52.10], [31.57, 52.31], [31.61, 52.54], [31.51, 52.69], [31.56, 52.75], [31.25, 53.01], [31.41, 53.19], [31.66, 53.20], [31.84, 53.10], [32.14, 53.09], [32.42, 53.21], [32.46, 53.27], [32.70, 53.33], [32.70, 53.41], [32.46, 53.54], [32.42, 53.61], [32.45, 53.69], [32.20, 53.78], [31.75, 53.81], [31.82, 54.03], [31.40, 54.19], [31.18, 54.45], [31.07, 54.49], [31.15, 54.62], [30.79, 54.78], [30.82, 54.91], [30.97, 55.05], [30.95, 55.13], [30.81, 55.30], [30.90, 55.39], [30.90, 55.57], [30.62, 55.66], [30.45, 55.78], [30.23, 55.84], [29.93, 55.84], [29.48, 55.68], [29.35, 55.78], [29.39, 55.91], [29.28, 55.96], [29.03, 56.02], [28.79, 55.94], [28.56, 56.09], [28.28, 56.05], [28.14, 56.14], [28.20, 56.26], [28.16, 56.38], [28.10, 56.54], [27.89, 56.74], [27.88, 56.82], [27.80, 56.86], [27.63, 56.84], [27.71, 57.05], [27.83, 57.19], [27.82, 57.29], [27.53, 57.42], [27.51, 57.50], [27.35, 57.55], [27.4, 57.66], [27.54, 57.79], [27.77, 57.87], [27.67, 57.93], [27.50, 58.22], [27.53, 58.43], [27.43, 58.78], [27.75, 59.05], [27.89, 59.27], [28.15, 59.37], [28.01, 59.48], [28.06, 59.55], [28.01, 59.72], [28.05, 59.78], [28.33, 59.69], [28.51, 59.84], [28.74, 59.80], [28.94, 59.82], [29.14, 59.99], [30.12, 59.87], [30.17, 59.95], [29.97, 60.02], [29.72, 60.19], [29.06, 60.19], [28.64, 60.37], [28.49, 60.54], [28.62, 60.49], [28.65, 60.61], [28.51, 60.67], [28.17, 60.57], [27.79, 60.53], [28.40, 60.89], [29.25, 61.28], [31.18, 62.48], [31.53, 62.92], [31.18, 63.20], [30.41, 63.50], [29.99, 63.73], [30.21, 63.80], [30.52, 64.07], [30.48, 64.23], [30.10, 64.36], [29.98, 64.52], [30.12, 64.64], [30.11, 64.73], [29.78, 64.80], [29.60, 64.96], [29.62, 65.03], [29.82, 65.14], [29.81, 65.20], [29.60, 65.24], [29.71, 65.33], [29.72, 65.47], [29.81, 65.56], [29.71, 65.62], [30.09, 65.68], [30.08, 65.78], [29.90, 66.09], [29.06, 66.89], [29.08, 66.97], [29.24, 67.09], [29.94, 67.54], [29.98, 67.66], [29.34, 68.06], [28.68, 68.18], [28.47, 68.48], [28.77, 68.84], [28.41, 68.90], [29.11, 69.04], [29.38, 69.29], [29.99, 69.39], [30.16, 69.50], [30.19, 69.58], [30.15, 69.62], [30.61, 69.53], [30.86, 69.53], [30.92, 69.60], [30.86, 69.78], [31.54, 69.69], [31.66, 69.72], [31.78, 69.81], [31.99, 69.80], [32.03, 69.83], [31.98, 69.95], [33.00, 69.72], [32.99, 69.62], [32.91, 69.60], [32.17, 69.67], [32.09, 69.63], [32.33, 69.55], [32.37, 69.47], [32.99, 69.47], [33.02, 69.44], [32.94, 69.38], [32.97, 69.36], [33.45, 69.42], [33.32, 69.15], [33.14, 69.06], [33.43, 69.13], [33.68, 69.31], [34.22, 69.31], [35.00, 69.22], [35.28, 69.27], [35.85, 69.19], [37.73, 68.69], [38.43, 68.35], [38.83, 68.32], [39.56, 68.07], [39.82, 68.05], [39.74, 68.16], [39.80, 68.15], [40.38, 67.83], [40.96, 67.71], [41.06, 67.44], [41.13, 67.38], [41.13, 67.26], [41.35, 67.20], [41.27, 66.91], [41.18, 66.82], [40.52, 66.44], [40.10, 66.29], [39.28, 66.13], [38.65, 66.06], [37.90, 66.09], [36.98, 66.27], [35.51, 66.39], [34.82, 66.61], [34.48, 66.55], [34.39, 66.61], [34.45, 66.65], [33.15, 66.84], [32.84, 67.02], [32.93, 67.08], [31.89, 67.16], [32.20, 67.11], [32.50, 67.00], [32.46, 66.91], [32.86, 66.72], [33.18, 66.67], [33.21, 66.53], [33.65, 66.44], [33.59, 66.38], [33.36, 66.32], [34.11, 66.22], [34.39, 66.12], [34.69, 65.95], [34.78, 65.86], [34.77, 65.76], [34.61, 65.50], [34.40, 65.39], [34.67, 65.16], [34.80, 64.98], [34.83, 64.80], [34.95, 64.75], [34.85, 64.70], [34.86, 64.56], [35.03, 64.44], [35.43, 64.34], [35.64, 64.37], [36.14, 64.18], [36.36, 64.00], [37.44, 63.81], [37.96, 63.94], [38.07, 64.02], [38.06, 64.09], [37.95, 64.32], [37.74, 64.39], [37.18, 64.40], [36.57, 64.79], [36.52, 64.84], [36.53, 64.93], [36.78, 64.98], [36.88, 65.17], [37.14, 65.19], [37.52, 65.10], [38.00, 64.87], [38.41, 64.85], [38.54, 64.79], [39.05, 64.71], [39.56, 64.57], [39.75, 64.57], [39.84, 64.69], [40.05, 64.77], [40.44, 64.77], [40.28, 64.99], [39.79, 65.34], [39.74, 65.44], [39.81, 65.59], [40.32, 65.75], [40.69, 65.96], [41.47, 66.12], [42.21, 66.51], [42.60, 66.42], [43.23, 66.41], [43.65, 66.25], [43.54, 66.12], [43.84, 66.14], [44.10, 66.00], [44.14, 66.11], [44.09, 66.23], [44.48, 66.67], [44.42, 66.93], [44.29, 67.09], [43.85, 67.18], [43.78, 67.25], [43.85, 67.43], [44.22, 67.99], [44.20, 68.25], [44.16, 68.32], [43.40, 68.60], [43.33, 68.67], [43.47, 68.67], [44.04, 68.54], [45.07, 68.57], [45.89, 68.47], [46.68, 67.97], [46.69, 67.84], [45.52, 67.75], [44.93, 67.47], [44.90, 67.41], [44.93, 67.35], [45.56, 67.18], [45.88, 66.89], [46.49, 66.80], [47.65, 66.97], [47.76, 67.27], [47.90, 67.45], [47.87, 67.58], [48.65, 67.69], [48.83, 67.68], [48.87, 67.73], [48.69, 67.87], [48.75, 67.89], [49.15, 67.87], [50.69, 68.31], [51.99, 68.53], [52.28, 68.45], [52.18, 68.37], [52.39, 68.35], [52.66, 68.42], [52.72, 68.48], [52.55, 68.59], [52.34, 68.60], [52.68, 68.73], [53.80, 68.99], [54.49, 68.99], [53.79, 68.90], [53.97, 68.84], [53.75, 68.63], [53.91, 68.53], [53.93, 68.43], [53.82, 68.38], [53.69, 68.40], [53.34, 68.34], [53.26, 68.26], [53.96, 68.22], [54.47, 68.29], [54.71, 68.18], [54.86, 68.20], [54.92, 68.37], [55.41, 68.56], [56.04, 68.64], [57.12, 68.55], [58.17, 68.88], [58.23, 68.83], [58.35, 68.91], [59.05, 69.00], [59.11, 68.89], [59.37, 68.73], [59.11, 68.61], [59.09, 68.44], [59.72, 68.35], [59.85, 68.39], [59.92, 68.47], [59.94, 68.51], [59.86, 68.60], [59.89, 68.70], [60.48, 68.72], [60.93, 68.98], [60.85, 69.14], [60.66, 69.11], [60.17, 69.59], [60.27, 69.65], [60.55, 69.69], [60.90, 69.84], [63.36, 69.67], [64.19, 69.53], [64.92, 69.32], [64.89, 69.24], [65.03, 69.26], [66.41, 68.94], [67.00, 68.87], [67.14, 68.75], [67.73, 68.51], [68.37, 68.31], [68.50, 68.34], [68.82, 68.56], [69.14, 68.95], [68.76, 68.91], [68.54, 68.96], [68.11, 69.23], [68.07, 69.42], [68.00, 69.48], [67.62, 69.58], [67.06, 69.69], [66.96, 69.65], [66.89, 69.55], [66.80, 69.65], [66.80, 69.74], [66.92, 70.01], [67.06, 70.00], [67.23, 70.10], [67.14, 70.21], [67.28, 70.73], [67.14, 70.83], [66.70, 70.81], [66.66, 70.90], [66.84, 71.06], [66.69, 71.04], [66.63, 71.08], [66.91, 71.28], [67.54, 71.41], [68.26, 71.68], [68.60, 72.01], [69.03, 72.66], [69.39, 72.95], [69.69, 72.97], [69.64, 72.89], [69.73, 72.88], [71.50, 72.91], [71.92, 72.81], [72.44, 72.79], [72.81, 72.69], [72.75, 72.34], [72.57, 72.01], [72.27, 71.69], [71.91, 71.54], [71.86, 71.45], [72.07, 71.30], [72.58, 71.15], [72.70, 70.96], [72.7, 70.45], [72.46, 70.27], [72.52, 70.17], [72.59, 69.79], [72.61, 69.48], [72.52, 69.15], [72.57, 68.96], [72.81, 68.81], [73.54, 68.57], [73.59, 68.48], [73.13, 68.18], [73.17, 67.97], [73.15, 67.86], [73.06, 67.76], [72.59, 67.58], [71.84, 67.00], [71.66, 66.93], [71.36, 66.96], [71.55, 66.76], [71.53, 66.68], [71.34, 66.68], [70.72, 66.51], [70.38, 66.60], [70.44, 66.66], [70.69, 66.74], [70.28, 66.68], [69.87, 66.84], [69.01, 66.78], [69.19, 66.57], [69.98, 66.40], [70.33, 66.34], [71.35, 66.35], [72.06, 66.25], [72.32, 66.33], [72.41, 66.56], [73.51, 66.86], [73.79, 66.99], [74.07, 67.41], [74.76, 67.76], [74.74, 68.07], [74.39, 68.42], [74.48, 68.65], [74.57, 68.75], [75.12, 68.86], [76.45, 68.97], [76.73, 68.77], [77.11, 68.59], [77.23, 68.46], [77.24, 67.94], [77.17, 67.77], [77.77, 67.57], [78.92, 67.58], [78.83, 67.63], [77.58, 67.75], [77.52, 67.90], [77.53, 68.00], [77.66, 68.19], [77.99, 68.25], [77.65, 68.90], [77.46, 68.90], [76.00, 69.23], [75.42, 69.23], [75.05, 69.11], [74.81, 69.09], [74.36, 69.14], [73.97, 69.11], [73.77, 69.19], [73.89, 69.41], [73.56, 69.70], [73.57, 69.80], [73.83, 70.17], [74.34, 70.57], [74.31, 70.65], [73.57, 71.21], [73.08, 71.44], [73.67, 71.84], [74.48, 71.99], [74.99, 72.14], [75.08, 72.26], [75.06, 72.54], [74.78, 72.81], [75.15, 72.85], [75.36, 72.79], [75.60, 72.58], [75.59, 72.45], [75.74, 72.29], [75.55, 72.17], [75.39, 71.98], [75.27, 71.95], [75.24, 71.81], [75.50, 71.65], [75.46, 71.53], [75.28, 71.43], [75.33, 71.34], [75.73, 71.26], [76.74, 71.20], [76.92, 71.12], [76.99, 71.18], [77.58, 71.16], [78.32, 70.93], [79.01, 70.95], [79.08, 71.00], [78.72, 70.97], [78.49, 71.02], [78.21, 71.26], [77.90, 71.32], [77.48, 71.31], [76.43, 71.55], [76.31, 71.59], [76.03, 71.91], [76.42, 72.00], [76.87, 72.03], [77.55, 71.84], [78.18, 71.90], [78.23, 71.95], [78.01, 72.09], [77.78, 72.11], [77.49, 72.07], [77.41, 72.10], [77.47, 72.19], [77.73, 72.22], [77.96, 72.32], [78.48, 72.39], [79.42, 72.38], [79.95, 72.22], [80.76, 72.08], [80.85, 71.97], [81.66, 71.71], [82.75, 71.76], [83.10, 71.72], [83.23, 71.66], [82.97, 71.45], [82.32, 71.26], [82.23, 70.99], [82.33, 70.80], [82.16, 70.59], [82.22, 70.39], [82.25, 70.54], [82.45, 70.69], [82.59, 70.88], [82.86, 70.95], [83.01, 70.89], [83.05, 70.81], [83.03, 70.58], [82.91, 70.40], [82.68, 70.21], [82.85, 70.10], [83.08, 70.09], [83.13, 70.15], [83.07, 70.27], [83.49, 70.34], [83.65, 70.41], [83.73, 70.54], [83.57, 70.76], [83.15, 71.10], [83.26, 71.27], [83.55, 71.54], [83.53, 71.68], [83.20, 71.87], [82.64, 71.92], [82.31, 72.07], [82.18, 72.23], [82.09, 72.26], [81.09, 72.38], [80.82, 72.48], [80.65, 72.71], [80.84, 72.94], [80.75, 73.02], [80.50, 73.08], [80.42, 73.23], [80.39, 73.35], [80.59, 73.47], [80.58, 73.56], [81.81, 73.65], [83.54, 73.66], [84.73, 73.76], [85.20, 73.72], [85.44, 73.73], [85.61, 73.82], [86.89, 73.88], [87.02, 73.82], [86.09, 73.57], [85.82, 73.49], [85.79, 73.43], [85.81, 73.32], [86.67, 73.10], [86.71, 73.12], [85.91, 73.39], [85.93, 73.45], [86.09, 73.51], [87.12, 73.61], [87.57, 73.81], [87.20, 73.87], [86.57, 74.24], [86.00, 74.31], [86.18, 74.42], [86.39, 74.45], [86.66, 74.41], [86.89, 74.32], [87.22, 74.36], [86.42, 74.58], [85.79, 74.64], [85.88, 74.74], [86.05, 74.72], [86.20, 74.81], [86.65, 74.68], [86.86, 74.71], [87.41, 74.94], [87.46, 75.01], [86.93, 75.06], [86.92, 75.11], [87.00, 75.16], [87.17, 75.19], [87.67, 75.12], [88.73, 75.36], [89.31, 75.47], [89.59, 75.45], [90.18, 75.59], [91.47, 75.64], [91.84, 75.72], [94.07, 75.91], [94.15, 75.95], [93.68, 75.92], [93.57, 75.95], [93.40, 75.90], [93.17, 75.95], [92.98, 75.90], [92.89, 75.90], [92.85, 75.97], [92.97, 76.07], [93.10, 76.02], [93.25, 76.09], [93.64, 76.05], [94.10, 76.12], [94.50, 76.10], [94.57, 76.15], [95.03, 76.11], [95.57, 76.13], [96.07, 76.08], [95.65, 75.89], [96.60, 75.98], [96.49, 75.89], [97.35, 76.03], [97.49, 75.98], [97.66, 76.07], [97.91, 76.08], [98.66, 76.24], [99.56, 76.10], [99.77, 76.02], [99.60, 75.85], [99.44, 75.80], [99.54, 75.79], [99.85, 75.93], [99.82, 76.13], [99.61, 76.24], [98.80, 76.48], [100.32, 76.47], [100.84, 76.52], [101.59, 76.43], [101.68, 76.48], [100.92, 76.55], [101.09, 76.70], [100.92, 76.82], [100.90, 76.90], [100.98, 76.99], [101.18, 77.02], [101.51, 77.19], [102.61, 77.50], [103.13, 77.62], [103.56, 77.63], [104.01, 77.73], [105.71, 77.52], [105.89, 77.48], [106.05, 77.39], [105.73, 77.35], [105.38, 77.23], [104.20, 77.10], [105.64, 77.10], [105.71, 77.00], [105.82, 76.99], [106.14, 77.04], [106.94, 77.03], [107.27, 76.99], [107.42, 76.92], [106.63, 76.57], [106.38, 76.58], [106.41, 76.51], [106.82, 76.48], [107.72, 76.52], [107.90, 76.56], [108.02, 76.71], [108.18, 76.73], [109.98, 76.71], [110.47, 76.75], [111.11, 76.72], [111.78, 76.60], [112.09, 76.48], [111.94, 76.38], [112.29, 76.43], [112.61, 76.38], [112.68, 76.21], [112.79, 76.12], [112.65, 76.05], [113.04, 76.11], [113.15, 76.17], [112.98, 76.23], [113.27, 76.25], [113.42, 76.11], [113.56, 75.89], [113.85, 75.92], [113.87, 75.85], [113.74, 75.70], [113.56, 75.56], [113.48, 75.56], [113.51, 75.62], [113.39, 75.67], [112.46, 75.84], [112.72, 75.73], [112.95, 75.57], [113.24, 75.61], [113.35, 75.53], [113.72, 75.45], [113.61, 75.29], [112.92, 75.01], [111.86, 74.74], [111.29, 74.65], [110.37, 74.46], [110.22, 74.37], [109.84, 74.32], [109.91, 74.26], [109.81, 74.16], [109.07, 74.03], [108.19, 73.69], [107.76, 73.62], [107.27, 73.62], [106.67, 73.33], [106.18, 73.30], [105.67, 72.95], [105.14, 72.77], [105.70, 72.83], [106.47, 73.13], [107.75, 73.17], [108.35, 73.31], [109.08, 73.37], [109.33, 73.48], [109.85, 73.47], [110.86, 73.73], [110.72, 73.77], [110.38, 73.72], [109.75, 73.72], [109.66, 73.80], [109.86, 73.93], [110.26, 74.01], [111.05, 73.93], [111.13, 74.05], [111.55, 74.02], [111.22, 73.96], [111.40, 73.82], [112.14, 73.70], [112.79, 73.74], [112.93, 73.83], [112.83, 73.96], [113.03, 73.91], [113.41, 73.64], [113.15, 73.45], [113.49, 73.34], [113.47, 73.04], [113.36, 72.94], [113.12, 72.83], [113.18, 72.73], [113.31, 72.65], [113.66, 72.63], [113.71, 72.65], [113.29, 72.73], [113.21, 72.80], [113.54, 73.05], [113.58, 73.14], [113.55, 73.23], [113.88, 73.34], [113.53, 73.43], [113.51, 73.50], [114.06, 73.58], [114.81, 73.60], [115.33, 73.70], [116.49, 73.67], [117.30, 73.59], [118.45, 73.58], [118.87, 73.53], [118.93, 73.48], [118.45, 73.46], [118.37, 73.36], [118.43, 73.24], [119.75, 72.97], [120.59, 72.98], [120.99, 72.93], [121.74, 72.96], [122.02, 72.89], [122.53, 72.87], [122.75, 72.90], [122.50, 72.97], [122.52, 73.01], [123.16, 72.95], [123.30, 73.00], [123.46, 73.14], [123.62, 73.19], [123.32, 73.43], [123.30, 73.53], [123.41, 73.63], [123.49, 73.66], [123.79, 73.62], [124.01, 73.71], [124.54, 73.75], [125.61, 73.52], [125.59, 73.44], [126.25, 73.54], [126.34, 73.50], [126.25, 73.41], [126.29, 73.39], [126.55, 73.33], [127.03, 73.54], [127.74, 73.48], [128.28, 73.33], [128.25, 73.26], [128.58, 73.26], [128.88, 73.19], [128.87, 73.13], [128.91, 73.11], [129.10, 73.11], [129.05, 73.04], [128.59, 72.89], [129.01, 72.87], [129.22, 72.77], [129.25, 72.70], [128.41, 72.53], [129.28, 72.43], [129.41, 72.31], [129.41, 72.16], [129.28, 72.09], [128.93, 72.07], [127.80, 72.43], [127.72, 72.41], [127.84, 72.30], [128.35, 72.08], [128.91, 71.75], [129.11, 71.82], [129.15, 71.87], [129.12, 71.95], [129.21, 71.91], [129.46, 71.73], [129.23, 71.74], [128.84, 71.66], [128.92, 71.60], [129.13, 71.59], [129.76, 71.11], [130.53, 70.89], [130.66, 70.88], [130.75, 70.96], [130.83, 70.93], [130.89, 70.80], [131.02, 70.74], [131.26, 70.76], [131.56, 70.90], [131.90, 71.20], [132.03, 71.24], [132.00, 71.35], [132.22, 71.64], [132.65, 71.92], [132.80, 71.76], [133.13, 71.60], [133.68, 71.43], [134.10, 71.37], [134.70, 71.38], [135.02, 71.51], [135.35, 71.54], [135.55, 71.61], [136.09, 71.61], [137.11, 71.41], [137.93, 71.13], [137.99, 71.14], [137.84, 71.22], [138.31, 71.32], [137.91, 71.38], [138.04, 71.52], [138.23, 71.59], [138.52, 71.56], [138.67, 71.63], [138.78, 71.62], [139.20, 71.44], [139.98, 71.49], [139.69, 71.70], [139.72, 71.88], [139.35, 71.95], [139.64, 71.99], [139.84, 72.14], [140.18, 72.19], [139.61, 72.22], [139.43, 72.16], [139.17, 72.16], [139.14, 72.32], [139.60, 72.49], [140.45, 72.49], [141.07, 72.58], [140.98, 72.63], [140.97, 72.71], [140.65, 72.84], [140.80, 72.89], [141.30, 72.85], [141.51, 72.78], [142.06, 72.72], [143.51, 72.69], [146.25, 72.44], [146.23, 72.34], [144.89, 72.39], [144.58, 72.30], [144.16, 72.25], [144.47, 72.17], [145.03, 72.25], [146.83, 72.29], [146.80, 72.23], [146.59, 72.12], [146.11, 71.94], [146.00, 71.94], [146.23, 72.13], [145.75, 72.22], [145.70, 72.20], [145.66, 72.06], [145.75, 72.02], [145.75, 71.94], [145.40, 71.89], [145.06, 71.92], [145.07, 71.83], [144.98, 71.75], [145.18, 71.69], [146.07, 71.80], [147.26, 72.32], [148.40, 72.31], [149.50, 72.16], [149.96, 71.99], [150.01, 71.89], [149.88, 71.84], [149.04, 71.79], [148.92, 71.71], [149.85, 71.60], [150.06, 71.51], [150.59, 71.52], [150.66, 71.45], [150.09, 71.22], [150.96, 71.38], [151.58, 71.28], [152.09, 71.02], [151.76, 70.98], [152.50, 70.83], [153.79, 70.87], [154.41, 70.97], [155.59, 71.03], [155.89, 71.09], [157.44, 71.07], [158.03, 71.03], [158.70, 70.93], [159.35, 70.79], [159.72, 70.64], [159.91, 70.50], [160.00, 70.30], [159.72, 69.87], [159.83, 69.78], [160.91, 69.60], [161.03, 69.09], [161.30, 68.98], [161.34, 68.90], [161.12, 68.65], [160.85, 68.53], [161.10, 68.56], [161.36, 68.82], [161.56, 68.90], [161.56, 69.06], [161.48, 69.20], [161.53, 69.37], [162.16, 69.61], [163.20, 69.71], [163.94, 69.73], [164.15, 69.71], [164.51, 69.60], [165.76, 69.58], [166.82, 69.49], [167.62, 69.74], [167.85, 69.72], [168.15, 69.57], [168.30, 69.27], [169.31, 69.07], [169.41, 68.91], [169.60, 68.78], [170.53, 68.82], [170.99, 69.04], [170.99, 69.13], [170.71, 69.38], [170.58, 69.58], [170.16, 69.62], [170.50, 69.85], [170.48, 70.10], [172.55, 69.96], [173.27, 69.82], [173.35, 69.92], [173.43, 69.94], [173.94, 69.87], [174.78, 69.85], [175.92, 69.89], [176.92, 69.64], [178.84, 69.38], [178.95, 69.29], [179.27, 69.25], [180.0, 68.98], [180.0, 65.06], [179.82, 65.03], [179.44, 64.82], [178.51, 64.60], [178.28, 64.67], [177.74, 64.71], [177.17, 65.01], [176.88, 65.08], [176.34, 65.04], [177.03, 64.99], [177.22, 64.86], [177.06, 64.78], [176.83, 64.84], [176.42, 64.85], [176.06, 64.96], [175.78, 64.84], [174.54, 64.68], [175.67, 64.78], [176.05, 64.90], [176.24, 64.84], [176.35, 64.70], [176.14, 64.58], [176.50, 64.68], [176.84, 64.63], [177.04, 64.71], [177.38, 64.77], [177.46, 64.73], [177.40, 64.57], [177.43, 64.44], [177.68, 64.30], [178.04, 64.21], [178.13, 64.23], [178.22, 64.36], [178.38, 64.26], [178.47, 64.12], [178.45, 64.01], [178.65, 63.96], [178.69, 63.84], [178.73, 63.66], [178.44, 63.60], [178.46, 63.57], [178.65, 63.55], [178.70, 63.52], [178.67, 63.40], [178.74, 63.39], [178.79, 63.54], [178.92, 63.34], [179.33, 63.19], [179.40, 63.07], [179.25, 63.00], [179.38, 62.88], [179.51, 62.86], [179.57, 62.77], [179.57, 62.68], [179.47, 62.61], [179.17, 62.46], [179.12, 62.32], [178.01, 62.54], [177.29, 62.59], [177.35, 62.73], [177.33, 62.78], [177.02, 62.77], [176.96, 62.65], [177.18, 62.59], [177.15, 62.56], [176.70, 62.50], [176.32, 62.34], [175.26, 62.10], [175.19, 62.03], [174.71, 61.94], [174.51, 61.82], [174.13, 61.79], [173.82, 61.67], [173.62, 61.71], [173.13, 61.40], [172.85, 61.46], [172.80, 61.43], [172.90, 61.31], [172.73, 61.31], [172.58, 61.19], [172.39, 61.16], [172.36, 61.11], [172.39, 61.06], [170.60, 60.43], [170.35, 59.96], [170.15, 59.98], [169.98, 60.06], [169.88, 60.21], [169.61, 60.43], [169.22, 60.59], [168.13, 60.57], [167.22, 60.40], [166.96, 60.30], [166.27, 59.85], [166.18, 59.84], [166.13, 59.97], [166.35, 60.48], [166.18, 60.48], [165.94, 60.35], [165.08, 60.09], [165.07, 59.94], [164.95, 59.84], [164.77, 59.87], [164.66, 59.99], [164.52, 60.06], [164.37, 60.05], [164.11, 59.89], [164.13, 59.98], [163.74, 60.02], [163.36, 59.78], [163.26, 59.52], [163.27, 59.30], [163.08, 59.13], [162.94, 59.11], [163.00, 59.02], [162.96, 58.98], [162.45, 58.70], [162.14, 58.44], [161.96, 58.07], [162.03, 57.91], [162.41, 57.77], [162.39, 57.71], [162.46, 57.76], [162.52, 57.90], [162.65, 57.94], [163.22, 57.79], [163.18, 57.63], [162.77, 57.35], [162.76, 57.24], [162.80, 57.10], [162.80, 56.81], [162.92, 56.72], [163.04, 56.74], [163.25, 56.68], [163.24, 56.56], [163.33, 56.23], [163.04, 56.04], [162.84, 56.06], [162.62, 56.23], [162.71, 56.33], [162.89, 56.39], [163.03, 56.52], [162.87, 56.47], [162.67, 56.49], [162.48, 56.39], [162.52, 56.26], [162.08, 56.08], [161.77, 55.65], [161.72, 55.49], [161.78, 55.20], [162.08, 54.88], [162.10, 54.75], [161.62, 54.51], [161.29, 54.52], [161.12, 54.59], [160.77, 54.54], [160.07, 54.18], [159.92, 54.00], [159.84, 53.78], [159.95, 53.55], [159.89, 53.38], [160.00, 53.27], [160.02, 53.12], [159.94, 53.12], [159.77, 53.22], [159.58, 53.23], [158.95, 53.04], [158.74, 52.90], [158.56, 53.05], [158.47, 53.03], [158.43, 52.95], [158.60, 52.87], [158.48, 52.62], [158.49, 52.38], [158.33, 52.09], [158.10, 51.80], [157.82, 51.60], [157.53, 51.47], [157.20, 51.21], [156.74, 50.96], [156.67, 51.22], [156.54, 51.31], [156.52, 51.38], [156.48, 51.91], [156.36, 52.50], [156.22, 52.62], [156.11, 52.86], [155.95, 53.74], [155.70, 54.52], [155.56, 55.19], [155.55, 55.34], [155.71, 56.07], [155.98, 56.69], [156.72, 57.15], [156.84, 57.29], [156.97, 57.46], [156.94, 57.61], [156.79, 57.74], [156.82, 57.77], [156.98, 57.83], [157.21, 57.77], [157.45, 57.79], [157.66, 58.01], [158.27, 58.00], [158.44, 58.16], [159.21, 58.51], [159.59, 58.80], [159.84, 59.12], [160.35, 59.39], [160.54, 59.54], [160.85, 59.62], [161.44, 60.02], [161.75, 60.15], [162.06, 60.46], [162.71, 60.65], [162.97, 60.78], [163.35, 60.80], [163.70, 60.91], [163.55, 61.02], [163.61, 61.11], [163.89, 61.24], [164.00, 61.34], [163.97, 61.41], [163.80, 61.46], [163.88, 61.64], [164.01, 61.71], [164.07, 62.04], [164.20, 62.29], [164.59, 62.47], [165.20, 62.37], [165.21, 62.44], [165.41, 62.44], [165.39, 62.49], [164.79, 62.57], [164.41, 62.70], [163.33, 62.55], [163.24, 62.45], [163.30, 62.37], [163.16, 62.25], [163.13, 62.04], [163.01, 61.89], [163.00, 61.79], [163.25, 61.69], [163.08, 61.57], [162.99, 61.54], [162.85, 61.70], [162.75, 61.71], [162.69, 61.65], [162.39, 61.66], [161.03, 60.96], [160.76, 60.75], [160.48, 60.73], [160.17, 60.63], [160.22, 60.83], [160.37, 61.02], [160.18, 61.04], [159.88, 60.94], [159.79, 60.95], [159.94, 61.12], [159.88, 61.29], [160.24, 61.64], [160.31, 61.79], [160.30, 61.89], [160.18, 61.90], [159.55, 61.71], [159.29, 61.91], [159.18, 61.92], [158.54, 61.81], [158.33, 61.82], [158.07, 61.75], [157.46, 61.79], [157.08, 61.67], [156.68, 61.48], [156.62, 61.27], [156.05, 60.99], [155.71, 60.68], [154.97, 60.37], [154.57, 60.09], [154.44, 59.88], [154.29, 59.83], [154.26, 59.65], [154.14, 59.52], [154.27, 59.47], [154.58, 59.54], [154.97, 59.44], [155.16, 59.36], [155.16, 59.19], [154.82, 59.18], [154.70, 59.14], [154.45, 59.21], [154.24, 59.10], [154.01, 59.07], [153.69, 59.22], [153.36, 59.21], [153.27, 59.09], [153.07, 59.08], [152.81, 58.92], [152.31, 59.03], [152.16, 58.99], [152.08, 58.91], [151.32, 58.87], [151.12, 59.08], [151.50, 59.16], [151.99, 59.16], [152.26, 59.22], [152.16, 59.27], [151.79, 59.32], [151.48, 59.52], [151.34, 59.56], [151.03, 59.58], [150.82, 59.46], [150.48, 59.49], [150.66, 59.55], [149.64, 59.77], [149.42, 59.76], [149.06, 59.63], [149.20, 59.48], [148.92, 59.47], [148.79, 59.53], [148.70, 59.44], [148.74, 59.37], [148.96, 59.36], [148.91, 59.28], [148.72, 59.25], [148.49, 59.26], [148.25, 59.41], [147.87, 59.38], [147.68, 59.29], [147.51, 59.26], [146.80, 59.37], [146.53, 59.45], [146.44, 59.43], [146.27, 59.22], [146.04, 59.17], [145.93, 59.19], [145.75, 59.37], [145.55, 59.41], [144.48, 59.37], [143.86, 59.41], [143.52, 59.34], [143.19, 59.37], [142.58, 59.24], [142.02, 58.99], [141.60, 58.64], [140.79, 58.30], [140.68, 58.21], [140.44, 57.81], [140.00, 57.68], [139.86, 57.54], [139.61, 57.45], [139.50, 57.35], [139.18, 57.26], [138.96, 57.08], [138.66, 56.96], [138.21, 56.62], [138.07, 56.43], [137.69, 56.13], [136.79, 55.69], [136.46, 55.57], [136.17, 55.35], [135.75, 55.16], [135.54, 55.11], [135.26, 54.94], [135.21, 54.84], [135.25, 54.73], [135.85, 54.58], [136.79, 54.62], [136.82, 54.45], [136.68, 53.93], [136.71, 53.80], [136.80, 53.78], [136.88, 53.83], [137.15, 53.82], [137.25, 54.02], [137.09, 54.12], [137.14, 54.18], [137.37, 54.28], [137.66, 54.28], [137.51, 54.15], [137.33, 54.10], [137.62, 53.97], [137.83, 53.94], [137.64, 53.86], [137.51, 53.70], [137.22, 53.57], [137.25, 53.54], [137.95, 53.60], [138.25, 53.72], [138.37, 53.90], [138.52, 53.95], [138.56, 53.94], [138.56, 53.81], [138.24, 53.52], [138.45, 53.53], [138.66, 53.74], [138.69, 53.86], [138.71, 54.22], [138.65, 54.29], [139.31, 54.19], [139.70, 54.27], [140.17, 54.05], [140.34, 53.81], [140.68, 53.59], [141.00, 53.49], [141.21, 53.33], [141.37, 53.29], [141.40, 53.18], [141.18, 53.01], [140.83, 53.08], [141.08, 52.89], [141.25, 52.84], [141.24, 52.55], [141.13, 52.43], [141.16, 52.36], [141.48, 52.17], [141.38, 52.05], [141.36, 51.92], [140.93, 51.61], [140.83, 51.41], [140.68, 51.23], [140.67, 51.05], [140.52, 50.80], [140.47, 50.54], [140.53, 50.13], [140.62, 50.08], [140.46, 49.91], [140.51, 49.59], [140.30, 49.05], [140.37, 48.96], [140.22, 48.77], [140.11, 48.42], [139.37, 47.88], [139.00, 47.38], [138.58, 47.05], [138.39, 46.74], [138.33, 46.54], [138.21, 46.46], [138.10, 46.25], [137.68, 45.81], [136.80, 45.17], [136.25, 44.66], [136.14, 44.48], [135.87, 44.37], [135.53, 43.97], [135.48, 43.83], [135.26, 43.68], [135.13, 43.52], [134.01, 42.94], [133.15, 42.69], [133.05, 42.72], [132.99, 42.80], [132.86, 42.79], [132.70, 42.87], [132.30, 42.88], [132.30, 43.31], [132.02, 43.11], [131.86, 43.09], [132.01, 43.28], [131.93, 43.30], [131.72, 43.20], [131.39, 42.82], [131.15, 42.62], [130.70, 42.65], [130.83, 42.52], [130.68, 42.30]]], [[[47.44, 80.85], [48.44, 80.80], [48.68, 80.71], [48.68, 80.63], [48.04, 80.66], [47.70, 80.76], [47.30, 80.60], [46.67, 80.56], [46.51, 80.47], [46.14, 80.44], [45.96, 80.56], [45.64, 80.53], [44.90, 80.61], [46.79, 80.75], [47.44, 80.85]]], [[[50.27, 80.92], [50.80, 80.91], [51.70, 80.68], [50.96, 80.54], [49.84, 80.49], [49.74, 80.47], [49.79, 80.42], [49.58, 80.37], [48.89, 80.36], [48.67, 80.30], [48.95, 80.26], [49.01, 80.20], [48.97, 80.16], [48.58, 80.19], [48.38, 80.09], [48.16, 80.13], [47.73, 80.08], [47.63, 80.11], [47.97, 80.21], [47.64, 80.24], [46.99, 80.18], [46.64, 80.30], [47.89, 80.52], [48.40, 80.56], [48.62, 80.50], [49.08, 80.51], [49.18, 80.55], [49.19, 80.65], [49.14, 80.71], [49.24, 80.82], [50.27, 80.92]]], [[[67.76, 76.23], [66.28, 75.98], [63.65, 75.66], [62.06, 75.42], [61.61, 75.31], [61.35, 75.31], [60.71, 75.06], [60.27, 75.00], [60.24, 74.97], [60.50, 74.90], [60.08, 74.75], [59.74, 74.74], [59.77, 74.66], [59.67, 74.61], [59.24, 74.69], [59.18, 74.66], [59.14, 74.55], [59.04, 74.48], [58.53, 74.49], [58.50, 74.46], [58.66, 74.28], [58.61, 74.22], [58.44, 74.12], [57.76, 74.01], [57.87, 73.85], [57.75, 73.76], [57.31, 73.83], [57.29, 73.81], [57.46, 73.74], [57.54, 73.65], [57.13, 73.50], [56.96, 73.36], [56.63, 73.30], [55.54, 73.35], [55.00, 73.45], [54.29, 73.35], [54.13, 73.48], [54.20, 73.54], [53.76, 73.76], [54.38, 73.93], [54.64, 73.95], [55.34, 74.41], [56.13, 74.49], [55.66, 74.55], [55.58, 74.62], [55.91, 74.79], [56.49, 74.95], [56.34, 75.01], [55.99, 75.00], [55.81, 75.12], [56.03, 75.19], [56.57, 75.09], [56.87, 75.24], [56.80, 75.32], [56.84, 75.35], [57.08, 75.38], [57.60, 75.34], [57.78, 75.50], [58.09, 75.59], [58.05, 75.66], [58.88, 75.85], [60.03, 75.98], [60.11, 76.06], [60.27, 76.09], [60.94, 76.07], [61.05, 76.11], [61.03, 76.23], [61.20, 76.28], [62.97, 76.23], [64.46, 76.37], [64.95, 76.48], [65.75, 76.57], [66.06, 76.74], [66.34, 76.82], [67.53, 77.00], [68.48, 76.93], [68.87, 76.78], [68.94, 76.70], [68.85, 76.61], [68.89, 76.57], [68.16, 76.28], [67.76, 76.23]]], [[[55.31, 73.30], [56.42, 73.20], [56.39, 73.13], [56.18, 73.03], [56.19, 72.90], [56.12, 72.80], [55.72, 72.76], [55.70, 72.67], [55.61, 72.59], [55.40, 72.54], [55.35, 72.40], [55.39, 72.31], [55.51, 72.22], [55.29, 71.93], [55.47, 71.86], [55.81, 71.50], [56.45, 71.10], [56.89, 70.92], [57.62, 70.72], [57.14, 70.58], [56.64, 70.64], [56.51, 70.72], [56.26, 70.71], [56.56, 70.59], [56.43, 70.56], [56.14, 70.65], [56.08, 70.61], [55.94, 70.64], [55.79, 70.61], [55.70, 70.64], [55.68, 70.69], [55.05, 70.66], [54.64, 70.74], [54.60, 70.68], [53.72, 70.81], [53.38, 70.87], [53.61, 70.91], [53.58, 71.05], [53.67, 71.08], [53.85, 71.07], [53.83, 71.12], [54.15, 71.12], [53.59, 71.29], [53.62, 71.33], [53.40, 71.34], [53.31, 71.39], [53.33, 71.47], [53.41, 71.53], [52.90, 71.49], [52.41, 71.53], [51.93, 71.47], [51.59, 71.57], [51.43, 71.77], [51.44, 71.93], [51.58, 72.07], [51.88, 72.15], [52.25, 72.12], [52.62, 72.30], [52.74, 72.48], [52.86, 72.54], [52.82, 72.59], [52.91, 72.66], [52.68, 72.68], [52.52, 72.73], [52.55, 72.76], [52.91, 72.89], [53.36, 72.91], [53.24, 72.97], [53.18, 73.10], [53.25, 73.18], [53.75, 73.29], [54.20, 73.28], [54.80, 73.38], [55.31, 73.30]]], [[[96.52, 81.07], [96.75, 80.95], [97.83, 80.79], [97.85, 80.69], [97.11, 80.61], [97.02, 80.53], [97.28, 80.34], [97.41, 80.32], [97.17, 80.24], [94.56, 80.12], [93.87, 80.01], [92.20, 80.17], [91.63, 80.26], [91.52, 80.35], [91.89, 80.47], [92.57, 80.53], [92.82, 80.61], [93.26, 80.79], [92.77, 80.76], [92.59, 80.78], [92.61, 80.81], [93.06, 80.98], [93.35, 81.03], [94.83, 81.13], [95.06, 81.18], [95.15, 81.27], [95.80, 81.28], [96.52, 81.07]]], [[[97.67, 80.15], [98.01, 80.02], [97.62, 79.85], [97.59, 79.77], [97.65, 79.76], [98.06, 79.90], [98.35, 79.88], [98.49, 79.95], [98.47, 80.00], [98.59, 80.05], [99.29, 80.01], [99.94, 79.84], [100.06, 79.77], [99.91, 79.73], [99.78, 79.62], [99.68, 79.32], [99.53, 79.27], [99.04, 79.29], [99.51, 79.13], [99.81, 79.09], [99.92, 78.96], [99.43, 78.83], [98.41, 78.78], [97.55, 78.82], [96.80, 78.98], [95.79, 79.00], [95.53, 79.09], [95.13, 79.04], [94.79, 79.08], [94.31, 79.30], [94.21, 79.40], [93.07, 79.49], [93.40, 79.63], [93.84, 79.70], [94.25, 79.82], [94.34, 79.94], [94.98, 80.09], [95.28, 80.03], [95.49, 80.10], [97.67, 80.15]]], [[[102.88, 79.25], [102.41, 78.83], [102.58, 78.87], [102.95, 79.05], [103.80, 79.14], [104.09, 79.01], [104.44, 78.96], [104.45, 78.88], [104.63, 78.83], [105.14, 78.81], [105.34, 78.59], [105.31, 78.49], [104.74, 78.33], [104.29, 78.33], [103.71, 78.25], [103.00, 78.25], [102.79, 78.18], [102.61, 78.22], [101.20, 78.19], [99.84, 77.95], [99.50, 77.97], [99.28, 78.03], [99.67, 78.23], [100.01, 78.33], [100.25, 78.57], [100.28, 78.67], [100.41, 78.75], [100.61, 78.79], [100.95, 78.78], [100.85, 78.89], [100.90, 78.98], [101.03, 79.02], [101.05, 79.12], [101.19, 79.20], [101.54, 79.25], [101.59, 79.35], [101.82, 79.37], [102.00, 79.26], [102.25, 79.25], [102.17, 79.31], [102.18, 79.37], [102.40, 79.43], [102.78, 79.39], [103.09, 79.29], [102.88, 79.25]]], [[[140.04, 75.82], [140.38, 75.79], [140.54, 75.66], [140.81, 75.63], [140.94, 75.70], [140.92, 75.86], [140.98, 75.96], [141.48, 76.13], [142.66, 75.86], [143.18, 75.81], [143.68, 75.86], [145.25, 75.58], [145.35, 75.53], [145.02, 75.48], [144.72, 75.36], [144.88, 75.26], [144.40, 75.10], [144.01, 75.04], [143.17, 75.11], [142.82, 75.26], [142.72, 75.33], [142.69, 75.44], [142.73, 75.54], [142.98, 75.63], [142.94, 75.71], [142.30, 75.69], [142.08, 75.66], [142.19, 75.39], [142.61, 75.13], [143.12, 74.97], [142.47, 74.82], [142.28, 74.84], [141.98, 74.99], [140.26, 74.84], [139.68, 74.96], [139.54, 74.90], [139.32, 74.68], [139.09, 74.65], [138.09, 74.79], [137.68, 75.00], [137.21, 75.12], [137.00, 75.23], [136.94, 75.32], [136.98, 75.36], [137.28, 75.34], [137.21, 75.55], [137.26, 75.74], [137.35, 75.78], [137.70, 75.75], [137.50, 75.90], [137.56, 75.95], [138.20, 76.11], [138.91, 76.19], [140.04, 75.82]]], [[[146.79, 75.37], [147.06, 75.36], [147.49, 75.44], [148.43, 75.41], [148.50, 75.38], [148.47, 75.27], [148.59, 75.23], [149.08, 75.26], [150.10, 75.21], [150.53, 75.09], [150.82, 75.15], [150.58, 74.91], [149.83, 74.79], [149.05, 74.77], [148.09, 74.82], [147.62, 74.95], [147.14, 74.99], [146.14, 75.19], [146.25, 75.39], [146.43, 75.55], [146.53, 75.58], [146.75, 75.51], [146.79, 75.37]]], [[[178.86, 70.82], [178.79, 70.82], [178.64, 71.00], [178.62, 71.04], [178.68, 71.10], [178.89, 71.23], [179.54, 71.44], [180.0, 71.53], [180.0, 70.99], [179.64, 70.89], [178.86, 70.82]]], [[[142.76, 54.39], [142.97, 54.14], [142.91, 53.79], [143.22, 53.29], [143.32, 52.96], [143.32, 52.61], [143.17, 52.34], [143.19, 51.94], [143.29, 51.74], [143.32, 51.58], [143.45, 51.47], [143.47, 51.29], [143.53, 51.24], [143.81, 50.28], [144.04, 49.89], [144.34, 49.18], [144.43, 49.05], [144.68, 48.87], [144.71, 48.64], [144.53, 48.89], [144.04, 49.24], [143.73, 49.31], [143.38, 49.29], [143.10, 49.19], [143.02, 49.10], [142.57, 48.07], [142.55, 47.73], [142.74, 47.45], [142.94, 47.32], [143.21, 46.79], [143.38, 46.80], [143.48, 46.75], [143.58, 46.36], [143.43, 46.02], [143.35, 46.47], [143.28, 46.55], [142.82, 46.60], [142.69, 46.71], [142.57, 46.70], [142.40, 46.55], [142.20, 46.08], [142.07, 45.91], [141.96, 46.01], [141.83, 46.45], [141.86, 46.69], [142.03, 47.14], [141.96, 47.58], [142.18, 48.01], [142.13, 48.29], [141.86, 48.75], [142.02, 49.07], [142.14, 49.56], [142.15, 50.21], [142.06, 50.63], [142.20, 50.99], [142.20, 51.22], [142.00, 51.52], [141.72, 51.73], [141.80, 51.78], [141.66, 51.93], [141.66, 52.27], [141.80, 52.55], [141.85, 52.79], [141.87, 53.03], [141.82, 53.33], [141.96, 53.45], [142.14, 53.49], [142.31, 53.40], [142.52, 53.44], [142.58, 53.53], [142.50, 53.58], [142.55, 53.65], [142.67, 53.67], [142.68, 53.73], [142.64, 53.73], [142.70, 53.89], [142.33, 54.28], [142.55, 54.27], [142.69, 54.41], [142.76, 54.39]]], [[[-178.87, 71.57], [-178.35, 71.52], [-177.49, 71.21], [-177.52, 71.16], [-177.82, 71.06], [-179.15, 70.93], [-179.50, 70.92], [-179.99, 70.99], [-179.99, 71.53], [-178.87, 71.57]]], [[[35.81, 65.18], [35.85, 65.07], [35.84, 65.00], [35.77, 64.97], [35.55, 65.09], [35.52, 65.15], [35.81, 65.18]]], [[[42.71, 66.70], [42.47, 66.73], [42.46, 66.77], [42.63, 66.78], [42.71, 66.70]]], [[[52.90, 71.36], [53.07, 71.23], [53.19, 71.21], [53.20, 71.15], [53.04, 71.03], [53.12, 70.98], [53.02, 70.96], [52.73, 71.18], [52.54, 71.25], [52.28, 71.27], [52.23, 71.32], [52.51, 71.38], [52.72, 71.35], [52.73, 71.40], [52.90, 71.36]]], [[[168.03, 54.56], [168.08, 54.51], [167.48, 54.79], [167.44, 54.85], [167.88, 54.69], [168.03, 54.56]]], [[[160.71, 70.82], [160.50, 70.81], [160.43, 70.85], [160.44, 70.92], [160.56, 70.92], [160.71, 70.82]]], [[[161.46, 68.90], [161.42, 68.89], [161.46, 68.99], [161.13, 69.11], [161.16, 69.33], [161.08, 69.40], [161.11, 69.46], [161.50, 69.63], [161.61, 69.59], [161.60, 69.50], [161.35, 69.36], [161.39, 69.10], [161.51, 68.96], [161.46, 68.90]]], [[[152.88, 76.12], [152.78, 76.08], [152.55, 76.14], [152.79, 76.19], [152.88, 76.12]]], [[[149.15, 76.65], [148.39, 76.64], [148.71, 76.74], [149.40, 76.78], [149.15, 76.65]]], [[[137.95, 71.50], [137.71, 71.42], [137.45, 71.48], [137.26, 71.45], [137.06, 71.52], [137.28, 71.57], [137.81, 71.58], [137.95, 71.50]]], [[[107.69, 78.13], [107.48, 78.05], [107.34, 78.09], [106.41, 78.13], [107.50, 78.18], [107.69, 78.13]]], [[[112.47, 76.62], [112.66, 76.50], [112.53, 76.45], [111.96, 76.62], [112.47, 76.62]]], [[[96.53, 76.27], [96.61, 76.26], [96.58, 76.22], [96.35, 76.21], [96.30, 76.12], [95.31, 76.21], [95.37, 76.28], [95.59, 76.24], [95.78, 76.29], [96.53, 76.27]]], [[[96.28, 77.02], [95.85, 76.97], [95.68, 77.02], [95.27, 77.01], [96.52, 77.20], [96.56, 77.15], [96.28, 77.02]]], [[[89.51, 77.18], [89.29, 77.18], [89.14, 77.22], [89.28, 77.30], [89.67, 77.28], [89.51, 77.18]]], [[[74.66, 72.87], [74.43, 72.90], [74.10, 73.02], [74.19, 73.10], [74.40, 73.13], [74.96, 73.06], [74.74, 73.03], [74.64, 72.96], [74.69, 72.90], [74.66, 72.87]]], [[[75.50, 73.45], [75.34, 73.43], [75.56, 73.54], [76.05, 73.54], [75.82, 73.45], [75.50, 73.45]]], [[[83.54, 74.07], [83.41, 74.03], [82.81, 74.09], [83.14, 74.15], [83.61, 74.08], [83.54, 74.07]]], [[[67.34, 69.52], [67.26, 69.44], [67.02, 69.48], [67.21, 69.57], [67.32, 69.57], [67.34, 69.52]]], [[[66.56, 70.54], [66.56, 70.50], [66.51, 70.51], [66.40, 70.61], [66.39, 70.72], [66.44, 70.77], [66.56, 70.54]]], [[[70.02, 66.50], [69.84, 66.48], [69.65, 66.56], [69.46, 66.71], [69.50, 66.75], [70.07, 66.69], [70.05, 66.59], [70.11, 66.56], [70.02, 66.50]]], [[[50.05, 80.07], [49.97, 80.06], [49.55, 80.15], [49.88, 80.23], [50.25, 80.21], [50.31, 80.17], [50.05, 80.07]]], [[[51.40, 79.94], [51.43, 79.92], [50.45, 79.92], [50.09, 79.98], [50.93, 80.09], [51.25, 80.04], [51.24, 79.99], [51.40, 79.94]]], [[[50.75, 81.04], [50.51, 81.04], [50.36, 81.12], [50.71, 81.17], [50.94, 81.10], [50.75, 81.04]]], [[[55.47, 80.27], [55.19, 80.22], [54.97, 80.25], [55.24, 80.32], [55.47, 80.27]]], [[[54.41, 80.47], [54.27, 80.42], [53.81, 80.47], [53.90, 80.51], [53.87, 80.60], [54.40, 80.54], [54.41, 80.47]]], [[[59.68, 79.95], [59.33, 79.92], [58.91, 79.98], [58.94, 80.04], [59.54, 80.11], [59.80, 80.08], [59.91, 79.99], [59.68, 79.95]]], [[[58.62, 81.04], [58.90, 80.89], [58.93, 80.83], [58.85, 80.77], [58.64, 80.76], [57.93, 80.79], [57.74, 80.88], [57.40, 80.91], [57.21, 81.01], [57.65, 81.03], [58.04, 81.11], [58.62, 81.04]]], [[[47.98, 45.48], [47.92, 45.56], [47.94, 45.64], [47.98, 45.55], [47.98, 45.48]]], [[[50.26, 69.18], [50.28, 69.08], [50.22, 69.04], [50.16, 69.03], [50.09, 69.12], [49.62, 68.85], [48.91, 68.74], [48.66, 68.73], [48.43, 68.80], [48.27, 69.04], [48.31, 69.26], [48.41, 69.34], [48.95, 69.50], [49.22, 69.51], [50.16, 69.25], [50.26, 69.18]]], [[[63.37, 80.70], [63.00, 80.71], [62.52, 80.82], [63.11, 80.96], [64.09, 80.99], [64.31, 81.17], [64.57, 81.19], [65.17, 81.14], [65.38, 81.05], [65.37, 80.96], [65.43, 80.93], [64.54, 80.75], [63.37, 80.70]]], [[[57.95, 80.12], [57.33, 80.15], [57.18, 80.39], [57.01, 80.46], [58.48, 80.46], [59.25, 80.34], [58.39, 80.31], [58.28, 80.29], [58.25, 80.20], [57.95, 80.12]]], [[[62.16, 80.83], [62.22, 80.79], [62.07, 80.61], [61.68, 80.58], [61.05, 80.41], [60.27, 80.49], [59.64, 80.43], [59.34, 80.50], [59.28, 80.57], [59.38, 80.71], [59.71, 80.83], [60.48, 80.80], [61.59, 80.89], [62.16, 80.83]]], [[[61.14, 80.95], [60.82, 80.92], [60.05, 80.98], [60.58, 81.08], [61.45, 81.10], [61.56, 81.05], [61.14, 80.95]]], [[[53.52, 80.18], [52.63, 80.17], [52.21, 80.26], [52.68, 80.31], [52.85, 80.40], [53.18, 80.41], [53.85, 80.26], [53.52, 80.18]]], [[[57.07, 80.35], [57.12, 80.31], [57.11, 80.19], [57.08, 80.09], [56.98, 80.07], [55.72, 80.10], [56.01, 80.20], [55.98, 80.32], [56.02, 80.34], [57.07, 80.35]]], [[[57.81, 81.54], [57.86, 81.50], [58.56, 81.41], [57.85, 81.36], [58.01, 81.25], [57.91, 81.19], [57.45, 81.13], [56.82, 81.23], [56.51, 81.17], [56.19, 81.22], [55.71, 81.18], [55.46, 81.31], [56.15, 81.30], [57.09, 81.54], [57.81, 81.54]]], [[[54.71, 81.11], [55.47, 81.01], [56.47, 80.99], [57.69, 80.79], [56.81, 80.66], [55.88, 80.62], [55.11, 80.75], [54.66, 80.73], [54.06, 80.81], [54.04, 80.87], [54.36, 80.90], [54.41, 80.98], [54.63, 81.11], [54.71, 81.11]]], [[[63.65, 81.60], [62.88, 81.60], [62.10, 81.67], [62.79, 81.71], [63.70, 81.68], [63.78, 81.64], [63.65, 81.60]]], [[[58.29, 81.71], [57.90, 81.72], [57.98, 81.79], [58.13, 81.82], [59.40, 81.82], [59.35, 81.75], [58.29, 81.71]]], [[[92.68, 79.68], [92.15, 79.68], [91.37, 79.83], [91.12, 79.90], [91.07, 79.98], [91.42, 80.04], [92.17, 80.04], [93.80, 79.90], [93.60, 79.81], [92.68, 79.68]]], [[[91.56, 81.14], [91.22, 81.06], [89.97, 81.11], [89.90, 81.17], [90.06, 81.21], [91.10, 81.19], [91.47, 81.18], [91.56, 81.14]]], [[[141.01, 73.99], [140.40, 73.92], [140.18, 74.00], [140.10, 74.18], [140.30, 74.25], [140.94, 74.26], [141.03, 74.24], [141.09, 74.16], [141.01, 73.99]]], [[[142.18, 73.89], [142.63, 73.80], [143.34, 73.56], [143.46, 73.45], [143.49, 73.24], [142.34, 73.25], [141.59, 73.31], [140.66, 73.45], [139.92, 73.35], [139.78, 73.35], [139.68, 73.42], [140.38, 73.48], [140.59, 73.56], [141.08, 73.86], [142.18, 73.89]]], [[[135.94, 75.40], [135.45, 75.38], [135.59, 75.57], [135.57, 75.70], [135.69, 75.84], [135.90, 75.69], [136.16, 75.60], [135.98, 75.52], [135.96, 75.48], [136.02, 75.43], [135.94, 75.40]]], [[[136.19, 73.91], [136.12, 73.88], [135.40, 74.20], [135.38, 74.25], [136.03, 74.09], [136.25, 73.98], [136.19, 73.91]]], [[[137.94, 55.09], [138.20, 55.03], [138.09, 54.99], [137.95, 54.78], [137.72, 54.66], [137.66, 54.65], [137.46, 54.87], [137.23, 54.79], [137.27, 54.89], [137.57, 55.19], [137.94, 55.09]]], [[[169.20, 69.58], [168.91, 69.57], [168.34, 69.66], [167.78, 69.83], [168.05, 69.97], [168.35, 70.01], [169.42, 69.85], [169.41, 69.77], [169.33, 69.76], [169.20, 69.58]]], [[[163.63, 58.60], [163.47, 58.50], [163.43, 58.54], [163.72, 58.79], [163.78, 58.92], [163.76, 59.01], [164.57, 59.22], [164.66, 58.97], [164.61, 58.88], [164.27, 58.83], [163.63, 58.60]]], [[[166.65, 54.83], [166.64, 54.69], [166.22, 54.93], [165.99, 55.19], [165.75, 55.29], [165.93, 55.35], [166.27, 55.31], [166.22, 55.24], [166.24, 55.16], [166.65, 54.83]]], [[[154.81, 49.31], [154.71, 49.26], [154.61, 49.29], [154.61, 49.38], [154.82, 49.64], [154.89, 49.63], [154.80, 49.46], [154.81, 49.31]]], [[[156.40, 50.65], [156.32, 50.63], [156.16, 50.73], [156.37, 50.86], [156.45, 50.85], [156.48, 50.75], [156.40, 50.65]]], [[[155.92, 50.30], [155.79, 50.20], [155.51, 50.14], [155.39, 50.04], [155.24, 50.09], [155.24, 50.21], [155.19, 50.26], [155.43, 50.36], [155.68, 50.40], [155.88, 50.68], [156.09, 50.77], [156.10, 50.55], [155.92, 50.30]]], [[[154.08, 48.79], [154.04, 48.73], [153.99, 48.77], [154.12, 48.90], [154.22, 48.89], [154.08, 48.79]]], [[[155.64, 50.82], [155.55, 50.81], [155.46, 50.91], [155.63, 50.91], [155.64, 50.82]]], [[[153.10, 47.76], [153.05, 47.70], [152.98, 47.72], [153.07, 47.80], [153.10, 47.76]]], [[[152.00, 46.89], [151.81, 46.78], [151.75, 46.78], [151.71, 46.85], [151.86, 46.86], [152.16, 47.11], [152.28, 47.14], [152.00, 46.89]]], [[[149.68, 45.64], [149.44, 45.59], [149.66, 45.83], [149.79, 45.87], [149.96, 46.02], [150.34, 46.21], [150.55, 46.20], [150.23, 46.01], [150.19, 45.93], [149.68, 45.64]]], [[[148.59, 45.31], [148.26, 45.21], [147.91, 44.99], [147.65, 44.97], [147.56, 44.83], [147.31, 44.67], [147.20, 44.55], [146.89, 44.40], [146.93, 44.51], [147.14, 44.66], [147.15, 44.76], [147.24, 44.85], [147.88, 45.22], [147.87, 45.30], [147.92, 45.38], [148.05, 45.26], [148.32, 45.28], [148.61, 45.48], [148.81, 45.51], [148.83, 45.36], [148.59, 45.31]]], [[[146.71, 43.74], [146.60, 43.74], [146.62, 43.81], [146.82, 43.86], [146.89, 43.80], [146.71, 43.74]]], [[[146.20, 44.49], [146.35, 44.42], [146.56, 44.44], [146.51, 44.37], [146.11, 44.24], [145.91, 44.10], [145.76, 43.94], [145.58, 43.84], [145.55, 43.66], [145.43, 43.73], [145.46, 43.87], [145.74, 44.07], [146.11, 44.50], [146.20, 44.49]]], [[[113.38, 74.40], [113.25, 74.27], [112.78, 74.09], [112.10, 74.16], [111.64, 74.27], [111.50, 74.35], [111.87, 74.36], [111.94, 74.38], [112.00, 74.52], [112.08, 74.54], [113.38, 74.40]]], [[[76.24, 79.65], [77.36, 79.55], [77.58, 79.50], [76.64, 79.49], [76.63, 79.54], [76.15, 79.57], [76.05, 79.64], [76.24, 79.65]]], [[[80.02, 80.84], [79.09, 80.81], [78.97, 80.84], [79.21, 80.96], [79.80, 80.97], [80.42, 80.92], [80.34, 80.86], [80.02, 80.84]]], [[[70.67, 73.09], [70.04, 73.03], [69.92, 73.08], [70.01, 73.22], [69.99, 73.35], [70.14, 73.44], [70.35, 73.47], [71.02, 73.50], [71.58, 73.28], [71.63, 73.22], [71.62, 73.17], [70.67, 73.09]]], [[[77.63, 72.29], [77.14, 72.28], [76.87, 72.31], [76.90, 72.36], [77.57, 72.63], [78.27, 72.55], [78.36, 72.48], [77.63, 72.29]]], [[[79.50, 72.72], [78.88, 72.75], [78.63, 72.85], [79.16, 73.09], [79.35, 73.03], [79.54, 72.91], [79.50, 72.72]]], [[[82.17, 75.41], [82.22, 75.35], [82.05, 75.34], [81.97, 75.24], [81.86, 75.31], [81.65, 75.28], [81.50, 75.36], [81.71, 75.45], [81.92, 75.40], [81.91, 75.49], [82.02, 75.51], [82.16, 75.51], [82.17, 75.41]]], [[[60.45, 69.93], [60.47, 69.79], [60.44, 69.72], [60.21, 69.68], [59.72, 69.70], [59.57, 69.73], [59.50, 69.86], [59.14, 69.92], [58.95, 69.89], [58.68, 70.05], [58.47, 70.26], [58.79, 70.43], [59.04, 70.46], [59.63, 70.19], [60.45, 69.93]]], [[[20.95, 55.27], [20.59, 54.98], [20.88, 54.90], [21.18, 54.93], [21.23, 55.26], [21.38, 55.27], [22.07, 55.06], [22.56, 55.05], [22.62, 54.97], [22.82, 54.87], [22.68, 54.56], [22.67, 54.49], [22.76, 54.35], [19.60, 54.45], [19.85, 54.63], [19.94, 54.75], [19.97, 54.92], [20.52, 54.99], [20.89, 55.28], [20.95, 55.27]]], [[[33.59, 46.09], [33.65, 46.21], [33.80, 46.20], [34.02, 46.10], [34.35, 46.06], [34.44, 45.96], [34.68, 45.97], [34.79, 45.89], [34.79, 45.79], [35.00, 45.73], [35.26, 45.44], [35.45, 45.31], [35.83, 45.40], [36.01, 45.37], [36.17, 45.45], [36.57, 45.39], [36.45, 45.23], [36.39, 45.06], [35.87, 45.00], [35.67, 45.10], [35.47, 45.09], [35.35, 44.97], [35.15, 44.89], [35.08, 44.80], [34.71, 44.80], [34.46, 44.72], [34.28, 44.53], [34.07, 44.42], [33.75, 44.39], [33.45, 44.55], [33.61, 44.90], [33.55, 45.09], [33.39, 45.18], [33.18, 45.19], [32.91, 45.34], [32.61, 45.32], [32.50, 45.40], [33.14, 45.74], [33.28, 45.76], [33.66, 45.94], [33.59, 46.09]]]]}}, {"type": "Feature", "properties": {}, "geometry": {"type": "Polygon", "coordinates": [[[28.21, 45.45], [28.45, 45.29], [28.76, 45.23], [28.78, 45.30], [28.89, 45.28], [29.40, 45.41], [29.56, 45.37], [29.70, 45.25], [29.55, 44.84], [29.04, 44.75], [29.08, 44.79], [29.04, 44.92], [29.09, 44.97], [28.98, 44.99], [28.89, 44.91], [28.92, 44.81], [28.80, 44.56], [28.88, 44.57], [28.64, 44.29], [28.65, 43.98], [28.58, 43.74], [28.22, 43.77], [28.05, 43.82], [27.88, 43.98], [27.73, 43.95], [27.42, 44.02], [27.08, 44.16], [26.21, 44.00], [25.81, 43.76], [25.49, 43.67], [23.22, 43.87], [22.91, 43.83], [22.86, 43.86], [22.86, 43.94], [23.02, 44.07], [22.68, 44.24], [22.49, 44.43], [22.55, 44.54], [22.70, 44.55], [22.72, 44.60], [22.49, 44.70], [22.09, 44.54], [21.90, 44.66], [21.63, 44.71], [21.36, 44.82], [21.35, 44.86], [21.53, 44.90], [21.35, 45.00], [21.42, 45.03], [21.49, 45.14], [21.02, 45.32], [20.79, 45.46], [20.77, 45.74], [20.70, 45.73], [20.58, 45.86], [20.35, 45.97], [20.24, 46.10], [20.50, 46.16], [20.61, 46.13], [20.76, 46.24], [21.03, 46.24], [21.12, 46.28], [21.19, 46.39], [21.26, 46.41], [21.25, 46.48], [21.32, 46.60], [21.49, 46.70], [21.49, 46.78], [21.65, 46.96], [21.66, 47.04], [21.99, 47.39], [21.99, 47.50], [22.29, 47.72], [22.60, 47.76], [23.13, 48.08], [23.40, 47.98], [23.66, 47.99], [24.17, 47.90], [24.57, 47.93], [24.89, 47.71], [25.07, 47.74], [25.16, 47.82], [25.46, 47.91], [26.16, 47.99], [26.30, 48.20], [26.71, 48.26], [26.98, 48.15], [27.33, 47.63], [27.61, 47.34], [28.07, 46.97], [28.23, 46.64], [28.24, 46.45], [28.09, 45.97], [28.15, 45.64], [28.07, 45.59], [28.21, 45.45]]]}}, {"type": "Feature", "properties": {}, "geometry": {"type": "Polygon", "coordinates": [[[51.26, 24.60], [50.96, 24.57], [50.85, 24.67], [50.80, 24.78], [50.84, 24.88], [50.75, 25.39], [51.00, 25.98], [51.26, 26.15], [51.54, 25.90], [51.57, 25.78], [51.48, 25.52], [51.60, 25.05], [51.42, 24.66], [51.26, 24.60]]]}}, {"type": "Feature", "properties": {}, "geometry": {"type": "MultiPolygon", "coordinates": [[[[-17.19, 32.86], [-17.05, 32.81], [-16.92, 32.84], [-16.69, 32.75], [-16.83, 32.64], [-17.01, 32.66], [-17.22, 32.76], [-17.19, 32.86]]], [[[-8.77, 41.94], [-8.58, 42.05], [-8.26, 42.13], [-8.21, 42.13], [-8.12, 42.01], [-8.22, 41.89], [-8.15, 41.81], [-7.92, 41.88], [-7.40, 41.83], [-7.20, 41.89], [-7.14, 41.98], [-6.61, 41.94], [-6.55, 41.87], [-6.54, 41.67], [-6.30, 41.64], [-6.21, 41.53], [-6.92, 41.00], [-6.83, 40.77], [-6.85, 40.44], [-6.81, 40.34], [-7.03, 40.16], [-6.89, 40.02], [-6.97, 39.79], [-7.11, 39.68], [-7.53, 39.66], [-7.33, 39.46], [-7.17, 39.13], [-6.99, 39.05], [-7.04, 38.90], [-7.28, 38.71], [-7.34, 38.45], [-7.10, 38.18], [-6.95, 38.18], [-7.02, 38.04], [-7.18, 38.00], [-7.44, 37.72], [-7.50, 37.58], [-7.40, 37.17], [-7.83, 37.00], [-8.59, 37.12], [-8.99, 37.03], [-8.81, 37.43], [-8.79, 37.73], [-8.87, 37.95], [-8.80, 38.18], [-8.88, 38.44], [-8.66, 38.42], [-8.79, 38.51], [-9.21, 38.44], [-9.25, 38.65], [-9.02, 38.74], [-8.93, 38.99], [-8.79, 39.07], [-8.95, 39.01], [-9.13, 38.74], [-9.35, 38.69], [-9.47, 38.73], [-9.35, 39.24], [-9.37, 39.33], [-9.14, 39.54], [-8.83, 40.11], [-8.88, 40.17], [-8.87, 40.25], [-8.68, 40.75], [-8.65, 41.08], [-8.80, 41.56], [-8.81, 41.65], [-8.75, 41.69], [-8.84, 41.70], [-8.88, 41.76], [-8.77, 41.94]]], [[[-25.02, 36.95], [-25.15, 36.94], [-25.19, 36.99], [-25.08, 37.02], [-25.02, 36.95]]], [[[-31.13, 39.40], [-31.18, 39.35], [-31.28, 39.39], [-31.26, 39.49], [-31.19, 39.52], [-31.13, 39.47], [-31.13, 39.40]]], [[[-27.07, 38.64], [-27.30, 38.66], [-27.38, 38.76], [-27.12, 38.78], [-27.04, 38.74], [-27.07, 38.64]]], [[[-27.77, 38.55], [-28.09, 38.62], [-28.31, 38.74], [-27.96, 38.63], [-27.77, 38.55]]], [[[-28.64, 38.52], [-28.74, 38.52], [-28.84, 38.59], [-28.69, 38.63], [-28.60, 38.55], [-28.64, 38.52]]], [[[-28.14, 38.45], [-28.06, 38.41], [-28.45, 38.40], [-28.54, 38.51], [-28.40, 38.55], [-28.14, 38.45]]], [[[-25.64, 37.84], [-25.26, 37.84], [-25.18, 37.83], [-25.19, 37.76], [-25.25, 37.73], [-25.43, 37.71], [-25.73, 37.76], [-25.83, 37.82], [-25.84, 37.89], [-25.78, 37.91], [-25.64, 37.84]]]]}}, {"type": "Feature", "properties": {}, "geometry": {"type": "Polygon", "coordinates": [[[23.60, 51.51], [23.67, 51.39], [23.66, 51.31], [23.98, 50.94], [24.09, 50.87], [23.97, 50.78], [24.09, 50.61], [24.08, 50.53], [23.97, 50.41], [23.71, 50.37], [23.03, 49.89], [22.70, 49.60], [22.64, 49.53], [22.73, 49.29], [22.70, 49.17], [22.84, 49.08], [22.80, 49.02], [22.02, 49.20], [21.89, 49.34], [21.63, 49.41], [21.07, 49.41], [21.00, 49.33], [20.86, 49.31], [20.61, 49.39], [20.36, 49.38], [20.16, 49.31], [20.05, 49.18], [19.75, 49.20], [19.77, 49.37], [19.63, 49.40], [19.44, 49.59], [19.25, 49.51], [19.14, 49.4], [18.96, 49.39], [18.93, 49.49], [18.83, 49.51], [18.80, 49.61], [18.59, 49.75], [18.56, 49.87], [18.30, 49.91], [18.02, 50.03], [17.83, 49.98], [17.62, 50.11], [17.58, 50.15], [17.73, 50.23], [17.70, 50.30], [17.41, 50.25], [17.15, 50.37], [16.88, 50.42], [16.98, 50.23], [16.63, 50.10], [16.21, 50.42], [16.41, 50.57], [16.28, 50.65], [16.00, 50.61], [15.73, 50.73], [15.35, 50.81], [15.25, 50.95], [14.99, 51.01], [14.98, 50.88], [14.80, 50.85], [15.01, 51.25], [14.90, 51.46], [14.72, 51.52], [14.72, 51.66], [14.60, 51.83], [14.75, 52.08], [14.70, 52.11], [14.67, 52.25], [14.55, 52.35], [14.61, 52.52], [14.51, 52.64], [14.12, 52.87], [14.41, 53.19], [14.25, 53.72], [14.58, 53.63], [14.55, 53.82], [14.21, 53.87], [14.19, 53.91], [16.18, 54.29], [16.55, 54.55], [16.88, 54.59], [17.26, 54.72], [18.08, 54.83], [18.32, 54.83], [18.75, 54.68], [18.79, 54.63], [18.43, 54.74], [18.66, 54.43], [18.97, 54.34], [19.40, 54.38], [19.60, 54.45], [22.16, 54.35], [22.73, 54.35], [22.89, 54.39], [23.45, 54.14], [23.59, 53.59], [23.88, 53.02], [23.90, 52.70], [23.41, 52.51], [23.17, 52.28], [23.59, 52.10], [23.65, 52.04], [23.62, 51.80], [23.54, 51.71], [23.53, 51.61], [23.60, 51.51]]]}}, {"type": "Feature", "properties": {}, "geometry": {"type": "MultiPolygon", "coordinates": [[[[121.10, 18.61], [121.84, 18.29], [122.03, 18.32], [122.14, 18.48], [122.22, 18.50], [122.26, 18.45], [122.31, 18.32], [122.17, 18.06], [122.15, 17.66], [122.23, 17.43], [122.38, 17.30], [122.40, 17.17], [122.51, 17.12], [122.13, 16.18], [121.78, 16.07], [121.59, 15.93], [121.56, 15.82], [121.60, 15.66], [121.39, 15.32], [121.69, 14.73], [121.62, 14.68], [121.62, 14.58], [121.76, 14.16], [121.91, 14.02], [122.21, 13.93], [122.28, 13.99], [122.19, 14.14], [122.49, 14.32], [122.62, 14.31], [122.93, 14.18], [123.07, 13.95], [123.05, 13.78], [123.10, 13.75], [123.23, 13.74], [123.29, 13.83], [123.30, 13.93], [123.25, 13.97], [123.32, 14.06], [123.43, 13.96], [123.81, 13.83], [123.85, 13.79], [123.80, 13.72], [123.60, 13.70], [123.54, 13.64], [123.81, 13.26], [123.78, 13.11], [124.14, 13.03], [124.13, 12.79], [124.05, 12.56], [123.96, 12.59], [123.87, 12.68], [123.94, 12.91], [123.62, 12.91], [123.31, 13.04], [123.29, 13.21], [123.16, 13.44], [122.86, 13.61], [122.59, 13.90], [122.48, 13.92], [122.46, 13.88], [122.50, 13.65], [122.66, 13.39], [122.67, 13.25], [122.59, 13.19], [122.51, 13.26], [122.49, 13.36], [122.37, 13.52], [122.07, 13.78], [121.77, 13.93], [121.50, 13.84], [121.44, 13.71], [121.34, 13.64], [121.09, 13.67], [120.93, 13.76], [120.84, 13.88], [120.72, 13.90], [120.63, 13.80], [120.61, 14.18], [120.92, 14.49], [120.94, 14.64], [120.58, 14.88], [120.54, 14.76], [120.58, 14.48], [120.55, 14.44], [120.43, 14.45], [120.25, 14.79], [120.08, 14.85], [119.93, 15.43], [119.89, 15.83], [119.76, 16.00], [119.77, 16.25], [119.83, 16.32], [120.15, 16.04], [120.33, 16.06], [120.36, 16.10], [120.38, 16.22], [120.30, 16.64], [120.40, 16.95], [120.42, 17.37], [120.35, 17.63], [120.59, 18.50], [120.81, 18.60], [121.10, 18.61]]], [[[117.31, 8.43], [117.21, 8.36], [117.34, 8.71], [117.88, 9.24], [118.02, 9.26], [118.11, 9.34], [119.02, 10.35], [119.22, 10.47], [119.31, 10.68], [119.26, 10.84], [119.30, 10.97], [119.50, 11.34], [119.55, 11.31], [119.52, 10.95], [119.68, 10.50], [119.59, 10.40], [119.36, 10.32], [119.19, 10.06], [118.78, 9.91], [118.77, 9.76], [118.43, 9.25], [118.13, 9.10], [117.98, 8.87], [117.31, 8.43]]], [[[122.49, 11.61], [122.61, 11.56], [122.83, 11.59], [122.93, 11.52], [122.89, 11.44], [123.15, 11.53], [123.11, 11.28], [123.01, 11.11], [122.80, 10.99], [122.76, 10.82], [122.52, 10.69], [122.19, 10.62], [121.95, 10.44], [121.96, 10.87], [122.05, 11.09], [122.10, 11.64], [122.06, 11.72], [121.89, 11.79], [121.91, 11.85], [122.02, 11.89], [122.49, 11.61]]], [[[123.13, 9.06], [122.99, 9.05], [122.86, 9.31], [122.56, 9.48], [122.41, 9.69], [122.39, 9.82], [122.47, 9.96], [122.71, 9.99], [122.85, 10.08], [122.81, 10.50], [122.95, 10.69], [122.98, 10.88], [123.25, 10.99], [123.51, 10.92], [123.56, 10.78], [123.16, 9.86], [123.14, 9.60], [123.32, 9.27], [123.22, 9.12], [123.13, 9.06]]], [[[124.57, 11.34], [124.64, 11.30], [124.82, 11.40], [124.92, 11.37], [125.02, 11.21], [125.01, 10.78], [125.16, 10.63], [125.26, 10.30], [125.25, 10.26], [125.14, 10.27], [125.14, 10.18], [124.98, 10.36], [125.02, 10.03], [124.78, 10.16], [124.78, 10.32], [124.73, 10.43], [124.78, 10.78], [124.66, 10.96], [124.44, 10.92], [124.30, 11.48], [124.33, 11.53], [124.57, 11.34]]], [[[125.23, 12.52], [125.31, 12.44], [125.32, 12.32], [125.53, 12.19], [125.45, 11.95], [125.49, 11.59], [125.60, 11.32], [125.57, 11.23], [125.70, 11.16], [125.73, 11.04], [125.62, 11.13], [125.23, 11.14], [125.15, 11.26], [125.03, 11.34], [124.91, 11.55], [124.99, 11.76], [124.88, 11.77], [124.67, 12.02], [124.44, 12.15], [124.29, 12.56], [124.56, 12.52], [125.15, 12.57], [125.23, 12.52]]], [[[120.70, 13.47], [120.98, 13.48], [121.12, 13.38], [121.20, 13.43], [121.52, 13.13], [121.47, 12.93], [121.54, 12.63], [121.41, 12.42], [121.39, 12.30], [121.32, 12.30], [121.23, 12.21], [121.11, 12.25], [120.92, 12.51], [120.89, 12.64], [120.79, 12.74], [120.76, 12.96], [120.65, 13.16], [120.50, 13.26], [120.45, 13.39], [120.33, 13.41], [120.40, 13.51], [120.70, 13.47]]], [[[126.00, 9.32], [126.08, 9.26], [126.19, 9.27], [126.19, 9.12], [126.30, 8.95], [126.31, 8.84], [126.13, 8.59], [126.36, 8.48], [126.37, 8.32], [126.45, 8.20], [126.43, 7.83], [126.57, 7.67], [126.58, 7.24], [126.43, 7.01], [126.29, 6.88], [126.19, 6.85], [126.24, 6.73], [126.18, 6.30], [126.04, 6.84], [125.82, 7.33], [125.68, 7.26], [125.64, 7.10], [125.40, 6.79], [125.38, 6.68], [125.58, 6.46], [125.67, 6.22], [125.66, 5.97], [125.45, 5.66], [125.34, 5.59], [125.28, 5.63], [125.24, 5.75], [125.26, 6.03], [125.23, 6.06], [125.03, 5.87], [124.92, 5.87], [124.21, 6.23], [124.07, 6.40], [123.98, 6.99], [124.19, 7.26], [124.20, 7.39], [123.96, 7.66], [123.66, 7.81], [123.49, 7.80], [123.39, 7.40], [123.17, 7.52], [123.09, 7.70], [122.98, 7.54], [122.84, 7.52], [122.79, 7.72], [122.71, 7.77], [122.61, 7.76], [122.47, 7.63], [122.14, 6.94], [122.09, 6.91], [121.96, 6.96], [121.90, 7.07], [121.92, 7.19], [122.04, 7.36], [122.13, 7.81], [122.24, 7.94], [122.38, 8.04], [122.91, 8.15], [122.99, 8.22], [122.99, 8.35], [123.05, 8.43], [123.14, 8.51], [123.34, 8.57], [123.43, 8.70], [123.68, 8.62], [123.84, 8.43], [123.87, 8.18], [123.75, 8.05], [123.79, 8.04], [124.19, 8.22], [124.40, 8.59], [124.62, 8.52], [124.73, 8.56], [124.78, 8.87], [124.86, 8.97], [125.14, 8.86], [125.20, 9.02], [125.49, 9.01], [125.53, 9.14], [125.41, 9.66], [125.47, 9.75], [125.87, 9.51], [126.00, 9.32]]], [[[123.37, 9.44], [123.33, 9.42], [123.31, 9.48], [123.38, 9.96], [123.71, 10.47], [123.92, 10.96], [123.96, 11.18], [124.03, 11.27], [124.05, 10.58], [124.00, 10.40], [123.70, 10.12], [123.49, 9.58], [123.37, 9.44]]], [[[121.92, 18.89], [121.85, 18.82], [121.82, 18.84], [121.88, 18.99], [121.94, 19.01], [121.98, 18.95], [121.92, 18.89]]], [[[121.52, 19.36], [121.53, 19.27], [121.37, 19.35], [121.39, 19.39], [121.52, 19.36]]], [[[121.96, 20.36], [121.91, 20.35], [121.94, 20.45], [122.03, 20.46], [121.96, 20.36]]], [[[121.87, 20.78], [121.82, 20.70], [121.79, 20.70], [121.84, 20.84], [121.87, 20.78]]], [[[121.15, 6.07], [121.21, 6.00], [121.39, 6.00], [121.41, 5.93], [121.29, 5.86], [121.21, 5.94], [120.93, 5.89], [120.87, 5.95], [121.03, 6.09], [121.15, 6.07]]], [[[117.07, 7.88], [117.02, 7.80], [116.96, 7.89], [116.99, 8.05], [117.07, 8.06], [117.07, 7.88]]], [[[119.91, 10.48], [119.79, 10.45], [119.76, 10.55], [119.85, 10.64], [120.00, 10.57], [119.91, 10.48]]], [[[120.1, 12.16], [120.19, 12.16], [120.22, 12.21], [120.34, 12.07], [120.31, 12.01], [120.01, 12.00], [119.86, 12.19], [119.88, 12.29], [119.91, 12.31], [120.1, 12.16]]], [[[120.03, 11.70], [119.94, 11.69], [119.86, 11.95], [119.91, 11.98], [120.03, 11.91], [120.07, 11.78], [120.03, 11.70]]], [[[122.64, 10.47], [122.53, 10.42], [122.53, 10.60], [122.70, 10.74], [122.73, 10.65], [122.64, 10.47]]], [[[124.59, 9.78], [124.58, 9.75], [124.47, 9.74], [124.35, 9.63], [124.12, 9.59], [123.93, 9.62], [123.81, 9.81], [124.17, 10.13], [124.33, 10.15], [124.57, 10.02], [124.55, 9.87], [124.59, 9.78]]], [[[120.25, 5.25], [120.19, 5.16], [120.11, 5.21], [119.95, 5.07], [119.82, 5.06], [119.82, 5.13], [120.16, 5.33], [120.20, 5.34], [120.25, 5.25]]], [[[122.09, 6.42], [121.95, 6.41], [121.80, 6.61], [121.83, 6.66], [122.05, 6.74], [122.32, 6.60], [122.09, 6.42]]], [[[126.05, 9.76], [125.99, 9.83], [126.07, 10.05], [126.17, 9.79], [126.05, 9.76]]], [[[125.69, 9.91], [125.67, 9.88], [125.49, 10.11], [125.52, 10.30], [125.66, 10.44], [125.69, 9.91]]], [[[120.27, 13.75], [120.27, 13.68], [120.10, 13.78], [120.10, 13.84], [120.21, 13.82], [120.27, 13.75]]], [[[121.91, 13.54], [121.99, 13.54], [122.11, 13.46], [122.12, 13.36], [122.00, 13.20], [121.82, 13.32], [121.86, 13.56], [121.91, 13.54]]], [[[122.09, 12.35], [122.01, 12.10], [121.92, 12.33], [121.98, 12.43], [122.00, 12.59], [122.14, 12.65], [122.09, 12.35]]], [[[122.65, 12.30], [122.60, 12.28], [122.42, 12.45], [122.60, 12.49], [122.67, 12.42], [122.65, 12.30]]], [[[123.28, 12.85], [123.36, 12.70], [122.94, 13.05], [122.95, 13.10], [123.04, 13.11], [123.28, 12.85]]], [[[123.77, 12.45], [123.77, 12.36], [123.58, 12.63], [123.62, 12.67], [123.70, 12.61], [123.77, 12.45]]], [[[123.71, 12.28], [123.90, 12.16], [124.04, 11.96], [124.04, 11.75], [123.84, 11.91], [123.72, 11.95], [123.73, 12.00], [123.47, 12.21], [123.15, 11.92], [123.26, 12.39], [123.23, 12.58], [123.55, 12.44], [123.71, 12.28]]], [[[124.35, 13.63], [124.32, 13.56], [124.24, 13.58], [124.17, 13.53], [124.03, 13.66], [124.12, 13.79], [124.12, 13.97], [124.22, 14.07], [124.41, 13.87], [124.40, 13.67], [124.35, 13.63]]], [[[122.17, 14.04], [122.17, 14.00], [121.95, 14.15], [121.95, 14.22], [122.17, 14.04]]], [[[122.03, 15.00], [122.05, 14.96], [121.97, 14.89], [122.02, 14.75], [121.98, 14.66], [121.93, 14.65], [121.92, 14.8], [121.82, 14.96], [121.83, 15.03], [121.97, 15.04], [122.03, 15.00]]], [[[124.31, 10.60], [124.28, 10.60], [124.33, 10.70], [124.38, 10.63], [124.31, 10.60]]], [[[125.28, 9.98], [125.28, 9.93], [125.15, 10.06], [125.13, 10.15], [125.23, 10.11], [125.28, 9.98]]], [[[122.93, 7.40], [122.94, 7.36], [122.80, 7.31], [122.82, 7.42], [122.93, 7.40]]], [[[125.78, 6.96], [125.76, 6.90], [125.68, 7.07], [125.71, 7.18], [125.78, 7.13], [125.78, 6.96]]], [[[124.60, 11.49], [124.48, 11.48], [124.36, 11.66], [124.51, 11.68], [124.62, 11.54], [124.60, 11.49]]], [[[124.80, 9.14], [124.77, 9.08], [124.66, 9.13], [124.65, 9.22], [124.73, 9.24], [124.80, 9.14]]], [[[121.25, 19.08], [121.24, 19.01], [121.18, 19.10], [121.21, 19.18], [121.25, 19.08]]], [[[119.86, 11.52], [119.88, 11.47], [119.83, 11.37], [119.72, 11.43], [119.72, 11.47], [119.86, 11.52]]], [[[123.75, 11.28], [123.81, 11.15], [123.73, 11.15], [123.70, 11.24], [123.75, 11.28]]], [[[122.31, 12.52], [122.26, 12.50], [122.27, 12.59], [122.28, 12.58], [122.31, 12.52]]], [[[125.97, 9.59], [125.95, 9.56], [125.92, 9.62], [125.96, 9.75], [125.97, 9.59]]], [[[124.85, 11.59], [124.83, 11.54], [124.78, 11.58], [124.73, 11.71], [124.85, 11.59]]], [[[117.35, 8.21], [117.28, 8.19], [117.28, 8.31], [117.35, 8.28], [117.35, 8.21]]], [[[123.69, 9.23], [123.70, 9.13], [123.61, 9.10], [123.49, 9.19], [123.65, 9.27], [123.69, 9.23]]]]}}, {"type": "Feature", "properties": {}, "geometry": {"type": "Polygon", "coordinates": [[[-69.96, -4.23], [-69.97, -4.30], [-70.05, -4.33], [-70.12, -4.28], [-70.23, -4.30], [-70.40, -4.15], [-70.79, -4.17], [-70.97, -4.35], [-71.84, -4.50], [-72.35, -4.78], [-72.69, -5.06], [-72.88, -5.12], [-72.97, -5.63], [-73.23, -6.09], [-73.13, -6.34], [-73.13, -6.46], [-73.24, -6.56], [-73.49, -6.67], [-73.75, -6.90], [-73.80, -7.07], [-73.72, -7.30], [-73.96, -7.37], [-73.95, -7.50], [-74.00, -7.55], [-73.72, -7.78], [-73.77, -7.93], [-73.64, -8.07], [-73.54, -8.34], [-73.36, -8.47], [-73.30, -8.65], [-72.97, -8.99], [-72.97, -9.12], [-73.20, -9.41], [-72.81, -9.41], [-72.37, -9.51], [-72.31, -9.55], [-72.25, -9.77], [-72.17, -9.84], [-72.18, -10.00], [-71.23, -9.96], [-70.54, -9.43], [-70.59, -9.54], [-70.56, -9.70], [-70.63, -9.82], [-70.64, -11.01], [-70.53, -10.94], [-70.39, -11.05], [-70.29, -11.06], [-69.96, -10.92], [-69.57, -10.95], [-68.68, -12.50], [-68.76, -12.60], [-68.75, -12.68], [-68.97, -12.88], [-68.98, -13.49], [-69.07, -13.68], [-68.87, -14.16], [-69.00, -14.26], [-69.01, -14.37], [-69.23, -14.59], [-69.27, -14.74], [-69.35, -14.79], [-69.37, -14.96], [-69.17, -15.23], [-69.42, -15.64], [-69.21, -16.14], [-69.13, -16.22], [-68.91, -16.26], [-68.84, -16.33], [-69.03, -16.47], [-69.02, -16.64], [-69.19, -16.76], [-69.43, -17.08], [-69.62, -17.20], [-69.64, -17.24], [-69.52, -17.38], [-69.51, -17.50], [-69.68, -17.64], [-69.85, -17.70], [-69.80, -17.99], [-69.92, -18.20], [-70.18, -18.32], [-70.41, -18.34], [-71.33, -17.68], [-71.39, -17.42], [-71.53, -17.29], [-72.11, -17.00], [-72.46, -16.70], [-72.79, -16.61], [-73.40, -16.30], [-73.72, -16.20], [-74.14, -15.91], [-74.37, -15.83], [-75.10, -15.41], [-75.53, -14.89], [-75.93, -14.63], [-76.17, -14.22], [-76.28, -14.13], [-76.29, -13.94], [-76.37, -13.86], [-76.25, -13.80], [-76.18, -13.51], [-76.22, -13.37], [-76.50, -12.98], [-76.83, -12.34], [-77.15, -12.06], [-77.22, -11.66], [-77.30, -11.53], [-77.63, -11.28], [-77.73, -10.83], [-78.18, -10.08], [-78.44, -9.37], [-78.66, -8.97], [-78.76, -8.61], [-79.01, -8.21], [-79.37, -7.83], [-79.61, -7.29], [-79.99, -6.76], [-80.11, -6.64], [-80.81, -6.28], [-81.14, -6.05], [-81.16, -5.87], [-81.09, -5.81], [-80.99, -5.86], [-80.93, -5.84], [-80.88, -5.63], [-80.94, -5.47], [-81.16, -5.16], [-81.10, -5.02], [-81.33, -4.66], [-81.23, -4.23], [-80.79, -3.73], [-80.32, -3.38], [-80.27, -3.42], [-80.17, -3.87], [-80.30, -4.00], [-80.43, -3.97], [-80.49, -4.01], [-80.48, -4.16], [-80.35, -4.20], [-80.47, -4.43], [-80.38, -4.46], [-80.13, -4.29], [-79.79, -4.47], [-79.63, -4.45], [-79.51, -4.53], [-79.50, -4.67], [-79.33, -4.92], [-79.03, -4.96], [-78.91, -4.85], [-78.90, -4.71], [-78.68, -4.56], [-78.65, -4.45], [-78.67, -4.32], [-78.41, -3.77], [-78.34, -3.39], [-78.28, -3.39], [-78.22, -3.48], [-78.15, -3.46], [-78.18, -3.35], [-77.86, -2.98], [-76.67, -2.56], [-76.08, -2.13], [-75.57, -1.53], [-75.40, -0.92], [-75.34, -0.96], [-75.24, -0.95], [-75.25, -0.59], [-75.62, -0.12], [-75.34, -0.14], [-75.22, -0.04], [-75.13, -0.05], [-74.94, -0.18], [-74.80, -0.20], [-74.75, -0.29], [-74.61, -0.37], [-74.41, -0.58], [-74.33, -0.85], [-74.24, -0.97], [-74.05, -1.02], [-73.86, -1.19], [-73.66, -1.24], [-73.52, -1.44], [-73.49, -1.69], [-73.19, -1.83], [-73.12, -2.08], [-73.15, -2.27], [-72.94, -2.39], [-72.62, -2.35], [-72.39, -2.42], [-72.21, -2.40], [-71.98, -2.32], [-71.75, -2.15], [-71.39, -2.33], [-71.19, -2.31], [-70.96, -2.20], [-70.09, -2.65], [-70.07, -2.75], [-70.73, -3.78], [-70.52, -3.86], [-70.33, -3.81], [-69.96, -4.23]]]}}, {"type": "Feature", "properties": {}, "geometry": {"type": "Polygon", "coordinates": [[[-58.15, -20.16], [-58.00, -20.46], [-57.97, -20.65], [-57.91, -20.69], [-57.90, -20.87], [-57.83, -20.99], [-57.87, -21.35], [-57.94, -21.49], [-57.91, -21.69], [-57.98, -22.04], [-57.95, -22.10], [-57.82, -22.14], [-57.72, -22.09], [-57.56, -22.18], [-57.23, -22.19], [-56.93, -22.27], [-56.63, -22.23], [-56.44, -22.07], [-56.24, -22.26], [-55.84, -22.30], [-55.61, -22.67], [-55.65, -22.88], [-55.51, -23.41], [-55.53, -23.58], [-55.45, -23.68], [-55.41, -23.95], [-55.19, -24.01], [-54.98, -23.97], [-54.62, -23.81], [-54.24, -24.04], [-54.31, -24.12], [-54.28, -24.30], [-54.43, -25.12], [-54.61, -25.43], [-54.63, -26.00], [-54.75, -26.53], [-54.82, -26.65], [-54.93, -26.70], [-55.13, -26.93], [-55.42, -27.00], [-55.56, -27.15], [-55.63, -27.35], [-55.71, -27.41], [-55.95, -27.32], [-56.16, -27.32], [-56.37, -27.53], [-56.43, -27.55], [-56.60, -27.46], [-56.71, -27.49], [-56.97, -27.43], [-57.11, -27.47], [-58.16, -27.27], [-58.60, -27.31], [-58.61, -27.13], [-58.43, -26.92], [-58.32, -26.85], [-58.19, -26.62], [-58.20, -26.38], [-58.11, -26.18], [-57.89, -26.00], [-57.75, -25.69], [-57.57, -25.53], [-57.64, -25.32], [-57.95, -25.04], [-58.13, -24.97], [-58.36, -24.95], [-58.51, -24.84], [-59.18, -24.56], [-59.89, -24.09], [-60.11, -24.00], [-60.50, -23.96], [-61.03, -23.75], [-61.20, -23.55], [-61.79, -23.18], [-62.06, -22.86], [-62.21, -22.61], [-62.65, -22.23], [-62.27, -21.06], [-62.27, -20.56], [-61.91, -20.05], [-61.75, -19.64], [-60.00, -19.29], [-59.09, -19.28], [-58.18, -19.81], [-58.15, -20.16]]]}}, {"type": "Feature", "properties": {}, "geometry": {"type": "MultiPolygon", "coordinates": [[[[152.96, -4.75], [152.89, -4.83], [152.73, -4.63], [152.68, -4.49], [152.66, -4.13], [152.27, -3.58], [152.19, -3.50], [151.87, -3.40], [151.06, -2.82], [150.74, -2.73], [150.82, -2.71], [150.82, -2.57], [151.17, -2.78], [151.22, -2.87], [151.47, -2.94], [151.80, -3.17], [152.03, -3.25], [153.01, -4.10], [153.12, -4.25], [153.13, -4.35], [153.04, -4.47], [153.02, -4.66], [152.96, -4.75]]], [[[151.91, -4.29], [151.96, -4.31], [152.11, -4.21], [152.19, -4.28], [152.40, -4.34], [152.36, -4.49], [152.4, -4.73], [152.35, -4.82], [152.25, -4.95], [152.01, -5.00], [151.98, -5.07], [152.14, -5.35], [152.07, -5.45], [151.86, -5.56], [151.51, -5.55], [151.42, -5.74], [151.22, -5.91], [150.80, -6.07], [150.47, -6.26], [149.65, -6.29], [149.38, -6.07], [149.09, -6.11], [148.71, -5.86], [148.40, -5.76], [148.33, -5.66], [148.34, -5.54], [148.43, -5.47], [148.56, -5.50], [148.99, -5.48], [149.35, -5.58], [149.63, -5.51], [149.83, -5.52], [149.96, -5.44], [150.01, -5.13], [150.09, -5.01], [150.17, -5.07], [150.08, -5.18], [150.07, -5.30], [150.18, -5.52], [150.29, -5.53], [150.51, -5.46], [150.62, -5.52], [150.73, -5.51], [150.90, -5.44], [151.13, -5.11], [151.32, -4.96], [151.57, -4.93], [151.67, -4.88], [151.66, -4.63], [151.54, -4.29], [151.59, -4.20], [151.81, -4.21], [151.91, -4.29]]], [[[140.97, -9.11], [140.97, -6.90], [140.86, -6.74], [140.97, -6.34], [140.97, -2.60], [141.18, -2.62], [142.21, -3.08], [142.90, -3.32], [143.50, -3.43], [144.06, -3.80], [144.47, -3.82], [144.62, -3.99], [144.84, -4.10], [145.08, -4.34], [145.33, -4.38], [145.76, -4.82], [145.79, -5.17], [145.74, -5.40], [145.85, -5.47], [146.40, -5.61], [147.03, -5.91], [147.37, -5.95], [147.56, -6.05], [147.80, -6.31], [147.84, -6.66], [147.70, -6.72], [147.11, -6.72], [146.95, -6.83], [146.96, -6.92], [147.19, -7.37], [147.72, -7.87], [148.12, -8.10], [148.24, -8.55], [148.45, -8.69], [148.58, -9.05], [148.79, -9.08], [149.19, -9.03], [149.26, -9.18], [149.20, -9.40], [149.26, -9.49], [149.47, -9.58], [149.86, -9.63], [150.01, -9.68], [149.98, -9.73], [149.76, -9.80], [149.87, -10.01], [150.36, -10.18], [150.66, -10.25], [150.84, -10.23], [150.63, -10.33], [150.44, -10.30], [150.41, -10.33], [150.48, -10.42], [150.64, -10.51], [150.48, -10.63], [150.31, -10.65], [150.01, -10.57], [149.75, -10.35], [148.93, -10.25], [148.65, -10.15], [148.43, -10.19], [148.26, -10.12], [147.76, -10.07], [147.55, -9.91], [147.40, -9.67], [147.01, -9.38], [146.92, -9.24], [146.96, -9.05], [146.85, -9.08], [146.63, -8.95], [146.03, -8.07], [145.72, -7.95], [144.97, -7.80], [144.88, -7.73], [144.86, -7.63], [144.50, -7.56], [144.44, -7.59], [144.43, -7.67], [144.35, -7.66], [144.22, -7.76], [144.14, -7.75], [143.89, -7.67], [143.65, -7.46], [143.94, -7.94], [143.84, -7.94], [143.88, -8.01], [143.83, -8.02], [143.51, -8.00], [143.61, -8.20], [143.09, -8.31], [142.70, -8.27], [142.52, -8.32], [142.44, -8.31], [142.34, -8.16], [142.20, -8.19], [142.32, -8.19], [142.47, -8.36], [142.79, -8.34], [143.11, -8.47], [143.37, -8.76], [143.36, -8.96], [142.64, -9.32], [142.22, -9.16], [141.62, -9.21], [141.40, -9.15], [141.13, -9.22], [140.97, -9.11]]], [[[148.02, -5.82], [147.87, -5.74], [147.78, -5.62], [147.79, -5.49], [148.05, -5.61], [148.02, -5.82]]], [[[146.01, -4.72], [145.95, -4.75], [145.88, -4.66], [145.99, -4.53], [146.05, -4.64], [146.01, -4.72]]], [[[152.67, -3.13], [152.64, -3.22], [152.54, -3.09], [152.63, -3.04], [152.67, -3.13]]], [[[152.09, -2.94], [152.05, -2.99], [151.95, -2.87], [151.97, -2.84], [152.09, -2.94]]], [[[149.76, -1.55], [149.76, -1.58], [149.67, -1.57], [149.54, -1.47], [149.58, -1.35], [149.72, -1.43], [149.76, -1.55]]], [[[151.08, -10.02], [151.25, -9.92], [151.29, -9.95], [151.23, -10.19], [150.95, -10.09], [150.95, -9.99], [150.89, -9.96], [150.77, -9.70], [151.05, -9.93], [151.08, -10.02]]], [[[150.34, -9.49], [150.27, -9.50], [150.10, -9.36], [150.13, -9.25], [150.20, -9.20], [150.32, -9.26], [150.36, -9.39], [150.34, -9.49]]], [[[151.10, -8.73], [151.12, -8.80], [151.04, -8.72], [151.08, -8.56], [151.00, -8.52], [151.11, -8.41], [151.10, -8.73]]], [[[154.28, -11.36], [154.26, -11.41], [154.12, -11.42], [154.06, -11.41], [154.02, -11.34], [154.11, -11.36], [154.10, -11.31], [154.28, -11.36]]], [[[143.58, -8.48], [143.36, -8.41], [143.32, -8.36], [143.58, -8.39], [143.58, -8.48]]], [[[147.17, -5.43], [147.12, -5.43], [147.00, -5.30], [147.01, -5.25], [147.13, -5.19], [147.20, -5.25], [147.22, -5.38], [147.17, -5.43]]], [[[147.06, -1.96], [147.40, -2.02], [147.42, -1.99], [147.43, -2.05], [147.33, -2.06], [147.20, -2.18], [146.74, -2.14], [146.54, -2.20], [146.53, -2.12], [146.60, -2.10], [146.59, -2.01], [146.65, -1.97], [147.06, -1.96]]], [[[150.43, -2.66], [150.16, -2.66], [149.96, -2.47], [150.22, -2.38], [150.42, -2.47], [150.43, -2.66]]], [[[150.52, -9.34], [150.66, -9.42], [150.78, -9.41], [150.87, -9.51], [150.89, -9.66], [150.84, -9.70], [150.80, -9.65], [150.43, -9.62], [150.50, -9.53], [150.43, -9.43], [150.43, -9.35], [150.52, -9.34]]], [[[152.63, -8.95], [152.81, -8.96], [152.95, -9.07], [152.99, -9.10], [152.96, -9.20], [152.86, -9.22], [152.72, -9.16], [152.63, -9.05], [152.51, -9.00], [152.63, -8.95]]], [[[153.53, -11.47], [153.75, -11.58], [153.55, -11.63], [153.37, -11.55], [153.35, -11.49], [153.28, -11.51], [153.32, -11.47], [153.23, -11.42], [153.20, -11.32], [153.53, -11.47]]], [[[143.59, -8.63], [143.60, -8.67], [143.25, -8.48], [143.20, -8.42], [143.59, -8.63]]], [[[147.87, -2.28], [147.84, -2.33], [147.73, -2.31], [147.83, -2.24], [147.87, -2.28]]], [[[151.95, -2.83], [151.93, -2.83], [151.94, -2.70], [152.00, -2.73], [152.01, -2.80], [151.95, -2.83]]], [[[150.89, -10.56], [150.88, -10.64], [150.78, -10.60], [150.79, -10.55], [150.89, -10.56]]], [[[153.65, -4.09], [153.65, -4.12], [153.59, -4.09], [153.66, -4.04], [153.65, -4.09]]], [[[155.95, -6.68], [155.91, -6.79], [155.89, -6.76], [155.71, -6.86], [155.52, -6.83], [155.34, -6.72], [155.20, -6.52], [155.20, -6.30], [155.01, -6.20], [154.75, -5.93], [154.70, -5.74], [154.72, -5.44], [154.99, -5.53], [155.09, -5.62], [155.19, -5.82], [155.37, -5.97], [155.46, -6.14], [155.63, -6.22], [155.82, -6.38], [155.95, -6.68]]], [[[154.64, -5.43], [154.54, -5.11], [154.63, -5.01], [154.72, -5.21], [154.69, -5.38], [154.64, -5.43]]]]}}, {"type": "Feature", "properties": {}, "geometry": {"type": "MultiPolygon", "coordinates": [[[[-77.37, 8.65], [-77.47, 8.49], [-77.19, 7.97], [-77.34, 7.83], [-77.35, 7.70], [-77.53, 7.56], [-77.58, 7.54], [-77.70, 7.69], [-77.76, 7.69], [-77.74, 7.53], [-77.82, 7.44], [-77.90, 7.22], [-78.17, 7.54], [-78.37, 7.89], [-78.42, 8.06], [-78.28, 8.09], [-78.25, 8.13], [-78.28, 8.24], [-78.14, 8.38], [-78.04, 8.28], [-77.76, 8.13], [-78.01, 8.32], [-78.09, 8.49], [-78.22, 8.39], [-78.25, 8.45], [-78.39, 8.50], [-78.36, 8.40], [-78.40, 8.35], [-78.51, 8.62], [-79.08, 8.99], [-79.24, 9.02], [-79.50, 8.97], [-79.68, 8.85], [-79.81, 8.63], [-79.75, 8.59], [-80.12, 8.34], [-80.36, 8.28], [-80.45, 8.21], [-80.45, 8.07], [-80.07, 7.66], [-80.01, 7.50], [-80.11, 7.43], [-80.28, 7.42], [-80.43, 7.27], [-80.66, 7.22], [-80.84, 7.22], [-80.90, 7.27], [-81.06, 7.89], [-81.15, 7.85], [-81.19, 7.66], [-81.26, 7.62], [-81.50, 7.72], [-81.72, 8.13], [-81.97, 8.21], [-82.15, 8.19], [-82.22, 8.23], [-82.23, 8.31], [-82.36, 8.27], [-82.67, 8.32], [-82.86, 8.24], [-82.87, 8.07], [-82.91, 8.19], [-83.02, 8.33], [-82.86, 8.45], [-82.85, 8.63], [-82.91, 8.74], [-82.72, 8.91], [-82.78, 8.99], [-82.94, 9.06], [-82.93, 9.44], [-82.80, 9.59], [-82.64, 9.50], [-82.56, 9.57], [-82.37, 9.42], [-82.33, 9.20], [-82.18, 9.19], [-82.24, 9.03], [-82.07, 8.93], [-81.78, 8.95], [-81.89, 9.14], [-81.71, 9.01], [-81.54, 8.82], [-81.35, 8.78], [-80.83, 8.88], [-80.54, 9.08], [-80.12, 9.20], [-79.57, 9.59], [-79.11, 9.53], [-78.93, 9.42], [-78.50, 9.40], [-78.08, 9.23], [-77.37, 8.65]]], [[[-78.89, 8.27], [-78.91, 8.23], [-78.96, 8.43], [-78.88, 8.46], [-78.83, 8.34], [-78.89, 8.27]]], [[[-81.60, 7.33], [-81.77, 7.37], [-81.85, 7.45], [-81.81, 7.59], [-81.72, 7.62], [-81.67, 7.52], [-81.69, 7.42], [-81.60, 7.33]]], [[[-82.23, 9.38], [-82.24, 9.33], [-82.32, 9.41], [-82.25, 9.43], [-82.23, 9.38]]], [[[-79.06, 8.25], [-79.11, 8.20], [-79.09, 8.29], [-79.06, 8.25]]]]}}, {"type": "Feature", "properties": {}, "geometry": {"type": "MultiPolygon", "coordinates": [[[[131.17, 3.02], [131.13, 3.02], [131.13, 3.03], [131.18, 3.05], [131.17, 3.02]]], [[[134.59, 7.38], [134.53, 7.36], [134.51, 7.52], [134.65, 7.71], [134.59, 7.38]]]]}}, {"type": "Feature", "properties": {}, "geometry": {"type": "Polygon", "coordinates": [[[76.76, 35.66], [77.04, 35.10], [77.00, 34.99], [76.78, 34.90], [76.59, 34.73], [76.45, 34.75], [76.04, 34.66], [75.70, 34.50], [75.45, 34.53], [75.18, 34.63], [74.30, 34.76], [73.96, 34.65], [73.79, 34.37], [73.80, 34.32], [73.97, 34.23], [73.90, 34.07], [73.94, 34.01], [74.24, 33.99], [74.25, 33.94], [74.21, 33.88], [74.00, 33.78], [73.97, 33.72], [74.00, 33.63], [74.15, 33.50], [74.11, 33.38], [73.99, 33.24], [74.00, 33.18], [74.30, 32.99], [74.30, 32.81], [74.35, 32.76], [74.66, 32.75], [74.64, 32.60], [74.68, 32.49], [74.98, 32.46], [75.23, 32.37], [75.33, 32.27], [75.25, 32.14], [74.73, 31.94], [74.55, 31.81], [74.50, 31.71], [74.59, 31.46], [74.51, 31.18], [74.63, 31.03], [74.33, 30.89], [73.89, 30.43], [73.93, 30.22], [73.80, 30.09], [73.38, 29.93], [73.23, 29.55], [72.90, 29.02], [72.34, 28.75], [72.12, 28.34], [71.94, 28.17], [71.87, 27.96], [70.79, 27.70], [70.69, 27.76], [70.62, 27.93], [70.40, 28.02], [70.14, 27.84], [69.89, 27.47], [69.53, 27.12], [69.47, 26.80], [69.50, 26.74], [69.73, 26.62], [70.05, 26.57], [70.14, 26.50], [70.13, 26.21], [70.07, 26.07], [70.10, 25.91], [70.26, 25.70], [70.56, 25.70], [70.64, 25.66], [70.65, 25.42], [71.04, 24.68], [70.96, 24.57], [70.97, 24.48], [71.04, 24.40], [70.71, 24.23], [70.57, 24.27], [70.54, 24.41], [70.48, 24.41], [70.09, 24.28], [70.02, 24.19], [69.80, 24.16], [69.55, 24.27], [68.82, 24.26], [68.78, 24.31], [68.72, 24.26], [68.72, 23.96], [68.28, 23.92], [68.16, 23.85], [68.11, 23.75], [68.03, 23.84], [67.95, 23.82], [67.85, 23.90], [67.81, 23.82], [67.66, 23.81], [67.64, 23.91], [67.56, 23.88], [67.50, 23.94], [67.30, 24.17], [67.17, 24.75], [66.70, 24.86], [66.69, 25.22], [66.53, 25.48], [66.32, 25.60], [66.21, 25.58], [66.13, 25.49], [66.35, 25.50], [66.46, 25.44], [66.23, 25.46], [65.67, 25.35], [65.40, 25.37], [64.77, 25.30], [64.65, 25.18], [64.15, 25.33], [64.05, 25.40], [63.93, 25.34], [63.72, 25.38], [63.55, 25.35], [63.49, 25.29], [63.49, 25.21], [62.66, 25.26], [62.31, 25.13], [62.19, 25.22], [62.08, 25.15], [61.90, 25.13], [61.56, 25.18], [61.61, 25.28], [61.66, 25.75], [61.75, 25.84], [61.84, 26.22], [62.12, 26.36], [62.23, 26.35], [62.31, 26.49], [62.43, 26.56], [62.78, 26.64], [63.15, 26.64], [63.18, 26.83], [63.25, 26.87], [63.24, 27.07], [63.30, 27.15], [63.16, 27.25], [62.91, 27.21], [62.76, 27.25], [62.81, 27.49], [62.73, 28.00], [62.75, 28.24], [62.56, 28.23], [62.35, 28.41], [61.88, 28.54], [61.62, 28.79], [61.33, 29.26], [61.31, 29.37], [60.84, 29.85], [62.47, 29.40], [63.56, 29.49], [64.09, 29.39], [64.39, 29.54], [65.09, 29.55], [66.23, 29.86], [66.31, 29.96], [66.23, 30.10], [66.30, 30.32], [66.28, 30.60], [66.34, 30.80], [66.39, 30.91], [66.59, 31.01], [66.82, 31.26], [66.92, 31.30], [67.28, 31.21], [67.45, 31.23], [67.73, 31.34], [67.57, 31.50], [68.01, 31.67], [68.16, 31.80], [68.44, 31.75], [68.59, 31.80], [68.78, 31.64], [68.86, 31.63], [69.08, 31.73], [69.27, 31.93], [69.24, 32.43], [69.40, 32.68], [69.50, 33.02], [69.92, 33.11], [70.26, 33.28], [70.28, 33.36], [70.13, 33.62], [69.86, 33.89], [69.88, 34.00], [69.99, 34.05], [70.32, 33.96], [70.65, 33.95], [71.05, 34.04], [71.09, 34.36], [70.96, 34.53], [71.29, 34.86], [71.45, 34.96], [71.62, 35.18], [71.54, 35.28], [71.60, 35.40], [71.57, 35.54], [71.42, 35.83], [71.18, 36.04], [71.62, 36.43], [71.77, 36.43], [72.15, 36.70], [72.62, 36.82], [73.11, 36.86], [73.76, 36.88], [74.03, 36.82], [74.60, 37.03], [74.88, 36.95], [75.14, 36.97], [75.34, 36.91], [75.42, 36.73], [75.66, 36.74], [75.88, 36.60], [75.97, 36.38], [75.96, 36.16], [75.91, 36.04], [76.07, 35.98], [76.14, 35.82], [76.25, 35.81], [76.55, 35.88], [76.56, 35.77], [76.76, 35.66]]]}}, {"type": "Feature", "properties": {}, "geometry": {"type": "MultiPolygon", "coordinates": [[[[58.72, 20.21], [58.64, 20.21], [58.64, 20.33], [58.88, 20.68], [58.95, 20.51], [58.83, 20.42], [58.72, 20.21]]], [[[53.08, 16.64], [52.80, 17.26], [52.72, 17.30], [51.97, 18.99], [54.97, 19.99], [55.64, 22.00], [55.18, 22.70], [55.19, 23.03], [55.50, 23.72], [55.53, 23.81], [55.46, 23.94], [55.54, 23.99], [55.98, 24.06], [55.92, 24.21], [55.76, 24.24], [55.80, 24.34], [55.76, 24.49], [55.79, 24.86], [55.91, 24.97], [56.00, 24.95], [55.97, 24.85], [56.06, 24.73], [56.38, 24.97], [56.64, 24.47], [56.91, 24.15], [57.12, 23.98], [57.61, 23.80], [58.12, 23.71], [58.32, 23.62], [58.57, 23.64], [58.77, 23.51], [59.02, 23.13], [59.42, 22.66], [59.53, 22.57], [59.82, 22.50], [59.8, 22.21], [59.37, 21.49], [58.89, 21.11], [58.47, 20.40], [58.20, 20.42], [58.24, 20.59], [58.16, 20.58], [58.10, 20.57], [57.86, 20.24], [57.71, 19.67], [57.81, 19.01], [57.67, 18.95], [57.17, 18.90], [56.82, 18.75], [56.65, 18.58], [56.55, 18.16], [56.38, 17.98], [55.47, 17.84], [55.25, 17.58], [55.27, 17.32], [55.06, 17.03], [54.77, 16.96], [54.56, 17.03], [54.06, 17.00], [53.60, 16.75], [53.08, 16.64]]], [[[56.29, 25.65], [56.24, 25.62], [56.14, 25.69], [56.16, 26.04], [56.08, 26.06], [56.16, 26.20], [56.30, 26.23], [56.37, 26.35], [56.42, 26.32], [56.41, 26.10], [56.37, 25.80], [56.29, 25.65]]], [[[56.28, 25.23], [56.21, 25.21], [56.23, 25.30], [56.27, 25.30], [56.28, 25.23]]]]}}, {"type": "Feature", "properties": {}, "geometry": {"type": "MultiPolygon", "coordinates": [[[[20.62, 69.03], [20.11, 69.02], [20.33, 68.89], [20.34, 68.84], [20.24, 68.67], [19.96, 68.54], [20.24, 68.47], [19.96, 68.35], [18.30, 68.55], [18.16, 68.52], [18.17, 68.20], [17.91, 67.96], [17.32, 68.10], [16.78, 67.89], [16.57, 67.61], [16.45, 67.55], [16.19, 67.50], [16.12, 67.42], [16.43, 67.15], [16.40, 67.05], [15.42, 66.48], [15.48, 66.30], [15.04, 66.16], [14.54, 66.12], [14.63, 65.79], [14.54, 65.64], [14.47, 65.30], [13.65, 64.58], [14.07, 64.46], [14.14, 64.26], [14.14, 64.17], [14.06, 64.09], [13.96, 64.01], [13.20, 64.07], [12.79, 64.0], [12.17, 63.59], [12.21, 63.49], [11.99, 63.29], [12.21, 63.00], [12.10, 62.91], [12.11, 62.59], [12.30, 62.28], [12.15, 61.72], [12.59, 61.54], [12.88, 61.35], [12.70, 61.05], [12.29, 61.00], [12.31, 60.89], [12.58, 60.45], [12.48, 60.10], [12.16, 59.91], [11.93, 59.86], [11.83, 59.69], [11.68, 59.59], [11.79, 59.28], [11.64, 58.92], [11.47, 58.90], [11.36, 59.10], [10.83, 59.18], [10.64, 59.38], [10.59, 59.76], [10.53, 59.69], [10.56, 59.58], [10.39, 59.51], [10.44, 59.44], [10.43, 59.27], [10.17, 59.00], [10.08, 59.02], [9.84, 58.95], [9.63, 59.11], [9.55, 59.11], [9.69, 59.00], [9.65, 58.97], [9.30, 58.85], [9.39, 58.80], [8.52, 58.30], [8.16, 58.14], [7.46, 58.02], [7.00, 58.02], [6.90, 58.07], [6.91, 58.14], [6.87, 58.15], [6.80, 58.15], [6.73, 58.06], [6.59, 58.09], [6.55, 58.12], [6.69, 58.22], [6.65, 58.26], [6.38, 58.26], [6.05, 58.37], [5.70, 58.52], [5.51, 58.72], [5.55, 58.97], [5.61, 59.01], [6.09, 58.87], [6.36, 59.00], [6.09, 58.95], [5.88, 59.06], [5.88, 59.09], [5.96, 59.18], [5.95, 59.29], [6.40, 59.56], [5.56, 59.29], [5.36, 59.16], [5.17, 59.16], [5.13, 59.22], [5.18, 59.45], [5.30, 59.64], [5.47, 59.71], [5.77, 59.66], [5.86, 59.73], [6.21, 59.81], [5.83, 59.79], [5.73, 59.86], [6.06, 60.08], [6.14, 60.23], [6.51, 60.40], [6.57, 60.36], [6.52, 60.15], [6.71, 60.41], [6.99, 60.51], [6.34, 60.41], [6.15, 60.34], [5.90, 60.15], [5.87, 60.07], [5.69, 60.01], [5.49, 59.82], [5.14, 59.63], [5.10, 59.73], [5.21, 59.97], [5.17, 60.04], [5.20, 60.08], [5.49, 60.07], [5.68, 60.12], [5.28, 60.20], [5.18, 60.30], [5.13, 60.44], [5.64, 60.68], [5.24, 60.56], [5.11, 60.63], [5.04, 60.70], [5.00, 61.03], [5.98, 61.11], [6.41, 61.08], [6.77, 61.14], [6.97, 61.05], [7.03, 60.95], [7.07, 60.96], [7.04, 61.09], [7.60, 61.21], [7.40, 61.22], [7.34, 61.30], [7.44, 61.43], [7.33, 61.37], [7.27, 61.18], [7.17, 61.16], [6.65, 61.20], [6.59, 61.28], [6.49, 61.15], [6.38, 61.13], [6.08, 61.16], [5.45, 61.10], [5.10, 61.18], [5.02, 61.25], [5.00, 61.43], [5.33, 61.48], [5.16, 61.54], [4.92, 61.71], [4.93, 61.87], [5.46, 61.89], [6.01, 61.78], [6.46, 61.80], [6.73, 61.86], [6.13, 61.85], [5.26, 61.93], [5.15, 61.95], [5.09, 62.02], [5.14, 62.15], [5.24, 62.18], [5.35, 62.15], [5.53, 62.31], [5.71, 62.37], [5.90, 62.41], [6.20, 62.35], [6.58, 62.40], [6.69, 62.46], [6.13, 62.40], [6.11, 62.44], [6.35, 62.61], [6.96, 62.62], [7.57, 62.54], [7.69, 62.58], [7.52, 62.61], [7.53, 62.67], [8.09, 62.73], [8.04, 62.77], [7.40, 62.71], [7.24, 62.75], [6.73, 62.72], [6.94, 62.93], [7.57, 63.09], [8.10, 63.09], [8.21, 62.99], [8.62, 62.84], [8.15, 63.16], [8.18, 63.23], [8.27, 63.28], [8.63, 63.34], [8.59, 63.42], [8.38, 63.44], [8.36, 63.49], [8.57, 63.60], [8.84, 63.64], [9.13, 63.59], [9.15, 63.56], [9.07, 63.50], [9.15, 63.45], [9.32, 63.57], [9.69, 63.62], [10.02, 63.39], [10.34, 63.46], [10.76, 63.46], [10.67, 63.55], [10.72, 63.62], [11.37, 63.80], [11.30, 63.87], [11.17, 63.89], [11.45, 64.00], [11.30, 64.04], [11.07, 63.98], [10.91, 63.92], [11.04, 63.84], [10.93, 63.77], [10.05, 63.51], [9.92, 63.52], [9.76, 63.69], [9.56, 63.70], [9.61, 63.79], [9.86, 63.91], [10.00, 64.08], [10.23, 64.17], [10.56, 64.41], [11.63, 64.81], [11.29, 64.75], [11.34, 64.90], [11.48, 64.97], [12.15, 65.17], [12.30, 65.08], [12.50, 65.09], [12.91, 65.33], [12.41, 65.18], [12.13, 65.27], [12.12, 65.36], [12.27, 65.56], [12.62, 65.80], [12.68, 65.90], [12.81, 65.95], [13.03, 65.95], [12.78, 66.10], [13.67, 66.17], [14.03, 66.29], [13.11, 66.23], [13.06, 66.43], [13.10, 66.53], [13.19, 66.53], [13.21, 66.64], [13.62, 66.79], [13.95, 66.79], [13.70, 66.85], [13.65, 66.90], [13.88, 66.96], [14.10, 67.11], [14.77, 67.19], [15.41, 67.20], [15.43, 67.24], [14.44, 67.27], [14.75, 67.49], [14.96, 67.57], [15.40, 67.47], [15.59, 67.34], [15.57, 67.44], [15.69, 67.52], [15.48, 67.51], [15.24, 67.60], [15.21, 67.65], [15.34, 67.73], [15.30, 67.76], [15.04, 67.68], [14.78, 67.67], [14.79, 67.80], [15.13, 67.97], [15.40, 67.91], [15.62, 67.94], [15.60, 67.98], [15.29, 68.03], [16.00, 68.22], [16.06, 68.19], [16.12, 68.02], [16.31, 67.88], [16.25, 68.00], [16.39, 68.09], [16.25, 68.14], [16.17, 68.28], [16.20, 68.31], [16.38, 68.38], [16.61, 68.40], [16.95, 68.35], [17.55, 68.42], [17.42, 68.48], [16.58, 68.46], [16.51, 68.53], [16.65, 68.62], [17.13, 68.69], [17.39, 68.79], [17.49, 68.87], [17.54, 69.00], [17.70, 69.10], [18.10, 69.15], [18.07, 69.32], [18.25, 69.47], [18.64, 69.32], [18.85, 69.31], [18.91, 69.33], [18.62, 69.43], [18.61, 69.49], [18.99, 69.56], [19.03, 69.66], [19.19, 69.74], [19.68, 69.80], [19.72, 69.78], [19.64, 69.42], [19.96, 69.82], [20.32, 69.94], [20.38, 69.86], [20.33, 69.61], [20.04, 69.35], [20.10, 69.34], [20.48, 69.54], [20.73, 69.52], [20.53, 69.69], [20.54, 69.85], [20.62, 69.91], [21.16, 69.88], [21.25, 70.00], [21.43, 70.01], [21.93, 69.81], [21.97, 69.83], [21.89, 70.00], [21.80, 70.06], [21.40, 70.17], [21.35, 70.23], [21.78, 70.22], [22.21, 70.30], [22.32, 70.26], [22.42, 70.33], [22.68, 70.37], [22.94, 70.30], [23.04, 70.10], [23.35, 69.98], [23.40, 70.01], [23.28, 70.10], [23.37, 70.24], [23.66, 70.39], [24.03, 70.48], [24.28, 70.66], [24.42, 70.70], [24.40, 70.74], [24.26, 70.77], [24.26, 70.82], [24.76, 71.00], [25.26, 70.84], [25.43, 70.91], [25.71, 70.86], [25.78, 70.81], [25.27, 70.55], [25.14, 70.32], [24.99, 70.21], [24.98, 70.14], [25.04, 70.10], [25.41, 70.23], [25.47, 70.34], [26.50, 70.91], [26.66, 70.93], [26.73, 70.85], [26.67, 70.74], [26.55, 70.66], [26.64, 70.63], [26.58, 70.41], [26.98, 70.51], [27.18, 70.74], [27.30, 70.80], [27.54, 70.80], [27.23, 70.94], [27.59, 71.09], [28.14, 71.04], [28.39, 70.97], [28.38, 70.86], [28.32, 70.82], [27.89, 70.67], [28.21, 70.70], [28.27, 70.66], [28.20, 70.57], [28.16, 70.36], [28.19, 70.24], [28.30, 70.44], [28.43, 70.50], [28.60, 70.75], [28.83, 70.86], [29.10, 70.86], [29.73, 70.64], [30.06, 70.70], [30.23, 70.62], [30.21, 70.54], [30.59, 70.52], [30.92, 70.40], [30.96, 70.34], [30.94, 70.27], [30.26, 70.12], [29.92, 70.09], [28.78, 70.14], [28.80, 70.09], [29.60, 69.97], [29.64, 69.94], [29.63, 69.78], [29.69, 69.74], [30.08, 69.71], [30.23, 69.86], [30.34, 69.83], [30.42, 69.72], [30.48, 69.79], [30.86, 69.78], [30.92, 69.65], [30.89, 69.56], [30.78, 69.52], [30.15, 69.62], [30.18, 69.54], [30.08, 69.43], [29.38, 69.29], [29.20, 69.09], [28.96, 69.02], [28.83, 69.11], [28.84, 69.17], [29.33, 69.47], [29.14, 69.67], [28.41, 69.82], [27.88, 70.06], [27.74, 70.06], [27.12, 69.90], [26.52, 69.91], [26.07, 69.69], [25.76, 69.28], [25.74, 68.99], [25.57, 68.88], [25.24, 68.82], [25.08, 68.63], [24.94, 68.59], [23.85, 68.80], [23.70, 68.71], [23.32, 68.64], [22.41, 68.71], [22.30, 68.85], [21.59, 69.27], [21.26, 69.27], [21.06, 69.21], [21.12, 69.08], [21.06, 69.04], [20.67, 69.06], [20.62, 69.03]]], [[[4.95, 61.08], [4.79, 61.08], [4.82, 61.17], [4.91, 61.19], [4.97, 61.14], [4.95, 61.08]]], [[[5.08, 60.30], [5.08, 60.18], [4.99, 60.19], [4.94, 60.27], [4.95, 60.44], [5.08, 60.30]]], [[[29.95, 69.79], [29.76, 69.76], [29.74, 69.79], [29.83, 69.90], [30.05, 69.83], [29.95, 69.79]]], [[[11.96, 65.62], [11.90, 65.59], [11.76, 65.63], [11.87, 65.70], [12.00, 65.67], [11.96, 65.62]]], [[[8.47, 63.66], [8.28, 63.68], [8.73, 63.80], [8.80, 63.77], [8.78, 63.70], [8.47, 63.66]]], [[[8.10, 63.33], [7.88, 63.35], [7.80, 63.41], [8.07, 63.47], [8.13, 63.43], [8.10, 63.33]]], [[[23.44, 70.81], [23.06, 70.59], [22.82, 70.54], [22.35, 70.51], [21.99, 70.65], [22.96, 70.71], [23.20, 70.81], [23.44, 70.81]]], [[[25.58, 71.14], [25.94, 71.10], [26.14, 71.03], [26.13, 70.99], [25.76, 70.95], [25.31, 71.03], [25.58, 71.14]]], [[[23.61, 70.54], [23.64, 70.46], [23.27, 70.29], [23.10, 70.29], [23.09, 70.37], [22.91, 70.38], [23.02, 70.48], [23.24, 70.50], [23.54, 70.61], [23.61, 70.54]]], [[[24.01, 70.56], [23.82, 70.52], [23.67, 70.59], [23.66, 70.67], [23.77, 70.74], [23.95, 70.69], [24.07, 70.65], [24.01, 70.56]]], [[[13.87, 68.26], [14.11, 68.24], [13.77, 68.10], [13.49, 68.05], [13.42, 68.08], [13.39, 68.02], [13.22, 67.99], [13.19, 68.08], [13.30, 68.16], [13.42, 68.16], [13.53, 68.24], [13.87, 68.26]]], [[[12.97, 67.87], [12.82, 67.82], [12.95, 68.01], [13.06, 68.07], [13.12, 68.04], [13.09, 67.95], [12.97, 67.87]]], [[[15.20, 68.94], [15.39, 68.78], [15.34, 68.67], [15.22, 68.61], [14.89, 68.61], [14.74, 68.67], [14.52, 68.63], [14.37, 68.71], [14.55, 68.81], [14.80, 68.79], [14.87, 68.91], [15.03, 68.89], [15.03, 69.00], [15.12, 69.00], [15.20, 68.94]]], [[[19.76, 70.21], [19.91, 70.20], [20.08, 70.10], [19.78, 70.07], [19.59, 70.26], [19.68, 70.27], [19.76, 70.21]]], [[[20.77, 70.08], [20.64, 70.05], [20.40, 70.11], [20.49, 70.20], [20.65, 70.23], [20.81, 70.20], [20.77, 70.08]]], [[[19.25, 70.06], [19.34, 70.01], [19.49, 70.04], [19.60, 70.01], [19.59, 69.97], [19.33, 69.82], [19.00, 69.75], [18.80, 69.63], [18.78, 69.57], [18.27, 69.53], [18.06, 69.60], [18.22, 69.63], [18.34, 69.76], [18.62, 69.81], [18.67, 69.78], [18.68, 69.89], [18.88, 70.01], [19.05, 70.03], [19.06, 70.16], [19.13, 70.24], [19.21, 70.24], [19.25, 70.06]]], [[[12.50, 65.90], [12.42, 65.89], [12.43, 65.93], [12.54, 66.00], [12.77, 65.99], [12.50, 65.90]]], [[[12.41, 66.04], [12.32, 66.03], [12.46, 66.18], [12.62, 66.17], [12.57, 66.07], [12.41, 66.04]]], [[[11.23, 64.86], [11.17, 64.83], [10.73, 64.87], [11.02, 64.97], [11.13, 64.97], [11.24, 64.90], [11.23, 64.86]]], [[[17.50, 69.59], [17.62, 69.53], [17.78, 69.56], [18.00, 69.50], [18.07, 69.39], [17.94, 69.32], [17.95, 69.19], [17.56, 69.16], [17.48, 69.19], [17.08, 69.01], [17.07, 69.04], [16.81, 69.07], [16.97, 69.13], [17.00, 69.36], [17.08, 69.39], [17.36, 69.38], [17.37, 69.43], [17.22, 69.47], [17.45, 69.53], [17.50, 69.59]]], [[[15.76, 68.56], [16.05, 68.68], [16.15, 68.84], [16.27, 68.86], [16.42, 68.84], [16.54, 68.71], [16.51, 68.63], [16.19, 68.53], [15.97, 68.40], [15.76, 68.40], [15.43, 68.31], [15.27, 68.37], [15.18, 68.31], [14.92, 68.30], [14.62, 68.19], [14.25, 68.19], [14.25, 68.25], [14.58, 68.40], [15.09, 68.44], [15.41, 68.61], [15.56, 68.87], [15.44, 68.91], [15.48, 69.04], [15.89, 69.27], [16.12, 69.27], [15.99, 69.11], [15.81, 69.02], [15.90, 68.90], [15.92, 68.73], [15.76, 68.56]]], [[[-8.95, 70.83], [-9.09, 70.85], [-8.52, 71.03], [-8.34, 71.14], [-8.00, 71.17], [-7.97, 71.11], [-8.00, 71.04], [-8.63, 70.94], [-8.95, 70.83]]], [[[19.21, 74.39], [19.09, 74.35], [18.79, 74.48], [19.18, 74.51], [19.27, 74.45], [19.21, 74.39]]], [[[26.87, 78.64], [26.45, 78.72], [26.40, 78.78], [26.58, 78.81], [26.78, 78.72], [27.00, 78.69], [26.87, 78.64]]], [[[32.52, 80.11], [31.48, 80.10], [33.09, 80.22], [33.62, 80.21], [32.52, 80.11]]], [[[21.60, 78.59], [22.04, 78.57], [22.20, 78.40], [22.29, 78.22], [22.98, 78.25], [23.45, 78.14], [23.15, 78.08], [23.11, 77.99], [23.68, 77.87], [24.23, 77.89], [24.90, 77.75], [24.12, 77.65], [23.73, 77.46], [23.38, 77.38], [23.10, 77.38], [22.80, 77.27], [22.55, 77.26], [22.42, 77.31], [22.48, 77.36], [22.44, 77.42], [22.73, 77.53], [22.68, 77.55], [22.39, 77.57], [22.05, 77.50], [20.92, 77.45], [20.87, 77.56], [21.20, 77.61], [21.33, 77.77], [21.65, 77.92], [21.03, 78.05], [20.84, 78.16], [20.78, 78.25], [20.52, 78.32], [20.56, 78.41], [20.37, 78.41], [20.22, 78.47], [21.60, 78.59]]], [[[20.89, 80.24], [21.54, 80.24], [21.65, 80.21], [21.69, 80.15], [22.28, 80.04], [22.44, 80.19], [22.41, 80.36], [22.45, 80.40], [23.00, 80.47], [23.31, 80.42], [23.11, 80.18], [23.68, 80.20], [23.95, 80.30], [24.23, 80.30], [24.29, 80.36], [24.40, 80.35], [24.61, 80.28], [24.78, 80.30], [25.83, 80.17], [26.86, 80.16], [27.14, 80.05], [27.19, 79.90], [26.00, 79.61], [25.64, 79.40], [25.14, 79.33], [24.75, 79.36], [23.94, 79.19], [22.90, 79.23], [22.69, 79.32], [22.86, 79.41], [20.86, 79.39], [20.76, 79.44], [20.12, 79.48], [19.67, 79.59], [19.82, 79.63], [20.49, 79.63], [20.78, 79.74], [20.12, 79.77], [19.4, 79.72], [18.72, 79.76], [18.32, 79.85], [18.25, 79.92], [18.85, 80.03], [18.34, 80.05], [17.91, 80.14], [18.77, 80.19], [19.34, 80.11], [19.53, 80.16], [19.35, 80.18], [19.19, 80.26], [19.17, 80.33], [19.75, 80.22], [19.81, 80.32], [19.61, 80.46], [19.73, 80.47], [20.35, 80.40], [20.89, 80.24]]], [[[16.78, 79.90], [16.96, 79.95], [17.21, 79.94], [17.83, 79.80], [17.95, 79.70], [17.68, 79.53], [17.73, 79.48], [17.66, 79.38], [18.27, 79.60], [18.39, 79.60], [18.58, 79.57], [18.81, 79.42], [18.80, 79.30], [18.67, 79.26], [19.08, 79.15], [19.75, 79.14], [19.89, 79.05], [20.11, 79.07], [20.16, 79.14], [20.61, 79.10], [20.76, 79.05], [20.50, 78.98], [21.31, 78.79], [21.38, 78.74], [21.09, 78.67], [19.67, 78.60], [19.15, 78.37], [18.98, 78.23], [18.99, 78.08], [18.43, 78.02], [18.36, 77.68], [18.22, 77.52], [17.84, 77.49], [17.62, 77.39], [17.44, 77.22], [17.15, 77.04], [17.24, 76.96], [16.97, 76.81], [17.06, 76.65], [16.70, 76.57], [16.46, 76.60], [15.54, 76.88], [15.12, 77.08], [14.36, 77.23], [14.05, 77.40], [13.99, 77.50], [14.07, 77.56], [14.37, 77.57], [14.69, 77.52], [14.92, 77.68], [17.03, 77.79], [16.91, 77.89], [16.06, 77.84], [15.58, 77.86], [14.84, 77.77], [14.08, 77.77], [13.79, 77.85], [13.68, 78.02], [13.93, 78.08], [14.30, 78.00], [14.24, 78.07], [15.34, 78.22], [15.69, 78.22], [15.65, 78.29], [15.78, 78.32], [16.77, 78.35], [17.17, 78.41], [16.72, 78.40], [16.44, 78.50], [16.78, 78.66], [16.53, 78.65], [15.94, 78.49], [15.41, 78.47], [15.25, 78.58], [15.39, 78.72], [15.38, 78.77], [15.32, 78.78], [15.01, 78.63], [14.68, 78.72], [14.46, 78.67], [14.51, 78.58], [14.43, 78.49], [14.63, 78.41], [14.11, 78.27], [13.15, 78.23], [12.66, 78.38], [12.25, 78.59], [11.77, 78.71], [11.75, 78.81], [11.86, 78.83], [11.36, 78.95], [11.54, 78.98], [12.27, 78.90], [12.40, 78.95], [12.08, 78.97], [11.98, 79.02], [11.89, 79.15], [12.08, 79.26], [11.97, 79.29], [11.57, 79.28], [11.61, 79.20], [11.52, 79.15], [11.20, 79.12], [10.73, 79.52], [10.73, 79.58], [10.81, 79.64], [10.68, 79.75], [10.86, 79.79], [11.15, 79.71], [11.25, 79.78], [11.70, 79.82], [12.28, 79.71], [12.21, 79.79], [12.75, 79.77], [13.69, 79.86], [13.91, 79.81], [13.92, 79.76], [13.77, 79.71], [13.03, 79.68], [12.55, 79.56], [13.33, 79.57], [13.38, 79.48], [13.95, 79.33], [14.05, 79.38], [14.01, 79.48], [14.03, 79.58], [14.59, 79.79], [14.83, 79.76], [15.05, 79.67], [15.76, 79.17], [16.34, 78.97], [15.87, 79.51], [15.82, 79.70], [15.95, 79.83], [16.10, 79.88], [16.05, 79.95], [16.09, 80.00], [16.24, 80.04], [16.52, 80.02], [16.78, 79.90]]], [[[11.25, 78.61], [11.26, 78.54], [11.42, 78.54], [11.82, 78.43], [12.11, 78.23], [11.96, 78.22], [11.58, 78.38], [11.12, 78.46], [10.62, 78.75], [10.55, 78.90], [10.96, 78.84], [11.15, 78.72], [11.07, 78.68], [11.25, 78.61]]], [[[18.74, 80.30], [18.52, 80.24], [18.16, 80.28], [18.29, 80.35], [18.74, 80.30]]], [[[29.04, 78.91], [29.69, 78.90], [29.31, 78.85], [28.49, 78.88], [28.03, 78.82], [27.88, 78.85], [28.51, 78.96], [28.84, 78.97], [29.04, 78.91]]]]}}, {"type": "Feature", "properties": {}, "geometry": {"type": "MultiPolygon", "coordinates": [[[[128.37, 38.62], [128.16, 38.35], [128.03, 38.30], [127.09, 38.28], [126.66, 37.91], [126.63, 37.78], [126.36, 37.87], [126.20, 37.82], [126.11, 37.74], [126.05, 37.86], [125.94, 37.87], [125.76, 37.98], [125.44, 37.73], [125.35, 37.72], [125.31, 37.84], [124.98, 37.93], [125.24, 38.05], [125.20, 38.08], [124.69, 38.12], [124.87, 38.23], [124.88, 38.34], [125.06, 38.55], [125.30, 38.66], [125.55, 38.68], [125.16, 38.80], [125.15, 38.87], [125.40, 39.28], [125.36, 39.52], [125.10, 39.59], [124.77, 39.75], [124.73, 39.65], [124.63, 39.61], [124.55, 39.79], [124.34, 39.90], [124.38, 40.10], [124.88, 40.45], [124.99, 40.46], [125.07, 40.54], [125.41, 40.65], [125.72, 40.86], [125.98, 40.90], [126.49, 41.35], [126.60, 41.64], [126.90, 41.78], [127.00, 41.74], [127.17, 41.53], [127.68, 41.43], [128.01, 41.44], [128.14, 41.38], [128.28, 41.60], [128.03, 41.89], [128.04, 41.98], [128.92, 42.03], [129.19, 42.21], [129.31, 42.41], [129.42, 42.43], [129.52, 42.38], [129.69, 42.44], [129.86, 42.96], [129.89, 42.99], [130.08, 42.97], [130.24, 42.89], [130.24, 42.74], [130.49, 42.57], [130.68, 42.30], [130.45, 42.30], [130.23, 42.18], [129.75, 41.71], [129.68, 41.59], [129.68, 41.49], [129.76, 41.30], [129.71, 41.12], [129.74, 40.93], [129.70, 40.85], [129.34, 40.72], [129.10, 40.49], [128.70, 40.31], [128.51, 40.13], [128.30, 40.03], [127.96, 39.99], [127.86, 39.89], [127.56, 39.78], [127.52, 39.69], [127.54, 39.46], [127.52, 39.37], [127.42, 39.37], [127.39, 39.20], [127.78, 39.08], [127.97, 38.89], [128.24, 38.74], [128.37, 38.62]]], [[[124.90, 39.53], [124.84, 39.50], [124.84, 39.55], [124.93, 39.60], [124.90, 39.53]]]]}}, {"type": "Feature", "properties": {}, "geometry": {"type": "MultiPolygon", "coordinates": [[[[7.30, 4.41], [7.20, 4.38], [7.14, 4.39], [7.22, 4.52], [7.32, 4.48], [7.30, 4.41]]], [[[13.60, 13.70], [14.06, 13.07], [14.19, 12.38], [14.51, 12.29], [14.61, 12.15], [14.57, 11.53], [14.20, 11.26], [13.98, 11.21], [13.69, 10.87], [13.53, 10.60], [13.41, 10.17], [13.26, 10.03], [13.19, 9.56], [12.92, 9.42], [12.80, 8.88], [12.73, 8.74], [12.58, 8.62], [12.40, 8.59], [12.23, 8.28], [12.15, 7.94], [12.02, 7.72], [12.01, 7.58], [11.76, 7.27], [11.86, 7.11], [11.58, 6.88], [11.55, 6.69], [11.40, 6.53], [11.23, 6.45], [11.10, 6.45], [11.00, 6.73], [10.60, 7.06], [10.48, 6.89], [10.41, 6.87], [10.20, 6.89], [10.14, 6.99], [9.77, 6.76], [9.65, 6.53], [9.06, 6.00], [8.93, 5.78], [8.80, 5.19], [8.55, 4.75], [8.43, 4.74], [8.23, 4.90], [8.32, 4.65], [8.29, 4.55], [7.64, 4.52], [7.56, 4.56], [7.53, 4.65], [7.45, 4.55], [7.28, 4.54], [7.07, 4.71], [7.16, 4.61], [7.15, 4.51], [7.01, 4.39], [6.92, 4.39], [6.76, 4.72], [6.79, 4.46], [6.86, 4.37], [6.63, 4.34], [6.57, 4.47], [6.55, 4.34], [6.26, 4.30], [6.27, 4.43], [6.17, 4.27], [5.97, 4.33], [5.58, 4.64], [5.38, 5.12], [5.47, 5.15], [5.38, 5.17], [5.36, 5.25], [5.36, 5.33], [5.50, 5.37], [5.54, 5.47], [5.38, 5.40], [5.19, 5.53], [5.21, 5.57], [5.45, 5.61], [5.35, 5.62], [5.32, 5.70], [5.17, 5.60], [5.11, 5.64], [5.09, 5.76], [4.86, 6.02], [4.43, 6.34], [4.12, 6.41], [3.45, 6.42], [3.75, 6.58], [3.71, 6.59], [3.43, 6.52], [3.33, 6.39], [2.70, 6.36], [2.77, 6.71], [2.72, 6.98], [2.78, 7.47], [2.71, 7.61], [2.68, 7.87], [2.77, 9.04], [3.04, 9.08], [3.14, 9.32], [3.13, 9.45], [3.32, 9.66], [3.32, 9.77], [3.55, 9.90], [3.60, 10.00], [3.64, 10.16], [3.57, 10.26], [3.60, 10.35], [3.68, 10.42], [3.78, 10.43], [3.82, 10.65], [3.75, 10.76], [3.71, 11.07], [3.48, 11.39], [3.55, 11.63], [3.66, 11.76], [3.61, 11.88], [3.64, 12.52], [3.94, 12.77], [4.03, 12.93], [4.14, 13.45], [4.42, 13.64], [4.82, 13.75], [5.24, 13.75], [5.49, 13.87], [6.29, 13.65], [6.58, 13.40], [6.80, 13.10], [6.93, 13.00], [7.05, 13.00], [7.17, 13.08], [7.35, 13.10], [7.83, 13.34], [8.09, 13.29], [8.75, 12.90], [9.20, 12.82], [9.61, 12.81], [10.04, 13.20], [10.47, 13.33], [11.41, 13.35], [11.99, 13.19], [12.11, 13.09], [12.46, 13.09], [12.65, 13.32], [12.87, 13.44], [13.19, 13.57], [13.32, 13.67], [13.60, 13.70]]]]}}, {"type": "Feature", "properties": {}, "geometry": {"type": "Polygon", "coordinates": [[[13.60, 13.70], [13.32, 13.67], [13.19, 13.57], [12.87, 13.44], [12.65, 13.32], [12.46, 13.09], [12.11, 13.09], [11.99, 13.19], [11.41, 13.35], [10.47, 13.33], [10.04, 13.20], [9.61, 12.81], [9.20, 12.82], [8.75, 12.90], [8.09, 13.29], [7.83, 13.34], [7.35, 13.10], [7.17, 13.08], [7.05, 13.00], [6.93, 13.00], [6.80, 13.10], [6.58, 13.40], [6.29, 13.65], [5.49, 13.87], [5.24, 13.75], [4.66, 13.73], [4.42, 13.64], [4.14, 13.45], [4.03, 12.93], [3.94, 12.77], [3.64, 12.52], [3.61, 11.88], [3.66, 11.76], [3.59, 11.69], [3.44, 11.85], [3.29, 11.92], [2.87, 12.36], [2.80, 12.38], [2.36, 12.22], [2.41, 11.99], [2.38, 11.89], [2.07, 12.30], [2.06, 12.37], [2.20, 12.41], [2.22, 12.46], [2.10, 12.70], [1.95, 12.70], [1.78, 12.61], [1.56, 12.63], [0.98, 13.04], [0.98, 13.36], [1.20, 13.35], [1.01, 13.46], [0.89, 13.61], [0.61, 13.70], [0.37, 14.07], [0.38, 14.24], [0.16, 14.49], [0.22, 14.96], [0.94, 14.98], [1.30, 15.27], [3.00, 15.34], [3.01, 15.40], [3.06, 15.42], [3.50, 15.35], [3.52, 15.48], [3.87, 15.75], [4.18, 16.58], [4.23, 16.99], [4.22, 19.14], [5.83, 19.47], [7.48, 20.87], [11.96, 23.51], [13.48, 23.18], [14.21, 22.61], [14.97, 22.99], [15.17, 21.92], [15.18, 21.52], [15.60, 20.95], [15.54, 20.87], [15.58, 20.73], [15.96, 20.34], [15.73, 19.90], [15.47, 16.90], [14.36, 15.75], [13.44, 14.38], [13.60, 13.70]]]}}, {"type": "Feature", "properties": {}, "geometry": {"type": "Polygon", "coordinates": [[[-83.15, 14.99], [-83.27, 14.81], [-83.34, 14.90], [-83.41, 14.82], [-83.29, 14.74], [-83.18, 14.34], [-83.41, 13.99], [-83.56, 13.32], [-83.51, 12.41], [-83.59, 12.39], [-83.62, 12.45], [-83.59, 12.71], [-83.62, 12.61], [-83.75, 12.50], [-83.65, 12.28], [-83.68, 12.02], [-83.76, 12.05], [-83.76, 11.93], [-83.82, 11.86], [-83.70, 11.82], [-83.65, 11.64], [-83.74, 11.56], [-83.86, 11.30], [-83.76, 11.01], [-83.64, 10.91], [-83.71, 10.78], [-83.91, 10.73], [-84.16, 10.78], [-84.34, 10.97], [-84.70, 11.05], [-84.90, 10.94], [-85.58, 11.18], [-85.74, 11.06], [-85.96, 11.33], [-86.46, 11.73], [-86.75, 12.15], [-87.66, 12.90], [-87.67, 12.96], [-87.58, 13.04], [-87.38, 12.92], [-87.33, 12.97], [-87.05, 12.99], [-86.95, 13.05], [-86.91, 13.22], [-86.71, 13.31], [-86.77, 13.69], [-86.73, 13.76], [-86.33, 13.77], [-86.15, 13.99], [-86.04, 14.05], [-85.98, 13.96], [-85.78, 13.84], [-85.73, 13.85], [-85.68, 13.98], [-85.17, 14.34], [-85.16, 14.52], [-85.03, 14.60], [-84.98, 14.75], [-84.86, 14.80], [-84.64, 14.66], [-84.45, 14.64], [-84.26, 14.69], [-84.23, 14.74], [-84.15, 14.72], [-84.06, 14.78], [-83.97, 14.77], [-83.63, 14.87], [-83.53, 14.97], [-83.15, 14.99]]]}}, {"type": "Feature", "properties": {}, "geometry": {"type": "MultiPolygon", "coordinates": [[[[173.11, -41.27], [173.23, -41.28], [173.73, -40.98], [173.94, -40.92], [174.00, -40.91], [173.88, -41.00], [173.91, -41.07], [173.79, -41.27], [173.89, -41.23], [173.95, -41.09], [174.02, -41.07], [173.99, -40.99], [174.30, -41.01], [174.19, -41.16], [174.03, -41.24], [174.13, -41.24], [174.37, -41.10], [174.36, -41.18], [174.06, -41.42], [174.16, -41.56], [174.08, -41.67], [174.16, -41.65], [174.28, -41.74], [174.21, -41.85], [173.88, -42.13], [173.83, -42.27], [173.54, -42.51], [173.22, -42.97], [172.62, -43.27], [172.73, -43.35], [172.52, -43.46], [172.69, -43.44], [172.80, -43.62], [173.07, -43.67], [173.09, -43.84], [172.92, -43.89], [172.74, -43.81], [172.50, -43.84], [172.58, -43.77], [172.48, -43.72], [172.29, -43.86], [172.03, -43.70], [172.17, -43.89], [171.65, -44.11], [171.44, -44.13], [171.36, -44.25], [171.24, -44.26], [171.31, -44.30], [171.14, -44.91], [170.99, -44.91], [171.13, -44.97], [171.11, -45.03], [170.93, -45.21], [170.70, -45.68], [170.78, -45.79], [170.77, -45.87], [170.33, -45.99], [170.18, -46.16], [169.68, -46.55], [169.09, -46.63], [168.76, -46.56], [168.38, -46.60], [168.32, -46.54], [168.31, -46.44], [168.18, -46.36], [167.84, -46.36], [167.68, -46.19], [167.53, -46.14], [167.36, -46.24], [166.83, -46.22], [166.73, -46.19], [166.71, -46.13], [166.91, -45.95], [166.73, -46.05], [166.64, -46.04], [166.72, -45.96], [166.71, -45.88], [166.49, -45.96], [166.51, -45.81], [167.00, -45.71], [166.80, -45.69], [166.79, -45.64], [166.99, -45.53], [166.73, -45.54], [166.77, -45.40], [166.91, -45.40], [166.86, -45.31], [167.15, -45.41], [167.11, -45.31], [167.23, -45.29], [167.03, -45.22], [167.02, -45.12], [167.12, -45.05], [167.25, -45.08], [167.17, -44.99], [167.41, -44.82], [167.46, -44.95], [167.48, -44.77], [167.78, -44.59], [167.90, -44.66], [167.85, -44.50], [168.36, -44.08], [168.65, -43.97], [168.80, -43.99], [169.06, -43.86], [169.17, -43.91], [169.13, -43.81], [169.16, -43.77], [169.83, -43.53], [169.83, -43.45], [169.90, -43.44], [169.85, -43.42], [170.24, -43.16], [170.39, -43.18], [170.30, -43.10], [170.45, -43.03], [170.61, -43.09], [170.52, -43.00], [170.66, -42.96], [170.73, -43.02], [170.74, -42.92], [170.96, -42.71], [171.01, -42.88], [171.03, -42.86], [171.02, -42.69], [171.18, -42.50], [171.31, -42.46], [171.25, -42.40], [171.48, -41.79], [171.73, -41.71], [171.94, -41.53], [172.09, -41.20], [172.13, -40.94], [172.27, -40.75], [172.64, -40.51], [172.94, -40.51], [172.73, -40.54], [172.70, -40.66], [172.76, -40.77], [172.98, -40.84], [173.11, -41.27]]], [[[173.91, -40.86], [173.78, -40.92], [173.81, -40.79], [173.96, -40.71], [173.91, -40.86]]], [[[166.74, -45.65], [166.72, -45.72], [166.53, -45.69], [166.56, -45.64], [166.68, -45.61], [166.74, -45.65]]], [[[166.97, -45.17], [167.02, -45.29], [166.89, -45.24], [166.97, -45.17]]], [[[168.14, -46.86], [168.14, -46.90], [168.04, -46.88], [168.04, -46.93], [168.24, -46.97], [168.24, -47.07], [167.52, -47.25], [167.80, -46.90], [167.78, -46.69], [167.95, -46.69], [168.14, -46.86]]], [[[175.54, -36.27], [175.55, -36.33], [175.34, -36.21], [175.33, -36.13], [175.38, -36.07], [175.51, -36.17], [175.54, -36.27]]], [[[173.26, -34.93], [173.28, -34.98], [173.44, -34.84], [173.47, -34.94], [173.78, -35.06], [173.84, -35.02], [174.10, -35.14], [174.14, -35.3], [174.32, -35.24], [174.54, -35.58], [174.50, -35.66], [174.58, -35.78], [174.39, -35.79], [174.80, -36.30], [174.75, -36.49], [174.81, -36.61], [174.72, -36.84], [174.89, -36.90], [174.95, -36.85], [175.29, -36.99], [175.38, -37.20], [175.54, -37.20], [175.56, -37.15], [175.48, -36.68], [175.38, -36.55], [175.46, -36.47], [175.68, -36.74], [175.77, -36.73], [175.87, -36.95], [175.99, -37.43], [176.12, -37.58], [176.05, -37.56], [176.03, -37.60], [176.10, -37.64], [176.29, -37.68], [176.77, -37.88], [177.27, -37.99], [177.55, -37.89], [177.72, -37.70], [178.00, -37.55], [178.27, -37.56], [178.53, -37.69], [178.39, -37.96], [178.26, -38.55], [178.08, -38.69], [177.97, -38.72], [177.91, -39.02], [177.96, -39.14], [177.90, -39.23], [177.78, -39.11], [177.52, -39.07], [177.29, -39.11], [177.07, -39.22], [176.95, -39.36], [176.93, -39.55], [177.10, -39.67], [176.84, -40.15], [176.68, -40.29], [175.98, -41.21], [175.30, -41.61], [175.22, -41.57], [175.16, -41.41], [174.88, -41.42], [174.90, -41.24], [174.86, -41.22], [174.84, -41.29], [174.75, -41.32], [174.63, -41.28], [175.16, -40.62], [175.25, -40.28], [175.15, -40.11], [175.00, -39.95], [174.56, -39.81], [174.35, -39.64], [173.93, -39.50], [173.81, -39.42], [173.76, -39.31], [173.84, -39.13], [174.07, -39.03], [174.39, -38.96], [174.59, -38.78], [174.71, -38.22], [174.84, -38.02], [174.80, -37.89], [174.92, -37.80], [174.72, -37.44], [174.76, -37.33], [174.70, -37.32], [174.58, -37.09], [174.65, -37.08], [174.73, -37.21], [174.80, -37.11], [174.92, -37.08], [174.78, -36.94], [174.60, -36.98], [174.47, -36.94], [174.38, -36.72], [174.18, -36.49], [174.24, -36.48], [174.40, -36.60], [174.45, -36.51], [174.35, -36.37], [174.39, -36.24], [174.26, -36.16], [174.25, -36.24], [174.03, -36.12], [173.91, -35.90], [173.91, -36.01], [174.16, -36.32], [174.09, -36.39], [174.05, -36.35], [173.41, -35.54], [173.62, -35.31], [173.49, -35.36], [173.37, -35.50], [173.31, -35.44], [173.27, -35.33], [173.11, -35.20], [173.18, -35.12], [173.19, -35.01], [172.70, -34.45], [173.04, -34.42], [172.96, -34.53], [173.26, -34.93]]], [[[169.17, -52.49], [169.23, -52.54], [169.12, -52.57], [169.02, -52.49], [169.17, -52.49]]], [[[166.22, -50.76], [166.24, -50.84], [166.01, -50.77], [165.97, -50.81], [165.88, -50.80], [166.07, -50.67], [166.10, -50.53], [166.26, -50.55], [166.17, -50.71], [166.22, -50.76]]], [[[-176.17, -43.74], [-176.27, -43.76], [-176.38, -43.86], [-176.40, -43.76], [-176.51, -43.78], [-176.44, -43.81], [-176.50, -43.86], [-176.43, -43.95], [-176.38, -43.95], [-176.33, -44.02], [-176.51, -44.11], [-176.59, -44.10], [-176.62, -44.03], [-176.52, -43.90], [-176.55, -43.85], [-176.84, -43.82], [-176.76, -43.75], [-176.56, -43.71], [-176.17, -43.74]]], [[[-176.17, -44.32], [-176.22, -44.33], [-176.22, -44.23], [-176.15, -44.22], [-176.12, -44.26], [-176.17, -44.32]]], [[[-172.47, -8.58], [-172.48, -8.58], [-172.49, -8.54], [-172.48, -8.56], [-172.47, -8.58]]], [[[-171.18, -9.35], [-171.20, -9.34], [-171.20, -9.33], [-171.19, -9.33], [-171.18, -9.35]]]]}}, {"type": "Feature", "properties": {}, "geometry": {"type": "Polygon", "coordinates": [[[-169.80, -19.08], [-169.90, -19.13], [-169.94, -19.07], [-169.90, -18.99], [-169.83, -18.96], [-169.80, -19.08]]]}}, {"type": "Feature", "properties": {}, "geometry": {"type": "Polygon", "coordinates": [[[-159.74, -21.24], [-159.83, -21.23], [-159.84, -21.22], [-159.76, -21.18], [-159.74, -21.24]]]}}, {"type": "Feature", "properties": {}, "geometry": {"type": "MultiPolygon", "coordinates": [[[[5.99, 50.75], [5.74, 50.75], [5.63, 50.84], [5.75, 50.95], [5.81, 51.08], [5.79, 51.15], [5.47, 51.28], [5.21, 51.27], [5.09, 51.34], [5.03, 51.46], [4.84, 51.40], [4.75, 51.49], [4.63, 51.42], [4.50, 51.47], [4.38, 51.42], [4.37, 51.35], [4.00, 51.44], [3.82, 51.40], [3.58, 51.45], [3.44, 51.54], [3.74, 51.59], [4.14, 51.45], [4.27, 51.47], [4.00, 51.59], [4.18, 51.61], [3.94, 51.81], [4.08, 51.99], [4.48, 52.30], [4.76, 52.94], [4.88, 52.90], [5.06, 52.96], [5.35, 53.09], [5.53, 53.26], [5.87, 53.37], [6.81, 53.44], [6.96, 53.32], [7.19, 53.28], [7.18, 52.99], [7.03, 52.65], [6.74, 52.63], [6.69, 52.53], [6.74, 52.46], [7.00, 52.41], [7.01, 52.26], [6.72, 52.08], [6.71, 52.03], [6.80, 51.98], [6.74, 51.91], [6.35, 51.82], [6.16, 51.88], [5.94, 51.80], [6.19, 51.45], [6.07, 51.22], [6.12, 51.14], [5.85, 51.03], [6.04, 50.90], [5.99, 50.75]]], [[[4.22, 51.38], [4.17, 51.30], [3.90, 51.20], [3.58, 51.28], [3.43, 51.24], [3.35, 51.37], [4.22, 51.38]]], [[[6.33, 53.51], [6.19, 53.47], [6.15, 53.48], [6.29, 53.51], [6.33, 53.51]]], [[[5.92, 53.45], [5.73, 53.44], [5.65, 53.46], [5.87, 53.47], [5.92, 53.45]]], [[[5.10, 53.30], [4.92, 53.23], [4.90, 53.24], [5.02, 53.31], [5.10, 53.30]]], [[[5.32, 53.38], [5.19, 53.39], [5.58, 53.43], [5.32, 53.38]]], [[[4.88, 53.07], [4.78, 52.99], [4.70, 53.03], [4.88, 53.18], [4.88, 53.07]]], [[[3.94, 51.73], [4.07, 51.64], [3.95, 51.62], [3.69, 51.70], [3.94, 51.73]]], [[[6.73, 53.58], [6.64, 53.57], [6.80, 53.62], [6.73, 53.58]]], [[[-68.20, 12.14], [-68.25, 12.03], [-68.36, 12.30], [-68.21, 12.23], [-68.20, 12.14]]], [[[-62.93, 17.49], [-62.98, 17.47], [-62.99, 17.53], [-62.97, 17.52], [-62.93, 17.49]]], [[[-63.23, 17.62], [-63.25, 17.62], [-63.24, 17.65], [-63.22, 17.63], [-63.23, 17.62]]]]}}, {"type": "Feature", "properties": {}, "geometry": {"type": "Polygon", "coordinates": [[[-69.89, 12.45], [-69.94, 12.43], [-70.06, 12.54], [-70.03, 12.61], [-69.89, 12.45]]]}}, {"type": "Feature", "properties": {}, "geometry": {"type": "Polygon", "coordinates": [[[-68.75, 12.05], [-68.80, 12.04], [-68.99, 12.14], [-69.15, 12.29], [-69.15, 12.38], [-69.07, 12.34], [-69.01, 12.23], [-68.82, 12.15], [-68.75, 12.05]]]}}, {"type": "Feature", "properties": {}, "geometry": {"type": "Polygon", "coordinates": [[[88.10, 27.87], [88.15, 27.84], [88.14, 27.74], [88.02, 27.40], [87.98, 27.13], [88.15, 26.80], [88.05, 26.43], [87.99, 26.38], [87.84, 26.43], [87.63, 26.39], [87.41, 26.42], [87.28, 26.36], [87.08, 26.43], [87.01, 26.55], [86.70, 26.43], [86.36, 26.57], [86.00, 26.64], [85.79, 26.60], [85.64, 26.82], [85.29, 26.74], [85.19, 26.76], [85.12, 26.86], [84.68, 27.04], [84.61, 27.29], [84.09, 27.49], [83.82, 27.37], [83.44, 27.46], [83.28, 27.37], [82.73, 27.51], [82.67, 27.67], [82.45, 27.67], [81.98, 27.91], [81.85, 27.86], [81.31, 28.17], [81.16, 28.33], [80.58, 28.64], [80.51, 28.66], [80.47, 28.60], [80.41, 28.61], [80.05, 28.87], [80.13, 29.10], [80.23, 29.19], [80.31, 29.57], [80.61, 29.95], [80.90, 30.17], [81.01, 30.16], [81.11, 30.03], [81.17, 30.03], [81.41, 30.33], [81.64, 30.38], [81.85, 30.36], [82.04, 30.32], [82.22, 30.06], [82.48, 29.94], [82.85, 29.68], [83.15, 29.61], [83.58, 29.18], [83.93, 29.27], [84.10, 29.21], [84.22, 28.91], [84.79, 28.56], [85.15, 28.59], [85.08, 28.37], [85.12, 28.31], [85.67, 28.27], [85.99, 27.91], [86.06, 27.93], [86.07, 28.08], [86.13, 28.11], [86.21, 28.02], [86.40, 27.92], [86.51, 27.96], [86.55, 28.08], [86.61, 28.10], [87.14, 27.83], [87.62, 27.81], [87.86, 27.88], [88.10, 27.87]]]}}, {"type": "Feature", "properties": {}, "geometry": {"type": "Polygon", "coordinates": [[[166.95, -0.51], [166.93, -0.55], [166.90, -0.52], [166.93, -0.48], [166.95, -0.51]]]}}, {"type": "Feature", "properties": {}, "geometry": {"type": "Polygon", "coordinates": [[[23.38, -17.64], [24.27, -17.48], [24.73, -17.51], [25.00, -17.56], [25.25, -17.79], [24.90, -17.82], [24.53, -18.05], [24.35, -17.97], [24.24, -18.02], [23.59, -18.45], [23.29, -18.02], [23.21, -17.99], [20.97, -18.31], [20.97, -22.00], [19.97, -22.00], [19.98, -28.45], [19.67, -28.50], [19.53, -28.57], [19.48, -28.66], [19.31, -28.73], [19.24, -28.90], [19.16, -28.93], [18.83, -28.86], [18.10, -28.87], [17.44, -28.69], [17.34, -28.50], [17.38, -28.35], [17.35, -28.26], [17.20, -28.19], [17.14, -28.08], [17.05, -28.03], [16.87, -28.12], [16.75, -28.45], [16.44, -28.61], [15.71, -27.96], [15.28, -27.27], [15.13, -26.78], [15.13, -26.50], [14.96, -26.31], [14.93, -25.95], [14.84, -25.72], [14.83, -25.03], [14.50, -24.20], [14.47, -23.28], [14.40, -22.96], [14.43, -22.88], [14.49, -22.92], [14.51, -22.80], [14.46, -22.44], [14.32, -22.18], [13.97, -21.76], [13.83, -21.47], [13.45, -20.91], [13.16, -20.18], [13.04, -20.02], [12.45, -18.92], [12.04, -18.47], [11.77, -18.00], [11.73, -17.75], [11.74, -17.24], [12.01, -17.16], [12.54, -17.21], [13.10, -16.96], [13.47, -17.04], [13.69, -17.23], [14.01, -17.40], [18.39, -17.39], [18.48, -17.44], [18.71, -17.70], [18.95, -17.80], [20.39, -17.88], [20.74, -18.01], [21.11, -17.95], [21.41, -18.00], [23.38, -17.64]]]}}, {"type": "Feature", "properties": {}, "geometry": {"type": "Polygon", "coordinates": [[[31.28, -22.40], [32.42, -21.29], [32.35, -21.13], [32.47, -20.95], [32.49, -20.65], [32.67, -20.51], [32.99, -19.98], [33.00, -19.87], [32.77, -19.38], [32.84, -19.10], [32.69, -18.94], [32.72, -18.82], [32.88, -18.72], [32.99, -18.35], [32.95, -18.08], [32.96, -17.25], [32.87, -16.88], [32.94, -16.71], [32.74, -16.67], [32.63, -16.58], [32.24, -16.44], [31.93, -16.42], [31.68, -16.21], [31.48, -16.17], [31.23, -16.02], [30.40, -15.97], [30.37, -15.50], [30.35, -15.34], [30.25, -15.18], [30.23, -14.99], [33.20, -14.01], [33.63, -14.56], [34.20, -14.42], [34.37, -14.42], [34.50, -14.59], [34.55, -15.14], [34.54, -15.29], [34.24, -15.88], [34.40, -16.08], [34.41, -16.24], [34.93, -16.76], [35.07, -16.83], [35.11, -16.89], [35.04, -17.01], [35.06, -17.07], [35.12, -17.12], [35.27, -17.11], [35.28, -16.80], [35.16, -16.56], [35.35, -16.16], [35.75, -16.05], [35.81, -15.68], [35.80, -15.26], [35.89, -14.89], [35.84, -14.67], [35.24, -13.89], [34.90, -13.55], [34.66, -13.48], [34.56, -13.36], [34.48, -12.66], [34.35, -12.16], [34.55, -11.83], [34.61, -11.62], [34.82, -11.57], [35.56, -11.60], [35.78, -11.45], [35.91, -11.45], [36.08, -11.53], [36.19, -11.67], [36.30, -11.70], [36.67, -11.68], [36.87, -11.57], [36.97, -11.56], [37.21, -11.68], [37.37, -11.71], [37.72, -11.58], [37.82, -11.48], [37.92, -11.29], [38.17, -11.27], [38.49, -11.41], [38.79, -11.22], [39.32, -11.12], [39.43, -11.03], [39.98, -10.82], [40.46, -10.46], [40.61, -10.66], [40.48, -10.76], [40.59, -10.83], [40.51, -10.92], [40.54, -11.06], [40.40, -11.33], [40.46, -11.44], [40.43, -11.65], [40.53, -12.00], [40.48, -12.49], [40.54, -12.52], [40.58, -12.63], [40.55, -12.82], [40.44, -12.90], [40.43, -12.98], [40.56, -12.98], [40.58, -13.37], [40.54, -13.46], [40.59, -14.12], [40.60, -14.16], [40.71, -14.21], [40.63, -14.39], [40.64, -14.53], [40.72, -14.42], [40.77, -14.42], [40.81, -14.46], [40.84, -14.71], [40.83, -14.79], [40.70, -14.92], [40.69, -15.06], [40.61, -15.11], [40.65, -15.26], [40.55, -15.47], [40.10, -15.97], [40.09, -16.06], [39.98, -16.22], [39.79, -16.29], [39.84, -16.43], [39.24, -16.79], [39.08, -16.97], [38.88, -17.04], [38.66, -17.05], [38.14, -17.24], [37.51, -17.57], [36.93, -17.99], [36.89, -18.12], [36.54, -18.51], [36.40, -18.76], [36.32, -18.79], [36.26, -18.71], [36.23, -18.86], [36.12, -18.84], [35.85, -18.99], [35.36, -19.49], [34.94, -19.81], [34.85, -19.82], [34.64, -19.70], [34.75, -19.82], [34.70, -20.47], [34.98, -20.80], [35.11, -21.19], [35.12, -21.39], [35.26, -21.65], [35.32, -22.03], [35.31, -22.39], [35.38, -22.45], [35.45, -22.11], [35.53, -22.24], [35.49, -22.65], [35.57, -22.96], [35.37, -23.79], [35.46, -23.85], [35.48, -23.78], [35.54, -23.82], [35.48, -24.06], [35.25, -24.43], [34.99, -24.65], [33.34, -25.26], [32.96, -25.49], [32.79, -25.64], [32.59, -26.00], [32.84, -26.26], [32.91, -26.08], [32.95, -26.08], [32.88, -26.84], [32.11, -26.83], [32.10, -26.52], [32.04, -26.28], [32.06, -26.01], [31.94, -25.95], [31.92, -25.77], [31.98, -25.63], [31.98, -24.46], [31.79, -23.89], [31.54, -23.48], [31.53, -23.27], [31.28, -22.40]], [[34.64, -12.01], [34.59, -11.97], [34.54, -12.01], [34.62, -12.06], [34.64, -12.01]], [[34.71, -12.11], [34.75, -12.03], [34.67, -12.00], [34.66, -12.10], [34.71, -12.11]]]}}, {"type": "Feature", "properties": {}, "geometry": {"type": "Polygon", "coordinates": [[[-2.21, 35.10], [-2.13, 34.97], [-1.79, 34.75], [-1.84, 34.60], [-1.73, 34.46], [-1.79, 34.36], [-1.70, 34.17], [-1.71, 33.78], [-1.63, 33.56], [-1.67, 33.31], [-1.45, 32.78], [-1.11, 32.55], [-1.06, 32.46], [-1.24, 32.33], [-1.22, 32.10], [-2.44, 32.12], [-2.86, 32.07], [-2.93, 32.04], [-3.01, 31.83], [-3.43, 31.70], [-3.76, 31.68], [-3.84, 31.61], [-3.78, 31.36], [-3.83, 31.19], [-3.62, 31.06], [-3.66, 30.96], [-3.98, 30.91], [-4.32, 30.69], [-4.96, 30.46], [-5.18, 30.16], [-5.44, 29.95], [-6.00, 29.83], [-6.47, 29.82], [-6.52, 29.65], [-6.63, 29.56], [-7.14, 29.61], [-7.48, 29.39], [-7.68, 29.34], [-8.26, 28.98], [-8.67, 28.68], [-8.68, 27.65], [-8.81, 27.65], [-8.75, 27.19], [-8.79, 27.12], [-9.41, 27.08], [-9.73, 26.86], [-9.81, 26.85], [-10.03, 26.91], [-10.25, 26.86], [-10.55, 26.99], [-10.75, 27.02], [-11.39, 26.88], [-11.31, 26.74], [-11.33, 26.63], [-11.51, 26.47], [-11.71, 26.10], [-12.06, 25.99], [-12.43, 24.83], [-12.99, 24.47], [-13.31, 23.98], [-13.77, 23.79], [-13.89, 23.69], [-14.10, 23.10], [-14.22, 22.31], [-14.63, 21.86], [-14.61, 21.75], [-14.75, 21.50], [-14.97, 21.44], [-16.04, 21.50], [-17.00, 21.42], [-16.93, 21.9], [-16.79, 22.15], [-16.68, 22.27], [-16.51, 22.33], [-16.35, 22.59], [-16.30, 22.83], [-16.16, 23.03], [-16.21, 23.09], [-15.78, 23.79], [-15.80, 23.84], [-15.98, 23.67], [-15.89, 23.84], [-15.58, 24.07], [-15.18, 24.47], [-15.03, 24.54], [-14.90, 24.71], [-14.79, 25.40], [-14.52, 25.92], [-14.41, 26.25], [-13.57, 26.73], [-13.17, 27.65], [-12.94, 27.91], [-11.98, 28.12], [-11.55, 28.31], [-11.08, 28.71], [-10.48, 29.06], [-10.20, 29.38], [-9.66, 30.10], [-9.62, 30.35], [-9.65, 30.44], [-9.87, 30.71], [-9.83, 30.84], [-9.80, 31.42], [-9.67, 31.71], [-9.34, 32.08], [-9.24, 32.57], [-8.51, 33.25], [-8.30, 33.37], [-7.56, 33.64], [-6.90, 33.96], [-6.35, 34.77], [-5.92, 35.78], [-5.62, 35.82], [-5.39, 35.92], [-5.27, 35.90], [-5.33, 35.85], [-5.33, 35.74], [-5.25, 35.61], [-4.83, 35.28], [-4.62, 35.20], [-4.32, 35.16], [-3.69, 35.27], [-3.39, 35.21], [-3.20, 35.23], [-2.97, 35.40], [-2.83, 35.12], [-2.21, 35.10]]]}}, {"type": "Feature", "properties": {}, "geometry": {"type": "Polygon", "coordinates": [[[-8.81, 27.65], [-8.68, 27.65], [-8.68, 25.99], [-12.01, 25.99], [-12.02, 23.46], [-12.37, 23.31], [-12.62, 23.27], [-13.03, 23.00], [-13.15, 22.82], [-13.01, 21.33], [-16.96, 21.32], [-17.06, 20.89], [-17.04, 20.80], [-17.09, 20.85], [-17.00, 21.42], [-16.04, 21.50], [-14.97, 21.44], [-14.75, 21.50], [-14.61, 21.75], [-14.63, 21.86], [-14.22, 22.31], [-14.10, 23.10], [-13.89, 23.69], [-13.77, 23.79], [-13.31, 23.98], [-12.99, 24.47], [-12.43, 24.83], [-12.06, 25.99], [-11.71, 26.10], [-11.51, 26.47], [-11.33, 26.63], [-11.31, 26.74], [-11.39, 26.88], [-10.75, 27.02], [-10.55, 26.99], [-10.25, 26.86], [-10.03, 26.91], [-9.81, 26.85], [-9.73, 26.86], [-9.41, 27.08], [-8.79, 27.12], [-8.75, 27.19], [-8.81, 27.65]]]}}, {"type": "Feature", "properties": {}, "geometry": {"type": "Polygon", "coordinates": [[[19.19, 43.53], [19.21, 43.44], [19.61, 43.17], [19.94, 43.08], [20.26, 42.93], [20.34, 42.85], [20.19, 42.75], [20.05, 42.76], [20.07, 42.55], [19.93, 42.50], [19.78, 42.47], [19.72, 42.63], [19.65, 42.62], [19.28, 42.17], [19.36, 42.06], [19.34, 41.86], [19.18, 41.94], [19.12, 42.06], [18.89, 42.24], [18.63, 42.37], [18.64, 42.44], [18.51, 42.43], [18.43, 42.52], [18.54, 42.64], [18.46, 42.77], [18.46, 42.99], [18.62, 43.02], [18.67, 43.23], [18.85, 43.34], [19.02, 43.29], [18.95, 43.52], [19.19, 43.53]]]}}, {"type": "Feature", "properties": {}, "geometry": {"type": "Polygon", "coordinates": [[[87.81, 49.16], [87.93, 49.16], [88.11, 49.25], [88.19, 49.45], [88.63, 49.48], [88.83, 49.44], [88.90, 49.53], [89.00, 49.47], [89.10, 49.50], [89.24, 49.62], [89.39, 49.61], [89.65, 49.71], [89.64, 49.90], [89.97, 49.98], [90.05, 50.09], [90.65, 50.22], [91.02, 50.41], [91.41, 50.46], [91.44, 50.52], [91.80, 50.69], [92.19, 50.70], [92.29, 50.84], [92.35, 50.86], [92.62, 50.68], [92.73, 50.71], [92.77, 50.77], [92.94, 50.77], [93.00, 50.65], [93.10, 50.60], [94.25, 50.55], [94.35, 50.22], [94.61, 50.02], [94.93, 50.04], [95.11, 49.93], [95.52, 49.91], [95.78, 50.01], [95.93, 49.96], [96.06, 49.99], [96.31, 49.90], [96.98, 49.88], [97.20, 49.73], [97.35, 49.74], [97.58, 49.91], [98.00, 50.01], [98.10, 50.07], [98.25, 50.30], [98.27, 50.53], [98.02, 50.64], [97.95, 50.85], [97.82, 50.98], [97.83, 51.05], [97.91, 51.16], [97.94, 51.34], [98.03, 51.44], [98.21, 51.50], [98.35, 51.71], [98.64, 51.80], [98.89, 52.11], [99.40, 51.92], [99.71, 51.87], [99.92, 51.75], [100.46, 51.72], [101.38, 51.45], [101.57, 51.46], [102.11, 51.35], [102.15, 51.31], [102.21, 50.82], [102.31, 50.71], [102.28, 50.58], [102.68, 50.38], [103.16, 50.29], [103.30, 50.20], [103.63, 50.13], [103.80, 50.17], [104.07, 50.15], [104.46, 50.30], [105.09, 50.38], [105.38, 50.47], [105.87, 50.40], [106.21, 50.30], [106.71, 50.31], [107.23, 49.98], [107.91, 49.94], [107.96, 49.65], [108.61, 49.32], [109.23, 49.33], [110.19, 49.17], [110.42, 49.21], [110.70, 49.14], [111.33, 49.35], [112.07, 49.42], [112.49, 49.53], [112.80, 49.52], [113.05, 49.61], [113.16, 49.79], [113.57, 50.00], [114.29, 50.27], [114.74, 50.23], [115.42, 49.89], [115.71, 49.88], [116.13, 50.01], [116.35, 49.97], [116.55, 49.92], [116.68, 49.82], [116.02, 48.78], [115.82, 48.57], [115.78, 48.24], [115.52, 48.13], [115.55, 47.94], [115.61, 47.87], [115.89, 47.68], [116.23, 47.85], [116.76, 47.86], [117.06, 47.80], [117.35, 47.65], [117.76, 47.98], [118.14, 48.02], [118.49, 47.98], [118.75, 47.75], [119.08, 47.65], [119.16, 47.52], [119.71, 47.15], [119.89, 46.85], [119.89, 46.73], [119.86, 46.67], [119.70, 46.60], [119.16, 46.63], [118.84, 46.76], [118.72, 46.69], [118.30, 46.71], [118.07, 46.66], [117.74, 46.51], [117.43, 46.58], [117.33, 46.36], [116.85, 46.38], [116.56, 46.28], [116.21, 45.88], [116.24, 45.79], [116.19, 45.73], [115.68, 45.45], [115.16, 45.39], [114.56, 45.38], [114.41, 45.20], [114.08, 44.97], [113.58, 44.74], [112.70, 44.88], [112.41, 45.05], [111.89, 45.06], [111.62, 44.82], [111.40, 44.36], [111.60, 44.10], [111.83, 43.93], [111.93, 43.81], [111.93, 43.71], [111.77, 43.66], [111.54, 43.49], [111.00, 43.34], [110.40, 42.77], [109.33, 42.43], [108.17, 42.44], [106.77, 42.28], [105.19, 41.73], [104.98, 41.59], [104.86, 41.64], [104.49, 41.65], [104.49, 41.87], [103.71, 41.75], [103.07, 42.00], [102.15, 42.15], [101.97, 42.21], [101.65, 42.50], [101.49, 42.53], [99.98, 42.67], [99.46, 42.56], [97.20, 42.78], [96.38, 42.72], [96.29, 42.92], [95.85, 43.27], [95.84, 43.38], [95.52, 43.95], [95.32, 44.03], [95.35, 44.27], [95.04, 44.25], [94.71, 44.35], [94.19, 44.64], [93.95, 44.67], [93.65, 44.90], [93.51, 44.94], [92.78, 45.03], [92.42, 45.00], [91.58, 45.07], [91.05, 45.21], [90.87, 45.19], [90.66, 45.52], [90.70, 45.73], [91.00, 46.03], [90.91, 46.27], [91.02, 46.56], [90.86, 46.95], [90.71, 47.00], [90.49, 47.28], [90.33, 47.65], [90.10, 47.74], [90.02, 47.87], [89.77, 47.82], [89.47, 48.02], [89.19, 47.98], [89.04, 48.00], [88.57, 48.22], [88.51, 48.38], [87.97, 48.55], [88.06, 48.70], [87.83, 48.79], [87.74, 48.88], [87.87, 49.00], [87.81, 49.16]]]}}, {"type": "Feature", "properties": {}, "geometry": {"type": "Polygon", "coordinates": [[[26.61, 48.25], [26.84, 48.38], [27.22, 48.37], [27.54, 48.47], [27.82, 48.41], [28.08, 48.25], [28.29, 48.23], [28.34, 48.21], [28.34, 48.14], [28.42, 48.14], [28.46, 48.09], [28.53, 48.15], [28.77, 48.11], [28.92, 47.95], [29.12, 47.96], [29.21, 47.77], [29.13, 47.48], [29.53, 47.27], [29.51, 47.12], [29.57, 46.96], [29.87, 46.82], [29.94, 46.72], [29.92, 46.53], [30.13, 46.42], [30.07, 46.37], [29.83, 46.35], [29.70, 46.44], [29.61, 46.39], [29.30, 46.46], [29.20, 46.37], [29.18, 46.52], [28.95, 46.45], [28.93, 46.36], [29.00, 46.17], [28.94, 46.04], [28.73, 45.93], [28.72, 45.85], [28.49, 45.66], [28.49, 45.51], [28.21, 45.45], [28.07, 45.59], [28.15, 45.64], [28.09, 45.97], [28.24, 46.45], [28.23, 46.64], [28.07, 46.97], [27.61, 47.34], [27.33, 47.63], [26.98, 48.15], [26.78, 48.25], [26.61, 48.25]]]}}, {"type": "Feature", "properties": {}, "geometry": {"type": "Polygon", "coordinates": [[[7.43, 43.75], [7.37, 43.73], [7.39, 43.76], [7.43, 43.75]]]}}, {"type": "Feature", "properties": {}, "geometry": {"type": "MultiPolygon", "coordinates": [[[[-117.12, 32.53], [-114.72, 32.71], [-114.83, 32.50], [-111.04, 31.32], [-108.21, 31.32], [-108.21, 31.77], [-106.45, 31.77], [-106.14, 31.45], [-104.91, 30.58], [-104.68, 30.13], [-104.62, 29.85], [-104.40, 29.57], [-103.98, 29.32], [-103.25, 29.00], [-103.08, 29.04], [-102.89, 29.21], [-102.73, 29.64], [-102.61, 29.75], [-102.26, 29.87], [-101.99, 29.79], [-101.44, 29.77], [-100.75, 29.18], [-100.33, 28.50], [-100.29, 28.32], [-100.11, 28.17], [-99.75, 27.72], [-99.50, 27.54], [-99.45, 27.05], [-99.22, 26.76], [-99.10, 26.44], [-98.27, 26.11], [-97.80, 26.04], [-97.37, 25.87], [-97.28, 25.94], [-97.14, 25.96], [-97.16, 25.75], [-97.50, 25.01], [-97.66, 24.38], [-97.74, 23.76], [-97.74, 22.94], [-97.85, 22.62], [-97.84, 22.51], [-97.76, 22.10], [-97.58, 21.80], [-97.31, 21.56], [-97.40, 21.27], [-97.43, 21.35], [-97.38, 21.56], [-97.59, 21.76], [-97.75, 22.02], [-97.63, 21.60], [-97.51, 21.47], [-97.18, 20.71], [-96.45, 19.86], [-96.28, 19.34], [-95.98, 19.05], [-95.91, 18.89], [-95.77, 18.80], [-95.92, 18.85], [-95.92, 18.81], [-95.62, 18.69], [-95.57, 18.69], [-95.71, 18.76], [-95.18, 18.70], [-95.01, 18.57], [-94.79, 18.51], [-94.54, 18.17], [-94.45, 18.16], [-94.18, 18.19], [-93.55, 18.43], [-93.12, 18.42], [-92.88, 18.46], [-92.76, 18.52], [-92.71, 18.61], [-92.44, 18.67], [-91.97, 18.71], [-91.88, 18.63], [-91.94, 18.56], [-91.91, 18.52], [-91.80, 18.47], [-91.53, 18.45], [-91.27, 18.62], [-91.27, 18.72], [-91.36, 18.80], [-91.34, 18.90], [-91.46, 18.83], [-91.43, 18.88], [-90.95, 19.15], [-90.73, 19.35], [-90.69, 19.72], [-90.49, 19.94], [-90.48, 20.55], [-90.35, 21.00], [-89.81, 21.27], [-88.87, 21.41], [-88.46, 21.56], [-88.00, 21.60], [-87.25, 21.44], [-87.16, 21.51], [-87.18, 21.54], [-87.38, 21.55], [-87.12, 21.62], [-86.82, 21.42], [-86.77, 21.15], [-86.92, 20.78], [-87.22, 20.50], [-87.42, 20.23], [-87.46, 20.10], [-87.44, 19.86], [-87.58, 19.77], [-87.68, 19.63], [-87.64, 19.55], [-87.42, 19.58], [-87.48, 19.44], [-87.65, 19.35], [-87.65, 19.25], [-87.55, 19.32], [-87.50, 19.28], [-87.80, 18.35], [-87.88, 18.27], [-87.95, 18.44], [-88.03, 18.48], [-88.01, 18.72], [-88.03, 18.83], [-88.07, 18.83], [-88.19, 18.71], [-88.29, 18.47], [-88.52, 18.44], [-88.80, 17.96], [-88.89, 17.91], [-89.05, 17.99], [-89.13, 17.97], [-89.16, 17.81], [-90.98, 17.81], [-90.99, 17.25], [-91.40, 17.25], [-90.97, 16.86], [-90.71, 16.70], [-90.63, 16.51], [-90.41, 16.39], [-90.44, 16.07], [-91.73, 16.07], [-92.20, 15.27], [-92.07, 15.07], [-92.15, 14.96], [-92.15, 14.69], [-92.23, 14.54], [-93.16, 15.44], [-93.91, 16.05], [-94.37, 16.28], [-94.42, 16.22], [-94.00, 16.01], [-94.47, 16.18], [-94.66, 16.20], [-94.68, 16.22], [-94.58, 16.31], [-94.61, 16.34], [-94.79, 16.28], [-94.79, 16.36], [-94.90, 16.41], [-95.02, 16.27], [-94.79, 16.20], [-95.13, 16.17], [-95.46, 15.97], [-96.21, 15.69], [-96.51, 15.65], [-96.80, 15.72], [-97.18, 15.90], [-97.75, 15.96], [-98.13, 16.20], [-98.52, 16.30], [-98.76, 16.53], [-99.69, 16.71], [-100.02, 16.92], [-100.84, 17.20], [-101.60, 17.65], [-101.91, 17.95], [-102.21, 17.95], [-102.69, 18.06], [-103.44, 18.32], [-103.91, 18.82], [-104.93, 19.30], [-105.48, 19.97], [-105.66, 20.38], [-105.54, 20.49], [-105.37, 20.51], [-105.26, 20.57], [-105.25, 20.66], [-105.32, 20.75], [-105.51, 20.80], [-105.23, 21.11], [-105.20, 21.49], [-105.43, 21.61], [-105.64, 21.98], [-105.64, 22.32], [-105.79, 22.62], [-106.40, 23.19], [-106.93, 23.88], [-107.76, 24.47], [-107.52, 24.36], [-107.49, 24.36], [-107.51, 24.48], [-107.81, 24.53], [-107.95, 24.61], [-108.01, 24.78], [-108.28, 25.08], [-108.14, 25.01], [-108.03, 25.03], [-108.05, 25.06], [-108.69, 25.38], [-108.78, 25.53], [-109.02, 25.48], [-109.06, 25.55], [-108.97, 25.58], [-108.88, 25.73], [-109.00, 25.64], [-109.19, 25.59], [-109.38, 25.72], [-109.42, 26.03], [-109.19, 26.30], [-109.11, 26.25], [-109.21, 26.35], [-109.27, 26.53], [-109.48, 26.71], [-109.75, 26.70], [-109.89, 26.88], [-109.94, 27.07], [-110.27, 27.16], [-110.47, 27.32], [-110.61, 27.65], [-110.52, 27.86], [-110.75, 27.91], [-110.92, 27.88], [-111.12, 27.96], [-111.47, 28.38], [-111.68, 28.47], [-111.94, 28.82], [-112.16, 29.01], [-112.22, 29.26], [-112.37, 29.34], [-112.41, 29.53], [-112.73, 29.98], [-112.82, 30.30], [-113.05, 30.65], [-113.11, 30.79], [-113.11, 31.04], [-113.04, 31.08], [-113.04, 31.17], [-113.62, 31.34], [-113.63, 31.46], [-113.75, 31.55], [-113.94, 31.62], [-114.00, 31.52], [-114.14, 31.50], [-114.93, 31.90], [-114.83, 31.79], [-114.78, 31.64], [-114.84, 31.53], [-114.88, 31.15], [-114.70, 30.76], [-114.63, 30.50], [-114.64, 30.23], [-114.55, 30.02], [-114.37, 29.83], [-114.17, 29.73], [-113.75, 29.36], [-113.54, 29.10], [-113.49, 28.92], [-113.38, 28.94], [-113.32, 28.81], [-113.20, 28.79], [-113.09, 28.51], [-112.87, 28.42], [-112.73, 27.82], [-112.32, 27.52], [-112.19, 27.18], [-112.00, 27.07], [-112.00, 26.96], [-111.88, 26.84], [-111.86, 26.67], [-111.75, 26.57], [-111.69, 26.58], [-111.81, 26.75], [-111.79, 26.87], [-111.56, 26.70], [-111.33, 26.12], [-111.29, 25.78], [-111.14, 25.57], [-111.03, 25.52], [-110.89, 25.14], [-110.68, 24.86], [-110.73, 24.58], [-110.65, 24.34], [-110.36, 24.10], [-110.29, 24.19], [-110.32, 24.30], [-110.26, 24.34], [-110.02, 24.17], [-109.81, 23.93], [-109.71, 23.80], [-109.67, 23.66], [-109.50, 23.59], [-109.42, 23.48], [-109.49, 23.15], [-109.82, 22.92], [-110.00, 22.89], [-110.08, 23.00], [-110.18, 23.34], [-110.36, 23.60], [-110.62, 23.73], [-111.03, 24.10], [-111.41, 24.32], [-111.68, 24.55], [-111.80, 24.54], [-111.84, 24.67], [-112.07, 24.84], [-112.12, 25.04], [-112.05, 25.48], [-112.17, 25.91], [-112.37, 26.21], [-112.65, 26.31], [-113.02, 26.58], [-113.11, 26.71], [-113.15, 26.94], [-113.27, 26.79], [-113.42, 26.79], [-113.59, 26.72], [-113.84, 26.96], [-113.99, 26.98], [-114.11, 27.10], [-114.44, 27.21], [-114.53, 27.43], [-114.99, 27.73], [-115.03, 27.84], [-114.57, 27.78], [-114.30, 27.87], [-114.30, 27.77], [-114.13, 27.67], [-114.06, 27.67], [-114.17, 27.83], [-114.15, 27.91], [-114.26, 27.93], [-114.09, 28.22], [-114.04, 28.42], [-114.14, 28.60], [-114.93, 29.35], [-115.16, 29.42], [-115.67, 29.75], [-115.74, 29.93], [-115.80, 29.96], [-115.81, 30.30], [-115.99, 30.41], [-116.06, 30.80], [-116.29, 30.97], [-116.33, 31.20], [-116.66, 31.56], [-116.66, 31.69], [-116.72, 31.73], [-116.62, 31.75], [-116.62, 31.85], [-116.84, 31.99], [-116.91, 32.19], [-117.06, 32.34], [-117.12, 32.53]]], [[[-86.93, 20.30], [-86.99, 20.27], [-87.01, 20.38], [-86.97, 20.48], [-86.92, 20.55], [-86.76, 20.57], [-86.93, 20.30]]], [[[-106.50, 21.61], [-106.53, 21.52], [-106.60, 21.56], [-106.63, 21.69], [-106.53, 21.67], [-106.50, 21.61]]], [[[-110.91, 18.74], [-110.97, 18.72], [-111.06, 18.78], [-110.98, 18.86], [-110.91, 18.74]]], [[[-110.56, 25.00], [-110.53, 24.89], [-110.65, 24.96], [-110.69, 25.08], [-110.56, 25.00]]], [[[-113.15, 29.05], [-113.49, 29.30], [-113.58, 29.41], [-113.58, 29.57], [-113.41, 29.48], [-113.37, 29.33], [-113.20, 29.30], [-113.15, 29.05]]], [[[-115.17, 28.06], [-115.18, 28.03], [-115.35, 28.10], [-115.26, 28.22], [-115.27, 28.34], [-115.23, 28.36], [-115.14, 28.17], [-115.17, 28.06]]], [[[-112.20, 29.00], [-112.27, 28.76], [-112.51, 28.84], [-112.46, 29.16], [-112.42, 29.20], [-112.28, 29.24], [-112.20, 29.00]]], [[[-118.24, 28.94], [-118.28, 28.90], [-118.40, 29.11], [-118.36, 29.18], [-118.31, 29.18], [-118.24, 28.94]]], [[[-86.71, 21.23], [-86.69, 21.19], [-86.75, 21.27], [-86.73, 21.27], [-86.71, 21.23]]], [[[-91.68, 18.67], [-91.81, 18.67], [-91.58, 18.77], [-91.53, 18.76], [-91.68, 18.67]]], [[[-109.80, 24.15], [-109.87, 24.20], [-109.89, 24.34], [-109.79, 24.18], [-109.80, 24.15]]], [[[-114.69, 31.70], [-114.78, 31.74], [-114.78, 31.78], [-114.70, 31.75], [-114.69, 31.70]]], [[[-111.10, 26.02], [-111.09, 25.97], [-111.13, 25.99], [-111.22, 25.83], [-111.18, 26.04], [-111.09, 26.07], [-111.10, 26.02]]], [[[-111.69, 24.39], [-111.71, 24.34], [-112.01, 24.53], [-111.85, 24.53], [-111.69, 24.39]]], [[[-112.05, 24.54], [-112.16, 24.65], [-112.17, 24.72], [-112.29, 24.78], [-112.15, 25.28], [-112.13, 25.22], [-112.19, 24.84], [-112.05, 24.54]]]]}}, {"type": "Feature", "properties": {}, "geometry": {"type": "Polygon", "coordinates": [[[57.65, -20.48], [57.38, -20.50], [57.31, -20.42], [57.36, -20.40], [57.41, -20.18], [57.57, -19.99], [57.65, -19.98], [57.79, -20.21], [57.78, -20.32], [57.65, -20.48]]]}}, {"type": "Feature", "properties": {}, "geometry": {"type": "MultiPolygon", "coordinates": [[[[-16.37, 19.70], [-16.43, 19.60], [-16.47, 19.71], [-16.34, 19.86], [-16.37, 19.70]]], [[[-12.28, 14.80], [-12.85, 15.24], [-12.93, 15.45], [-13.20, 15.61], [-13.40, 16.05], [-13.50, 16.13], [-13.86, 16.14], [-14.08, 16.41], [-14.30, 16.58], [-14.53, 16.65], [-14.99, 16.67], [-15.09, 16.65], [-15.12, 16.60], [-15.76, 16.48], [-16.23, 16.53], [-16.44, 16.20], [-16.53, 15.83], [-16.53, 16.28], [-16.46, 16.60], [-16.07, 17.54], [-16.03, 17.88], [-16.04, 18.22], [-16.21, 19.00], [-16.51, 19.36], [-16.37, 19.41], [-16.30, 19.51], [-16.44, 19.47], [-16.28, 19.78], [-16.21, 20.22], [-16.42, 20.65], [-16.53, 20.70], [-16.56, 20.60], [-16.62, 20.63], [-16.92, 21.11], [-16.99, 21.03], [-17.04, 20.80], [-17.06, 20.89], [-16.96, 21.32], [-13.01, 21.33], [-13.15, 22.82], [-13.03, 23.00], [-12.62, 23.27], [-12.37, 23.31], [-12.02, 23.46], [-12.01, 25.99], [-8.68, 25.99], [-8.68, 27.28], [-4.82, 24.99], [-6.59, 24.99], [-5.62, 16.56], [-5.35, 16.28], [-5.51, 15.49], [-9.17, 15.49], [-9.33, 15.52], [-9.35, 15.67], [-9.42, 15.62], [-9.44, 15.45], [-9.94, 15.37], [-10.41, 15.43], [-10.69, 15.42], [-10.89, 15.15], [-10.94, 15.15], [-11.50, 15.63], [-11.76, 15.42], [-11.87, 14.99], [-11.94, 14.88], [-12.10, 14.74], [-12.28, 14.80]]]]}}, {"type": "Feature", "properties": {}, "geometry": {"type": "MultiPolygon", "coordinates": [[[[14.56, 35.85], [14.43, 35.82], [14.35, 35.87], [14.35, 35.97], [14.44, 35.95], [14.56, 35.85]]], [[[14.31, 36.02], [14.25, 36.01], [14.18, 36.06], [14.26, 36.07], [14.31, 36.02]]]]}}, {"type": "Feature", "properties": {}, "geometry": {"type": "Polygon", "coordinates": [[[-11.38, 12.40], [-11.38, 12.47], [-11.45, 12.55], [-11.39, 12.94], [-11.63, 13.36], [-11.75, 13.39], [-11.83, 13.31], [-12.05, 13.63], [-11.96, 13.87], [-12.02, 13.97], [-12.01, 14.20], [-12.22, 14.45], [-12.18, 14.64], [-12.28, 14.80], [-12.10, 14.74], [-11.94, 14.88], [-11.87, 14.99], [-11.76, 15.42], [-11.50, 15.63], [-10.94, 15.15], [-10.89, 15.15], [-10.69, 15.42], [-10.41, 15.43], [-9.94, 15.37], [-9.44, 15.45], [-9.42, 15.62], [-9.35, 15.67], [-9.33, 15.52], [-9.17, 15.49], [-5.51, 15.49], [-5.35, 16.28], [-5.62, 16.56], [-6.59, 24.99], [-4.82, 24.99], [1.14, 21.10], [1.16, 20.81], [1.61, 20.55], [1.68, 20.37], [1.75, 20.33], [2.21, 20.24], [2.40, 20.06], [3.13, 19.85], [3.20, 19.78], [3.20, 19.56], [3.25, 19.41], [3.10, 19.15], [3.25, 19.01], [3.40, 18.98], [4.22, 19.14], [4.23, 16.99], [4.18, 16.58], [3.87, 15.75], [3.52, 15.48], [3.50, 15.35], [3.06, 15.42], [3.01, 15.40], [3.00, 15.34], [1.30, 15.27], [0.94, 14.98], [0.28, 14.98], [0.21, 14.91], [-0.23, 15.05], [-0.40, 15.01], [-0.53, 15.07], [-0.66, 15.06], [-0.76, 15.04], [-1.04, 14.81], [-1.69, 14.50], [-1.97, 14.45], [-2.05, 14.19], [-2.11, 14.16], [-2.45, 14.27], [-2.58, 14.22], [-2.87, 13.95], [-2.95, 13.64], [-3.24, 13.65], [-3.30, 13.28], [-3.52, 13.18], [-3.94, 13.40], [-4.05, 13.38], [-4.32, 13.11], [-4.22, 12.79], [-4.48, 12.67], [-4.42, 12.58], [-4.42, 12.33], [-4.69, 12.07], [-5.10, 11.96], [-5.28, 11.82], [-5.22, 11.52], [-5.25, 11.37], [-5.34, 11.13], [-5.49, 11.04], [-5.45, 10.77], [-5.52, 10.42], [-5.84, 10.38], [-6.03, 10.19], [-6.23, 10.26], [-6.19, 10.40], [-6.26, 10.72], [-6.42, 10.67], [-6.42, 10.55], [-6.65, 10.65], [-6.69, 10.34], [-6.95, 10.34], [-6.99, 10.25], [-6.96, 10.17], [-7.01, 10.14], [-7.36, 10.25], [-7.38, 10.34], [-7.49, 10.43], [-7.66, 10.42], [-7.81, 10.23], [-7.99, 10.16], [-8.00, 10.32], [-8.26, 10.48], [-8.33, 10.99], [-8.47, 11.04], [-8.60, 10.98], [-8.66, 11.00], [-8.39, 11.36], [-8.66, 11.51], [-8.71, 11.61], [-8.82, 11.67], [-8.81, 11.92], [-8.99, 12.34], [-9.12, 12.44], [-9.3, 12.49], [-9.39, 12.46], [-9.33, 12.32], [-9.35, 12.25], [-9.65, 12.14], [-9.71, 12.04], [-9.82, 12.04], [-10.27, 12.21], [-10.46, 12.13], [-10.61, 11.94], [-10.70, 11.89], [-10.93, 12.20], [-11.06, 12.17], [-11.20, 12.02], [-11.30, 12.01], [-11.50, 12.19], [-11.38, 12.40]]]}}, {"type": "Feature", "properties": {}, "geometry": {"type": "MultiPolygon", "coordinates": [[[[73.41, 3.23], [73.38, 3.27], [73.42, 3.28], [73.44, 3.27], [73.41, 3.23]]], [[[73.51, 4.16], [73.47, 4.17], [73.51, 4.24], [73.52, 4.24], [73.51, 4.16]]]]}}, {"type": "Feature", "properties": {}, "geometry": {"type": "MultiPolygon", "coordinates": [[[[100.11, 6.44], [100.17, 6.67], [100.26, 6.68], [100.34, 6.54], [100.62, 6.44], [100.75, 6.46], [100.87, 6.24], [101.05, 6.24], [101.07, 5.95], [100.98, 5.77], [101.11, 5.63], [101.19, 5.66], [101.25, 5.78], [101.55, 5.90], [101.67, 5.77], [101.79, 5.77], [101.87, 5.82], [102.10, 6.24], [102.27, 6.20], [102.34, 6.17], [102.53, 5.86], [103.09, 5.40], [103.41, 4.85], [103.45, 4.66], [103.46, 4.39], [103.36, 3.76], [103.45, 3.52], [103.43, 2.93], [103.53, 2.77], [103.81, 2.58], [104.21, 1.72], [104.28, 1.48], [104.25, 1.38], [104.17, 1.36], [104.11, 1.41], [103.98, 1.62], [103.99, 1.45], [103.69, 1.44], [103.54, 1.33], [103.48, 1.32], [103.35, 1.54], [102.72, 1.85], [102.54, 2.04], [102.14, 2.24], [101.78, 2.57], [101.51, 2.68], [101.29, 2.88], [101.35, 3.01], [101.29, 3.25], [100.71, 3.96], [100.79, 4.02], [100.61, 4.37], [100.61, 4.65], [100.47, 5.04], [100.35, 5.58], [100.34, 5.98], [100.11, 6.44]]], [[[117.57, 4.17], [117.10, 4.33], [116.51, 4.37], [116.41, 4.30], [116.23, 4.36], [116.02, 4.29], [115.86, 4.34], [115.67, 4.19], [115.56, 3.93], [115.56, 3.44], [115.45, 3.03], [115.31, 2.99], [115.24, 3.02], [115.11, 2.89], [115.08, 2.63], [115.18, 2.56], [115.17, 2.52], [114.78, 2.25], [114.75, 2.16], [114.83, 1.98], [114.8, 1.89], [114.70, 1.85], [114.63, 1.61], [114.51, 1.45], [114.38, 1.50], [113.90, 1.43], [113.62, 1.23], [113.51, 1.30], [113.00, 1.43], [112.98, 1.54], [112.94, 1.56], [112.47, 1.55], [112.18, 1.43], [112.07, 1.14], [111.92, 1.11], [111.80, 1.01], [111.48, 0.99], [111.10, 1.05], [110.50, 0.86], [109.73, 1.52], [109.65, 1.61], [109.63, 1.77], [109.54, 1.84], [109.62, 2.02], [109.71, 1.85], [109.86, 1.76], [110.11, 1.69], [110.34, 1.71], [110.67, 1.54], [110.89, 1.53], [111.09, 1.40], [111.22, 1.39], [111.05, 1.48], [111.02, 1.55], [111.15, 1.73], [111.17, 1.90], [111.25, 2.06], [111.26, 2.13], [111.19, 2.29], [111.24, 2.43], [111.35, 2.36], [111.44, 2.38], [111.44, 2.63], [111.62, 2.81], [112.73, 3.07], [113.04, 3.20], [113.44, 3.74], [113.92, 4.24], [114.01, 4.57], [114.06, 4.59], [114.16, 4.52], [114.32, 4.26], [114.41, 4.25], [114.57, 4.04], [114.65, 4.03], [114.77, 4.16], [114.84, 4.39], [114.74, 4.71], [115.02, 4.89], [115.02, 4.69], [115.10, 4.39], [115.31, 4.36], [115.22, 4.75], [115.14, 4.89], [115.37, 4.93], [115.55, 5.09], [115.58, 5.19], [115.46, 5.25], [115.41, 5.41], [115.60, 5.60], [115.62, 5.54], [115.74, 5.53], [115.87, 5.61], [116.05, 5.88], [116.13, 6.12], [116.49, 6.52], [116.77, 6.99], [116.83, 6.95], [116.84, 6.82], [116.78, 6.60], [116.91, 6.65], [117.12, 6.96], [117.25, 6.91], [117.29, 6.67], [117.64, 6.47], [117.69, 6.27], [117.61, 6.19], [117.64, 6.00], [117.61, 5.94], [117.50, 5.88], [117.81, 5.94], [118.00, 6.05], [118.11, 5.86], [117.93, 5.78], [117.97, 5.70], [118.24, 5.82], [118.35, 5.80], [118.51, 5.72], [118.59, 5.59], [118.95, 5.42], [119.17, 5.43], [119.25, 5.36], [119.24, 5.19], [119.13, 5.10], [118.67, 4.96], [118.38, 5.01], [118.26, 4.98], [118.18, 4.82], [118.56, 4.50], [118.59, 4.46], [118.54, 4.37], [118.00, 4.25], [117.69, 4.34], [117.57, 4.17]]], [[[104.22, 2.73], [104.14, 2.72], [104.12, 2.76], [104.18, 2.87], [104.22, 2.73]]], [[[100.28, 5.29], [100.19, 5.28], [100.20, 5.44], [100.24, 5.46], [100.33, 5.41], [100.28, 5.29]]], [[[99.84, 6.46], [99.91, 6.35], [99.74, 6.26], [99.64, 6.41], [99.74, 6.40], [99.84, 6.46]]], [[[117.14, 7.16], [117.08, 7.11], [117.06, 7.26], [117.14, 7.33], [117.26, 7.35], [117.26, 7.22], [117.14, 7.16]]], [[[101.31, 2.98], [101.26, 2.97], [101.31, 3.06], [101.32, 3.04], [101.31, 2.98]]], [[[111.38, 2.41], [111.31, 2.43], [111.30, 2.74], [111.33, 2.76], [111.37, 2.70], [111.38, 2.41]]], [[[117.88, 4.18], [117.74, 4.16], [117.64, 4.16], [117.66, 4.25], [117.70, 4.26], [117.88, 4.18]]]]}}, {"type": "Feature", "properties": {}, "geometry": {"type": "MultiPolygon", "coordinates": [[[[34.71, -12.11], [34.66, -12.10], [34.67, -12.00], [34.75, -12.03], [34.71, -12.11]]], [[[34.64, -12.01], [34.62, -12.06], [34.54, -12.01], [34.59, -11.97], [34.64, -12.01]]], [[[33.20, -14.01], [33.14, -13.94], [32.99, -14.02], [32.86, -13.81], [32.76, -13.76], [32.79, -13.68], [32.67, -13.59], [32.85, -13.45], [32.96, -13.22], [33.0, -12.89], [32.94, -12.80], [33.02, -12.63], [33.39, -12.48], [33.51, -12.34], [33.34, -12.30], [33.25, -12.11], [33.30, -11.69], [33.22, -11.53], [33.23, -11.41], [33.37, -11.15], [33.26, -10.89], [33.34, -10.81], [33.46, -10.78], [33.66, -10.55], [33.55, -10.39], [33.52, -10.23], [33.31, -10.03], [33.35, -9.86], [33.19, -9.62], [32.99, -9.62], [32.91, -9.40], [32.97, -9.39], [33.13, -9.49], [33.33, -9.51], [33.42, -9.60], [33.69, -9.59], [33.88, -9.67], [33.95, -9.65], [33.99, -9.49], [34.32, -9.73], [34.52, -10.03], [34.58, -10.52], [34.66, -10.71], [34.60, -11.08], [34.77, -11.34], [34.89, -11.39], [34.95, -11.57], [34.61, -11.62], [34.55, -11.83], [34.35, -12.16], [34.48, -12.66], [34.56, -13.36], [34.66, -13.48], [34.90, -13.55], [35.24, -13.89], [35.84, -14.67], [35.89, -14.89], [35.80, -15.26], [35.81, -15.68], [35.75, -16.05], [35.35, -16.16], [35.16, -16.56], [35.28, -16.80], [35.27, -17.11], [35.12, -17.12], [35.06, -17.07], [35.04, -17.01], [35.11, -16.89], [35.07, -16.83], [34.93, -16.76], [34.41, -16.24], [34.40, -16.08], [34.24, -15.88], [34.54, -15.29], [34.55, -15.01], [34.50, -14.59], [34.33, -14.40], [33.63, -14.56], [33.20, -14.01]]]]}}, {"type": "Feature", "properties": {}, "geometry": {"type": "MultiPolygon", "coordinates": [[[[49.53, -12.43], [49.93, -13.07], [50.17, -14.04], [50.23, -14.73], [50.44, -15.14], [50.48, -15.38], [50.40, -15.62], [50.29, -15.85], [50.18, -15.95], [50.02, -15.80], [49.89, -15.45], [49.74, -15.44], [49.66, -15.52], [49.71, -16.07], [49.83, -16.25], [49.83, -16.48], [49.73, -16.70], [49.76, -16.81], [49.59, -16.93], [49.44, -17.24], [49.47, -17.89], [49.36, -18.33], [48.91, -19.53], [48.35, -21.34], [47.90, -22.46], [47.55, -23.87], [47.37, -24.21], [47.17, -24.78], [47.03, -24.97], [46.72, -25.14], [46.15, -25.23], [45.50, -25.56], [45.11, -25.54], [44.81, -25.33], [44.34, -25.22], [44.25, -25.11], [44.03, -24.99], [43.90, -24.64], [43.67, -24.30], [43.64, -23.74], [43.72, -23.52], [43.56, -23.08], [43.35, -22.79], [43.26, -22.38], [43.29, -21.93], [43.43, -21.64], [43.50, -21.35], [43.80, -21.17], [43.91, -20.86], [44.23, -20.37], [44.40, -19.92], [44.44, -19.42], [44.23, -19.07], [44.23, -18.74], [44.04, -18.28], [44.01, -17.80], [43.94, -17.58], [43.97, -17.39], [44.42, -16.70], [44.42, -16.28], [44.47, -16.21], [44.90, -16.17], [45.22, -15.95], [45.34, -16.03], [45.59, -15.99], [45.70, -15.81], [46.15, -15.73], [46.31, -15.90], [46.39, -15.92], [46.44, -15.89], [46.34, -15.81], [46.33, -15.71], [46.47, -15.51], [46.94, -15.21], [46.99, -15.24], [47.02, -15.45], [47.09, -15.43], [47.13, -15.30], [47.09, -15.15], [47.28, -14.94], [47.35, -14.76], [47.46, -14.71], [47.49, -14.81], [47.42, -14.99], [47.47, -15.00], [47.77, -14.63], [47.96, -14.67], [47.81, -14.54], [47.77, -14.36], [47.99, -13.96], [47.88, -13.80], [47.94, -13.66], [48.03, -13.59], [48.25, -13.71], [48.40, -13.53], [48.62, -13.42], [48.79, -13.26], [48.91, -12.83], [48.78, -12.47], [48.93, -12.43], [49.20, -12.07], [49.31, -12.12], [49.53, -12.43]]], [[[48.34, -13.36], [48.34, -13.40], [48.21, -13.38], [48.19, -13.25], [48.30, -13.19], [48.34, -13.36]]], [[[49.93, -16.90], [49.82, -17.08], [49.85, -16.93], [50.02, -16.69], [49.93, -16.90]]]]}}, {"type": "Feature", "properties": {}, "geometry": {"type": "Polygon", "coordinates": [[[21.56, 42.24], [22.23, 42.35], [22.58, 42.10], [22.79, 42.02], [23.00, 41.73], [22.92, 41.35], [22.78, 41.33], [22.72, 41.17], [22.60, 41.14], [21.99, 41.13], [21.77, 40.95], [21.57, 40.86], [21.40, 40.90], [20.96, 40.84], [20.93, 40.90], [20.74, 40.90], [20.48, 41.27], [20.44, 41.52], [20.51, 41.57], [20.55, 41.86], [20.72, 41.87], [20.77, 42.07], [21.05, 42.17], [21.28, 42.10], [21.38, 42.21], [21.56, 42.24]]]}}, {"type": "Feature", "properties": {}, "geometry": {"type": "Polygon", "coordinates": [[[6.11, 50.12], [6.10, 50.03], [6.20, 49.91], [6.48, 49.79], [6.48, 49.70], [6.37, 49.59], [6.34, 49.45], [6.18, 49.49], [6.01, 49.44], [5.78, 49.53], [5.88, 49.64], [5.72, 49.80], [5.74, 49.91], [5.97, 50.16], [6.11, 50.12]]]}}, {"type": "Feature", "properties": {}, "geometry": {"type": "MultiPolygon", "coordinates": [[[[20.95, 55.27], [20.89, 55.28], [21.01, 55.40], [21.11, 55.61], [21.10, 55.48], [20.95, 55.27]]], [[[22.76, 54.35], [22.67, 54.49], [22.68, 54.56], [22.82, 54.87], [22.62, 54.97], [22.56, 55.05], [22.07, 55.06], [21.38, 55.27], [21.23, 55.26], [21.20, 55.34], [21.23, 55.45], [21.06, 55.81], [21.04, 56.07], [21.65, 56.31], [22.08, 56.40], [22.87, 56.39], [23.04, 56.32], [23.19, 56.36], [23.81, 56.32], [24.12, 56.26], [24.47, 56.28], [24.84, 56.41], [24.90, 56.39], [25.06, 56.20], [25.66, 56.10], [26.28, 55.75], [26.59, 55.66], [26.45, 55.34], [26.77, 55.27], [26.60, 55.13], [26.29, 55.13], [26.17, 55.00], [25.85, 54.91], [25.72, 54.71], [25.72, 54.56], [25.54, 54.33], [25.74, 54.25], [25.76, 54.17], [25.68, 54.14], [25.51, 54.15], [25.52, 54.21], [25.46, 54.29], [25.04, 54.13], [24.86, 54.14], [24.76, 53.97], [24.62, 53.97], [24.31, 53.89], [24.19, 53.95], [23.55, 53.91], [23.48, 53.93], [23.45, 54.14], [23.37, 54.20], [22.89, 54.39], [22.76, 54.35]]]]}}, {"type": "Feature", "properties": {}, "geometry": {"type": "Polygon", "coordinates": [[[9.58, 47.05], [9.48, 47.06], [9.52, 47.27], [9.61, 47.10], [9.58, 47.05]]]}}, {"type": "Feature", "properties": {}, "geometry": {"type": "Polygon", "coordinates": [[[9.51, 30.22], [9.89, 30.38], [10.21, 30.78], [10.25, 30.94], [10.11, 31.46], [10.27, 31.68], [10.47, 31.73], [10.60, 31.92], [10.82, 32.08], [11.50, 32.41], [11.53, 32.52], [11.45, 32.64], [11.50, 33.18], [11.81, 33.09], [12.27, 32.85], [12.75, 32.80], [13.28, 32.91], [13.53, 32.82], [14.15, 32.70], [14.51, 32.51], [15.17, 32.39], [15.35, 32.15], [15.36, 31.97], [15.49, 31.65], [15.70, 31.42], [16.12, 31.26], [16.78, 31.21], [17.83, 30.92], [18.19, 30.77], [18.66, 30.41], [18.93, 30.29], [19.12, 30.26], [19.29, 30.28], [19.71, 30.48], [20.11, 30.96], [20.14, 31.19], [19.96, 31.55], [19.92, 31.81], [20.03, 32.10], [20.37, 32.43], [21.06, 32.77], [21.42, 32.79], [21.63, 32.93], [22.18, 32.91], [23.09, 32.61], [23.10, 32.33], [23.28, 32.21], [23.79, 32.15], [24.12, 32.00], [24.68, 32.01], [24.95, 31.95], [25.15, 31.65], [24.85, 31.33], [24.96, 30.67], [24.87, 30.45], [24.70, 30.20], [24.98, 29.18], [24.97, 20.00], [23.98, 19.99], [23.98, 19.49], [15.98, 23.44], [14.21, 22.61], [13.48, 23.18], [11.96, 23.51], [11.50, 24.31], [10.68, 24.55], [10.43, 24.48], [10.32, 24.53], [10.11, 24.79], [10.02, 25.05], [10.00, 25.33], [9.42, 26.14], [9.49, 26.33], [9.85, 26.55], [9.89, 26.84], [9.79, 27.04], [9.74, 27.33], [9.91, 27.78], [9.81, 28.56], [9.82, 29.11], [9.64, 29.63], [9.31, 30.11], [9.51, 30.22]]]}}, {"type": "Feature", "properties": {}, "geometry": {"type": "Polygon", "coordinates": [[[-11.50, 6.90], [-11.26, 7.23], [-10.64, 7.75], [-10.57, 8.07], [-10.35, 8.18], [-10.28, 8.48], [-10.14, 8.51], [-10.06, 8.42], [-9.78, 8.53], [-9.73, 8.45], [-9.66, 8.47], [-9.51, 8.34], [-9.36, 7.70], [-9.46, 7.41], [-9.26, 7.37], [-9.11, 7.21], [-8.88, 7.26], [-8.74, 7.49], [-8.70, 7.65], [-8.57, 7.67], [-8.43, 7.51], [-8.29, 7.07], [-8.33, 6.80], [-8.60, 6.50], [-8.44, 6.46], [-8.28, 6.31], [-7.98, 6.28], [-7.88, 6.23], [-7.79, 5.97], [-7.45, 5.84], [-7.39, 5.55], [-7.42, 5.32], [-7.50, 5.10], [-7.56, 5.08], [-7.59, 4.82], [-7.54, 4.35], [-8.25, 4.58], [-9.13, 5.05], [-10.27, 6.07], [-10.78, 6.31], [-10.84, 6.46], [-11.29, 6.68], [-11.50, 6.90]]]}}, {"type": "Feature", "properties": {}, "geometry": {"type": "Polygon", "coordinates": [[[28.73, -30.10], [28.39, -30.14], [28.13, -30.44], [28.05, -30.63], [27.75, -30.6], [27.38, -30.31], [27.35, -30.15], [27.13, -29.84], [27.05, -29.62], [27.29, -29.51], [27.73, -28.94], [27.95, -28.87], [28.23, -28.70], [28.62, -28.58], [28.95, -28.88], [29.30, -29.08], [29.39, -29.26], [29.29, -29.56], [29.14, -29.70], [29.09, -29.91], [28.73, -30.10]]]}}, {"type": "Feature", "properties": {}, "geometry": {"type": "Polygon", "coordinates": [[[35.97, 34.62], [36.38, 34.65], [36.43, 34.61], [36.32, 34.49], [36.50, 34.43], [36.58, 34.22], [36.27, 33.92], [36.36, 33.83], [36.09, 33.83], [36.01, 33.78], [35.94, 33.66], [36.02, 33.56], [35.60, 33.24], [35.53, 33.25], [35.49, 33.11], [35.41, 33.07], [35.10, 33.08], [35.61, 34.03], [35.64, 34.24], [35.80, 34.43], [35.97, 34.54], [35.97, 34.62]]]}}, {"type": "Feature", "properties": {}, "geometry": {"type": "Polygon", "coordinates": [[[26.59, 55.66], [26.28, 55.75], [25.66, 56.10], [25.06, 56.20], [24.90, 56.39], [24.84, 56.41], [24.47, 56.28], [24.12, 56.26], [23.81, 56.32], [23.19, 56.36], [23.04, 56.32], [22.87, 56.39], [22.08, 56.40], [21.65, 56.31], [21.04, 56.07], [21.03, 56.63], [21.07, 56.82], [21.35, 57.01], [21.45, 57.32], [21.72, 57.57], [22.55, 57.72], [22.64, 57.59], [23.13, 57.32], [23.28, 57.08], [23.64, 56.97], [23.93, 57.00], [24.38, 57.25], [24.32, 57.87], [25.11, 58.06], [25.22, 57.99], [25.34, 58.03], [25.99, 57.83], [26.29, 57.60], [26.46, 57.54], [26.96, 57.60], [27.18, 57.53], [27.46, 57.52], [27.53, 57.42], [27.82, 57.29], [27.83, 57.19], [27.71, 57.05], [27.63, 56.84], [27.84, 56.85], [28.00, 56.59], [28.10, 56.54], [28.20, 56.26], [28.14, 56.14], [27.89, 56.07], [27.64, 55.91], [27.57, 55.79], [27.05, 55.83], [26.95, 55.81], [26.82, 55.70], [26.59, 55.66]]]}}, {"type": "Feature", "properties": {}, "geometry": {"type": "Polygon", "coordinates": [[[102.12, 22.37], [102.48, 21.95], [102.58, 21.90], [102.66, 21.67], [102.73, 21.67], [102.81, 21.80], [102.84, 21.73], [102.94, 21.68], [102.85, 21.26], [103.10, 20.89], [103.63, 20.69], [104.10, 20.94], [104.58, 20.64], [104.53, 20.55], [104.36, 20.44], [104.61, 20.37], [104.69, 20.20], [104.84, 20.20], [104.92, 20.01], [104.74, 19.75], [104.58, 19.61], [104.25, 19.68], [104.03, 19.67], [104.06, 19.48], [103.89, 19.30], [104.71, 18.80], [105.14, 18.65], [105.08, 18.49], [105.11, 18.40], [105.33, 18.18], [105.45, 18.15], [105.58, 17.98], [105.69, 17.73], [106.50, 16.95], [106.54, 16.65], [106.65, 16.49], [106.73, 16.45], [106.85, 16.51], [106.93, 16.35], [107.39, 16.04], [107.39, 15.95], [107.16, 15.80], [107.27, 15.61], [107.56, 15.39], [107.65, 15.25], [107.48, 14.97], [107.51, 14.70], [107.41, 14.56], [107.29, 14.59], [107.10, 14.41], [107.03, 14.42], [106.93, 14.32], [106.81, 14.31], [106.50, 14.57], [106.35, 14.45], [106.22, 14.47], [106.16, 14.37], [105.97, 14.34], [106.12, 14.04], [106.06, 13.92], [105.90, 13.92], [105.73, 14.08], [105.53, 14.15], [105.35, 14.10], [105.24, 14.20], [105.18, 14.34], [105.42, 14.47], [105.49, 14.59], [105.54, 14.93], [105.49, 15.25], [105.61, 15.48], [105.64, 15.65], [105.39, 15.82], [105.40, 15.98], [105.04, 16.16], [104.81, 16.46], [104.75, 16.64], [104.74, 16.88], [104.81, 17.30], [104.73, 17.46], [104.42, 17.69], [103.94, 18.31], [103.79, 18.31], [103.48, 18.41], [103.28, 18.40], [103.26, 18.27], [103.14, 18.22], [103.05, 18.02], [102.80, 17.94], [102.66, 17.81], [102.55, 17.96], [102.10, 18.21], [101.94, 18.08], [101.77, 18.03], [101.68, 17.88], [101.16, 17.49], [101.10, 17.47], [100.90, 17.58], [101.14, 18.14], [101.13, 18.28], [101.04, 18.44], [101.16, 18.61], [101.28, 18.97], [101.19, 19.32], [101.21, 19.54], [100.96, 19.61], [100.62, 19.49], [100.42, 19.64], [100.39, 19.75], [100.53, 20.13], [100.31, 20.38], [100.11, 20.25], [100.18, 20.58], [100.32, 20.79], [100.62, 20.85], [100.52, 20.92], [100.53, 20.99], [100.70, 21.25], [101.08, 21.46], [101.13, 21.56], [101.19, 21.52], [101.17, 21.40], [101.24, 21.19], [101.54, 21.23], [101.70, 21.15], [101.80, 21.21], [101.72, 21.31], [101.73, 21.82], [101.60, 21.98], [101.52, 22.25], [101.73, 22.49], [101.84, 22.38], [102.02, 22.43], [102.12, 22.37]]]}}, {"type": "Feature", "properties": {}, "geometry": {"type": "Polygon", "coordinates": [[[70.95, 40.23], [71.30, 40.28], [71.52, 40.20], [71.62, 40.21], [71.69, 40.15], [71.95, 40.25], [72.13, 40.43], [72.23, 40.45], [72.35, 40.40], [72.40, 40.46], [72.36, 40.51], [72.40, 40.57], [72.60, 40.52], [72.77, 40.65], [73.13, 40.81], [72.99, 40.86], [72.65, 40.86], [72.36, 41.04], [72.18, 41.02], [72.16, 41.17], [71.87, 41.19], [71.85, 41.31], [71.66, 41.54], [71.60, 41.50], [71.58, 41.33], [71.5, 41.30], [71.42, 41.34], [71.39, 41.12], [70.86, 41.22], [70.78, 41.26], [70.68, 41.44], [70.47, 41.41], [70.17, 41.53], [70.63, 41.87], [70.80, 41.92], [70.85, 42.03], [71.22, 42.16], [71.03, 42.28], [70.94, 42.24], [70.89, 42.33], [71.16, 42.66], [71.42, 42.78], [71.81, 42.82], [72.27, 42.75], [72.75, 42.63], [72.85, 42.56], [73.28, 42.50], [73.49, 42.40], [73.42, 42.59], [73.55, 43.00], [73.94, 43.19], [74.14, 43.19], [74.20, 43.24], [74.81, 42.97], [75.36, 42.83], [75.63, 42.81], [75.84, 42.93], [76.50, 42.91], [76.98, 42.97], [77.23, 42.91], [78.52, 42.86], [78.88, 42.77], [79.12, 42.77], [79.42, 42.48], [79.92, 42.41], [80.20, 42.19], [80.24, 42.05], [79.84, 41.99], [79.76, 41.89], [79.29, 41.78], [78.74, 41.56], [78.36, 41.37], [78.34, 41.28], [78.12, 41.07], [77.58, 40.99], [76.90, 41.02], [76.66, 40.77], [76.48, 40.44], [76.31, 40.35], [76.25, 40.43], [75.87, 40.30], [75.67, 40.30], [75.55, 40.62], [75.11, 40.45], [74.83, 40.48], [74.80, 40.42], [74.83, 40.32], [74.67, 40.31], [74.41, 40.13], [73.99, 40.04], [73.83, 39.80], [73.90, 39.57], [73.82, 39.48], [73.71, 39.46], [73.47, 39.46], [73.10, 39.36], [72.56, 39.37], [72.35, 39.33], [72.22, 39.20], [72.04, 39.35], [71.77, 39.27], [71.72, 39.30], [71.73, 39.42], [71.50, 39.47], [71.51, 39.55], [71.47, 39.60], [71.06, 39.49], [71.00, 39.41], [70.79, 39.39], [70.73, 39.41], [70.60, 39.56], [70.50, 39.58], [70.24, 39.54], [70.17, 39.58], [69.59, 39.57], [69.29, 39.52], [69.22, 39.76], [69.27, 39.91], [69.30, 39.96], [69.47, 39.91], [69.46, 40.02], [69.53, 40.09], [69.96, 40.20], [70.45, 40.04], [70.51, 39.94], [70.62, 39.99], [70.64, 40.08], [70.94, 40.18], [70.95, 40.23]], [[71.20, 39.89], [71.17, 39.97], [71.22, 40.04], [71.08, 40.07], [71.02, 40.14], [70.97, 40.13], [70.97, 40.03], [71.04, 39.99], [71.01, 39.89], [71.20, 39.89]], [[71.77, 39.95], [71.78, 39.99], [71.66, 39.94], [71.75, 39.90], [71.77, 39.95]], [[70.70, 39.82], [70.66, 39.85], [70.48, 39.88], [70.55, 39.79], [70.70, 39.82]]]}}, {"type": "Feature", "properties": {}, "geometry": {"type": "MultiPolygon", "coordinates": [[[[48.27, 29.62], [48.17, 29.61], [48.08, 29.79], [48.18, 29.97], [48.34, 29.78], [48.27, 29.62]]], [[[48.44, 28.54], [47.67, 28.53], [47.58, 28.62], [47.43, 28.98], [46.53, 29.09], [46.90, 29.53], [47.14, 30.00], [47.33, 30.07], [47.75, 30.07], [47.97, 29.98], [48.14, 29.57], [47.96, 29.61], [47.72, 29.39], [48.05, 29.35], [48.18, 28.97], [48.44, 28.54]]]]}}, {"type": "Feature", "properties": {}, "geometry": {"type": "Polygon", "coordinates": [[[20.34, 42.82], [20.46, 42.85], [20.47, 42.95], [20.62, 43.03], [20.65, 43.09], [20.62, 43.19], [20.80, 43.26], [20.84, 43.17], [21.05, 43.09], [21.23, 42.91], [21.40, 42.83], [21.39, 42.75], [21.75, 42.65], [21.60, 42.38], [21.51, 42.32], [21.56, 42.24], [21.38, 42.21], [21.28, 42.10], [21.05, 42.17], [20.77, 42.07], [20.72, 41.87], [20.57, 41.86], [20.57, 42.01], [20.48, 42.22], [20.24, 42.33], [20.06, 42.54], [20.05, 42.76], [20.19, 42.75], [20.34, 42.82]]]}}, {"type": "Feature", "properties": {}, "geometry": {"type": "MultiPolygon", "coordinates": [[[[172.96, 3.12], [172.90, 3.09], [172.88, 3.10], [172.96, 3.14], [172.96, 3.12]]], [[[172.84, 3.05], [172.77, 3.01], [172.75, 3.03], [172.88, 3.07], [172.84, 3.05]]], [[[173.01, 1.84], [173.02, 1.82], [172.93, 1.94], [172.96, 1.91], [173.01, 1.84]]], [[[173.02, 1.71], [172.99, 1.71], [173.02, 1.80], [173.04, 1.74], [173.02, 1.71]]], [[[173.03, 1.01], [173.08, 0.97], [172.99, 0.83], [173.06, 0.96], [172.99, 1.02], [173.03, 1.01]]], [[[174.50, -0.80], [174.47, -0.82], [174.45, -0.64], [174.38, -0.59], [174.47, -0.64], [174.50, -0.80]]], [[[174.77, -1.21], [174.77, -1.26], [174.71, -1.13], [174.74, -1.14], [174.77, -1.21]]], [[[173.03, 1.34], [173.01, 1.33], [173.17, 1.37], [173.16, 1.35], [173.03, 1.34]]], [[[169.55, -0.87], [169.52, -0.86], [169.52, -0.85], [169.55, -0.85], [169.55, -0.87]]], [[[-172.21, -4.51], [-172.20, -4.51], [-172.18, -4.51], [-172.21, -4.52], [-172.22, -4.50], [-172.19, -4.49], [-172.21, -4.51]]], [[[-171.08, -3.13], [-171.09, -3.13], [-171.08, -3.11], [-171.08, -3.12], [-171.08, -3.13]]], [[[-171.23, -4.46], [-171.25, -4.46], [-171.26, -4.44], [-171.23, -4.44], [-171.23, -4.46]]], [[[-174.51, -4.67], [-174.50, -4.69], [-174.54, -4.65], [-174.53, -4.65], [-174.51, -4.67]]], [[[-154.95, -4.08], [-154.99, -4.07], [-155.01, -4.04], [-154.95, -4.03], [-154.95, -4.08]]], [[[-151.78, -11.44], [-151.80, -11.45], [-151.81, -11.39], [-151.80, -11.39], [-151.78, -11.44]]], [[[-155.86, -5.62], [-155.91, -5.63], [-155.92, -5.60], [-155.87, -5.61], [-155.86, -5.62]]], [[[-157.34, 1.85], [-157.17, 1.73], [-157.42, 1.78], [-157.57, 1.90], [-157.53, 1.92], [-157.43, 1.84], [-157.36, 1.94], [-157.49, 2.02], [-157.44, 2.02], [-157.32, 1.96], [-157.34, 1.85]]], [[[-159.33, 3.92], [-159.25, 3.83], [-159.27, 3.79], [-159.35, 3.81], [-159.30, 3.83], [-159.35, 3.88], [-159.37, 3.84], [-159.40, 3.87], [-159.33, 3.92]]], [[[-171.69, -2.76], [-171.63, -2.81], [-171.62, -2.85], [-171.69, -2.82], [-171.63, -2.84], [-171.72, -2.78], [-171.69, -2.76]]]]}}, {"type": "Feature", "properties": {}, "geometry": {"type": "MultiPolygon", "coordinates": [[[[40.99, -2.15], [40.95, -2.16], [40.97, -2.10], [41.08, -2.03], [41.13, -2.05], [40.99, -2.15]]], [[[33.90, -1.00], [33.94, 0.17], [34.16, 0.60], [34.41, 0.86], [34.48, 1.04], [34.60, 1.15], [34.79, 1.24], [34.78, 1.38], [34.96, 1.64], [34.97, 1.77], [34.90, 2.47], [34.74, 2.81], [34.58, 2.92], [34.52, 3.11], [34.44, 3.16], [34.39, 3.41], [34.43, 3.65], [34.16, 3.81], [34.18, 3.86], [34.13, 3.88], [33.97, 4.22], [35.26, 5.49], [35.26, 5.41], [35.32, 5.36], [35.46, 5.41], [35.74, 5.34], [35.80, 5.15], [35.76, 4.80], [36.02, 4.46], [36.90, 4.41], [38.08, 3.64], [39.49, 3.45], [39.65, 3.57], [39.84, 3.85], [40.76, 4.27], [41.14, 3.96], [41.88, 3.97], [41.34, 3.20], [40.96, 2.81], [40.97, -0.87], [41.52, -1.57], [41.53, -1.69], [41.26, -1.94], [41.10, -1.98], [40.99, -1.95], [40.95, -2.05], [40.88, -2.02], [40.89, -2.26], [40.64, -2.53], [40.40, -2.55], [40.22, -2.68], [40.17, -2.81], [40.19, -3.01], [40.11, -3.25], [39.99, -3.35], [39.86, -3.57], [39.73, -3.99], [39.37, -4.62], [39.28, -4.60], [39.22, -4.69], [39.19, -4.67], [37.79, -3.67], [37.71, -3.54], [37.60, -3.49], [37.68, -3.24], [37.64, -3.04], [34.05, -1.03], [33.90, -1.00]]]]}}, {"type": "Feature", "properties": {}, "geometry": {"type": "MultiPolygon", "coordinates": [[[[50.18, 44.85], [50.09, 44.83], [49.99, 44.93], [50.02, 45.04], [50.10, 45.08], [50.03, 44.94], [50.18, 44.85]]], [[[50.31, 44.97], [50.27, 44.95], [50.25, 45.02], [50.34, 45.08], [50.31, 44.97]]], [[[52.68, 45.41], [52.59, 45.42], [52.55, 45.47], [52.65, 45.51], [52.68, 45.41]]], [[[70.94, 42.24], [70.71, 42.16], [70.58, 42.03], [70.41, 42.07], [70.09, 41.82], [69.66, 41.67], [69.36, 41.49], [69.15, 41.42], [69.06, 41.36], [68.98, 41.20], [68.73, 41.04], [68.58, 40.87], [68.57, 40.62], [68.41, 40.61], [68.04, 40.80], [68.11, 41.02], [67.93, 41.19], [66.81, 41.14], [66.70, 41.17], [66.49, 41.99], [66.00, 42.00], [66.10, 42.99], [65.80, 42.87], [65.49, 43.31], [65.27, 43.41], [64.90, 43.71], [64.44, 43.55], [63.20, 43.62], [61.99, 43.49], [61.16, 44.16], [61.00, 44.39], [58.55, 45.55], [55.97, 44.99], [55.97, 41.32], [55.54, 41.26], [55.43, 41.29], [55.24, 41.45], [54.85, 41.96], [54.12, 42.33], [53.68, 42.29], [53.05, 42.14], [52.49, 41.78], [52.46, 42.10], [52.61, 42.42], [52.59, 42.76], [52.49, 42.82], [52.27, 42.79], [52.18, 42.86], [51.89, 42.86], [51.61, 43.15], [51.29, 43.17], [51.30, 43.48], [51.06, 43.75], [50.83, 44.19], [50.68, 44.26], [50.33, 44.32], [50.27, 44.35], [50.25, 44.46], [50.29, 44.58], [50.40, 44.62], [50.86, 44.62], [51.17, 44.50], [51.54, 44.53], [51.31, 44.61], [51.05, 44.81], [51.00, 44.92], [51.24, 45.12], [51.41, 45.35], [52.42, 45.40], [52.91, 45.31], [53.20, 45.33], [52.83, 45.49], [52.77, 45.57], [53.04, 45.96], [53.13, 46.19], [53.06, 46.47], [53.17, 46.66], [53.06, 46.85], [52.91, 46.95], [52.48, 46.99], [52.13, 46.82], [52.01, 46.90], [51.74, 46.93], [51.61, 47.02], [51.17, 47.11], [50.58, 46.88], [50.41, 46.87], [49.88, 46.59], [49.34, 46.51], [49.36, 46.41], [49.28, 46.43], [49.20, 46.38], [49.23, 46.33], [48.61, 46.56], [48.50, 46.64], [48.51, 46.73], [48.60, 46.76], [48.88, 46.70], [48.95, 46.77], [48.55, 47.32], [48.16, 47.70], [47.48, 47.80], [47.29, 47.74], [47.09, 47.94], [47.11, 48.12], [47.06, 48.23], [46.66, 48.41], [46.60, 48.57], [46.70, 48.80], [47.03, 49.15], [46.80, 49.36], [46.82, 49.50], [46.99, 49.85], [47.24, 50.00], [47.32, 50.27], [47.50, 50.40], [47.70, 50.37], [48.33, 49.85], [48.43, 49.82], [48.75, 49.92], [48.84, 50.01], [48.62, 50.61], [48.80, 50.60], [49.32, 50.85], [49.49, 51.08], [49.82, 51.13], [50.30, 51.32], [50.79, 51.72], [51.16, 51.64], [51.26, 51.59], [51.34, 51.47], [51.60, 51.48], [52.00, 51.67], [52.21, 51.70], [52.33, 51.68], [52.57, 51.48], [53.33, 51.48], [53.53, 51.39], [53.68, 51.25], [53.95, 51.16], [54.13, 51.04], [54.42, 50.78], [54.47, 50.58], [54.55, 50.53], [54.63, 50.59], [54.65, 50.66], [54.60, 50.87], [54.54, 50.94], [54.64, 51.01], [54.86, 50.94], [55.36, 50.66], [55.68, 50.58], [56.04, 50.71], [56.14, 50.84], [56.49, 51.01], [56.62, 50.98], [57.01, 51.06], [57.17, 51.03], [57.44, 50.88], [57.65, 50.92], [57.83, 51.09], [58.35, 51.06], [58.54, 50.97], [58.88, 50.69], [59.45, 50.62], [59.52, 50.58], [59.52, 50.49], [59.81, 50.58], [59.95, 50.79], [60.05, 50.85], [60.28, 50.70], [60.42, 50.67], [60.94, 50.69], [61.38, 50.86], [61.58, 51.22], [61.55, 51.32], [61.36, 51.44], [60.46, 51.65], [60.38, 51.77], [60.03, 51.93], [60.42, 52.12], [60.67, 52.15], [60.99, 52.33], [60.77, 52.67], [61.04, 52.97], [61.40, 52.99], [61.97, 52.94], [62.08, 53.00], [62.01, 53.10], [61.65, 53.22], [61.19, 53.28], [61.16, 53.33], [61.22, 53.44], [61.40, 53.45], [61.53, 53.52], [61.47, 53.58], [61.24, 53.55], [60.97, 53.62], [61.11, 53.75], [61.14, 53.96], [61.23, 54.01], [61.33, 54.04], [61.92, 53.94], [62.04, 54.00], [62.49, 54.01], [62.63, 54.06], [63.07, 54.10], [63.19, 54.17], [63.84, 54.23], [64.46, 54.38], [64.64, 54.35], [64.92, 54.39], [65.08, 54.34], [65.15, 54.36], [65.23, 54.51], [65.47, 54.62], [65.70, 54.61], [65.91, 54.69], [65.95, 54.65], [66.22, 54.66], [68.15, 54.97], [68.24, 55.05], [68.20, 55.16], [68.52, 55.20], [68.97, 55.38], [69.49, 55.35], [70.18, 55.16], [70.48, 55.28], [70.73, 55.30], [70.91, 55.12], [71.18, 54.59], [71.15, 54.36], [71.05, 54.26], [71.09, 54.21], [71.33, 54.15], [72.00, 54.20], [72.10, 54.30], [72.18, 54.32], [72.38, 54.12], [72.40, 53.96], [72.44, 53.94], [72.58, 53.99], [72.56, 54.09], [72.62, 54.13], [72.91, 54.10], [73.22, 53.95], [73.38, 53.96], [73.61, 54.06], [73.71, 54.04], [73.67, 53.92], [73.39, 53.81], [73.30, 53.70], [73.28, 53.59], [73.40, 53.44], [73.64, 53.57], [73.85, 53.61], [74.20, 53.57], [74.35, 53.48], [74.40, 53.50], [74.45, 53.64], [74.83, 53.82], [75.05, 53.82], [75.22, 53.89], [75.37, 53.97], [75.43, 54.08], [75.69, 54.11], [76.26, 54.31], [76.83, 54.44], [76.65, 54.14], [76.42, 54.15], [76.48, 54.02], [77.85, 53.26], [78.47, 52.63], [79.46, 51.49], [79.98, 50.77], [80.06, 50.75], [80.08, 50.83], [80.22, 50.91], [80.42, 50.94], [80.44, 51.18], [80.73, 51.29], [80.87, 51.28], [80.96, 51.18], [81.12, 51.19], [81.07, 50.96], [81.38, 50.95], [81.46, 50.73], [81.93, 50.76], [82.09, 50.71], [82.49, 50.72], [82.76, 50.89], [83.01, 50.89], [83.16, 50.98], [83.35, 50.99], [83.94, 50.77], [84.17, 50.52], [84.25, 50.28], [84.32, 50.23], [84.60, 50.20], [84.98, 50.06], [85.00, 49.89], [85.23, 49.61], [86.18, 49.49], [86.67, 49.77], [86.73, 49.69], [86.61, 49.60], [86.62, 49.56], [86.81, 49.48], [87.00, 49.28], [87.23, 49.21], [87.32, 49.08], [87.04, 49.10], [86.80, 49.04], [86.72, 48.93], [86.75, 48.86], [86.71, 48.69], [86.54, 48.52], [85.74, 48.38], [85.62, 48.20], [85.52, 47.91], [85.65, 47.25], [85.48, 47.06], [85.23, 47.03], [84.78, 46.83], [84.66, 46.97], [84.01, 46.97], [83.09, 47.20], [83.02, 47.18], [82.97, 46.96], [82.31, 45.59], [82.32, 45.51], [82.61, 45.42], [82.62, 45.29], [82.52, 45.12], [82.26, 45.21], [81.94, 45.16], [81.78, 45.22], [81.69, 45.34], [80.85, 45.12], [80.63, 45.12], [80.05, 45.00], [79.87, 44.88], [79.99, 44.79], [80.25, 44.80], [80.48, 44.71], [80.38, 44.65], [80.35, 44.55], [80.35, 44.09], [80.65, 43.56], [80.70, 43.42], [80.66, 43.31], [80.78, 43.16], [80.75, 43.10], [80.61, 43.12], [80.39, 43.04], [80.38, 42.97], [80.54, 42.91], [80.53, 42.87], [80.25, 42.79], [80.20, 42.73], [80.16, 42.62], [80.25, 42.23], [80.20, 42.19], [79.92, 42.41], [79.42, 42.48], [79.12, 42.77], [78.88, 42.77], [78.52, 42.86], [77.23, 42.91], [76.98, 42.97], [76.50, 42.91], [75.84, 42.93], [75.63, 42.81], [75.36, 42.83], [74.81, 42.97], [74.20, 43.24], [74.14, 43.19], [73.94, 43.19], [73.55, 43.00], [73.42, 42.59], [73.49, 42.40], [73.28, 42.50], [72.85, 42.56], [72.75, 42.63], [72.27, 42.75], [71.76, 42.82], [71.25, 42.73], [71.02, 42.53], [70.89, 42.33], [70.94, 42.24]]]]}}, {"type": "Feature", "properties": {}, "geometry": {"type": "Polygon", "coordinates": [[[35.78, 32.73], [35.89, 32.71], [36.05, 32.53], [36.21, 32.49], [36.37, 32.38], [36.81, 32.31], [38.77, 33.37], [39.05, 32.49], [38.98, 32.47], [39.04, 32.30], [39.24, 32.35], [39.29, 32.24], [38.96, 31.99], [36.95, 31.49], [37.98, 30.5], [37.64, 30.33], [37.46, 29.99], [36.75, 29.86], [36.47, 29.49], [36.01, 29.19], [34.95, 29.35], [35.06, 29.97], [35.14, 30.14], [35.14, 30.42], [35.43, 31.13], [35.40, 31.23], [35.46, 31.56], [35.55, 31.76], [35.53, 31.98], [35.57, 32.64], [35.78, 32.73]]]}}, {"type": "Feature", "properties": {}, "geometry": {"type": "MultiPolygon", "coordinates": [[[[133.37, 36.20], [133.23, 36.17], [133.18, 36.23], [133.20, 36.29], [133.29, 36.34], [133.37, 36.20]]], [[[138.34, 37.82], [138.22, 37.82], [138.28, 37.85], [138.32, 37.96], [138.24, 37.99], [138.25, 38.07], [138.50, 38.31], [138.45, 38.07], [138.57, 38.06], [138.49, 37.90], [138.34, 37.82]]], [[[134.93, 34.28], [134.82, 34.20], [134.73, 34.20], [134.66, 34.29], [134.83, 34.47], [135.00, 34.54], [134.90, 34.39], [134.93, 34.28]]], [[[130.62, 30.26], [130.44, 30.26], [130.38, 30.38], [130.49, 30.46], [130.64, 30.38], [130.67, 30.36], [130.62, 30.26]]], [[[130.95, 30.39], [130.87, 30.38], [130.87, 30.44], [130.94, 30.67], [131.06, 30.82], [131.05, 30.64], [130.95, 30.39]]], [[[130.08, 32.22], [130.00, 32.19], [129.96, 32.24], [130.01, 32.29], [129.97, 32.34], [130.00, 32.52], [130.16, 32.54], [130.19, 32.34], [130.08, 32.22]]], [[[129.27, 34.12], [129.21, 34.08], [129.18, 34.14], [129.21, 34.32], [129.33, 34.28], [129.27, 34.12]]], [[[129.38, 34.35], [129.36, 34.30], [129.26, 34.37], [129.32, 34.60], [129.45, 34.68], [129.47, 34.54], [129.38, 34.41], [129.38, 34.35]]], [[[128.66, 32.78], [128.83, 32.76], [128.89, 32.65], [128.75, 32.58], [128.69, 32.60], [128.64, 32.66], [128.66, 32.78]]], [[[130.38, 32.42], [130.29, 32.41], [130.24, 32.46], [130.36, 32.52], [130.46, 32.51], [130.38, 32.42]]], [[[141.07, 45.33], [141.03, 45.26], [140.97, 45.46], [141.05, 45.44], [141.07, 45.33]]], [[[141.29, 45.11], [141.14, 45.15], [141.13, 45.20], [141.25, 45.23], [141.32, 45.15], [141.29, 45.11]]], [[[139.48, 42.08], [139.43, 42.08], [139.43, 42.19], [139.55, 42.23], [139.48, 42.08]]], [[[134.35, 34.48], [134.25, 34.42], [134.18, 34.51], [134.32, 34.53], [134.37, 34.52], [134.35, 34.48]]], [[[139.45, 34.72], [139.44, 34.67], [139.39, 34.68], [139.37, 34.77], [139.45, 34.72]]], [[[129.07, 32.84], [128.99, 32.95], [129.10, 33.13], [129.18, 32.99], [129.07, 32.84]]], [[[129.49, 33.22], [129.37, 33.17], [129.46, 33.33], [129.56, 33.36], [129.49, 33.22]]], [[[129.79, 33.74], [129.72, 33.70], [129.67, 33.73], [129.71, 33.85], [129.77, 33.82], [129.79, 33.74]]], [[[132.57, 34.11], [132.54, 34.07], [132.46, 34.08], [132.54, 34.17], [132.57, 34.11]]], [[[132.26, 33.94], [132.31, 33.90], [132.44, 33.91], [132.35, 33.84], [132.20, 33.87], [132.20, 33.94], [132.26, 33.94]]], [[[129.71, 31.65], [129.68, 31.63], [129.70, 31.71], [129.78, 31.78], [129.71, 31.65]]], [[[142.18, 26.61], [142.16, 26.61], [142.10, 26.72], [142.16, 26.70], [142.18, 26.61]]], [[[143.82, 44.11], [144.10, 44.10], [144.48, 43.94], [144.71, 43.92], [144.87, 43.98], [145.36, 44.32], [145.35, 44.22], [145.12, 43.86], [145.10, 43.76], [145.13, 43.66], [145.34, 43.30], [145.48, 43.27], [145.67, 43.38], [145.83, 43.38], [145.62, 43.29], [145.50, 43.17], [145.34, 43.17], [144.92, 43.00], [144.63, 42.94], [144.19, 42.97], [143.96, 42.88], [143.58, 42.59], [143.42, 42.41], [143.31, 42.08], [143.23, 42.00], [142.50, 42.25], [141.85, 42.57], [141.40, 42.54], [140.98, 42.34], [140.70, 42.55], [140.48, 42.55], [140.35, 42.43], [140.32, 42.29], [140.52, 42.13], [140.73, 42.11], [141.15, 41.80], [140.99, 41.73], [140.65, 41.81], [140.38, 41.51], [140.27, 41.45], [140.14, 41.42], [140.03, 41.47], [139.99, 41.57], [140.10, 41.91], [140.05, 42.06], [139.83, 42.27], [139.86, 42.58], [139.89, 42.64], [140.11, 42.73], [140.43, 42.95], [140.48, 43.04], [140.39, 43.16], [140.39, 43.30], [140.48, 43.33], [140.81, 43.20], [141.13, 43.17], [141.29, 43.19], [141.37, 43.27], [141.41, 43.38], [141.39, 43.64], [141.64, 44.01], [141.66, 44.26], [141.76, 44.48], [141.78, 44.71], [141.71, 44.94], [141.58, 45.15], [141.66, 45.40], [141.93, 45.50], [142.88, 44.67], [143.28, 44.39], [143.82, 44.11]]], [[[131.17, 33.60], [131.36, 33.57], [131.58, 33.65], [131.69, 33.60], [131.71, 33.50], [131.53, 33.27], [131.89, 33.25], [131.84, 33.11], [131.94, 33.04], [131.91, 32.97], [132.00, 32.91], [132.00, 32.88], [131.66, 32.46], [131.46, 31.88], [131.45, 31.67], [131.33, 31.40], [131.07, 31.43], [131.03, 31.37], [131.09, 31.25], [130.68, 31.01], [130.78, 31.26], [130.70, 31.57], [130.79, 31.62], [130.77, 31.70], [130.65, 31.71], [130.55, 31.56], [130.54, 31.40], [130.64, 31.26], [130.58, 31.17], [130.20, 31.29], [130.14, 31.40], [130.29, 31.45], [130.32, 31.60], [130.18, 31.76], [130.19, 32.09], [130.39, 32.21], [130.64, 32.61], [130.49, 32.65], [130.56, 32.73], [130.54, 32.83], [130.38, 33.09], [130.23, 33.17], [130.12, 33.10], [130.17, 32.85], [130.32, 32.85], [130.34, 32.70], [130.24, 32.67], [130.05, 32.77], [129.76, 32.57], [129.82, 32.72], [129.69, 32.87], [129.67, 33.05], [129.82, 32.89], [129.99, 32.85], [129.89, 33.02], [129.58, 33.23], [129.61, 33.34], [129.84, 33.32], [129.82, 33.43], [130.16, 33.59], [130.36, 33.63], [130.48, 33.83], [130.71, 33.92], [130.95, 33.87], [131.05, 33.67], [131.17, 33.60]]], [[[134.35, 34.25], [134.63, 34.22], [134.67, 33.84], [134.73, 33.82], [134.37, 33.60], [134.24, 33.43], [134.18, 33.24], [133.95, 33.44], [133.63, 33.51], [133.28, 33.35], [133.14, 33.08], [133.01, 32.98], [132.97, 32.84], [132.80, 32.75], [132.64, 32.76], [132.70, 32.90], [132.49, 32.91], [132.49, 33.00], [132.42, 33.05], [132.51, 33.29], [132.40, 33.33], [132.41, 33.43], [132.03, 33.33], [132.64, 33.68], [132.78, 33.99], [132.93, 34.09], [132.99, 34.08], [133.13, 33.92], [133.19, 33.93], [133.58, 34.01], [133.64, 34.13], [133.60, 34.24], [133.70, 34.23], [133.94, 34.34], [134.07, 34.35], [134.35, 34.25]]], [[[141.22, 41.37], [141.45, 41.40], [141.4, 41.09], [141.43, 40.72], [141.46, 40.61], [141.79, 40.29], [141.99, 39.79], [141.97, 39.42], [141.90, 39.11], [141.65, 38.97], [141.54, 38.76], [141.46, 38.40], [141.10, 38.33], [140.96, 38.14], [140.92, 37.94], [141.03, 37.46], [141.00, 37.11], [140.96, 37.00], [140.72, 36.73], [140.57, 36.23], [140.62, 36.05], [140.87, 35.72], [140.63, 35.66], [140.45, 35.51], [140.41, 35.26], [140.35, 35.18], [140.05, 35.03], [139.92, 34.89], [139.84, 34.91], [139.79, 34.95], [139.84, 35.00], [139.82, 35.29], [140.09, 35.58], [139.98, 35.66], [139.83, 35.65], [139.76, 35.49], [139.65, 35.40], [139.66, 35.31], [139.74, 35.25], [139.67, 35.14], [139.47, 35.29], [139.24, 35.27], [139.13, 35.15], [139.08, 34.83], [138.98, 34.69], [138.83, 34.61], [138.76, 34.69], [138.80, 34.97], [138.90, 35.02], [138.71, 35.12], [138.57, 35.08], [138.25, 34.73], [138.18, 34.59], [137.54, 34.66], [137.06, 34.58], [137.28, 34.70], [137.27, 34.77], [137.03, 34.76], [136.96, 34.83], [136.94, 34.72], [136.87, 34.73], [136.85, 34.97], [136.89, 35.03], [136.80, 35.05], [136.69, 34.98], [136.53, 34.67], [136.88, 34.43], [136.85, 34.32], [136.32, 34.17], [135.91, 33.56], [135.69, 33.48], [135.45, 33.55], [135.12, 34.00], [135.10, 34.28], [135.30, 34.41], [135.41, 34.61], [135.35, 34.65], [135.04, 34.63], [134.74, 34.76], [134.24, 34.71], [133.96, 34.52], [133.44, 34.43], [133.14, 34.30], [133.01, 34.32], [132.65, 34.24], [132.42, 34.35], [132.31, 34.32], [132.23, 34.22], [132.14, 33.83], [131.74, 34.05], [131.23, 33.94], [131.07, 34.02], [130.91, 33.97], [130.88, 34.26], [131.00, 34.39], [131.35, 34.41], [132.25, 35.02], [132.69, 35.41], [132.92, 35.51], [133.26, 35.55], [133.37, 35.45], [133.61, 35.51], [133.98, 35.50], [135.17, 35.74], [135.26, 35.72], [135.23, 35.59], [135.32, 35.52], [135.68, 35.50], [135.90, 35.60], [136.09, 35.76], [136.00, 35.99], [136.06, 36.11], [136.35, 36.36], [136.69, 36.74], [136.74, 36.95], [136.71, 37.19], [136.84, 37.38], [137.32, 37.52], [137.33, 37.43], [136.89, 37.11], [136.99, 37.02], [137.01, 36.83], [137.24, 36.75], [137.34, 36.77], [137.51, 36.95], [138.31, 37.21], [138.63, 37.47], [138.88, 37.84], [139.36, 38.09], [139.52, 38.50], [139.80, 38.88], [139.91, 39.22], [140.03, 39.41], [140.06, 39.62], [139.99, 39.85], [139.74, 39.92], [139.90, 40.02], [140.01, 40.26], [139.92, 40.53], [139.96, 40.67], [140.28, 40.84], [140.34, 41.00], [140.31, 41.16], [140.38, 41.22], [140.62, 41.19], [140.67, 40.89], [140.74, 40.83], [140.93, 40.94], [141.11, 40.88], [141.22, 40.98], [141.24, 41.20], [141.20, 41.24], [140.80, 41.13], [140.80, 41.25], [140.85, 41.42], [140.93, 41.50], [141.22, 41.37]]], [[[124.29, 24.51], [124.23, 24.35], [124.13, 24.34], [124.08, 24.43], [124.21, 24.45], [124.30, 24.58], [124.29, 24.51]]], [[[123.88, 24.28], [123.68, 24.28], [123.67, 24.31], [123.75, 24.34], [123.77, 24.41], [123.93, 24.36], [123.88, 24.28]]], [[[125.44, 24.74], [125.26, 24.73], [125.28, 24.87], [125.33, 24.80], [125.44, 24.74]]], [[[128.25, 26.65], [127.86, 26.44], [127.90, 26.32], [127.79, 26.25], [127.80, 26.15], [127.65, 26.09], [127.72, 26.43], [127.94, 26.59], [127.89, 26.63], [127.90, 26.69], [128.04, 26.64], [128.09, 26.66], [128.25, 26.88], [128.33, 26.81], [128.25, 26.65]]], [[[128.99, 27.72], [128.9, 27.72], [128.90, 27.89], [128.95, 27.91], [128.99, 27.72]]], [[[129.45, 28.20], [129.36, 28.12], [129.16, 28.24], [129.68, 28.51], [129.71, 28.43], [129.45, 28.27], [129.45, 28.20]]], [[[129.32, 28.10], [129.23, 28.10], [129.19, 28.19], [129.25, 28.17], [129.32, 28.10]]], [[[139.84, 33.05], [139.77, 33.07], [139.77, 33.12], [139.87, 33.09], [139.84, 33.05]]]]}}, {"type": "Feature", "properties": {}, "geometry": {"type": "Polygon", "coordinates": [[[-77.26, 18.45], [-76.90, 18.39], [-76.70, 18.25], [-76.34, 18.15], [-76.21, 17.91], [-76.52, 17.86], [-76.85, 17.97], [-76.94, 17.84], [-77.11, 17.88], [-77.20, 17.71], [-77.36, 17.83], [-77.76, 17.87], [-78.04, 18.17], [-78.29, 18.21], [-78.33, 18.28], [-78.21, 18.44], [-77.97, 18.46], [-77.87, 18.52], [-77.26, 18.45]]]}}, {"type": "Feature", "properties": {}, "geometry": {"type": "MultiPolygon", "coordinates": [[[[7.02, 45.92], [7.12, 45.88], [7.53, 45.97], [7.78, 45.92], [7.99, 46.01], [8.12, 46.16], [8.09, 46.27], [8.42, 46.44], [8.45, 46.24], [8.64, 46.11], [8.81, 46.07], [8.77, 45.99], [8.95, 45.83], [9.02, 45.84], [9.00, 46.01], [9.25, 46.28], [9.26, 46.47], [9.30, 46.49], [9.42, 46.48], [9.52, 46.30], [9.93, 46.36], [10.08, 46.22], [10.14, 46.25], [10.03, 46.48], [10.08, 46.59], [10.19, 46.62], [10.27, 46.56], [10.43, 46.55], [10.39, 46.66], [10.45, 46.86], [10.99, 46.77], [11.13, 46.93], [11.24, 46.97], [11.77, 46.98], [12.16, 47.08], [12.20, 47.06], [12.13, 46.98], [12.15, 46.93], [12.38, 46.70], [13.7, 46.52], [13.67, 46.46], [13.39, 46.31], [13.37, 46.26], [13.42, 46.21], [13.63, 46.17], [13.48, 46.03], [13.48, 45.98], [13.60, 45.97], [13.58, 45.81], [13.72, 45.76], [13.87, 45.61], [13.71, 45.58], [13.78, 45.62], [13.62, 45.77], [13.46, 45.70], [13.20, 45.77], [13.03, 45.63], [12.43, 45.46], [12.53, 45.54], [12.49, 45.54], [12.27, 45.44], [12.22, 45.24], [12.39, 45.03], [12.52, 44.96], [12.46, 44.84], [12.38, 44.79], [12.27, 44.83], [12.24, 44.72], [12.39, 44.22], [12.69, 43.99], [13.56, 43.57], [13.80, 43.18], [14.01, 42.68], [14.54, 42.24], [15.16, 41.93], [15.96, 41.93], [16.16, 41.89], [16.18, 41.81], [16.15, 41.75], [15.91, 41.62], [15.90, 41.51], [16.55, 41.23], [17.10, 41.06], [17.47, 40.84], [17.95, 40.65], [18.46, 40.22], [18.48, 40.10], [18.39, 39.90], [18.34, 39.82], [18.07, 39.93], [17.86, 40.28], [17.39, 40.34], [17.25, 40.39], [17.17, 40.50], [17.03, 40.51], [16.92, 40.45], [16.66, 40.13], [16.52, 39.85], [16.52, 39.74], [16.59, 39.63], [16.82, 39.57], [17.11, 39.38], [17.17, 38.99], [17.09, 38.91], [16.95, 38.93], [16.61, 38.80], [16.55, 38.71], [16.54, 38.40], [16.28, 38.24], [16.05, 37.94], [15.72, 37.93], [15.64, 38.03], [15.64, 38.17], [15.70, 38.26], [15.82, 38.30], [15.90, 38.48], [15.87, 38.61], [15.92, 38.67], [16.19, 38.75], [16.20, 38.94], [16.10, 39.02], [16.02, 39.35], [15.69, 39.99], [15.58, 40.05], [15.29, 40.07], [14.95, 40.23], [14.92, 40.30], [14.98, 40.37], [14.94, 40.46], [14.76, 40.66], [14.33, 40.59], [14.46, 40.72], [14.30, 40.81], [14.04, 40.81], [14.04, 40.87], [13.85, 41.12], [13.73, 41.23], [13.24, 41.28], [13.08, 41.24], [12.84, 41.40], [12.63, 41.46], [12.07, 41.94], [11.80, 42.08], [11.63, 42.28], [11.29, 42.42], [11.10, 42.41], [11.18, 42.45], [11.16, 42.53], [10.80, 42.80], [10.70, 42.93], [10.51, 42.96], [10.52, 43.20], [10.32, 43.51], [10.24, 43.85], [10.18, 43.94], [10.04, 44.01], [9.73, 44.10], [9.28, 44.31], [8.76, 44.42], [8.55, 44.34], [8.00, 43.87], [7.49, 43.76], [7.48, 43.86], [7.67, 44.08], [7.63, 44.16], [7.31, 44.13], [6.90, 44.33], [6.84, 44.51], [7.03, 44.71], [6.99, 44.82], [6.73, 44.92], [6.63, 45.06], [6.62, 45.11], [6.69, 45.14], [6.84, 45.13], [7.07, 45.23], [7.14, 45.38], [6.79, 45.74], [6.80, 45.81], [7.02, 45.92]], [[12.43, 41.89], [12.43, 41.90], [12.42, 41.90], [12.43, 41.89], [12.43, 41.89]], [[12.48, 43.90], [12.50, 43.98], [12.39, 43.93], [12.42, 43.89], [12.48, 43.90]]], [[[10.39, 42.85], [10.41, 42.71], [10.33, 42.76], [10.13, 42.74], [10.10, 42.78], [10.39, 42.85]]], [[[13.93, 40.70], [13.86, 40.70], [13.87, 40.76], [13.96, 40.73], [13.93, 40.70]]], [[[12.05, 36.75], [11.94, 36.78], [11.93, 36.82], [12.02, 36.82], [12.05, 36.75]]], [[[15.57, 38.22], [15.23, 37.78], [15.09, 37.45], [15.11, 37.33], [15.23, 37.24], [15.17, 37.20], [15.29, 37.05], [15.11, 36.83], [15.11, 36.68], [14.77, 36.71], [14.50, 36.79], [14.25, 37.04], [14.14, 37.10], [13.80, 37.13], [12.92, 37.57], [12.64, 37.59], [12.52, 37.66], [12.43, 37.81], [12.54, 38.05], [12.73, 38.18], [12.90, 38.03], [13.04, 38.08], [13.15, 38.19], [13.29, 38.19], [13.78, 37.98], [14.05, 38.04], [14.50, 38.04], [14.78, 38.16], [15.11, 38.15], [15.49, 38.29], [15.63, 38.26], [15.57, 38.22]]], [[[9.63, 40.88], [9.80, 40.49], [9.64, 40.26], [9.70, 40.01], [9.56, 39.16], [9.48, 39.13], [9.05, 39.23], [8.96, 38.96], [8.88, 38.91], [8.64, 38.92], [8.41, 39.20], [8.39, 39.48], [8.45, 39.72], [8.54, 39.73], [8.54, 39.83], [8.40, 39.91], [8.47, 40.29], [8.35, 40.50], [8.18, 40.65], [8.22, 40.91], [8.36, 40.84], [8.57, 40.85], [8.82, 40.94], [9.22, 41.25], [9.61, 41.01], [9.55, 40.93], [9.63, 40.88]]], [[[8.47, 39.06], [8.42, 38.96], [8.35, 39.09], [8.36, 39.11], [8.47, 39.06]]], [[[8.28, 41.03], [8.25, 40.99], [8.20, 40.99], [8.32, 41.12], [8.28, 41.03]]]]}}, {"type": "Feature", "properties": {}, "geometry": {"type": "Polygon", "coordinates": [[[35.84, 33.41], [35.78, 33.29], [35.88, 32.94], [35.78, 32.73], [35.57, 32.64], [35.55, 32.39], [35.36, 32.50], [35.19, 32.53], [35.06, 32.46], [34.95, 32.16], [34.96, 31.82], [35.12, 31.81], [35.20, 31.75], [34.95, 31.60], [34.88, 31.36], [35.10, 31.36], [35.45, 31.47], [35.40, 31.23], [35.43, 31.13], [35.14, 30.42], [35.14, 30.14], [34.97, 29.55], [34.90, 29.47], [34.24, 31.20], [34.52, 31.52], [34.47, 31.58], [34.67, 31.89], [35.10, 33.08], [35.41, 33.07], [35.49, 33.11], [35.53, 33.25], [35.60, 33.24], [35.84, 33.41]]]}}, {"type": "Feature", "properties": {}, "geometry": {"type": "MultiPolygon", "coordinates": [[[[34.47, 31.58], [34.52, 31.52], [34.24, 31.20], [34.19, 31.32], [34.47, 31.58]]], [[[35.55, 32.39], [35.55, 31.76], [35.45, 31.47], [35.10, 31.36], [34.88, 31.36], [34.95, 31.60], [35.20, 31.75], [35.12, 31.81], [34.95, 31.84], [34.98, 31.91], [34.95, 32.16], [35.06, 32.46], [35.19, 32.53], [35.36, 32.50], [35.55, 32.39]]]]}}, {"type": "Feature", "properties": {}, "geometry": {"type": "MultiPolygon", "coordinates": [[[[-9.94, 53.91], [-9.95, 53.88], [-10.06, 53.95], [-10.26, 53.97], [-10.18, 54.01], [-9.99, 54.00], [-9.94, 53.91]]], [[[-7.21, 55.09], [-7.37, 55.02], [-7.55, 54.76], [-7.91, 54.69], [-7.75, 54.59], [-8.14, 54.45], [-7.88, 54.28], [-7.85, 54.21], [-7.60, 54.14], [-7.32, 54.13], [-7.15, 54.23], [-7.20, 54.30], [-7.00, 54.40], [-6.87, 54.32], [-6.80, 54.21], [-6.64, 54.16], [-6.64, 54.05], [-6.30, 54.09], [-6.17, 54.05], [-6.15, 54.01], [-6.30, 54.01], [-6.34, 53.94], [-6.14, 53.57], [-6.15, 53.36], [-6.02, 52.92], [-6.16, 52.73], [-6.21, 52.54], [-6.46, 52.34], [-6.32, 52.24], [-6.56, 52.18], [-6.78, 52.21], [-6.89, 52.15], [-6.96, 52.24], [-7.00, 52.16], [-7.52, 52.09], [-7.62, 51.99], [-7.87, 51.93], [-8.05, 51.82], [-8.40, 51.88], [-8.33, 51.79], [-8.40, 51.71], [-9.29, 51.49], [-9.46, 51.52], [-9.83, 51.48], [-9.71, 51.60], [-9.52, 51.68], [-9.57, 51.68], [-10.12, 51.60], [-9.59, 51.87], [-10.08, 51.77], [-10.34, 51.79], [-10.37, 51.86], [-9.90, 52.12], [-10.39, 52.13], [-10.35, 52.20], [-10.13, 52.28], [-9.77, 52.25], [-9.90, 52.40], [-9.63, 52.54], [-8.78, 52.67], [-8.99, 52.75], [-9.17, 52.63], [-9.56, 52.65], [-9.91, 52.56], [-9.46, 52.82], [-9.39, 52.89], [-9.46, 52.94], [-9.29, 53.09], [-8.93, 53.20], [-9.14, 53.25], [-9.51, 53.23], [-9.62, 53.33], [-9.87, 53.34], [-9.79, 53.39], [-10.09, 53.41], [-10.05, 53.47], [-10.11, 53.54], [-9.72, 53.60], [-9.90, 53.65], [-9.90, 53.72], [-9.57, 53.80], [-9.57, 53.87], [-9.91, 53.86], [-9.85, 54.09], [-9.93, 54.07], [-9.97, 54.18], [-10.09, 54.15], [-10.05, 54.25], [-9.56, 54.30], [-9.31, 54.29], [-9.14, 54.20], [-9.00, 54.28], [-8.54, 54.24], [-8.62, 54.34], [-8.47, 54.44], [-8.23, 54.50], [-8.13, 54.64], [-8.45, 54.60], [-8.76, 54.68], [-8.37, 54.88], [-8.39, 55.02], [-8.27, 55.14], [-7.75, 55.18], [-7.76, 55.24], [-7.66, 55.25], [-7.55, 55.12], [-7.65, 54.97], [-7.47, 55.04], [-7.51, 55.24], [-7.30, 55.29], [-7.36, 55.36], [-6.96, 55.23], [-7.21, 55.09]]]]}}, {"type": "Feature", "properties": {}, "geometry": {"type": "Polygon", "coordinates": [[[42.35, 37.10], [42.45, 37.12], [42.77, 37.37], [42.93, 37.32], [43.09, 37.36], [43.67, 37.22], [43.83, 37.22], [44.01, 37.31], [44.11, 37.30], [44.19, 37.24], [44.20, 37.05], [44.28, 36.97], [44.60, 37.17], [44.73, 37.16], [44.88, 36.79], [45.01, 36.69], [45.05, 36.47], [45.24, 36.35], [45.36, 36.01], [45.56, 35.97], [45.77, 35.82], [46.16, 35.82], [46.27, 35.77], [46.03, 35.67], [45.99, 35.60], [45.97, 35.47], [46.11, 35.32], [46.13, 35.12], [45.92, 35.02], [45.67, 34.79], [45.63, 34.57], [45.50, 34.58], [45.43, 34.41], [45.54, 34.21], [45.39, 33.97], [45.73, 33.60], [45.87, 33.60], [45.87, 33.49], [45.98, 33.47], [46.01, 33.41], [46.14, 33.22], [46.08, 33.08], [46.11, 32.95], [46.37, 32.92], [47.12, 32.46], [47.28, 32.47], [47.37, 32.42], [47.51, 32.15], [47.82, 31.79], [47.67, 31.40], [47.67, 31.00], [48.01, 30.98], [48.01, 30.46], [48.33, 30.28], [48.43, 30.03], [48.54, 29.96], [48.35, 29.95], [48.14, 30.04], [47.97, 29.98], [47.67, 30.09], [47.22, 30.04], [47.11, 29.96], [46.76, 29.34], [46.53, 29.09], [46.35, 29.06], [44.71, 29.19], [42.07, 31.08], [40.36, 31.93], [39.14, 32.12], [39.29, 32.24], [39.24, 32.35], [39.04, 32.30], [38.98, 32.47], [39.05, 32.49], [38.77, 33.37], [40.68, 34.33], [40.98, 34.42], [41.19, 34.76], [41.21, 35.28], [41.35, 35.64], [41.35, 35.80], [41.24, 36.07], [41.29, 36.38], [41.41, 36.51], [41.78, 36.59], [42.35, 37.10]]]}}, {"type": "Feature", "properties": {}, "geometry": {"type": "MultiPolygon", "coordinates": [[[[56.18, 26.92], [55.95, 26.70], [55.84, 26.73], [55.42, 26.58], [55.31, 26.59], [55.29, 26.63], [55.76, 26.81], [55.75, 26.94], [55.90, 26.90], [56.21, 27.00], [56.27, 26.95], [56.18, 26.92]]], [[[53.91, 37.34], [54.19, 37.33], [54.69, 37.47], [54.90, 37.77], [55.38, 38.05], [55.57, 38.09], [56.27, 38.08], [56.32, 38.19], [56.44, 38.24], [57.19, 38.21], [57.30, 38.13], [57.35, 37.97], [57.98, 37.83], [58.26, 37.66], [58.38, 37.63], [58.55, 37.68], [58.65, 37.65], [58.81, 37.68], [59.30, 37.51], [59.36, 37.33], [59.45, 37.25], [60.06, 36.96], [60.34, 36.63], [61.11, 36.64], [61.16, 36.57], [61.21, 36.09], [61.15, 35.97], [61.25, 35.86], [61.27, 35.51], [61.18, 35.31], [61.1, 35.27], [61.14, 35.09], [61.08, 34.85], [60.95, 34.65], [60.72, 34.51], [60.88, 34.31], [60.64, 34.30], [60.48, 34.09], [60.52, 33.84], [60.48, 33.71], [60.57, 33.58], [60.90, 33.53], [60.91, 33.50], [60.56, 33.13], [60.82, 32.24], [60.78, 31.87], [60.82, 31.49], [61.66, 31.38], [61.75, 31.28], [61.81, 30.91], [61.78, 30.83], [60.84, 29.85], [61.31, 29.37], [61.33, 29.26], [61.62, 28.79], [61.88, 28.54], [62.35, 28.41], [62.56, 28.23], [62.75, 28.24], [62.73, 28.00], [62.81, 27.49], [62.75, 27.26], [62.91, 27.21], [63.16, 27.25], [63.30, 27.12], [63.24, 27.07], [63.25, 26.87], [63.18, 26.83], [63.15, 26.64], [62.78, 26.64], [62.43, 26.56], [62.31, 26.49], [62.23, 26.35], [62.12, 26.36], [61.84, 26.22], [61.75, 25.84], [61.66, 25.75], [61.58, 25.20], [61.41, 25.10], [60.66, 25.28], [60.58, 25.41], [60.51, 25.43], [60.40, 25.31], [59.61, 25.40], [59.45, 25.48], [59.04, 25.41], [58.79, 25.55], [58.20, 25.59], [57.93, 25.69], [57.79, 25.65], [57.73, 25.72], [57.33, 25.79], [57.20, 26.03], [57.20, 26.15], [57.10, 26.37], [57.07, 26.68], [56.98, 26.90], [56.81, 27.08], [56.35, 27.20], [56.11, 27.14], [55.94, 27.03], [55.65, 26.97], [55.42, 26.77], [55.29, 26.78], [54.75, 26.50], [54.64, 26.50], [54.24, 26.69], [53.70, 26.72], [53.50, 26.85], [53.45, 26.94], [52.98, 27.14], [52.69, 27.32], [52.47, 27.61], [52.03, 27.82], [51.58, 27.86], [51.27, 28.13], [51.27, 28.21], [51.09, 28.51], [51.06, 28.72], [50.86, 28.87], [50.87, 29.06], [50.67, 29.14], [50.64, 29.42], [50.16, 29.92], [50.07, 30.19], [49.98, 30.20], [49.55, 30.02], [49.00, 30.37], [49.09, 30.40], [49.19, 30.37], [49.24, 30.41], [49.22, 30.47], [49.00, 30.50], [49.03, 30.45], [48.91, 30.39], [48.89, 30.32], [48.91, 30.12], [48.87, 30.06], [48.54, 29.96], [48.43, 30.03], [48.33, 30.28], [48.01, 30.46], [48.01, 30.98], [47.67, 31.00], [47.67, 31.40], [47.82, 31.79], [47.51, 32.15], [47.37, 32.42], [47.28, 32.47], [47.12, 32.46], [46.37, 32.92], [46.11, 32.95], [46.08, 33.08], [46.14, 33.22], [46.01, 33.41], [45.98, 33.47], [45.87, 33.49], [45.87, 33.60], [45.73, 33.60], [45.39, 33.97], [45.54, 34.21], [45.43, 34.41], [45.50, 34.58], [45.63, 34.57], [45.67, 34.79], [45.92, 35.02], [46.13, 35.12], [46.11, 35.32], [45.97, 35.47], [45.99, 35.60], [46.03, 35.67], [46.27, 35.77], [46.16, 35.82], [45.77, 35.82], [45.56, 35.97], [45.36, 36.01], [45.24, 36.35], [45.05, 36.47], [45.01, 36.69], [44.88, 36.79], [44.76, 37.13], [44.79, 37.29], [44.57, 37.43], [44.54, 37.65], [44.58, 37.71], [44.21, 37.90], [44.44, 38.33], [44.29, 38.38], [44.27, 38.83], [44.17, 38.93], [44.17, 39.14], [44.07, 39.21], [44.02, 39.37], [44.38, 39.42], [44.45, 39.66], [44.58, 39.76], [44.81, 39.65], [45.14, 39.25], [45.47, 39.00], [46.17, 38.86], [46.55, 38.90], [46.85, 39.14], [46.98, 39.18], [47.33, 39.42], [47.77, 39.64], [47.99, 39.68], [48.32, 39.39], [48.13, 39.31], [48.10, 39.24], [48.12, 39.17], [48.27, 39.09], [48.29, 39.01], [48.05, 38.93], [47.99, 38.85], [48.30, 38.61], [48.41, 38.58], [48.59, 38.41], [48.86, 38.43], [48.92, 38.01], [49.08, 37.66], [49.37, 37.51], [50.13, 37.40], [50.33, 37.14], [50.53, 37.01], [51.11, 36.74], [51.76, 36.61], [52.19, 36.62], [53.76, 36.93], [53.91, 36.93], [53.67, 36.85], [53.97, 36.81], [54.02, 36.90], [53.91, 37.34]]]]}}, {"type": "Feature", "properties": {}, "geometry": {"type": "MultiPolygon", "coordinates": [[[[97.48, 1.46], [97.69, 1.18], [97.78, 1.14], [97.93, 0.97], [97.87, 0.62], [97.82, 0.56], [97.68, 0.59], [97.60, 0.83], [97.40, 0.94], [97.29, 1.18], [97.07, 1.42], [97.24, 1.42], [97.35, 1.53], [97.48, 1.46]]], [[[99.16, -1.77], [99.07, -1.78], [98.82, -1.60], [98.60, -1.19], [98.67, -0.97], [98.86, -0.91], [98.93, -0.95], [99.13, -1.44], [99.26, -1.62], [99.27, -1.73], [99.16, -1.77]]], [[[116.64, -8.61], [116.51, -8.82], [116.58, -8.88], [116.23, -8.91], [115.87, -8.82], [115.85, -8.78], [115.86, -8.74], [116.07, -8.74], [116.06, -8.43], [116.40, -8.20], [116.71, -8.33], [116.64, -8.61]]], [[[115.44, -8.15], [115.54, -8.20], [115.70, -8.40], [115.33, -8.61], [115.22, -8.81], [115.14, -8.84], [115.09, -8.82], [115.14, -8.69], [115.05, -8.57], [114.84, -8.42], [114.61, -8.37], [114.46, -8.16], [114.50, -8.11], [114.93, -8.18], [115.15, -8.06], [115.44, -8.15]]], [[[106.04, -1.66], [106.16, -1.86], [106.20, -2.18], [106.36, -2.46], [106.81, -2.57], [106.70, -2.65], [106.61, -2.89], [106.66, -3.07], [105.99, -2.82], [105.90, -2.64], [105.93, -2.49], [105.80, -2.30], [105.78, -2.18], [105.55, -2.07], [105.34, -2.12], [105.13, -2.04], [105.19, -1.91], [105.37, -1.81], [105.37, -1.65], [105.45, -1.57], [105.58, -1.52], [105.70, -1.73], [105.75, -1.65], [105.72, -1.53], [105.91, -1.50], [106.02, -1.59], [106.04, -1.66]]], [[[123.17, -4.55], [123.19, -4.82], [123.11, -4.72], [123.05, -4.74], [122.97, -5.13], [122.98, -5.18], [123.05, -5.15], [123.14, -5.22], [123.20, -5.27], [123.18, -5.33], [123.04, -5.41], [122.96, -5.40], [122.81, -5.67], [122.73, -5.63], [122.64, -5.66], [122.58, -5.48], [122.76, -5.21], [122.85, -4.61], [122.94, -4.44], [123.07, -4.38], [123.17, -4.55]]], [[[122.64, -5.26], [122.56, -5.38], [122.39, -5.33], [122.37, -5.38], [122.30, -5.38], [122.28, -5.31], [122.32, -5.13], [122.39, -5.06], [122.33, -4.84], [122.36, -4.76], [122.70, -4.61], [122.75, -4.93], [122.61, -5.13], [122.64, -5.26]]], [[[108.31, 3.68], [108.17, 3.65], [108.10, 3.70], [108.24, 3.81], [108.08, 3.85], [108.00, 3.98], [108.00, 4.04], [108.24, 4.21], [108.39, 3.98], [108.39, 3.83], [108.31, 3.68]]], [[[108.20, -2.99], [108.16, -3.14], [108.05, -3.22], [107.97, -3.22], [107.94, -3.12], [107.85, -3.08], [107.82, -3.16], [107.61, -3.20], [107.63, -3.12], [107.56, -2.92], [107.66, -2.56], [107.83, -2.53], [108.07, -2.59], [108.21, -2.69], [108.29, -2.82], [108.20, -2.99]]], [[[135.38, -0.65], [135.89, -0.72], [136.15, -0.97], [136.37, -1.09], [136.30, -1.17], [136.16, -1.21], [135.91, -1.17], [135.83, -1.11], [135.74, -0.82], [135.64, -0.88], [135.43, -0.76], [135.38, -0.65]]], [[[135.47, -1.59], [136.20, -1.65], [136.89, -1.79], [136.62, -1.87], [136.22, -1.89], [135.48, -1.66], [135.47, -1.59]]], [[[130.81, -0.00], [131.27, -0.14], [131.33, -0.29], [131.21, -0.37], [131.09, -0.33], [131.00, -0.36], [130.68, -0.08], [130.62, -0.08], [130.76, -0.29], [130.89, -0.34], [130.89, -0.41], [130.75, -0.44], [130.68, -0.29], [130.55, -0.36], [130.49, -0.26], [130.23, -0.20], [130.29, -0.10], [130.36, -0.07], [130.43, -0.09], [130.81, -0.00]]], [[[128.45, 2.05], [128.29, 2.03], [128.21, 2.29], [128.33, 2.46], [128.47, 2.57], [128.60, 2.59], [128.68, 2.47], [128.62, 2.22], [128.54, 2.09], [128.45, 2.05]]], [[[128.15, -1.66], [128.06, -1.71], [127.91, -1.68], [127.56, -1.72], [127.39, -1.64], [127.39, -1.58], [127.45, -1.45], [127.64, -1.33], [127.90, -1.43], [128.14, -1.60], [128.15, -1.66]]], [[[126.05, -2.45], [125.97, -2.41], [125.86, -2.07], [125.92, -1.97], [125.99, -2.01], [125.97, -2.16], [126.06, -2.36], [126.05, -2.45]]], [[[126.02, -1.78], [126.33, -1.82], [125.95, -1.91], [125.47, -1.94], [125.43, -1.93], [125.38, -1.84], [125.52, -1.80], [126.02, -1.78]]], [[[124.96, -1.70], [125.06, -1.74], [125.18, -1.71], [125.19, -1.78], [125.32, -1.81], [125.31, -1.87], [125.00, -1.94], [124.83, -1.89], [124.63, -1.97], [124.41, -2.00], [124.32, -1.85], [124.41, -1.65], [124.66, -1.63], [124.96, -1.70]]], [[[131.32, -7.99], [131.11, -7.99], [131.08, -7.86], [131.13, -7.68], [131.19, -7.67], [131.26, -7.47], [131.53, -7.22], [131.56, -7.13], [131.64, -7.11], [131.73, -7.19], [131.64, -7.26], [131.69, -7.43], [131.62, -7.62], [131.37, -7.86], [131.32, -7.99]]], [[[126.80, -7.66], [126.81, -7.73], [126.57, -7.80], [126.47, -7.95], [126.04, -7.88], [125.79, -7.98], [125.84, -7.81], [125.97, -7.66], [126.21, -7.70], [126.60, -7.57], [126.80, -7.66]]], [[[124.57, -8.14], [124.59, -8.20], [124.75, -8.15], [125.05, -8.17], [125.12, -8.20], [125.13, -8.32], [124.44, -8.44], [124.38, -8.41], [124.35, -8.38], [124.42, -8.29], [124.39, -8.25], [124.43, -8.18], [124.57, -8.14]]], [[[131.00, -1.31], [130.84, -1.31], [130.78, -1.25], [130.67, -0.95], [130.89, -0.89], [131.03, -0.91], [131.07, -0.96], [131.00, -1.31]]], [[[96.49, 5.22], [96.84, 5.27], [97.19, 5.20], [97.54, 5.20], [97.90, 4.87], [97.99, 4.66], [98.24, 4.41], [98.24, 4.19], [98.30, 4.09], [98.65, 3.92], [98.77, 3.75], [99.15, 3.58], [99.73, 3.18], [100.52, 2.18], [100.68, 2.12], [100.88, 1.94], [100.81, 2.14], [100.82, 2.24], [100.93, 2.29], [101.04, 2.25], [101.30, 2.01], [101.40, 1.75], [101.47, 1.69], [101.78, 1.62], [102.01, 1.44], [102.15, 1.25], [102.23, 0.99], [102.38, 0.84], [102.56, 0.74], [102.84, 0.71], [103.03, 0.57], [103.06, 0.49], [103.00, 0.41], [102.55, 0.21], [102.89, 0.27], [103.33, 0.51], [103.47, 0.48], [103.67, 0.28], [103.78, 0.04], [103.42, -0.19], [103.40, -0.36], [103.50, -0.46], [103.43, -0.57], [103.53, -0.75], [103.72, -0.88], [104.19, -1.05], [104.36, -1.03], [104.51, -1.81], [104.56, -1.92], [104.84, -2.09], [104.82, -2.23], [104.64, -2.42], [104.65, -2.59], [104.97, -2.37], [105.39, -2.38], [105.58, -2.49], [106.04, -3.10], [106.05, -3.21], [105.90, -3.41], [105.84, -3.61], [105.85, -3.73], [105.93, -3.83], [105.83, -4.16], [105.88, -5.00], [105.81, -5.67], [105.74, -5.81], [105.61, -5.79], [105.34, -5.54], [105.08, -5.74], [104.63, -5.52], [104.61, -5.64], [104.68, -5.89], [104.60, -5.90], [104.06, -5.38], [103.83, -5.07], [102.91, -4.47], [102.53, -4.15], [102.12, -3.59], [101.57, -3.16], [101.36, -2.80], [101.11, -2.58], [100.88, -2.24], [100.85, -1.93], [100.48, -1.29], [100.30, -0.82], [99.86, -0.31], [99.66, 0.04], [99.33, 0.20], [99.15, 0.35], [98.79, 1.49], [98.59, 1.86], [98.08, 2.19], [97.79, 2.28], [97.70, 2.35], [97.59, 2.84], [97.39, 2.97], [96.96, 3.57], [96.80, 3.70], [96.44, 3.81], [96.23, 4.07], [95.57, 4.66], [95.20, 5.28], [95.24, 5.41], [95.22, 5.56], [95.39, 5.62], [95.62, 5.60], [95.84, 5.51], [96.13, 5.29], [96.49, 5.22]]], [[[122.78, -8.61], [122.47, -8.72], [122.09, -8.74], [121.65, -8.89], [121.58, -8.82], [121.41, -8.81], [121.32, -8.91], [121.19, -8.89], [121.03, -8.93], [120.55, -8.80], [120.31, -8.82], [120.12, -8.77], [119.90, -8.85], [119.80, -8.69], [119.87, -8.41], [119.96, -8.43], [120.35, -8.25], [120.61, -8.24], [120.75, -8.32], [121.00, -8.36], [121.44, -8.57], [121.96, -8.45], [122.32, -8.62], [122.43, -8.60], [122.55, -8.43], [122.85, -8.30], [122.91, -8.22], [122.75, -8.18], [122.84, -8.09], [122.91, -8.10], [122.97, -8.15], [123.00, -8.32], [122.81, -8.48], [122.84, -8.56], [122.78, -8.61]]], [[[120.01, -9.37], [120.22, -9.50], [120.29, -9.64], [120.44, -9.64], [120.55, -9.71], [120.78, -9.95], [120.83, -10.03], [120.80, -10.10], [120.69, -10.20], [120.43, -10.29], [120.25, -10.24], [120.05, -10.12], [119.93, -9.96], [119.60, -9.77], [119.08, -9.70], [118.95, -9.51], [119.03, -9.44], [119.29, -9.36], [119.79, -9.38], [119.94, -9.30], [120.01, -9.37]]], [[[118.24, -8.31], [118.33, -8.35], [118.49, -8.27], [118.61, -8.28], [118.71, -8.41], [118.74, -8.33], [118.92, -8.29], [118.98, -8.33], [119.04, -8.56], [119.12, -8.66], [119.00, -8.74], [118.90, -8.70], [118.74, -8.73], [118.83, -8.83], [118.72, -8.80], [118.47, -8.85], [118.39, -8.81], [118.37, -8.67], [118.18, -8.84], [117.38, -9.03], [117.21, -9.03], [117.06, -9.09], [116.78, -9.00], [116.78, -8.66], [116.83, -8.53], [117.16, -8.36], [117.35, -8.42], [117.56, -8.42], [117.80, -8.71], [117.96, -8.72], [118.10, -8.65], [118.20, -8.65], [118.23, -8.59], [118.10, -8.47], [117.97, -8.45], [117.81, -8.34], [117.73, -8.20], [117.75, -8.14], [117.92, -8.08], [118.11, -8.12], [118.24, -8.31]]], [[[124.88, 0.99], [124.69, 0.82], [124.42, 0.47], [124.21, 0.38], [123.75, 0.30], [123.26, 0.32], [123.08, 0.48], [122.99, 0.49], [121.84, 0.43], [121.51, 0.49], [121.01, 0.44], [120.57, 0.52], [120.34, 0.44], [120.19, 0.26], [120.01, -0.19], [120.06, -0.55], [120.24, -0.86], [120.51, -1.03], [120.66, -1.37], [121.03, -1.40], [121.14, -1.33], [121.27, -1.11], [121.57, -0.82], [121.73, -0.92], [121.96, -0.93], [122.27, -0.75], [122.88, -0.75], [122.82, -0.65], [123.17, -0.57], [123.37, -0.64], [123.43, -0.77], [123.37, -1.00], [123.22, -1.00], [123.15, -0.90], [123.04, -0.87], [122.90, -0.90], [122.50, -1.34], [122.25, -1.55], [121.85, -1.69], [121.65, -1.89], [121.39, -1.83], [121.35, -1.87], [121.34, -1.94], [121.57, -2.15], [121.76, -2.24], [122.08, -2.74], [122.29, -2.90], [122.30, -3.05], [122.39, -3.20], [122.31, -3.27], [122.25, -3.62], [122.57, -3.88], [122.68, -4.08], [122.84, -4.06], [122.89, -4.22], [122.87, -4.39], [122.71, -4.34], [122.72, -4.41], [122.47, -4.42], [122.11, -4.54], [122.05, -4.62], [122.07, -4.79], [122.03, -4.83], [121.91, -4.84], [121.58, -4.75], [121.48, -4.58], [121.61, -4.09], [121.31, -3.91], [120.89, -3.52], [120.90, -3.40], [121.05, -3.16], [121.05, -2.75], [120.99, -2.67], [120.87, -2.64], [120.65, -2.66], [120.26, -2.94], [120.25, -3.05], [120.39, -3.34], [120.43, -3.70], [120.36, -4.08], [120.42, -4.61], [120.27, -5.14], [120.43, -5.59], [120.31, -5.54], [119.95, -5.57], [119.71, -5.69], [119.55, -5.61], [119.37, -5.42], [119.36, -5.31], [119.59, -4.52], [119.62, -4.03], [119.48, -3.72], [119.46, -3.51], [119.36, -3.45], [118.99, -3.53], [118.86, -3.39], [118.81, -3.15], [118.85, -2.92], [118.78, -2.72], [119.09, -2.48], [119.17, -2.14], [119.32, -1.92], [119.30, -1.40], [119.50, -0.90], [119.71, -0.68], [119.84, -0.86], [119.72, -0.08], [119.86, 0.04], [119.80, 0.23], [119.91, 0.44], [120.03, 0.56], [120.05, 0.69], [120.22, 0.86], [120.26, 0.97], [120.32, 0.98], [120.41, 0.84], [120.51, 0.81], [120.60, 0.85], [120.86, 1.25], [121.08, 1.32], [121.20, 1.26], [121.40, 1.24], [121.59, 1.06], [121.86, 1.08], [122.43, 1.01], [122.83, 0.84], [123.06, 0.94], [123.93, 0.85], [124.27, 1.02], [124.41, 1.18], [124.53, 1.23], [124.60, 1.39], [124.78, 1.46], [124.94, 1.67], [125.11, 1.68], [125.23, 1.50], [124.88, 0.99]]], [[[107.37, -6.00], [107.47, -6.12], [107.66, -6.21], [108.13, -6.29], [108.33, -6.28], [108.51, -6.47], [108.60, -6.72], [108.67, -6.79], [109.29, -6.86], [109.50, -6.81], [109.82, -6.90], [110.19, -6.89], [110.42, -6.94], [110.58, -6.80], [110.70, -6.51], [110.83, -6.42], [110.97, -6.43], [111.18, -6.68], [111.54, -6.64], [111.73, -6.77], [111.98, -6.80], [112.08, -6.89], [112.53, -6.92], [112.64, -7.22], [112.79, -7.30], [112.79, -7.55], [113.01, -7.65], [113.49, -7.72], [114.07, -7.63], [114.40, -7.79], [114.44, -8.00], [114.38, -8.40], [114.48, -8.60], [114.59, -8.68], [114.58, -8.76], [114.38, -8.70], [114.27, -8.61], [113.94, -8.56], [113.25, -8.28], [112.67, -8.40], [112.11, -8.32], [111.50, -8.30], [110.60, -8.14], [110.03, -7.89], [109.28, -7.70], [108.74, -7.66], [108.57, -7.70], [108.45, -7.79], [107.91, -7.72], [107.54, -7.54], [107.28, -7.47], [106.45, -7.36], [106.41, -7.23], [106.51, -7.05], [106.19, -6.92], [105.83, -6.84], [105.25, -6.83], [105.27, -6.72], [105.37, -6.66], [105.38, -6.75], [105.48, -6.78], [105.58, -6.67], [105.65, -6.46], [105.70, -6.49], [105.78, -6.45], [105.86, -6.11], [106.07, -5.91], [106.82, -6.09], [107.01, -6.00], [107.04, -5.90], [107.37, -6.00]]], [[[109.62, 2.02], [109.53, 1.89], [109.57, 1.80], [109.63, 1.77], [109.65, 1.61], [110.50, 0.86], [111.10, 1.05], [111.48, 0.99], [111.80, 1.01], [111.92, 1.11], [112.07, 1.14], [112.18, 1.43], [112.47, 1.55], [112.94, 1.56], [112.98, 1.54], [113.00, 1.43], [113.51, 1.30], [113.62, 1.23], [113.90, 1.43], [114.38, 1.50], [114.51, 1.45], [114.63, 1.61], [114.70, 1.85], [114.8, 1.89], [114.83, 1.98], [114.75, 2.16], [114.78, 2.25], [115.17, 2.52], [115.18, 2.56], [115.08, 2.63], [115.11, 2.89], [115.24, 3.02], [115.31, 2.99], [115.45, 3.03], [115.56, 3.44], [115.56, 3.93], [115.67, 4.19], [115.86, 4.34], [116.02, 4.29], [116.23, 4.36], [116.41, 4.30], [116.51, 4.37], [117.10, 4.33], [117.57, 4.17], [117.46, 4.07], [117.77, 3.68], [117.62, 3.63], [117.50, 3.73], [117.45, 3.62], [117.05, 3.62], [117.16, 3.59], [117.34, 3.42], [117.38, 3.36], [117.32, 3.24], [117.35, 3.19], [117.61, 3.06], [117.63, 2.95], [117.56, 2.92], [117.69, 2.88], [117.63, 2.82], [117.78, 2.74], [118.06, 2.31], [118.04, 2.21], [117.78, 2.02], [118.08, 1.70], [118.63, 1.31], [118.98, 0.98], [118.89, 0.88], [118.53, 0.81], [118.19, 0.87], [117.91, 1.09], [117.97, 0.96], [117.96, 0.88], [117.74, 0.72], [117.52, 0.23], [117.46, -0.32], [117.54, -0.55], [117.56, -0.77], [117.24, -0.92], [117.00, -1.18], [116.91, -1.22], [116.79, -1.18], [116.73, -1.04], [116.75, -1.32], [116.55, -1.47], [116.51, -1.59], [116.27, -1.78], [116.42, -1.78], [116.45, -1.92], [116.42, -2.05], [116.31, -2.13], [116.52, -2.20], [116.56, -2.29], [116.52, -2.51], [116.31, -2.55], [116.30, -2.60], [116.37, -2.57], [116.33, -2.90], [116.22, -2.97], [116.16, -2.93], [116.17, -3.02], [116.25, -3.12], [116.05, -3.34], [115.95, -3.59], [114.69, -4.16], [114.62, -4.11], [114.60, -3.70], [114.52, -3.37], [114.44, -3.48], [114.34, -3.44], [114.30, -3.36], [114.34, -3.23], [114.23, -3.36], [114.08, -3.27], [113.95, -3.39], [113.70, -3.45], [113.63, -3.41], [113.61, -3.19], [113.34, -3.24], [113.03, -2.93], [112.97, -3.18], [112.75, -3.32], [112.60, -3.40], [112.28, -3.32], [111.85, -3.55], [111.82, -3.53], [111.82, -3.05], [111.69, -2.88], [111.62, -2.97], [111.36, -2.93], [110.93, -3.07], [110.82, -2.99], [110.89, -2.90], [110.70, -3.02], [110.57, -2.89], [110.25, -2.96], [110.09, -2.00], [109.95, -1.86], [110.03, -1.52], [109.98, -1.27], [109.78, -1.01], [109.45, -0.86], [109.33, -0.87], [109.25, -0.80], [109.27, -0.73], [109.37, -0.63], [109.16, -0.49], [109.12, -0.39], [109.19, -0.00], [109.25, 0.03], [108.94, 0.35], [108.91, 0.91], [108.95, 1.13], [109.13, 1.25], [109.01, 1.23], [109.07, 1.49], [109.27, 1.70], [109.37, 1.92], [109.62, 2.02]]], [[[127.73, 0.84], [127.88, 0.83], [127.96, 1.04], [128.16, 1.15], [128.15, 1.31], [128.22, 1.40], [128.42, 1.51], [128.68, 1.57], [128.70, 1.10], [128.29, 0.87], [128.26, 0.73], [128.61, 0.54], [128.69, 0.36], [128.89, 0.21], [128.44, 0.39], [127.98, 0.47], [127.92, 0.43], [127.88, 0.29], [127.88, 0.04], [127.97, -0.24], [128.25, -0.73], [128.42, -0.89], [128.27, -0.87], [128.23, -0.78], [128.04, -0.70], [127.88, -0.42], [127.69, -0.24], [127.70, 0.28], [127.55, 0.48], [127.53, 0.61], [127.60, 0.84], [127.52, 0.92], [127.42, 1.13], [127.42, 1.25], [127.53, 1.46], [127.63, 1.84], [127.89, 2.13], [128.03, 2.19], [127.88, 1.83], [128.01, 1.70], [128.01, 1.33], [127.88, 1.16], [127.65, 1.01], [127.63, 0.93], [127.73, 0.84]]], [[[129.75, -2.86], [129.98, -2.97], [130.37, -2.98], [130.56, -3.13], [130.67, -3.39], [130.77, -3.41], [130.85, -3.57], [130.80, -3.85], [130.01, -3.47], [129.84, -3.32], [129.51, -3.32], [129.52, -3.43], [129.46, -3.45], [128.96, -3.32], [128.95, -3.24], [128.86, -3.23], [128.63, -3.43], [128.51, -3.44], [128.41, -3.41], [128.27, -3.24], [128.13, -3.15], [127.90, -3.49], [127.92, -3.34], [127.87, -3.22], [128.19, -2.86], [128.99, -2.82], [129.05, -2.83], [129.11, -2.93], [129.17, -2.93], [129.48, -2.78], [129.75, -2.86]]], [[[126.86, -3.08], [127.02, -3.16], [127.22, -3.39], [127.22, -3.63], [126.68, -3.82], [126.21, -3.60], [126.05, -3.42], [126.02, -3.17], [126.08, -3.10], [126.21, -3.14], [126.55, -3.06], [126.86, -3.08]]], [[[124.92, -8.94], [124.93, -9.05], [125.10, -9.00], [125.14, -9.04], [125.10, -9.18], [124.96, -9.21], [125.06, -9.51], [124.96, -9.66], [124.42, -10.14], [124.17, -10.18], [123.85, -10.34], [123.64, -10.31], [123.61, -10.21], [123.71, -10.07], [123.58, -9.96], [123.70, -9.61], [124.03, -9.34], [124.11, -9.42], [124.31, -9.41], [124.41, -9.31], [124.44, -9.19], [124.92, -8.94]]], [[[134.74, -5.70], [134.75, -5.88], [134.71, -5.94], [134.75, -6.17], [134.71, -6.29], [134.63, -6.36], [134.44, -6.33], [134.15, -6.06], [134.15, -6.01], [134.30, -6.00], [134.34, -5.83], [134.20, -5.70], [134.34, -5.71], [134.49, -5.52], [134.50, -5.43], [134.57, -5.42], [134.61, -5.43], [134.64, -5.58], [134.74, -5.70]]], [[[134.53, -6.44], [134.50, -6.59], [134.32, -6.84], [134.2, -6.90], [134.09, -6.83], [134.05, -6.76], [134.10, -6.47], [134.19, -6.45], [134.12, -6.42], [134.11, -6.19], [134.16, -6.17], [134.53, -6.44]]], [[[138.53, -8.27], [138.29, -8.40], [137.65, -8.38], [137.83, -7.93], [138.08, -7.56], [138.29, -7.43], [138.54, -7.37], [138.76, -7.39], [138.96, -7.58], [138.98, -7.69], [138.78, -8.05], [138.53, -8.27]]], [[[140.97, -2.60], [140.97, -6.34], [140.86, -6.74], [140.97, -6.90], [140.97, -9.11], [140.00, -8.19], [139.99, -8.13], [140.11, -7.92], [139.93, -8.10], [139.38, -8.18], [139.27, -8.10], [139.24, -7.98], [139.19, -8.08], [138.93, -8.26], [138.89, -8.23], [138.85, -8.14], [139.08, -7.58], [138.74, -7.25], [138.86, -7.20], [139.06, -7.22], [139.17, -7.19], [139.04, -7.20], [138.84, -7.13], [138.60, -6.93], [138.86, -6.85], [138.43, -6.34], [138.29, -5.94], [138.37, -5.84], [138.19, -5.80], [138.24, -5.72], [138.33, -5.67], [138.08, -5.70], [138.06, -5.46], [137.30, -5.01], [137.27, -4.94], [137.19, -4.99], [137.08, -4.92], [136.61, -4.81], [135.97, -4.53], [135.45, -4.44], [135.19, -4.45], [134.75, -4.19], [134.67, -4.07], [134.70, -3.95], [134.88, -3.93], [134.75, -3.92], [134.54, -3.97], [134.39, -3.90], [134.26, -3.94], [134.14, -3.79], [133.97, -3.81], [133.72, -3.57], [133.67, -3.47], [133.69, -3.24], [133.84, -3.05], [133.70, -3.08], [133.65, -3.36], [133.59, -3.41], [133.51, -3.41], [133.54, -3.51], [133.41, -3.73], [133.40, -3.89], [133.24, -4.06], [132.96, -4.09], [132.91, -4.05], [132.75, -3.70], [132.86, -3.55], [132.75, -3.29], [132.34, -2.97], [132.05, -2.91], [131.97, -2.78], [132.23, -2.68], [132.72, -2.78], [133.03, -2.48], [133.19, -2.43], [133.60, -2.54], [133.70, -2.62], [133.75, -2.45], [133.90, -2.39], [133.89, -2.30], [133.79, -2.29], [133.90, -2.18], [133.92, -2.10], [133.71, -2.18], [132.96, -2.27], [132.50, -2.21], [132.30, -2.24], [132.02, -1.99], [131.93, -1.55], [131.73, -1.54], [131.29, -1.39], [131.11, -1.45], [130.99, -1.42], [131.04, -1.28], [131.19, -1.16], [131.25, -0.85], [131.80, -0.70], [132.12, -0.45], [132.39, -0.35], [132.85, -0.41], [133.47, -0.72], [133.97, -0.74], [134.11, -0.84], [134.07, -1.00], [134.25, -1.36], [134.10, -1.72], [134.19, -2.30], [134.45, -2.83], [134.48, -2.58], [134.56, -2.51], [134.62, -2.53], [134.70, -2.93], [134.84, -2.90], [134.88, -3.20], [135.03, -3.33], [135.25, -3.36], [135.48, -3.34], [135.85, -2.99], [136.01, -2.73], [136.24, -2.58], [136.38, -2.27], [136.84, -2.19], [137.07, -2.10], [137.17, -2.02], [137.12, -1.84], [137.80, -1.48], [137.91, -1.48], [138.11, -1.61], [138.64, -1.79], [138.81, -1.91], [139.78, -2.34], [140.15, -2.35], [140.25, -2.41], [140.62, -2.44], [140.72, -2.50], [140.74, -2.60], [140.97, -2.60]]], [[[138.89, -8.38], [138.59, -8.37], [138.56, -8.30], [138.67, -8.19], [138.79, -8.17], [138.89, -8.38]]], [[[101.70, 2.07], [101.77, 1.94], [101.71, 1.78], [101.60, 1.71], [101.50, 1.73], [101.40, 1.90], [101.40, 2.02], [101.64, 2.12], [101.70, 2.07]]], [[[102.42, 0.99], [102.38, 0.95], [102.27, 1.07], [102.23, 1.26], [102.25, 1.39], [102.44, 1.23], [102.42, 0.99]]], [[[102.49, 1.45], [102.49, 1.33], [102.27, 1.45], [102.07, 1.49], [102.02, 1.60], [102.46, 1.51], [102.49, 1.45]]], [[[103.02, 0.74], [103.00, 0.70], [102.49, 0.85], [102.45, 0.88], [102.50, 1.08], [102.54, 1.13], [102.72, 0.98], [103.00, 0.85], [103.02, 0.74]]], [[[103.16, 0.87], [103.08, 0.84], [102.88, 0.99], [102.70, 1.05], [102.72, 1.15], [102.99, 1.06], [103.16, 0.87]]], [[[103.28, 0.54], [103.13, 0.54], [103.18, 0.69], [103.23, 0.69], [103.29, 0.61], [103.28, 0.54]]], [[[103.45, 0.66], [103.34, 0.77], [103.38, 0.86], [103.49, 0.72], [103.45, 0.66]]], [[[104.02, 1.18], [104.08, 1.13], [104.13, 1.16], [104.06, 0.98], [103.96, 1.01], [103.93, 1.07], [104.02, 1.18]]], [[[104.58, 1.21], [104.66, 1.04], [104.57, 0.83], [104.50, 0.85], [104.42, 0.95], [104.43, 1.05], [104.25, 1.01], [104.25, 1.10], [104.36, 1.18], [104.58, 1.21]]], [[[104.77, -0.17], [104.84, -0.14], [105.00, -0.28], [104.91, -0.32], [104.70, -0.20], [104.56, -0.24], [104.44, -0.18], [104.54, 0.01], [104.63, -0.01], [104.77, -0.17]]], [[[104.47, -0.33], [104.59, -0.46], [104.50, -0.59], [104.41, -0.58], [104.36, -0.65], [104.25, -0.46], [104.30, -0.38], [104.36, -0.40], [104.47, -0.33]]], [[[103.73, -0.34], [103.60, -0.38], [103.46, -0.35], [103.54, -0.22], [103.72, -0.27], [103.76, -0.31], [103.73, -0.34]]], [[[109.71, -1.18], [109.46, -1.27], [109.42, -1.24], [109.47, -0.98], [109.61, -0.97], [109.74, -1.03], [109.76, -1.10], [109.71, -1.18]]], [[[113.84, -7.10], [113.65, -7.11], [113.47, -7.21], [113.12, -7.22], [112.76, -7.13], [112.72, -7.07], [112.86, -6.89], [113.06, -6.87], [113.97, -6.87], [114.07, -6.96], [113.84, -7.10]]], [[[134.96, -1.11], [134.86, -1.11], [134.80, -1.03], [134.82, -0.97], [134.88, -0.93], [134.99, -1.03], [134.96, -1.11]]], [[[127.24, -0.49], [127.11, -0.52], [127.12, -0.27], [127.29, -0.28], [127.24, -0.49]]], [[[127.56, -0.31], [127.68, -0.46], [127.60, -0.61], [127.65, -0.68], [127.80, -0.69], [127.88, -0.80], [127.76, -0.88], [127.62, -0.76], [127.46, -0.80], [127.46, -0.64], [127.3, -0.50], [127.32, -0.33], [127.45, -0.40], [127.52, -0.30], [127.56, -0.31]]], [[[132.92, -5.90], [132.84, -5.98], [132.93, -5.68], [133.00, -5.62], [133.13, -5.31], [133.17, -5.34], [133.11, -5.57], [132.97, -5.73], [132.92, -5.90]]], [[[132.80, -5.85], [132.74, -5.94], [132.68, -5.91], [132.63, -5.60], [132.73, -5.66], [132.80, -5.85]]], [[[128.27, -3.67], [128.19, -3.73], [128.11, -3.68], [127.97, -3.77], [127.92, -3.69], [128.01, -3.60], [128.32, -3.51], [128.27, -3.67]]], [[[126.81, 4.03], [126.71, 4.02], [126.70, 4.07], [126.81, 4.25], [126.72, 4.34], [126.75, 4.54], [126.86, 4.47], [126.92, 4.29], [126.81, 4.03]]], [[[125.65, 3.43], [125.63, 3.40], [125.51, 3.46], [125.46, 3.73], [125.65, 3.43]]], [[[130.86, -8.31], [130.77, -8.34], [131.02, -8.09], [131.17, -8.13], [130.90, -8.24], [130.86, -8.31]]], [[[129.83, -7.95], [129.77, -8.04], [129.71, -8.04], [129.59, -7.91], [129.60, -7.80], [129.81, -7.81], [129.83, -7.95]]], [[[127.82, -8.09], [128.09, -8.13], [128.11, -8.17], [128.02, -8.25], [127.82, -8.19], [127.78, -8.12], [127.82, -8.09]]], [[[130.35, -1.69], [130.42, -1.80], [130.38, -1.90], [130.41, -1.97], [130.24, -2.04], [130.13, -2.06], [129.88, -1.98], [129.73, -1.86], [129.99, -1.75], [130.35, -1.69]]], [[[102.36, -5.47], [102.28, -5.48], [102.11, -5.32], [102.19, -5.28], [102.37, -5.36], [102.40, -5.40], [102.36, -5.47]]], [[[100.42, -3.18], [100.46, -3.32], [100.34, -3.22], [100.33, -3.11], [100.20, -2.98], [100.19, -2.78], [100.24, -2.78], [100.45, -3.00], [100.42, -3.18]]], [[[100.20, -2.74], [100.13, -2.82], [100.01, -2.81], [99.98, -2.52], [100.20, -2.67], [100.20, -2.74]]], [[[99.84, -2.34], [99.60, -2.25], [99.53, -2.16], [99.57, -2.02], [99.68, -2.06], [99.84, -2.34]]], [[[98.45, -0.53], [98.39, -0.57], [98.30, -0.53], [98.42, -0.22], [98.32, -0.00], [98.41, -0.01], [98.54, -0.25], [98.45, -0.53]]], [[[96.46, 2.36], [96.34, 2.37], [96.02, 2.59], [95.80, 2.65], [95.71, 2.82], [95.80, 2.91], [95.89, 2.88], [96.41, 2.51], [96.46, 2.36]]], [[[122.04, -5.43], [121.97, -5.46], [121.80, -5.25], [121.91, -5.07], [122.04, -5.15], [122.04, -5.43]]], [[[123.21, -1.17], [123.23, -1.38], [123.33, -1.25], [123.43, -1.23], [123.54, -1.33], [123.51, -1.44], [123.36, -1.50], [123.27, -1.43], [123.23, -1.57], [123.17, -1.61], [123.12, -1.55], [123.18, -1.49], [123.15, -1.30], [122.89, -1.58], [122.81, -1.43], [122.83, -1.28], [122.90, -1.18], [123.21, -1.17]]], [[[121.86, -0.40], [121.90, -0.45], [121.88, -0.50], [121.65, -0.52], [121.74, -0.40], [121.86, -0.40]]], [[[120.52, -6.29], [120.48, -6.46], [120.43, -6.18], [120.47, -5.77], [120.54, -5.96], [120.52, -6.29]]], [[[115.37, -6.97], [115.22, -6.95], [115.24, -6.86], [115.41, -6.83], [115.54, -6.93], [115.37, -6.97]]], [[[116.30, -3.86], [116.09, -4.05], [116.05, -4.00], [116.07, -3.81], [116.01, -3.69], [116.06, -3.45], [116.11, -3.33], [116.26, -3.25], [116.30, -3.86]]], [[[122.94, -10.90], [122.82, -10.89], [122.84, -10.76], [123.06, -10.69], [123.37, -10.47], [123.41, -10.65], [123.21, -10.80], [122.94, -10.90]]], [[[124.28, -8.32], [124.14, -8.53], [124.06, -8.55], [124.01, -8.44], [123.92, -8.44], [124.01, -8.31], [124.11, -8.36], [124.23, -8.20], [124.30, -8.22], [124.28, -8.32]]], [[[123.92, -8.27], [123.78, -8.29], [123.69, -8.42], [123.62, -8.42], [123.55, -8.56], [123.48, -8.53], [123.41, -8.58], [123.23, -8.53], [123.47, -8.32], [123.39, -8.28], [123.60, -8.29], [123.77, -8.19], [123.92, -8.27]]], [[[123.31, -8.35], [123.29, -8.39], [123.02, -8.39], [123.03, -8.33], [123.21, -8.23], [123.33, -8.26], [123.31, -8.35]]], [[[134.71, -6.54], [134.66, -6.55], [134.63, -6.47], [134.67, -6.45], [134.71, -6.54]]], [[[103.42, 1.04], [103.42, 0.99], [103.31, 1.07], [103.37, 1.13], [103.42, 1.04]]], [[[103.82, 0.80], [103.74, 0.82], [103.75, 0.89], [103.80, 0.84], [103.82, 0.80]]], [[[104.23, 0.83], [104.17, 0.80], [104.10, 0.93], [104.22, 0.87], [104.23, 0.83]]], [[[104.68, 0.05], [104.60, 0.09], [104.49, 0.23], [104.54, 0.22], [104.68, 0.05]]], [[[106.28, 3.15], [106.28, 3.08], [106.21, 3.12], [106.20, 3.20], [106.27, 3.21], [106.28, 3.15]]], [[[105.76, 2.86], [105.70, 2.88], [105.69, 3.06], [105.83, 2.97], [105.76, 2.86]]], [[[108.88, 2.90], [108.83, 2.85], [108.78, 2.88], [108.88, 2.99], [108.88, 2.90]]], [[[108.95, -1.61], [108.83, -1.66], [108.80, -1.56], [108.95, -1.56], [108.95, -1.61]]], [[[107.47, -2.89], [107.40, -2.90], [107.41, -2.83], [107.49, -2.84], [107.47, -2.89]]], [[[106.88, -3.00], [106.81, -3.01], [106.74, -2.93], [106.79, -2.89], [106.91, -2.93], [106.88, -3.00]]], [[[114.41, -7.13], [114.34, -7.16], [114.29, -7.09], [114.38, -7.08], [114.41, -7.13]]], [[[112.71, -5.81], [112.60, -5.84], [112.58, -5.80], [112.69, -5.72], [112.71, -5.81]]], [[[105.25, -6.64], [105.19, -6.66], [105.12, -6.61], [105.26, -6.52], [105.25, -6.64]]], [[[97.33, 2.07], [97.32, 2.05], [97.10, 2.21], [97.29, 2.20], [97.33, 2.07]]], [[[95.36, 5.81], [95.28, 5.79], [95.21, 5.88], [95.35, 5.87], [95.36, 5.81]]], [[[123.59, -1.70], [123.48, -1.68], [123.48, -1.53], [123.52, -1.50], [123.61, -1.62], [123.59, -1.70]]], [[[123.24, -4.11], [123.14, -4.23], [123.07, -4.22], [122.99, -4.14], [122.96, -4.02], [123.02, -3.98], [123.21, -3.99], [123.24, -4.11]]], [[[123.84, -1.95], [123.86, -1.99], [123.80, -1.99], [123.78, -1.87], [123.84, -1.95]]], [[[123.15, -1.81], [123.07, -1.89], [123.10, -1.78], [123.15, -1.81]]], [[[119.46, -8.74], [119.38, -8.73], [119.37, -8.58], [119.44, -8.42], [119.55, -8.51], [119.44, -8.67], [119.46, -8.74]]], [[[119.07, -8.23], [119.02, -8.19], [119.09, -8.13], [119.13, -8.19], [119.07, -8.23]]], [[[115.60, -8.76], [115.58, -8.80], [115.48, -8.71], [115.56, -8.66], [115.60, -8.76]]], [[[117.64, 4.16], [117.88, 4.18], [117.92, 4.05], [117.73, 4.00], [117.62, 4.12], [117.64, 4.16]]], [[[117.65, 3.28], [117.64, 3.24], [117.56, 3.32], [117.54, 3.43], [117.68, 3.40], [117.65, 3.28]]], [[[124.05, -5.97], [124.04, -6.02], [123.97, -5.88], [124.02, -5.90], [124.05, -5.97]]], [[[123.62, -5.27], [123.62, -5.37], [123.58, -5.36], [123.54, -5.27], [123.62, -5.27]]], [[[120.77, -7.11], [120.64, -7.11], [120.63, -7.01], [120.78, -7.06], [120.77, -7.11]]], [[[117.55, -8.36], [117.49, -8.34], [117.49, -8.18], [117.66, -8.14], [117.55, -8.36]]], [[[116.42, -3.46], [116.38, -3.63], [116.32, -3.53], [116.42, -3.39], [116.42, -3.46]]], [[[127.37, 0.79], [127.30, 0.76], [127.29, 0.84], [127.35, 0.84], [127.37, 0.79]]], [[[134.37, -2.12], [134.33, -2.09], [134.36, -2.02], [134.41, -2.05], [134.37, -2.12]]], [[[133.57, -4.24], [133.62, -4.29], [133.33, -4.16], [133.32, -4.11], [133.57, -4.24]]], [[[130.90, -0.77], [130.83, -0.86], [130.40, -0.92], [130.48, -0.83], [130.90, -0.77]]], [[[130.62, -0.52], [130.56, -0.52], [130.46, -0.48], [130.61, -0.41], [130.68, -0.46], [130.62, -0.52]]], [[[129.54, -0.18], [129.37, -0.06], [129.30, 0.04], [129.54, -0.13], [129.54, -0.18]]], [[[127.45, -0.00], [127.44, -0.03], [127.39, 0.01], [127.43, 0.14], [127.45, -0.00]]], [[[127.41, 0.64], [127.37, 0.63], [127.38, 0.74], [127.44, 0.73], [127.41, 0.64]]], [[[127.30, -0.78], [127.15, -0.76], [127.20, -0.61], [127.25, -0.62], [127.30, -0.78]]], [[[128.72, -3.54], [128.71, -3.60], [128.61, -3.58], [128.58, -3.51], [128.72, -3.54]]], [[[128.56, -3.58], [128.39, -3.63], [128.45, -3.51], [128.56, -3.58]]], [[[126.71, 3.87], [126.72, 3.83], [126.63, 4.04], [126.73, 3.91], [126.71, 3.87]]], [[[126.85, 3.76], [126.79, 3.78], [126.77, 3.84], [126.85, 3.81], [126.85, 3.76]]], [[[125.40, 2.65], [125.36, 2.74], [125.39, 2.80], [125.44, 2.76], [125.40, 2.65]]], [[[131.98, -7.20], [131.96, -7.25], [131.75, -7.11], [131.92, -7.10], [131.98, -7.20]]], [[[128.67, -7.18], [128.62, -7.20], [128.52, -7.13], [128.62, -7.06], [128.67, -7.18]]], [[[127.41, -7.62], [127.35, -7.64], [127.37, -7.51], [127.47, -7.53], [127.41, -7.62]]], [[[123.41, -10.30], [123.32, -10.33], [123.32, -10.26], [123.45, -10.13], [123.49, -10.19], [123.40, -10.22], [123.41, -10.30]]], [[[121.88, -10.59], [121.70, -10.55], [121.86, -10.43], [121.99, -10.44], [121.98, -10.52], [121.88, -10.59]]], [[[134.81, -6.43], [134.79, -6.39], [134.88, -6.32], [134.81, -6.43]]], [[[134.67, -6.74], [134.62, -6.71], [134.73, -6.62], [134.72, -6.66], [134.67, -6.74]]], [[[127.98, -2.93], [127.93, -3.02], [127.83, -3.00], [127.93, -2.95], [127.98, -2.93]]], [[[127.60, -3.31], [127.62, -3.35], [127.48, -3.28], [127.55, -3.25], [127.60, -3.31]]], [[[122.97, -8.54], [122.94, -8.60], [122.88, -8.58], [123.01, -8.44], [123.15, -8.47], [122.97, -8.54]]]]}}, {"type": "Feature", "properties": {}, "geometry": {"type": "MultiPolygon", "coordinates": [[[[68.16, 23.85], [68.38, 23.95], [68.72, 23.96], [68.72, 24.26], [68.78, 24.31], [68.82, 24.26], [69.55, 24.27], [69.80, 24.16], [70.02, 24.19], [70.09, 24.28], [70.48, 24.41], [70.54, 24.41], [70.57, 24.27], [70.71, 24.23], [71.04, 24.40], [70.97, 24.48], [70.96, 24.57], [71.04, 24.68], [70.65, 25.42], [70.64, 25.66], [70.56, 25.70], [70.26, 25.70], [70.10, 25.91], [70.07, 26.07], [70.13, 26.21], [70.14, 26.50], [70.05, 26.57], [69.73, 26.62], [69.50, 26.74], [69.47, 26.80], [69.53, 27.12], [69.89, 27.47], [70.14, 27.84], [70.40, 28.02], [70.62, 27.93], [70.69, 27.76], [70.79, 27.70], [71.87, 27.96], [71.94, 28.17], [72.12, 28.34], [72.34, 28.75], [72.90, 29.02], [73.23, 29.55], [73.38, 29.93], [73.80, 30.09], [73.93, 30.22], [73.89, 30.43], [74.33, 30.89], [74.63, 31.03], [74.51, 31.18], [74.59, 31.46], [74.50, 31.71], [74.55, 31.81], [74.73, 31.94], [75.25, 32.14], [75.32, 32.21], [75.33, 32.27], [75.23, 32.37], [74.98, 32.46], [74.68, 32.49], [74.64, 32.60], [74.66, 32.75], [74.35, 32.76], [74.30, 32.81], [74.30, 32.99], [74.00, 33.18], [73.99, 33.24], [74.11, 33.38], [74.15, 33.50], [74.00, 33.63], [73.97, 33.72], [74.00, 33.78], [74.21, 33.88], [74.25, 33.94], [74.24, 33.99], [73.94, 34.01], [73.90, 34.07], [73.97, 34.23], [73.80, 34.32], [73.79, 34.37], [73.96, 34.65], [74.30, 34.76], [75.18, 34.63], [75.45, 34.53], [75.70, 34.50], [76.04, 34.66], [76.45, 34.75], [76.59, 34.73], [76.78, 34.90], [77.00, 34.99], [77.04, 35.10], [77.79, 35.49], [77.89, 35.44], [78.04, 35.47], [78.01, 35.25], [78.32, 34.60], [78.67, 34.51], [78.97, 34.30], [78.97, 34.22], [78.75, 34.08], [78.72, 34.01], [78.80, 33.49], [79.13, 33.17], [79.10, 33.05], [79.20, 32.94], [79.21, 32.50], [79.12, 32.47], [79.06, 32.38], [78.91, 32.35], [78.77, 32.46], [78.70, 32.59], [78.41, 32.55], [78.38, 32.51], [78.49, 32.21], [78.73, 31.95], [78.69, 31.74], [78.80, 31.61], [78.72, 31.47], [78.74, 31.32], [78.79, 31.29], [78.97, 31.32], [79.01, 31.41], [79.10, 31.40], [79.33, 31.10], [79.49, 30.99], [79.56, 30.94], [79.79, 30.96], [80.08, 30.78], [80.14, 30.78], [80.19, 30.75], [80.19, 30.56], [80.68, 30.41], [80.98, 30.23], [81.01, 30.16], [80.84, 30.13], [80.40, 29.73], [80.25, 29.42], [80.23, 29.19], [80.08, 28.99], [80.07, 28.83], [80.41, 28.61], [80.47, 28.60], [80.51, 28.66], [80.58, 28.64], [81.16, 28.33], [81.31, 28.17], [81.85, 27.86], [81.98, 27.91], [82.45, 27.67], [82.67, 27.67], [82.73, 27.51], [83.28, 27.37], [83.44, 27.46], [83.82, 27.37], [84.09, 27.49], [84.61, 27.29], [84.68, 27.04], [85.12, 26.86], [85.24, 26.75], [85.56, 26.83], [85.69, 26.78], [85.73, 26.63], [85.79, 26.60], [86.00, 26.64], [86.36, 26.57], [86.70, 26.43], [87.01, 26.55], [87.08, 26.43], [87.28, 26.36], [87.41, 26.42], [87.63, 26.39], [87.84, 26.43], [87.99, 26.38], [88.05, 26.43], [88.16, 26.72], [88.11, 26.92], [87.98, 27.13], [88.02, 27.40], [88.14, 27.74], [88.15, 27.84], [88.09, 27.90], [88.14, 27.94], [88.57, 28.09], [88.80, 28.00], [88.84, 27.86], [88.74, 27.52], [88.76, 27.42], [88.89, 27.31], [88.73, 27.17], [88.83, 27.06], [88.85, 26.96], [89.14, 26.81], [89.33, 26.84], [89.58, 26.77], [89.60, 26.71], [89.76, 26.70], [90.12, 26.75], [90.20, 26.84], [90.34, 26.89], [90.73, 26.77], [91.28, 26.78], [91.42, 26.86], [91.51, 26.80], [91.67, 26.80], [91.99, 26.85], [92.07, 26.91], [91.99, 27.09], [92.08, 27.29], [91.99, 27.45], [91.74, 27.44], [91.59, 27.55], [91.63, 27.75], [91.97, 27.73], [92.10, 27.80], [92.41, 27.82], [92.54, 27.87], [92.68, 27.98], [92.64, 28.06], [92.70, 28.14], [93.03, 28.32], [93.25, 28.62], [93.76, 28.72], [93.97, 28.86], [94.01, 28.95], [94.11, 28.97], [94.29, 29.14], [94.62, 29.31], [94.73, 29.25], [94.76, 29.17], [95.38, 29.03], [95.51, 29.15], [95.51, 29.20], [96.03, 29.44], [96.23, 29.24], [96.35, 29.24], [96.12, 29.08], [96.13, 28.92], [96.43, 29.05], [96.58, 28.76], [96.39, 28.60], [96.28, 28.41], [96.38, 28.36], [96.60, 28.45], [96.77, 28.36], [96.98, 28.33], [97.07, 28.36], [97.32, 28.21], [97.33, 27.93], [96.96, 27.69], [96.87, 27.58], [96.90, 27.43], [97.10, 27.11], [96.95, 27.13], [96.73, 27.33], [96.19, 27.26], [96.06, 27.21], [95.90, 27.04], [95.46, 26.75], [95.12, 26.59], [95.05, 26.34], [95.13, 26.04], [95.01, 25.91], [94.94, 25.70], [94.78, 25.51], [94.66, 25.45], [94.57, 25.31], [94.55, 25.21], [94.67, 25.13], [94.70, 25.04], [94.58, 24.76], [94.29, 24.32], [94.12, 23.87], [93.68, 24.00], [93.49, 23.97], [93.32, 24.06], [93.41, 23.68], [93.36, 23.13], [93.30, 23.03], [93.16, 23.03], [93.16, 22.90], [93.07, 22.71], [93.15, 22.23], [93.04, 22.18], [92.96, 22.00], [92.90, 21.98], [92.72, 22.13], [92.57, 21.97], [92.49, 22.68], [92.36, 22.92], [92.33, 23.32], [92.24, 23.68], [92.15, 23.72], [91.92, 23.68], [91.93, 23.50], [91.75, 23.28], [91.75, 23.05], [91.61, 22.97], [91.51, 23.03], [91.43, 23.19], [91.37, 23.19], [91.36, 23.07], [91.31, 23.10], [91.16, 23.58], [91.23, 23.92], [91.36, 24.09], [91.52, 24.09], [91.72, 24.20], [91.87, 24.19], [91.95, 24.35], [92.10, 24.40], [92.22, 24.88], [92.44, 24.84], [92.46, 24.94], [92.04, 25.16], [90.43, 25.15], [89.83, 25.29], [89.79, 25.37], [89.82, 25.94], [89.67, 26.21], [89.58, 26.18], [89.54, 26.00], [89.36, 26.00], [89.18, 26.10], [89.01, 26.41], [88.92, 26.37], [88.97, 26.25], [88.82, 26.25], [88.68, 26.29], [88.62, 26.43], [88.36, 26.56], [88.35, 26.48], [88.43, 26.43], [88.44, 26.36], [88.15, 26.08], [88.08, 25.88], [88.36, 25.69], [88.50, 25.53], [88.76, 25.49], [88.82, 25.36], [88.95, 25.25], [88.81, 25.17], [88.45, 25.18], [88.31, 24.88], [88.14, 24.91], [88.02, 24.62], [88.14, 24.48], [88.28, 24.47], [88.39, 24.38], [88.72, 24.27], [88.69, 24.00], [88.56, 23.67], [88.74, 23.43], [88.72, 23.25], [88.92, 23.18], [88.85, 23.04], [88.92, 22.63], [89.05, 22.27], [89.02, 21.93], [88.94, 21.93], [89.01, 21.83], [89.05, 21.65], [88.90, 21.65], [88.85, 21.74], [88.74, 21.58], [88.69, 21.73], [88.74, 22.00], [88.64, 22.12], [88.56, 21.83], [88.58, 21.65], [88.44, 21.61], [88.28, 21.75], [88.25, 21.62], [88.12, 21.63], [88.05, 21.69], [88.19, 22.13], [87.99, 22.26], [87.94, 22.37], [87.96, 22.25], [88.15, 22.12], [87.94, 21.82], [87.67, 21.65], [87.10, 21.50], [86.85, 21.23], [86.84, 21.10], [86.97, 20.70], [86.76, 20.41], [86.75, 20.31], [86.49, 20.17], [86.37, 20.00], [86.24, 20.05], [86.31, 19.98], [86.21, 19.89], [85.57, 19.69], [85.49, 19.69], [85.55, 19.75], [85.55, 19.86], [85.50, 19.88], [85.24, 19.75], [85.18, 19.59], [85.37, 19.67], [85.44, 19.62], [85.22, 19.50], [84.77, 19.12], [84.69, 18.96], [84.10, 18.29], [83.65, 18.06], [83.19, 17.60], [82.35, 17.09], [82.28, 16.93], [82.35, 16.78], [82.25, 16.55], [81.76, 16.32], [81.40, 16.36], [81.28, 16.33], [81.13, 15.96], [81.03, 15.88], [80.97, 15.75], [80.82, 15.76], [80.78, 15.86], [80.64, 15.89], [80.38, 15.79], [80.29, 15.71], [80.10, 15.32], [80.05, 15.07], [80.17, 14.47], [80.11, 14.21], [80.30, 13.48], [80.15, 13.71], [80.06, 13.60], [80.34, 13.36], [80.22, 12.69], [80.14, 12.45], [79.85, 11.98], [79.75, 11.57], [79.79, 11.44], [79.69, 11.31], [79.79, 11.33], [79.84, 11.19], [79.83, 10.32], [79.53, 10.32], [79.31, 10.25], [79.25, 10.17], [79.25, 10.03], [78.93, 9.56], [78.91, 9.45], [79.01, 9.33], [79.27, 9.28], [79.41, 9.19], [78.97, 9.26], [78.42, 9.10], [78.19, 8.89], [78.12, 8.51], [78.06, 8.38], [77.51, 8.07], [77.30, 8.14], [77.06, 8.31], [76.55, 8.90], [76.32, 9.45], [76.24, 9.92], [76.34, 9.82], [76.37, 9.53], [76.45, 9.53], [76.34, 9.92], [76.19, 10.08], [76.20, 10.20], [75.92, 10.78], [75.72, 11.36], [75.52, 11.70], [75.19, 12.05], [74.94, 12.56], [74.77, 13.07], [74.67, 13.66], [74.49, 14.04], [74.38, 14.49], [73.94, 15.07], [73.88, 15.30], [73.80, 15.39], [73.93, 15.39], [73.77, 15.57], [73.83, 15.65], [73.73, 15.65], [73.67, 15.70], [73.47, 16.05], [73.33, 16.45], [73.15, 17.62], [72.99, 18.09], [72.87, 18.64], [73.00, 19.02], [72.97, 19.15], [72.83, 18.97], [72.80, 19.07], [72.81, 19.29], [72.98, 19.27], [72.78, 19.36], [72.75, 19.45], [72.79, 19.51], [72.72, 19.57], [72.66, 19.83], [72.89, 20.67], [72.81, 21.11], [72.69, 21.17], [72.62, 21.37], [72.73, 21.47], [72.61, 21.46], [72.81, 21.61], [73.11, 21.75], [72.83, 21.68], [72.54, 21.69], [72.59, 21.87], [72.70, 21.97], [72.52, 21.97], [72.55, 22.15], [72.80, 22.23], [72.59, 22.27], [72.18, 22.26], [72.30, 22.18], [72.27, 22.08], [72.03, 21.82], [72.21, 21.72], [72.25, 21.66], [72.25, 21.53], [72.01, 21.15], [71.02, 20.73], [70.71, 20.74], [70.48, 20.84], [70.03, 21.17], [69.74, 21.50], [69.19, 21.99], [68.96, 22.29], [68.98, 22.38], [69.05, 22.43], [69.27, 22.28], [69.54, 22.40], [69.65, 22.40], [69.72, 22.46], [69.81, 22.45], [70.00, 22.54], [70.17, 22.57], [70.44, 22.97], [70.51, 23.00], [70.48, 23.08], [70.33, 22.93], [70.11, 22.94], [69.66, 22.75], [69.23, 22.84], [68.81, 23.05], [68.64, 23.18], [68.41, 23.57], [68.77, 23.85], [68.23, 23.59], [68.16, 23.85]]], [[[93.89, 6.83], [93.82, 6.74], [93.70, 7.00], [93.65, 7.01], [93.68, 7.18], [93.82, 7.23], [93.92, 6.97], [93.89, 6.83]]], [[[93.73, 7.35], [93.63, 7.26], [93.59, 7.31], [93.69, 7.41], [93.73, 7.35]]], [[[93.14, 8.24], [93.17, 8.21], [93.06, 8.27], [93.09, 8.34], [93.14, 8.24]]], [[[93.44, 7.87], [93.36, 7.87], [93.30, 7.96], [93.33, 8.00], [93.37, 8.01], [93.44, 7.87]]], [[[93.53, 8.05], [93.47, 8.02], [93.45, 8.17], [93.49, 8.22], [93.53, 8.21], [93.53, 8.05]]], [[[92.78, 9.13], [92.71, 9.16], [92.76, 9.24], [92.80, 9.17], [92.78, 9.13]]], [[[92.50, 10.55], [92.47, 10.52], [92.36, 10.54], [92.35, 10.75], [92.51, 10.89], [92.57, 10.70], [92.50, 10.55]]], [[[92.69, 11.38], [92.59, 11.38], [92.64, 11.50], [92.69, 11.46], [92.69, 11.38]]], [[[92.72, 11.53], [92.66, 11.53], [92.53, 11.87], [92.60, 11.94], [92.67, 12.19], [92.78, 12.22], [92.71, 12.35], [92.72, 12.54], [92.74, 12.77], [92.83, 13.00], [92.85, 13.35], [92.92, 13.48], [93.06, 13.54], [93.07, 13.40], [93.01, 13.33], [93.06, 13.22], [92.88, 12.94], [92.96, 12.85], [92.99, 12.53], [92.93, 12.45], [92.86, 12.43], [92.87, 12.22], [92.74, 11.99], [92.79, 11.87], [92.72, 11.53]]], [[[93.01, 12.03], [93.06, 11.89], [92.95, 12.00], [93.01, 12.03]]], [[[92.71, 12.86], [92.68, 12.79], [92.71, 12.96], [92.73, 12.94], [92.71, 12.86]]], [[[72.78, 11.20], [72.77, 11.21], [72.79, 11.26], [72.78, 11.21], [72.78, 11.20]]], [[[73.06, 8.26], [73.03, 8.25], [73.02, 8.26], [73.07, 8.31], [73.06, 8.26]]]]}}, {"type": "Feature", "properties": {}, "geometry": {"type": "Polygon", "coordinates": [[[-15.54, 66.22], [-15.24, 66.25], [-14.85, 66.38], [-14.59, 66.38], [-14.91, 66.28], [-15.11, 66.10], [-14.69, 66.02], [-14.68, 65.89], [-14.82, 65.76], [-14.39, 65.78], [-14.31, 65.68], [-14.47, 65.57], [-14.16, 65.64], [-13.61, 65.51], [-13.66, 65.39], [-13.80, 65.35], [-13.64, 65.27], [-13.75, 65.19], [-13.58, 65.14], [-13.56, 65.06], [-13.85, 64.99], [-13.85, 64.86], [-14.04, 64.74], [-14.38, 64.74], [-14.37, 64.67], [-14.46, 64.63], [-14.43, 64.53], [-14.62, 64.41], [-15.02, 64.29], [-15.25, 64.29], [-15.83, 64.17], [-16.64, 63.86], [-17.81, 63.71], [-17.91, 63.63], [-17.88, 63.59], [-17.94, 63.53], [-18.08, 63.49], [-18.25, 63.52], [-18.22, 63.47], [-18.65, 63.40], [-20.19, 63.55], [-20.49, 63.68], [-20.46, 63.74], [-20.36, 63.76], [-20.41, 63.80], [-20.65, 63.73], [-20.72, 63.79], [-21.13, 63.88], [-21.10, 63.93], [-21.44, 63.85], [-22.65, 63.82], [-22.74, 64.01], [-22.70, 64.08], [-22.51, 63.99], [-22.18, 64.03], [-21.86, 64.18], [-21.66, 64.34], [-21.46, 64.37], [-21.64, 64.39], [-22.05, 64.31], [-21.90, 64.39], [-22.00, 64.41], [-21.95, 64.51], [-21.59, 64.62], [-21.67, 64.64], [-22.10, 64.53], [-22.32, 64.62], [-22.24, 64.72], [-22.46, 64.79], [-23.34, 64.82], [-23.81, 64.73], [-24.02, 64.86], [-23.92, 64.91], [-23.35, 64.95], [-23.19, 65.00], [-23.10, 64.96], [-22.78, 65.04], [-21.89, 65.04], [-21.76, 65.17], [-22.09, 65.12], [-22.50, 65.19], [-21.84, 65.44], [-22.90, 65.58], [-23.89, 65.40], [-24.47, 65.52], [-24.24, 65.61], [-23.85, 65.53], [-24.01, 65.61], [-24.09, 65.77], [-23.61, 65.67], [-23.28, 65.75], [-23.70, 65.78], [-23.83, 65.84], [-23.52, 65.88], [-23.77, 66.01], [-23.73, 66.06], [-23.43, 66.02], [-23.59, 66.10], [-23.45, 66.18], [-23.06, 66.08], [-23.01, 65.98], [-22.65, 66.02], [-22.60, 65.97], [-22.61, 65.86], [-22.44, 65.90], [-22.44, 66.07], [-22.94, 66.21], [-22.48, 66.26], [-22.68, 66.33], [-23.11, 66.33], [-22.88, 66.44], [-22.42, 66.43], [-21.40, 66.02], [-21.51, 65.96], [-21.30, 65.89], [-21.37, 65.74], [-21.45, 65.69], [-21.65, 65.72], [-21.46, 65.63], [-21.45, 65.58], [-21.36, 65.57], [-21.43, 65.47], [-21.22, 65.42], [-21.12, 65.26], [-20.93, 65.56], [-20.80, 65.63], [-20.67, 65.66], [-20.45, 65.57], [-20.35, 65.71], [-20.35, 66.03], [-20.20, 66.10], [-20.02, 66.04], [-19.64, 65.80], [-19.48, 65.76], [-19.43, 65.81], [-19.45, 65.98], [-19.38, 66.07], [-18.84, 66.18], [-18.27, 65.88], [-18.14, 65.73], [-18.09, 65.83], [-18.31, 66.09], [-18.29, 66.15], [-17.90, 66.14], [-17.55, 65.96], [-17.15, 66.20], [-16.83, 66.12], [-16.48, 66.19], [-16.42, 66.27], [-16.54, 66.44], [-16.24, 66.52], [-15.98, 66.51], [-15.71, 66.35], [-15.70, 66.28], [-15.54, 66.22]]]}}, {"type": "Feature", "properties": {}, "geometry": {"type": "Polygon", "coordinates": [[[22.13, 48.40], [22.25, 48.40], [22.35, 48.25], [22.52, 48.20], [22.58, 48.13], [22.76, 48.10], [22.87, 47.94], [22.60, 47.76], [22.29, 47.72], [21.99, 47.50], [21.99, 47.39], [21.66, 47.04], [21.65, 46.96], [21.49, 46.78], [21.49, 46.70], [21.32, 46.60], [21.25, 46.48], [21.26, 46.41], [21.03, 46.24], [20.83, 46.25], [20.61, 46.13], [20.50, 46.16], [20.24, 46.10], [19.61, 46.16], [19.27, 46.00], [19.08, 46.01], [18.92, 45.93], [18.66, 45.90], [18.43, 45.76], [17.96, 45.77], [17.80, 45.79], [17.60, 45.91], [17.31, 45.99], [16.87, 46.33], [16.51, 46.49], [16.38, 46.63], [16.28, 46.85], [16.09, 46.86], [16.25, 46.97], [16.45, 47.00], [16.49, 47.12], [16.41, 47.22], [16.46, 47.27], [16.44, 47.39], [16.62, 47.44], [16.67, 47.53], [16.63, 47.60], [16.42, 47.67], [16.59, 47.75], [16.78, 47.67], [17.06, 47.70], [17.03, 47.83], [17.14, 48.00], [17.31, 47.99], [17.76, 47.77], [18.72, 47.78], [18.77, 47.85], [18.75, 47.93], [18.79, 48.00], [18.91, 48.05], [19.46, 48.11], [19.62, 48.22], [19.95, 48.14], [20.33, 48.29], [20.49, 48.52], [20.86, 48.54], [21.06, 48.50], [21.45, 48.55], [21.72, 48.34], [22.13, 48.40]]]}}, {"type": "Feature", "properties": {}, "geometry": {"type": "MultiPolygon", "coordinates": [[[[-83.15, 14.99], [-83.53, 14.97], [-83.63, 14.87], [-83.97, 14.77], [-84.06, 14.78], [-84.15, 14.72], [-84.23, 14.74], [-84.26, 14.69], [-84.45, 14.64], [-84.64, 14.66], [-84.86, 14.80], [-84.98, 14.75], [-85.03, 14.60], [-85.16, 14.52], [-85.17, 14.34], [-85.68, 13.98], [-85.73, 13.85], [-85.78, 13.84], [-85.98, 13.96], [-86.04, 14.05], [-86.15, 13.99], [-86.33, 13.77], [-86.75, 13.74], [-86.71, 13.31], [-86.87, 13.26], [-86.95, 13.05], [-87.05, 12.99], [-87.33, 12.97], [-87.33, 13.08], [-87.41, 13.12], [-87.49, 13.27], [-87.48, 13.35], [-87.81, 13.39], [-87.73, 13.45], [-87.78, 13.52], [-87.71, 13.81], [-87.80, 13.88], [-87.99, 13.87], [-88.15, 13.98], [-88.48, 13.85], [-88.51, 13.97], [-88.70, 14.03], [-89.12, 14.37], [-89.36, 14.41], [-89.17, 14.60], [-89.22, 14.86], [-89.14, 15.07], [-88.96, 15.15], [-88.22, 15.72], [-88.13, 15.70], [-87.87, 15.87], [-87.70, 15.91], [-87.61, 15.90], [-87.48, 15.79], [-87.28, 15.83], [-86.90, 15.76], [-86.35, 15.78], [-85.93, 15.95], [-85.98, 16.02], [-85.48, 15.89], [-85.16, 15.91], [-84.97, 15.98], [-84.64, 15.88], [-84.55, 15.80], [-84.42, 15.82], [-84.51, 15.87], [-84.26, 15.82], [-83.76, 15.40], [-83.97, 15.51], [-84.11, 15.49], [-84.09, 15.40], [-83.92, 15.39], [-83.76, 15.22], [-83.58, 15.26], [-83.49, 15.22], [-83.64, 15.36], [-83.36, 15.23], [-83.29, 15.07], [-83.15, 14.99]]], [[[-86.41, 16.37], [-86.58, 16.30], [-86.63, 16.30], [-86.43, 16.41], [-86.25, 16.42], [-86.41, 16.37]]], [[[-85.87, 16.46], [-85.94, 16.40], [-85.92, 16.48], [-85.83, 16.51], [-85.87, 16.46]]]]}}, {"type": "Feature", "properties": {}, "geometry": {"type": "MultiPolygon", "coordinates": [[[[-71.77, 19.71], [-71.71, 19.48], [-71.74, 19.28], [-71.64, 19.16], [-71.80, 18.98], [-71.73, 18.85], [-71.74, 18.73], [-71.86, 18.61], [-72.00, 18.59], [-71.87, 18.41], [-71.76, 18.34], [-71.76, 18.03], [-72.05, 18.22], [-72.50, 18.21], [-72.87, 18.15], [-73.38, 18.25], [-73.74, 18.19], [-73.88, 18.04], [-74.08, 18.21], [-74.45, 18.39], [-74.47, 18.45], [-74.38, 18.62], [-74.22, 18.66], [-73.59, 18.52], [-72.78, 18.43], [-72.61, 18.55], [-72.37, 18.57], [-72.34, 18.67], [-72.81, 19.07], [-72.74, 19.13], [-72.76, 19.24], [-72.70, 19.44], [-73.05, 19.61], [-73.39, 19.65], [-73.43, 19.72], [-73.40, 19.80], [-73.31, 19.85], [-72.87, 19.92], [-72.63, 19.90], [-72.21, 19.74], [-71.77, 19.71]]], [[[-72.80, 18.77], [-72.82, 18.70], [-73.07, 18.79], [-73.28, 18.89], [-73.27, 18.95], [-73.06, 18.93], [-72.80, 18.77]]], [[[-72.66, 20.03], [-72.63, 19.98], [-72.96, 20.06], [-72.79, 20.09], [-72.66, 20.03]]]]}}, {"type": "Feature", "properties": {}, "geometry": {"type": "Polygon", "coordinates": [[[-60.74, 5.20], [-61.39, 5.93], [-61.12, 6.21], [-61.20, 6.58], [-61.14, 6.69], [-60.93, 6.73], [-60.87, 6.78], [-60.71, 6.76], [-60.35, 7.00], [-60.34, 7.15], [-60.58, 7.15], [-60.63, 7.21], [-60.60, 7.32], [-60.71, 7.53], [-60.51, 7.81], [-60.38, 7.82], [-60.03, 8.05], [-59.96, 8.19], [-59.84, 8.24], [-59.83, 8.30], [-60.01, 8.54], [-59.83, 8.37], [-59.66, 8.36], [-59.20, 8.07], [-58.81, 7.73], [-58.51, 7.39], [-58.48, 7.03], [-58.58, 6.84], [-58.61, 6.50], [-58.67, 6.39], [-58.59, 6.45], [-58.56, 6.62], [-58.41, 6.85], [-58.29, 6.87], [-57.98, 6.78], [-57.60, 6.45], [-57.54, 6.33], [-57.34, 6.27], [-57.22, 6.17], [-57.16, 5.88], [-57.19, 5.54], [-57.31, 5.33], [-57.20, 5.19], [-57.30, 5.10], [-57.33, 5.02], [-57.71, 4.99], [-57.88, 4.88], [-57.91, 4.82], [-57.84, 4.66], [-58.05, 4.10], [-57.83, 3.67], [-57.64, 3.51], [-57.64, 3.39], [-57.54, 3.35], [-57.30, 3.37], [-57.19, 2.85], [-57.10, 2.76], [-56.70, 2.03], [-56.48, 1.94], [-56.83, 1.88], [-57.01, 1.92], [-57.11, 2.01], [-57.31, 1.96], [-57.41, 1.90], [-57.54, 1.72], [-57.98, 1.64], [-58.03, 1.52], [-58.34, 1.58], [-58.39, 1.48], [-58.50, 1.43], [-58.51, 1.28], [-58.68, 1.28], [-58.82, 1.20], [-58.96, 1.30], [-59.23, 1.37], [-59.53, 1.7], [-59.66, 1.74], [-59.66, 1.84], [-59.75, 1.90], [-59.75, 2.27], [-59.88, 2.36], [-59.99, 2.68], [-59.97, 2.99], [-59.83, 3.34], [-59.85, 3.58], [-59.67, 3.69], [-59.55, 3.93], [-59.73, 4.22], [-59.70, 4.38], [-59.83, 4.47], [-60.14, 4.53], [-60.03, 4.74], [-59.99, 5.08], [-60.14, 5.23], [-60.24, 5.25], [-60.45, 5.18], [-60.74, 5.20]]]}}, {"type": "Feature", "properties": {}, "geometry": {"type": "MultiPolygon", "coordinates": [[[[-16.71, 12.35], [-16.52, 12.34], [-16.14, 12.45], [-15.83, 12.43], [-15.57, 12.49], [-15.19, 12.67], [-13.72, 12.67], [-13.67, 12.47], [-13.70, 12.31], [-13.94, 12.21], [-13.94, 12.17], [-13.73, 12.00], [-13.73, 11.73], [-13.95, 11.66], [-14.26, 11.65], [-14.45, 11.55], [-14.68, 11.50], [-15.04, 10.94], [-15.09, 11.01], [-15.05, 11.14], [-15.22, 11.03], [-15.21, 11.15], [-15.31, 11.15], [-15.39, 11.21], [-15.35, 11.39], [-15.47, 11.41], [-15.42, 11.49], [-15.07, 11.59], [-15.12, 11.66], [-15.23, 11.68], [-15.41, 11.61], [-15.50, 11.72], [-15.46, 11.84], [-15.21, 11.87], [-15.10, 11.91], [-15.07, 11.96], [-15.18, 11.92], [-15.43, 11.94], [-15.81, 11.76], [-15.94, 11.78], [-15.92, 11.93], [-16.13, 11.91], [-16.32, 12.05], [-16.24, 12.23], [-16.43, 12.20], [-16.71, 12.35]]], [[[-16.11, 11.05], [-16.19, 11.04], [-16.23, 11.11], [-16.06, 11.19], [-16.05, 11.11], [-16.11, 11.05]]], [[[-15.89, 11.08], [-15.96, 11.05], [-15.93, 11.19], [-15.90, 11.16], [-15.89, 11.08]]], [[[-15.72, 11.21], [-15.72, 11.17], [-15.77, 11.19], [-15.71, 11.30], [-15.65, 11.28], [-15.72, 11.21]]], [[[-15.55, 11.53], [-15.61, 11.53], [-15.48, 11.63], [-15.48, 11.56], [-15.55, 11.53]]], [[[-15.90, 11.46], [-15.94, 11.43], [-16.02, 11.47], [-15.96, 11.59], [-15.91, 11.58], [-15.90, 11.46]]], [[[-15.98, 11.88], [-16.03, 11.75], [-16.10, 11.77], [-16.15, 11.87], [-15.98, 11.88]]]]}}, {"type": "Feature", "properties": {}, "geometry": {"type": "Polygon", "coordinates": [[[-10.28, 8.48], [-10.39, 8.48], [-10.55, 8.31], [-10.71, 8.33], [-10.50, 8.68], [-10.60, 8.86], [-10.61, 9.05], [-10.74, 9.09], [-10.69, 9.31], [-11.20, 9.97], [-11.91, 9.99], [-11.92, 9.92], [-12.14, 9.87], [-12.27, 9.92], [-12.42, 9.89], [-12.50, 9.86], [-12.75, 9.37], [-12.95, 9.26], [-13.02, 9.10], [-13.12, 9.04], [-13.29, 9.04], [-13.26, 9.17], [-13.43, 9.42], [-13.56, 9.54], [-13.69, 9.53], [-13.65, 9.63], [-13.68, 9.92], [-13.75, 9.87], [-13.82, 9.88], [-13.95, 9.96], [-14.04, 10.14], [-14.17, 10.12], [-14.42, 10.24], [-14.60, 10.54], [-14.59, 10.76], [-14.67, 10.68], [-14.77, 10.93], [-14.88, 10.96], [-14.97, 10.80], [-15.05, 10.83], [-15.04, 10.94], [-14.68, 11.50], [-14.45, 11.55], [-14.26, 11.65], [-13.95, 11.66], [-13.73, 11.73], [-13.73, 12.00], [-13.94, 12.17], [-13.94, 12.21], [-13.70, 12.31], [-13.67, 12.47], [-13.72, 12.67], [-13.08, 12.63], [-13.06, 12.48], [-12.93, 12.53], [-12.79, 12.45], [-12.39, 12.34], [-12.04, 12.39], [-11.38, 12.40], [-11.50, 12.19], [-11.30, 12.01], [-11.20, 12.02], [-11.06, 12.17], [-10.93, 12.20], [-10.70, 11.89], [-10.61, 11.94], [-10.46, 12.13], [-10.27, 12.21], [-9.75, 12.02], [-9.65, 12.14], [-9.35, 12.25], [-9.33, 12.32], [-9.39, 12.46], [-9.21, 12.48], [-9.04, 12.40], [-8.81, 11.92], [-8.82, 11.67], [-8.71, 11.61], [-8.66, 11.51], [-8.39, 11.36], [-8.66, 11.00], [-8.60, 10.98], [-8.47, 11.04], [-8.33, 10.99], [-8.26, 10.48], [-7.98, 10.27], [-7.99, 10.16], [-8.15, 9.97], [-8.13, 9.49], [-8.03, 9.39], [-7.89, 9.41], [-7.91, 9.18], [-7.77, 9.08], [-7.93, 8.97], [-7.95, 8.78], [-7.78, 8.72], [-7.71, 8.64], [-7.68, 8.41], [-7.73, 8.37], [-7.82, 8.46], [-8.20, 8.48], [-8.25, 8.25], [-8.04, 8.16], [-8.00, 8.07], [-8.12, 7.86], [-8.11, 7.76], [-8.20, 7.59], [-8.23, 7.55], [-8.42, 7.60], [-8.48, 7.55], [-8.57, 7.67], [-8.65, 7.68], [-8.88, 7.26], [-9.11, 7.21], [-9.26, 7.37], [-9.46, 7.41], [-9.36, 7.70], [-9.51, 8.34], [-9.68, 8.48], [-9.73, 8.45], [-9.78, 8.53], [-10.06, 8.42], [-10.14, 8.51], [-10.28, 8.48]]]}}, {"type": "Feature", "properties": {}, "geometry": {"type": "Polygon", "coordinates": [[[-92.23, 14.54], [-92.15, 14.69], [-92.15, 14.96], [-92.07, 15.07], [-92.20, 15.27], [-91.73, 16.07], [-90.44, 16.07], [-90.41, 16.39], [-90.63, 16.51], [-90.71, 16.70], [-90.97, 16.86], [-91.40, 17.25], [-90.99, 17.25], [-90.98, 17.81], [-89.16, 17.81], [-89.23, 15.89], [-88.89, 15.89], [-88.60, 15.76], [-88.53, 15.84], [-88.59, 15.95], [-88.22, 15.72], [-88.96, 15.15], [-89.17, 15.03], [-89.22, 14.86], [-89.17, 14.60], [-89.36, 14.41], [-89.57, 14.39], [-89.54, 14.24], [-90.04, 13.90], [-90.10, 13.83], [-90.09, 13.73], [-90.60, 13.92], [-91.14, 13.92], [-91.37, 13.99], [-91.81, 14.22], [-92.23, 14.54]]]}}, {"type": "Feature", "properties": {}, "geometry": {"type": "Polygon", "coordinates": [[[-61.71, 12.01], [-61.78, 12.00], [-61.71, 12.18], [-61.66, 12.23], [-61.60, 12.22], [-61.62, 12.05], [-61.71, 12.01]]]}}, {"type": "Feature", "properties": {}, "geometry": {"type": "MultiPolygon", "coordinates": [[[[27.86, 36.55], [27.83, 36.53], [27.78, 36.60], [27.86, 36.64], [27.86, 36.55]]], [[[20.61, 38.38], [20.62, 38.26], [20.78, 38.14], [20.76, 38.07], [20.52, 38.10], [20.45, 38.23], [20.35, 38.17], [20.40, 38.33], [20.51, 38.33], [20.56, 38.47], [20.61, 38.38]]], [[[20.88, 37.80], [20.99, 37.70], [20.90, 37.73], [20.81, 37.66], [20.61, 37.85], [20.69, 37.92], [20.88, 37.80]]], [[[20.68, 38.60], [20.55, 38.58], [20.59, 38.76], [20.69, 38.84], [20.68, 38.60]]], [[[20.75, 38.32], [20.70, 38.31], [20.62, 38.48], [20.70, 38.45], [20.75, 38.32]]], [[[20.07, 39.43], [20.09, 39.37], [19.88, 39.46], [19.64, 39.76], [19.83, 39.82], [19.92, 39.77], [19.84, 39.66], [19.95, 39.47], [20.07, 39.43]]], [[[23.41, 38.95], [23.52, 38.81], [24.12, 38.64], [24.19, 38.54], [24.27, 38.22], [24.35, 38.16], [24.56, 38.14], [24.57, 38.02], [24.50, 37.96], [24.35, 38.01], [24.21, 38.11], [24.04, 38.38], [23.65, 38.44], [23.61, 38.55], [23.25, 38.80], [23.02, 38.87], [22.93, 38.83], [22.87, 38.87], [23.25, 39.03], [23.41, 38.95]]], [[[23.77, 39.11], [23.66, 39.09], [23.59, 39.20], [23.77, 39.11]]], [[[23.88, 39.15], [23.84, 39.14], [23.97, 39.26], [23.93, 39.20], [23.88, 39.15]]], [[[24.67, 38.80], [24.54, 38.78], [24.56, 38.83], [24.46, 38.88], [24.48, 38.98], [24.67, 38.80]]], [[[24.77, 40.61], [24.64, 40.57], [24.51, 40.64], [24.51, 40.68], [24.62, 40.79], [24.71, 40.78], [24.78, 40.70], [24.77, 40.61]]], [[[23.55, 37.92], [23.46, 37.90], [23.41, 37.93], [23.48, 37.99], [23.55, 37.92]]], [[[23.05, 36.18], [23.04, 36.14], [22.91, 36.22], [22.95, 36.38], [23.09, 36.24], [23.05, 36.18]]], [[[27.17, 35.46], [27.13, 35.40], [27.07, 35.59], [27.15, 35.78], [27.22, 35.82], [27.15, 35.62], [27.23, 35.47], [27.17, 35.46]]], [[[27.01, 36.95], [26.91, 36.94], [26.93, 37.02], [26.88, 37.08], [27.04, 37.00], [27.01, 36.95]]], [[[26.94, 36.72], [26.91, 36.72], [26.95, 36.77], [27.21, 36.89], [27.35, 36.86], [26.94, 36.72]]], [[[25.54, 36.96], [25.45, 36.92], [25.36, 37.07], [25.52, 37.19], [25.58, 37.15], [25.54, 36.96]]], [[[25.27, 37.06], [25.19, 36.99], [25.10, 37.03], [25.23, 37.14], [25.27, 37.13], [25.27, 37.06]]], [[[25.48, 36.39], [25.43, 36.34], [25.37, 36.35], [25.40, 36.47], [25.48, 36.39]]], [[[25.38, 36.67], [25.36, 36.65], [25.25, 36.75], [25.29, 36.78], [25.40, 36.71], [25.38, 36.67]]], [[[26.82, 37.81], [27.03, 37.77], [27.05, 37.70], [26.84, 37.64], [26.58, 37.72], [26.63, 37.78], [26.82, 37.81]]], [[[26.02, 37.52], [25.98, 37.52], [26.08, 37.63], [26.35, 37.67], [26.20, 37.56], [26.02, 37.52]]], [[[25.85, 36.79], [25.74, 36.78], [26.00, 36.93], [26.06, 36.90], [25.85, 36.79]]], [[[26.46, 36.58], [26.33, 36.51], [26.27, 36.54], [26.26, 36.59], [26.33, 36.58], [26.37, 36.63], [26.46, 36.58]]], [[[24.35, 37.57], [24.28, 37.52], [24.32, 37.67], [24.37, 37.68], [24.35, 37.57]]], [[[24.43, 37.34], [24.37, 37.31], [24.36, 37.41], [24.43, 37.47], [24.48, 37.40], [24.43, 37.34]]], [[[24.53, 36.76], [24.53, 36.68], [24.32, 36.65], [24.35, 36.74], [24.42, 36.71], [24.53, 36.76]]], [[[24.94, 37.49], [24.93, 37.38], [24.91, 37.39], [24.90, 37.50], [24.94, 37.49]]], [[[24.99, 37.75], [24.96, 37.69], [24.71, 37.89], [24.70, 37.96], [24.79, 37.99], [24.85, 37.91], [24.95, 37.90], [24.99, 37.75]]], [[[25.25, 37.59], [25.21, 37.53], [25.15, 37.54], [24.99, 37.67], [25.25, 37.59]]], [[[24.72, 36.92], [24.67, 36.95], [24.68, 37.02], [24.76, 36.94], [24.72, 36.92]]], [[[26.09, 38.21], [25.99, 38.16], [25.89, 38.24], [25.87, 38.26], [25.99, 38.35], [25.85, 38.50], [25.84, 38.57], [26.01, 38.60], [26.16, 38.54], [26.15, 38.30], [26.09, 38.21]]], [[[26.41, 39.32], [26.39, 39.27], [26.57, 39.10], [26.58, 39.03], [26.48, 39.07], [26.54, 38.99], [26.39, 38.97], [26.16, 39.02], [26.10, 39.08], [26.27, 39.19], [26.17, 39.19], [26.07, 39.09], [25.84, 39.20], [25.90, 39.28], [26.08, 39.30], [26.16, 39.33], [26.16, 39.37], [26.34, 39.38], [26.41, 39.32]]], [[[25.68, 40.42], [25.57, 40.40], [25.44, 40.48], [25.56, 40.51], [25.68, 40.42]]], [[[25.43, 39.98], [25.35, 39.80], [25.26, 39.82], [25.24, 39.89], [25.18, 39.82], [25.06, 39.85], [25.05, 39.99], [25.23, 40.00], [25.28, 39.95], [25.44, 40.03], [25.43, 39.98]]], [[[25.40, 37.41], [25.30, 37.41], [25.31, 37.48], [25.46, 37.47], [25.40, 37.41]]], [[[24.52, 37.12], [24.42, 37.13], [24.44, 37.18], [24.52, 37.19], [24.52, 37.12]]], [[[27.84, 35.92], [27.74, 35.91], [27.71, 35.95], [27.75, 36.06], [27.71, 36.17], [27.91, 36.34], [28.23, 36.43], [28.06, 36.12], [28.08, 36.06], [27.96, 36.04], [27.84, 35.92]]], [[[23.85, 35.53], [24.01, 35.52], [24.16, 35.59], [24.19, 35.53], [24.10, 35.49], [24.25, 35.46], [24.27, 35.38], [24.35, 35.35], [24.72, 35.42], [25.47, 35.30], [25.73, 35.34], [25.74, 35.14], [25.79, 35.12], [26.02, 35.21], [26.16, 35.21], [26.32, 35.31], [26.24, 35.04], [26.16, 35.01], [24.79, 34.93], [24.74, 34.95], [24.70, 35.08], [24.46, 35.16], [23.59, 35.25], [23.54, 35.41], [23.56, 35.53], [23.60, 35.56], [23.67, 35.51], [23.73, 35.65], [23.85, 35.53]]], [[[26.32, 41.71], [26.58, 41.60], [26.62, 41.40], [26.60, 41.35], [26.33, 41.23], [26.35, 40.99], [26.10, 40.74], [26.03, 40.72], [25.85, 40.84], [25.25, 40.93], [25.10, 40.99], [24.79, 40.85], [24.47, 40.94], [24.08, 40.72], [23.76, 40.74], [23.74, 40.67], [23.87, 40.54], [23.83, 40.48], [23.86, 40.41], [24.03, 40.40], [24.21, 40.32], [24.34, 40.14], [24.15, 40.28], [23.91, 40.35], [23.72, 40.32], [23.72, 40.28], [23.96, 40.11], [24.00, 40.02], [23.94, 39.96], [23.83, 40.02], [23.66, 40.22], [23.42, 40.26], [23.38, 40.22], [23.43, 40.11], [23.67, 39.95], [23.62, 39.92], [23.39, 39.98], [23.31, 40.21], [22.89, 40.39], [22.85, 40.49], [22.92, 40.59], [22.62, 40.49], [22.59, 40.03], [22.83, 39.80], [22.97, 39.56], [23.23, 39.35], [23.32, 39.17], [23.15, 39.10], [23.11, 39.13], [23.16, 39.25], [22.99, 39.33], [22.92, 39.30], [22.83, 39.25], [22.88, 39.16], [22.96, 39.03], [23.06, 39.03], [22.80, 38.90], [22.56, 38.86], [23.25, 38.66], [23.36, 38.52], [23.56, 38.48], [23.68, 38.35], [23.96, 38.27], [24.02, 38.13], [24.05, 37.70], [23.97, 37.67], [23.50, 38.03], [23.03, 37.87], [23.14, 37.79], [23.19, 37.62], [23.39, 37.57], [23.48, 37.44], [23.16, 37.33], [23.01, 37.48], [22.77, 37.58], [22.72, 37.54], [23.06, 36.85], [23.04, 36.64], [23.16, 36.44], [22.98, 36.52], [22.77, 36.78], [22.71, 36.79], [22.60, 36.77], [22.48, 36.56], [22.48, 36.44], [22.42, 36.47], [22.37, 36.51], [22.37, 36.70], [22.08, 37.02], [21.95, 36.99], [21.89, 36.73], [21.73, 36.86], [21.58, 37.08], [21.57, 37.20], [21.69, 37.30], [21.67, 37.38], [21.57, 37.54], [21.32, 37.66], [21.28, 37.77], [21.12, 37.89], [21.30, 38.02], [21.40, 38.19], [21.65, 38.17], [21.82, 38.32], [21.95, 38.32], [22.92, 37.95], [22.89, 38.05], [23.12, 38.07], [23.18, 38.13], [23.09, 38.19], [22.83, 38.23], [22.42, 38.43], [22.31, 38.35], [21.96, 38.41], [21.47, 38.32], [21.33, 38.48], [21.30, 38.37], [21.18, 38.34], [21.11, 38.38], [20.99, 38.65], [20.87, 38.77], [20.77, 38.80], [20.76, 38.87], [20.77, 38.92], [20.89, 38.94], [21.11, 38.89], [21.15, 38.92], [21.11, 39.02], [20.77, 39.00], [20.46, 39.25], [20.30, 39.32], [20.19, 39.54], [20.00, 39.70], [20.13, 39.66], [20.24, 39.67], [20.30, 39.79], [20.38, 39.80], [20.31, 39.97], [20.65, 40.11], [20.80, 40.44], [20.95, 40.49], [21.03, 40.62], [20.96, 40.84], [21.40, 40.90], [21.57, 40.86], [21.77, 40.95], [21.99, 41.13], [22.18, 41.15], [22.49, 41.11], [22.72, 41.17], [22.78, 41.33], [23.15, 41.32], [23.23, 41.38], [23.63, 41.38], [24.01, 41.46], [24.05, 41.52], [24.51, 41.55], [24.59, 41.44], [24.77, 41.35], [24.84, 41.39], [24.99, 41.36], [25.25, 41.24], [25.78, 41.33], [25.92, 41.31], [26.13, 41.38], [26.08, 41.70], [26.20, 41.74], [26.32, 41.71]]]]}}, {"type": "Feature", "properties": {}, "geometry": {"type": "Polygon", "coordinates": [[[-0.06, 11.11], [0.00, 11.02], [-0.08, 10.67], [0.38, 10.29], [0.32, 9.68], [0.26, 9.64], [0.34, 9.60], [0.27, 9.57], [0.23, 9.46], [0.25, 9.42], [0.40, 9.49], [0.52, 9.39], [0.46, 9.11], [0.48, 8.85], [0.37, 8.75], [0.41, 8.65], [0.61, 8.47], [0.68, 8.35], [0.58, 8.14], [0.60, 7.72], [0.5, 7.54], [0.50, 7.43], [0.63, 7.35], [0.52, 6.85], [0.73, 6.45], [0.98, 6.32], [1.04, 6.20], [1.18, 6.14], [1.18, 6.08], [1.05, 5.99], [0.94, 5.81], [0.74, 5.76], [0.25, 5.75], [-0.34, 5.50], [-0.79, 5.22], [-1.50, 5.03], [-2.00, 4.76], [-2.09, 4.76], [-2.39, 4.92], [-3.11, 5.08], [-3.08, 5.12], [-2.81, 5.15], [-2.75, 5.43], [-2.79, 5.60], [-2.96, 5.64], [-2.99, 5.71], [-3.22, 6.44], [-3.23, 6.80], [-2.98, 7.20], [-2.95, 7.45], [-2.78, 7.93], [-2.61, 8.04], [-2.61, 8.14], [-2.50, 8.20], [-2.60, 8.80], [-2.68, 9.02], [-2.74, 9.04], [-2.67, 9.28], [-2.78, 9.74], [-2.76, 10.23], [-2.82, 10.32], [-2.79, 10.43], [-2.91, 10.59], [-2.82, 10.99], [-1.04, 11.01], [-0.70, 10.98], [-0.62, 10.92], [-0.43, 11.09], [-0.34, 11.08], [-0.29, 11.16], [-0.06, 11.11]]]}}, {"type": "Feature", "properties": {}, "geometry": {"type": "MultiPolygon", "coordinates": [[[[9.52, 47.52], [9.18, 47.67], [8.88, 47.65], [8.57, 47.77], [8.40, 47.68], [8.57, 47.63], [8.43, 47.59], [7.92, 47.56], [7.56, 47.60], [7.53, 47.77], [7.61, 48.15], [7.83, 48.63], [8.14, 48.88], [8.13, 48.97], [7.61, 49.06], [7.45, 49.15], [7.03, 49.11], [7.00, 49.17], [6.89, 49.20], [6.73, 49.16], [6.53, 49.39], [6.34, 49.45], [6.37, 49.59], [6.48, 49.70], [6.48, 49.79], [6.25, 49.87], [6.13, 49.97], [6.10, 50.09], [6.17, 50.23], [6.36, 50.31], [6.34, 50.45], [6.17, 50.52], [6.23, 50.59], [5.99, 50.75], [6.04, 50.90], [5.85, 51.03], [6.12, 51.14], [6.07, 51.22], [6.19, 51.45], [5.94, 51.80], [6.16, 51.88], [6.35, 51.82], [6.74, 51.91], [6.80, 51.98], [6.71, 52.03], [6.72, 52.08], [7.01, 52.26], [7.00, 52.41], [6.74, 52.46], [6.69, 52.53], [6.74, 52.63], [7.01, 52.63], [7.17, 52.96], [7.19, 53.28], [7.05, 53.37], [7.10, 53.55], [7.20, 53.65], [8.00, 53.69], [8.16, 53.54], [8.10, 53.46], [8.24, 53.44], [8.33, 53.60], [8.49, 53.51], [8.49, 53.39], [8.52, 53.78], [8.61, 53.87], [8.89, 53.83], [9.20, 53.85], [9.58, 53.60], [9.78, 53.55], [9.63, 53.60], [9.31, 53.85], [8.97, 53.92], [8.90, 54.00], [8.90, 54.26], [8.78, 54.31], [8.64, 54.29], [8.64, 54.39], [8.95, 54.46], [8.95, 54.53], [8.68, 54.79], [8.67, 54.90], [8.90, 54.89], [9.25, 54.80], [9.61, 54.85], [9.89, 54.78], [10.02, 54.67], [10.02, 54.58], [9.86, 54.47], [10.14, 54.48], [10.21, 54.40], [10.36, 54.43], [10.73, 54.31], [11.01, 54.37], [11.06, 54.28], [11.00, 54.18], [10.81, 54.07], [10.91, 53.99], [11.10, 54.00], [11.39, 53.94], [11.79, 54.14], [12.11, 54.16], [12.57, 54.46], [13.02, 54.41], [13.14, 54.28], [13.44, 54.14], [13.72, 54.15], [13.82, 54.01], [13.86, 53.85], [14.02, 53.76], [14.25, 53.72], [14.41, 53.19], [14.12, 52.87], [14.51, 52.64], [14.61, 52.52], [14.55, 52.35], [14.67, 52.25], [14.70, 52.11], [14.75, 52.08], [14.60, 51.83], [14.72, 51.66], [14.72, 51.52], [14.93, 51.43], [15.01, 51.25], [14.96, 51.09], [14.76, 50.81], [14.61, 50.85], [14.62, 50.91], [14.54, 50.99], [14.31, 51.03], [14.25, 51.00], [14.36, 50.89], [13.55, 50.70], [13.43, 50.60], [13.37, 50.62], [13.18, 50.51], [13.01, 50.49], [12.94, 50.40], [12.76, 50.43], [12.54, 50.39], [12.27, 50.18], [12.13, 50.31], [12.08, 50.26], [12.20, 50.09], [12.51, 49.89], [12.39, 49.73], [12.63, 49.46], [13.28, 49.09], [13.40, 48.97], [13.54, 48.95], [13.76, 48.81], [13.81, 48.76], [13.78, 48.58], [13.67, 48.52], [13.48, 48.58], [13.37, 48.36], [12.89, 48.20], [12.76, 48.10], [12.95, 47.89], [12.89, 47.72], [13.03, 47.69], [13.05, 47.65], [13.01, 47.47], [12.80, 47.54], [12.77, 47.63], [12.68, 47.66], [12.48, 47.63], [12.20, 47.71], [12.18, 47.61], [11.71, 47.58], [11.29, 47.42], [11.04, 47.39], [10.98, 47.39], [10.87, 47.52], [10.43, 47.55], [10.36, 47.36], [10.18, 47.27], [10.20, 47.36], [10.06, 47.39], [10.05, 47.44], [9.97, 47.50], [9.74, 47.57], [9.52, 47.52]]], [[[13.70, 54.38], [13.70, 54.28], [13.48, 54.33], [13.36, 54.24], [13.16, 54.36], [13.17, 54.54], [13.23, 54.63], [13.42, 54.69], [13.49, 54.61], [13.65, 54.55], [13.58, 54.46], [13.70, 54.38]]], [[[14.21, 53.95], [14.21, 53.87], [13.92, 53.87], [13.92, 53.99], [13.82, 54.05], [13.82, 54.12], [14.21, 53.95]]], [[[11.28, 54.41], [11.12, 54.41], [11.01, 54.46], [11.08, 54.53], [11.23, 54.50], [11.28, 54.41]]], [[[8.30, 54.78], [8.28, 54.76], [8.29, 54.90], [8.40, 55.05], [8.45, 55.05], [8.37, 54.89], [8.62, 54.89], [8.34, 54.84], [8.30, 54.78]]], [[[8.58, 54.71], [8.54, 54.68], [8.40, 54.71], [8.50, 54.76], [8.58, 54.71]]]]}}, {"type": "Feature", "properties": {}, "geometry": {"type": "Polygon", "coordinates": [[[43.43, 41.10], [43.40, 41.17], [43.20, 41.19], [43.14, 41.30], [42.82, 41.49], [42.75, 41.57], [42.60, 41.57], [42.46, 41.43], [41.92, 41.49], [41.82, 41.43], [41.51, 41.51], [41.70, 41.70], [41.75, 41.81], [41.76, 41.97], [41.48, 42.65], [41.41, 42.73], [41.12, 42.82], [41.06, 42.93], [40.83, 43.06], [40.46, 43.14], [39.97, 43.41], [40.08, 43.55], [40.15, 43.56], [40.51, 43.51], [40.64, 43.53], [41.08, 43.37], [41.35, 43.33], [41.58, 43.21], [42.05, 43.19], [42.41, 43.22], [42.56, 43.15], [42.76, 43.16], [42.99, 43.09], [43.08, 42.98], [43.78, 42.74], [43.73, 42.61], [43.82, 42.57], [43.95, 42.56], [44.50, 42.74], [44.64, 42.73], [44.77, 42.61], [44.87, 42.75], [45.16, 42.67], [45.34, 42.52], [45.65, 42.51], [45.72, 42.47], [45.63, 42.20], [45.95, 42.03], [46.21, 41.98], [46.42, 41.89], [46.30, 41.75], [46.20, 41.73], [46.19, 41.62], [46.67, 41.28], [46.62, 41.15], [46.45, 41.07], [46.17, 41.19], [46.03, 41.16], [45.79, 41.22], [45.69, 41.28], [45.71, 41.33], [45.28, 41.44], [44.97, 41.27], [44.81, 41.25], [44.84, 41.21], [44.22, 41.21], [43.43, 41.10]]]}}, {"type": "Feature", "properties": {}, "geometry": {"type": "Polygon", "coordinates": [[[-16.56, 13.58], [-15.50, 13.58], [-15.42, 13.72], [-15.10, 13.81], [-14.93, 13.78], [-14.40, 13.50], [-13.97, 13.54], [-13.85, 13.47], [-13.82, 13.40], [-13.84, 13.33], [-14.24, 13.23], [-14.43, 13.26], [-15.15, 13.55], [-15.28, 13.39], [-15.81, 13.32], [-15.83, 13.15], [-16.64, 13.15], [-16.76, 13.06], [-16.82, 13.34], [-16.66, 13.47], [-16.55, 13.30], [-16.41, 13.26], [-16.18, 13.28], [-16.15, 13.38], [-15.42, 13.46], [-15.56, 13.49], [-16.13, 13.44], [-16.35, 13.34], [-16.44, 13.35], [-16.53, 13.45], [-16.56, 13.58]]]}}, {"type": "Feature", "properties": {}, "geometry": {"type": "Polygon", "coordinates": [[[13.29, 2.16], [13.17, 1.78], [13.16, 1.64], [13.24, 1.36], [13.19, 1.27], [13.21, 1.24], [13.85, 1.41], [14.18, 1.37], [14.42, 0.90], [14.43, 0.81], [14.32, 0.62], [14.23, 0.55], [14.08, 0.53], [13.94, 0.35], [13.88, 0.19], [13.86, -0.20], [14.06, -0.27], [14.20, -0.42], [14.36, -0.46], [14.47, -0.57], [14.41, -0.97], [14.45, -1.41], [14.38, -1.89], [14.25, -2.00], [14.16, -2.21], [14.19, -2.35], [14.08, -2.46], [13.99, -2.49], [13.88, -2.46], [13.87, -2.33], [13.73, -2.13], [13.46, -2.39], [12.99, -2.31], [12.79, -1.93], [12.59, -1.82], [12.43, -1.92], [12.47, -2.11], [12.44, -2.32], [12.06, -2.41], [11.95, -2.34], [11.72, -2.39], [11.60, -2.34], [11.59, -2.67], [11.53, -2.83], [11.63, -2.85], [11.76, -2.98], [11.68, -3.12], [11.71, -3.17], [11.93, -3.31], [11.83, -3.53], [11.87, -3.66], [11.68, -3.68], [11.50, -3.52], [11.23, -3.69], [11.13, -3.91], [10.94, -3.66], [10.64, -3.39], [10.34, -3.01], [9.72, -2.46], [10.00, -2.58], [10.06, -2.54], [9.62, -2.36], [9.53, -2.16], [9.29, -1.90], [9.48, -1.96], [9.48, -1.89], [9.26, -1.82], [9.25, -1.72], [9.03, -1.30], [9.31, -1.63], [9.52, -1.59], [9.50, -1.55], [9.44, -1.50], [9.29, -1.51], [9.34, -1.32], [9.20, -1.38], [9.06, -1.29], [8.70, -0.59], [8.82, -0.70], [8.94, -0.68], [9.13, -0.57], [9.29, -0.35], [9.33, -0.05], [9.30, 0.28], [9.35, 0.34], [9.46, 0.15], [9.79, 0.04], [9.81, 0.12], [10.00, 0.19], [9.77, 0.19], [9.54, 0.29], [9.32, 0.55], [9.32, 0.61], [9.49, 0.66], [9.61, 0.57], [9.59, 1.03], [9.76, 1.07], [9.80, 0.99], [9.90, 0.96], [10.02, 1.00], [11.33, 0.99], [11.34, 2.29], [13.22, 2.25], [13.29, 2.16]]]}}, {"type": "Feature", "properties": {}, "geometry": {"type": "MultiPolygon", "coordinates": [[[[9.48, 42.80], [9.45, 42.65], [9.52, 42.55], [9.55, 42.12], [9.40, 41.92], [9.37, 41.67], [9.18, 41.38], [8.80, 41.58], [8.88, 41.70], [8.71, 41.76], [8.74, 41.92], [8.62, 41.93], [8.70, 42.09], [8.58, 42.16], [8.56, 42.21], [8.67, 42.28], [8.56, 42.35], [8.71, 42.54], [8.81, 42.60], [9.04, 42.66], [9.13, 42.73], [9.31, 42.71], [9.36, 43.01], [9.46, 42.98], [9.48, 42.80]]], [[[7.61, 47.59], [7.34, 47.43], [7.20, 47.43], [7.13, 47.48], [6.96, 47.45], [6.90, 47.39], [7.00, 47.32], [6.66, 47.02], [6.45, 46.94], [6.41, 46.75], [6.16, 46.61], [6.06, 46.45], [6.12, 46.37], [6.09, 46.27], [5.97, 46.21], [6.00, 46.14], [6.19, 46.19], [6.27, 46.25], [6.23, 46.33], [6.42, 46.43], [6.77, 46.40], [6.81, 46.27], [6.77, 46.16], [7.02, 45.92], [6.80, 45.81], [6.79, 45.74], [7.15, 45.40], [7.07, 45.23], [6.84, 45.13], [6.69, 45.14], [6.62, 45.11], [6.63, 45.06], [6.73, 44.92], [6.99, 44.82], [7.03, 44.71], [6.84, 44.51], [6.90, 44.33], [7.31, 44.13], [7.63, 44.16], [7.67, 44.08], [7.48, 43.86], [7.49, 43.76], [7.39, 43.76], [7.18, 43.65], [6.71, 43.37], [6.57, 43.19], [6.11, 43.07], [5.80, 43.09], [5.67, 43.17], [5.40, 43.22], [5.32, 43.34], [5.07, 43.36], [5.05, 43.44], [4.71, 43.37], [4.22, 43.47], [4.05, 43.59], [3.91, 43.56], [3.25, 43.19], [3.05, 42.91], [3.09, 42.59], [3.21, 42.43], [2.89, 42.45], [2.70, 42.40], [2.65, 42.34], [2.20, 42.42], [2.03, 42.35], [1.70, 42.50], [1.74, 42.55], [1.70, 42.60], [1.50, 42.64], [1.42, 42.59], [1.34, 42.69], [0.76, 42.83], [0.66, 42.83], [0.63, 42.68], [0.20, 42.71], [-0.04, 42.68], [-0.29, 42.82], [-0.58, 42.79], [-0.76, 42.93], [-1.17, 43.02], [-1.30, 43.10], [-1.37, 43.03], [-1.46, 43.05], [-1.41, 43.24], [-1.71, 43.30], [-1.79, 43.40], [-1.63, 43.43], [-1.48, 43.56], [-1.24, 44.55], [-1.17, 44.66], [-1.07, 44.68], [-1.15, 44.76], [-1.24, 44.66], [-1.18, 45.16], [-1.08, 45.53], [-0.82, 45.38], [-0.69, 45.09], [-0.54, 45.00], [-0.64, 45.09], [-0.79, 45.46], [-1.19, 45.71], [-1.20, 45.77], [-1.03, 45.74], [-1.10, 45.92], [-1.14, 46.31], [-1.39, 46.35], [-1.78, 46.51], [-2.05, 46.81], [-2.09, 46.92], [-2.01, 47.03], [-2.19, 47.16], [-2.10, 47.26], [-2.02, 47.27], [-1.74, 47.21], [-1.97, 47.31], [-2.35, 47.27], [-2.50, 47.31], [-2.53, 47.38], [-2.42, 47.47], [-2.55, 47.52], [-2.77, 47.51], [-2.79, 47.53], [-2.73, 47.60], [-2.78, 47.62], [-2.96, 47.60], [-3.15, 47.69], [-3.44, 47.71], [-3.90, 47.83], [-4.31, 47.82], [-4.42, 47.96], [-4.67, 48.03], [-4.32, 48.16], [-4.57, 48.29], [-4.24, 48.30], [-4.39, 48.36], [-4.71, 48.36], [-4.76, 48.45], [-4.72, 48.53], [-4.53, 48.61], [-4.05, 48.70], [-3.71, 48.71], [-3.47, 48.81], [-3.23, 48.84], [-3.00, 48.79], [-2.69, 48.53], [-2.44, 48.64], [-2.07, 48.64], [-2.00, 48.58], [-1.90, 48.69], [-1.82, 48.63], [-1.37, 48.65], [-1.48, 48.69], [-1.56, 48.80], [-1.58, 49.20], [-1.81, 49.49], [-1.87, 49.59], [-1.85, 49.68], [-1.25, 49.68], [-1.23, 49.49], [-1.13, 49.38], [-0.16, 49.29], [0.41, 49.44], [0.43, 49.47], [0.12, 49.50], [0.10, 49.55], [0.18, 49.70], [0.61, 49.86], [1.24, 49.99], [1.59, 50.25], [1.55, 50.29], [1.57, 50.73], [1.67, 50.88], [1.91, 50.99], [2.52, 51.09], [2.59, 50.87], [2.75, 50.75], [2.83, 50.71], [3.10, 50.77], [3.23, 50.66], [3.27, 50.53], [3.59, 50.47], [3.68, 50.30], [3.74, 50.34], [3.94, 50.33], [4.17, 50.24], [4.13, 50.14], [4.19, 50.09], [4.13, 50.0], [4.17, 49.96], [4.54, 49.96], [4.81, 50.15], [4.86, 50.13], [4.79, 49.95], [4.86, 49.78], [5.27, 49.67], [5.50, 49.51], [5.78, 49.53], [6.01, 49.44], [6.24, 49.49], [6.53, 49.39], [6.73, 49.16], [6.89, 49.20], [7.00, 49.17], [7.03, 49.11], [7.45, 49.15], [7.61, 49.06], [8.13, 48.97], [8.14, 48.88], [7.83, 48.63], [7.61, 48.15], [7.52, 47.67], [7.61, 47.59]]], [[[-1.17, 45.90], [-1.21, 45.81], [-1.36, 45.96], [-1.38, 46.05], [-1.17, 45.90]]], [[[45.18, -12.97], [45.11, -12.98], [45.06, -12.89], [45.09, -12.78], [45.04, -12.70], [45.09, -12.65], [45.22, -12.75], [45.18, -12.97]]], [[[55.79, -21.33], [55.55, -21.35], [55.36, -21.27], [55.23, -21.05], [55.31, -20.90], [55.45, -20.86], [55.66, -20.90], [55.83, -21.13], [55.79, -21.33]]], [[[-60.82, 14.49], [-60.86, 14.42], [-60.89, 14.47], [-61.06, 14.46], [-61.09, 14.52], [-61.01, 14.60], [-61.14, 14.65], [-61.21, 14.84], [-61.12, 14.87], [-60.92, 14.75], [-60.93, 14.68], [-60.82, 14.49]]], [[[-61.32, 16.23], [-61.52, 16.22], [-61.52, 16.43], [-61.47, 16.50], [-61.35, 16.36], [-61.17, 16.25], [-61.32, 16.23]]], [[[-61.58, 16.00], [-61.67, 15.96], [-61.75, 16.06], [-61.79, 16.30], [-61.74, 16.35], [-61.55, 16.27], [-61.58, 16.00]]], [[[-61.23, 15.88], [-61.31, 15.89], [-61.31, 15.95], [-61.25, 16.00], [-61.20, 15.92], [-61.23, 15.88]]], [[[-54.61, 2.32], [-54.40, 2.46], [-54.19, 2.81], [-54.20, 3.13], [-54.00, 3.44], [-53.99, 3.58], [-54.35, 4.05], [-54.44, 4.48], [-54.47, 4.91], [-54.33, 5.18], [-54.08, 5.41], [-53.91, 5.76], [-53.84, 5.78], [-53.45, 5.56], [-52.89, 5.42], [-52.45, 5.02], [-52.29, 4.94], [-52.32, 4.77], [-52.21, 4.86], [-52.05, 4.71], [-51.96, 4.51], [-52.00, 4.35], [-51.92, 4.43], [-51.88, 4.63], [-51.82, 4.63], [-51.66, 4.22], [-51.65, 4.06], [-51.76, 3.99], [-51.99, 3.70], [-52.16, 3.36], [-52.32, 3.18], [-52.55, 2.57], [-52.70, 2.36], [-53.00, 2.18], [-53.22, 2.20], [-53.33, 2.33], [-53.50, 2.25], [-53.73, 2.30], [-53.76, 2.35], [-54.13, 2.12], [-54.43, 2.20], [-54.61, 2.32]]]]}}, {"type": "Feature", "properties": {}, "geometry": {"type": "MultiPolygon", "coordinates": [[[[-56.15, 46.76], [-56.17, 46.75], [-56.24, 46.76], [-56.15, 46.81], [-56.15, 46.76]]], [[[-56.26, 46.83], [-56.38, 46.81], [-56.33, 46.91], [-56.36, 47.09], [-56.28, 47.07], [-56.31, 46.95], [-56.26, 46.83]]]]}}, {"type": "Feature", "properties": {}, "geometry": {"type": "MultiPolygon", "coordinates": [[[[-176.16, -13.33], [-176.19, -13.30], [-176.14, -13.22], [-176.12, -13.26], [-176.16, -13.33]]], [[[-178.04, -14.31], [-178.15, -14.31], [-178.19, -14.25], [-178.14, -14.24], [-178.04, -14.31]]]]}}, {"type": "Feature", "properties": {}, "geometry": {"type": "Polygon", "coordinates": [[[-63.01, 18.06], [-63.12, 18.06], [-63.06, 18.11], [-63.01, 18.06]]]}}, {"type": "Feature", "properties": {}, "geometry": {"type": "Polygon", "coordinates": [[[-62.83, 17.87], [-62.85, 17.88], [-62.87, 17.92], [-62.79, 17.90], [-62.83, 17.87]]]}}, {"type": "Feature", "properties": {}, "geometry": {"type": "MultiPolygon", "coordinates": [[[[-151.46, -16.65], [-151.50, -16.64], [-151.50, -16.57], [-151.43, -16.62], [-151.46, -16.65]]], [[[-149.81, -17.54], [-149.88, -17.55], [-149.90, -17.46], [-149.78, -17.48], [-149.81, -17.54]]], [[[-151.40, -16.87], [-151.48, -16.86], [-151.46, -16.73], [-151.36, -16.86], [-151.40, -16.87]]], [[[-149.32, -17.69], [-149.17, -17.73], [-149.18, -17.86], [-149.29, -17.82], [-149.34, -17.73], [-149.57, -17.73], [-149.63, -17.56], [-149.50, -17.49], [-149.37, -17.52], [-149.32, -17.69]]], [[[-139.02, -9.69], [-138.87, -9.74], [-138.82, -9.74], [-138.87, -9.79], [-139.13, -9.82], [-139.16, -9.77], [-139.02, -9.69]]], [[[-139.05, -9.93], [-139.13, -10.00], [-139.13, -9.92], [-139.05, -9.93]]], [[[-138.65, -10.51], [-138.68, -10.53], [-138.69, -10.42], [-138.62, -10.46], [-138.65, -10.51]]], [[[-140.07, -8.91], [-140.21, -8.92], [-140.24, -8.79], [-140.05, -8.80], [-140.07, -8.91]]], [[[-140.07, -9.42], [-140.14, -9.35], [-140.07, -9.32], [-140.03, -9.34], [-140.07, -9.42]]], [[[-140.80, -17.85], [-140.85, -17.86], [-140.80, -17.75], [-140.68, -17.68], [-140.63, -17.67], [-140.77, -17.75], [-140.80, -17.85]]], [[[-139.55, -8.94], [-139.62, -8.94], [-139.61, -8.87], [-139.50, -8.89], [-139.55, -8.94]]], [[[-140.68, -18.37], [-140.67, -18.41], [-140.78, -18.33], [-140.68, -18.37]]], [[[-140.82, -18.18], [-140.82, -18.21], [-140.97, -18.05], [-140.92, -18.08], [-140.82, -18.18]]], [[[-136.29, -18.54], [-136.31, -18.56], [-136.47, -18.47], [-136.42, -18.47], [-136.29, -18.54]]], [[[-136.97, -18.34], [-136.97, -18.36], [-137.06, -18.26], [-137.02, -18.27], [-136.97, -18.34]]], [[[-138.50, -20.85], [-138.53, -20.87], [-138.54, -20.77], [-138.51, -20.81], [-138.50, -20.85]]], [[[-142.51, -16.09], [-142.52, -16.10], [-142.48, -16.01], [-142.51, -16.09]]], [[[-143.44, -16.61], [-143.38, -16.66], [-143.55, -16.62], [-143.51, -16.61], [-143.44, -16.61]]], [[[-143.57, -16.63], [-143.61, -16.64], [-143.70, -16.58], [-143.67, -16.58], [-143.57, -16.63]]], [[[-145.05, -15.85], [-145.05, -15.90], [-145.16, -15.75], [-145.13, -15.76], [-145.05, -15.85]]], [[[-145.48, -16.32], [-145.60, -16.16], [-145.61, -16.07], [-145.57, -16.15], [-145.48, -16.32]]]]}}, {"type": "Feature", "properties": {}, "geometry": {"type": "MultiPolygon", "coordinates": [[[[164.20, -20.24], [164.31, -20.30], [164.43, -20.28], [164.97, -20.68], [165.19, -20.76], [165.66, -21.26], [166.30, -21.63], [166.68, -21.95], [166.94, -22.09], [167.00, -22.26], [166.97, -22.32], [166.77, -22.37], [166.46, -22.25], [166.17, -22.08], [166.09, -21.95], [165.32, -21.58], [164.92, -21.28], [164.37, -20.73], [164.16, -20.48], [164.15, -20.34], [164.06, -20.27], [164.04, -20.17], [164.05, -20.14], [164.20, -20.24]]], [[[167.54, -22.62], [167.51, -22.66], [167.44, -22.63], [167.44, -22.54], [167.54, -22.62]]], [[[159.95, -19.31], [159.92, -19.17], [159.95, -19.11], [159.97, -19.23], [159.95, -19.31]]], [[[168.01, -21.42], [168.13, -21.44], [168.12, -21.61], [167.96, -21.64], [167.87, -21.58], [167.81, -21.39], [167.98, -21.33], [168.01, -21.42]]], [[[166.54, -20.69], [166.49, -20.70], [166.55, -20.61], [166.58, -20.41], [166.62, -20.41], [166.67, -20.45], [166.61, -20.47], [166.62, -20.59], [166.54, -20.69]]], [[[167.40, -21.16], [167.34, -21.16], [167.07, -20.99], [167.03, -20.92], [167.11, -20.90], [167.18, -20.80], [167.04, -20.75], [167.05, -20.72], [167.20, -20.67], [167.29, -20.73], [167.29, -20.89], [167.43, -21.05], [167.40, -21.16]]]]}}, {"type": "Feature", "properties": {}, "geometry": {"type": "MultiPolygon", "coordinates": [[[[69.18, -49.10], [69.31, -49.10], [69.59, -48.97], [69.58, -49.07], [69.64, -49.11], [69.43, -49.12], [69.40, -49.18], [69.54, -49.25], [69.77, -49.24], [70.06, -49.13], [70.20, -49.13], [70.32, -49.05], [70.48, -49.08], [70.55, -49.20], [70.48, -49.32], [70.38, -49.36], [70.38, -49.43], [70.16, -49.34], [69.91, -49.34], [69.86, -49.42], [69.75, -49.43], [69.85, -49.54], [69.98, -49.58], [70.06, -49.58], [70.07, -49.51], [70.16, -49.50], [70.30, -49.58], [70.12, -49.70], [69.91, -49.68], [69.74, -49.60], [69.61, -49.65], [69.15, -49.52], [69.08, -49.65], [68.99, -49.70], [68.81, -49.69], [68.79, -49.59], [68.87, -49.44], [68.79, -49.23], [68.88, -49.16], [68.76, -49.06], [68.83, -48.84], [69.00, -48.66], [69.08, -48.67], [69.07, -48.75], [69.12, -48.76], [69.13, -48.86], [69.03, -49.01], [69.05, -49.08], [69.18, -49.10]]], [[[69.28, -49.05], [69.22, -49.06], [69.16, -48.88], [69.36, -48.89], [69.39, -48.95], [69.28, -49.05]]], [[[51.83, -46.43], [51.69, -46.42], [51.65, -46.37], [51.74, -46.32], [51.83, -46.43]]]]}}, {"type": "Feature", "properties": {}, "geometry": {"type": "MultiPolygon", "coordinates": [[[[19.98, 60.35], [20.08, 60.35], [20.25, 60.26], [20.19, 60.19], [20.04, 60.18], [20.03, 60.09], [19.74, 60.09], [19.68, 60.26], [19.77, 60.28], [19.78, 60.21], [19.84, 60.22], [19.87, 60.30], [19.78, 60.35], [19.82, 60.39], [19.88, 60.40], [19.98, 60.35]]], [[[19.66, 60.18], [19.57, 60.13], [19.51, 60.18], [19.55, 60.24], [19.62, 60.24], [19.66, 60.18]]], [[[20.61, 60.04], [20.52, 60.01], [20.39, 60.04], [20.49, 60.07], [20.61, 60.04]]]]}}, {"type": "Feature", "properties": {}, "geometry": {"type": "MultiPolygon", "coordinates": [[[[24.15, 65.80], [23.90, 66.14], [23.75, 66.19], [23.70, 66.25], [23.70, 66.48], [23.86, 66.57], [23.89, 66.70], [23.98, 66.81], [23.64, 67.12], [23.62, 67.23], [23.77, 67.32], [23.73, 67.42], [23.45, 67.46], [23.54, 67.61], [23.50, 67.87], [23.63, 67.95], [23.31, 68.13], [23.18, 68.13], [23.09, 68.25], [22.85, 68.36], [21.99, 68.52], [20.91, 68.90], [20.89, 68.97], [20.62, 69.03], [20.67, 69.06], [21.06, 69.04], [21.12, 69.08], [21.06, 69.21], [21.26, 69.27], [21.59, 69.27], [22.30, 68.85], [22.41, 68.71], [23.32, 68.64], [23.70, 68.71], [23.85, 68.80], [24.94, 68.59], [25.08, 68.63], [25.24, 68.82], [25.57, 68.88], [25.74, 68.99], [25.76, 69.28], [26.01, 69.65], [26.52, 69.91], [27.12, 69.90], [27.59, 70.04], [27.88, 70.06], [28.41, 69.82], [29.14, 69.67], [29.33, 69.47], [28.84, 69.17], [28.83, 69.11], [28.96, 69.02], [28.41, 68.90], [28.74, 68.85], [28.77, 68.81], [28.47, 68.48], [28.68, 68.18], [29.34, 68.06], [29.98, 67.66], [29.94, 67.54], [29.24, 67.09], [29.08, 66.97], [29.06, 66.89], [29.90, 66.09], [30.08, 65.78], [30.09, 65.68], [29.71, 65.62], [29.81, 65.56], [29.72, 65.47], [29.71, 65.33], [29.60, 65.24], [29.81, 65.20], [29.82, 65.14], [29.62, 65.03], [29.60, 64.96], [29.78, 64.80], [30.11, 64.73], [30.12, 64.64], [29.98, 64.52], [30.10, 64.36], [30.48, 64.23], [30.52, 64.07], [30.21, 63.80], [29.99, 63.73], [30.41, 63.50], [31.18, 63.20], [31.50, 62.95], [31.53, 62.88], [31.18, 62.48], [29.25, 61.28], [28.40, 60.89], [27.79, 60.53], [27.46, 60.46], [27.20, 60.54], [26.53, 60.41], [26.51, 60.47], [26.60, 60.62], [26.56, 60.62], [26.37, 60.42], [26.20, 60.40], [25.95, 60.47], [26.03, 60.34], [25.75, 60.26], [25.65, 60.33], [25.15, 60.19], [24.60, 60.11], [24.44, 60.02], [23.46, 59.98], [23.18, 59.84], [22.96, 59.82], [23.18, 59.97], [23.19, 60.02], [23.08, 60.04], [22.86, 60.21], [22.79, 60.07], [22.46, 60.02], [22.44, 60.15], [22.58, 60.22], [22.51, 60.28], [22.58, 60.38], [22.25, 60.40], [21.85, 60.50], [21.80, 60.59], [21.61, 60.53], [21.43, 60.59], [21.36, 60.96], [21.51, 61.28], [21.50, 61.48], [21.56, 61.48], [21.49, 61.55], [21.60, 61.59], [21.38, 61.91], [21.25, 61.98], [21.34, 62.27], [21.32, 62.34], [21.16, 62.41], [21.10, 62.62], [21.14, 62.73], [21.45, 62.95], [21.47, 63.03], [21.65, 63.03], [21.54, 63.20], [21.89, 63.21], [22.31, 63.31], [22.24, 63.43], [22.34, 63.44], [22.31, 63.50], [22.39, 63.49], [22.52, 63.57], [22.53, 63.64], [22.75, 63.68], [23.49, 64.03], [23.59, 64.04], [23.65, 64.13], [24.27, 64.51], [24.55, 64.80], [24.94, 64.88], [25.28, 64.86], [25.22, 64.95], [25.37, 65.00], [25.34, 65.09], [25.25, 65.14], [25.34, 65.47], [25.24, 65.54], [24.67, 65.67], [24.58, 65.75], [24.62, 65.85], [24.40, 65.78], [24.15, 65.80]]], [[[21.99, 60.33], [21.81, 60.38], [21.82, 60.46], [21.90, 60.43], [21.99, 60.33]]], [[[21.21, 63.24], [21.22, 63.22], [21.42, 63.24], [21.41, 63.19], [21.25, 63.15], [21.08, 63.27], [21.23, 63.27], [21.21, 63.24]]], [[[22.17, 60.37], [22.35, 60.35], [22.41, 60.30], [22.31, 60.26], [22.36, 60.16], [22.25, 60.16], [22.07, 60.28], [22.17, 60.37]]], [[[21.45, 60.52], [21.43, 60.48], [21.3, 60.47], [21.21, 60.60], [21.26, 60.63], [21.45, 60.52]]], [[[21.83, 60.14], [21.73, 60.10], [21.69, 60.11], [21.76, 60.19], [21.86, 60.20], [21.83, 60.14]]], [[[21.62, 60.10], [21.54, 60.09], [21.48, 60.12], [21.63, 60.16], [21.62, 60.10]]], [[[24.84, 64.99], [24.57, 64.97], [24.57, 65.04], [24.78, 65.08], [24.99, 65.03], [24.84, 64.99]]]]}}, {"type": "Feature", "properties": {}, "geometry": {"type": "MultiPolygon", "coordinates": [[[[179.99, -16.16], [179.61, -16.52], [179.56, -16.63], [179.56, -16.74], [179.84, -16.53], [179.93, -16.51], [179.89, -16.66], [179.92, -16.74], [179.41, -16.80], [179.32, -16.71], [179.20, -16.71], [179.00, -16.90], [178.88, -16.88], [178.70, -16.97], [178.60, -16.80], [178.49, -16.78], [178.58, -16.62], [178.68, -16.66], [178.80, -16.63], [178.96, -16.48], [179.35, -16.37], [179.55, -16.24], [179.99, -16.16]]], [[[178.28, -17.37], [178.28, -17.41], [178.59, -17.65], [178.57, -17.74], [178.66, -18.08], [178.33, -18.13], [178.16, -18.25], [177.95, -18.26], [177.32, -18.07], [177.26, -17.86], [177.42, -17.73], [177.40, -17.63], [177.50, -17.53], [177.81, -17.38], [177.94, -17.39], [178.18, -17.31], [178.28, -17.37]]], [[[-179.97, -16.92], [-180.0, -16.96], [-180.0, -16.78], [-179.86, -16.68], [-179.82, -16.76], [-179.97, -16.92]]], [[[180.0, -16.96], [179.92, -17.00], [179.89, -16.96], [180.0, -16.78], [180.0, -16.96]]], [[[178.48, -18.97], [178.48, -19.01], [178.35, -19.04], [178.28, -19.00], [178.16, -19.12], [178.02, -19.15], [177.95, -19.12], [178.33, -18.93], [178.48, -18.97]]], [[[-178.98, -17.97], [-179.03, -17.98], [-179.07, -17.94], [-179.04, -17.92], [-178.98, -17.97]]], [[[-178.76, -18.23], [-178.77, -18.25], [-178.84, -18.20], [-178.76, -18.19], [-178.76, -18.23]]], [[[-178.25, -17.95], [-178.30, -17.96], [-178.35, -17.92], [-178.28, -17.88], [-178.25, -17.95]]], [[[-178.95, -17.27], [-179.00, -17.29], [-178.97, -17.21], [-179.00, -17.14], [-178.91, -17.22], [-178.95, -17.27]]], [[[-178.53, -19.16], [-178.59, -19.15], [-178.58, -19.11], [-178.55, -19.11], [-178.53, -19.16]]], [[[-179.79, -18.94], [-179.79, -18.96], [-179.86, -18.99], [-179.85, -18.94], [-179.79, -18.94]]], [[[177.23, -17.14], [177.18, -17.16], [177.21, -17.08], [177.28, -17.04], [177.23, -17.14]]], [[[179.42, -17.36], [179.38, -17.39], [179.37, -17.25], [179.43, -17.27], [179.42, -17.36]]], [[[179.34, -18.10], [179.25, -18.03], [179.30, -17.94], [179.36, -18.06], [179.34, -18.10]]], [[[178.82, -17.72], [178.77, -17.74], [178.74, -17.68], [178.78, -17.62], [178.83, -17.61], [178.82, -17.72]]], [[[-179.92, -16.50], [-179.99, -16.54], [-179.99, -16.48], [-179.90, -16.43], [-179.92, -16.50]]], [[[-179.95, -16.14], [-180.0, -16.16], [-179.96, -16.12], [-179.95, -16.14]]], [[[180.0, -16.54], [179.98, -16.52], [180.0, -16.48], [180.0, -16.54]]], [[[177.12, -12.50], [177.08, -12.51], [177.00, -12.49], [177.11, -12.48], [177.12, -12.50]]], [[[174.62, -21.69], [174.59, -21.70], [174.58, -21.68], [174.60, -21.66], [174.62, -21.69]]], [[[-178.71, -20.66], [-178.72, -20.66], [-178.72, -20.64], [-178.71, -20.65], [-178.71, -20.66]]]]}}, {"type": "Feature", "properties": {}, "geometry": {"type": "Polygon", "coordinates": [[[35.26, 5.49], [35.08, 5.67], [34.98, 5.85], [34.95, 6.04], [34.71, 6.66], [34.48, 6.89], [34.27, 7.00], [34.06, 7.22], [34.02, 7.36], [33.90, 7.50], [33.66, 7.67], [33.08, 7.82], [33.01, 7.86], [33.01, 7.95], [33.28, 8.43], [33.95, 8.44], [34.09, 8.58], [34.07, 9.51], [34.15, 9.85], [34.31, 10.19], [34.27, 10.52], [34.43, 10.78], [34.57, 10.88], [34.77, 10.74], [34.93, 10.86], [34.96, 11.27], [35.11, 11.81], [35.25, 11.95], [35.67, 12.62], [36.10, 12.72], [36.16, 13.09], [36.39, 13.62], [36.52, 14.25], [36.81, 14.31], [37.02, 14.27], [37.13, 14.40], [37.25, 14.45], [37.50, 14.15], [37.57, 14.14], [37.88, 14.85], [38.00, 14.73], [38.22, 14.64], [38.43, 14.42], [38.81, 14.48], [39.07, 14.62], [39.19, 14.47], [39.53, 14.53], [39.89, 14.44], [40.14, 14.45], [40.52, 14.22], [40.82, 14.11], [41.36, 13.49], [41.76, 13.18], [41.95, 12.88], [42.13, 12.77], [42.37, 12.46], [41.79, 11.68], [41.76, 11.41], [41.79, 10.98], [41.95, 10.94], [42.55, 11.08], [42.92, 10.99], [42.65, 10.6], [42.84, 10.20], [43.06, 9.92], [43.18, 9.87], [43.30, 9.60], [43.48, 9.37], [43.62, 9.33], [43.98, 9.00], [46.97, 7.99], [47.97, 7.99], [46.42, 6.49], [44.94, 4.91], [43.98, 4.95], [43.58, 4.85], [43.12, 4.64], [43.01, 4.56], [42.85, 4.32], [42.02, 4.13], [41.88, 3.97], [41.14, 3.96], [40.76, 4.27], [39.84, 3.85], [39.65, 3.57], [39.49, 3.45], [38.08, 3.64], [36.90, 4.41], [36.02, 4.46], [35.76, 4.80], [35.80, 5.15], [35.74, 5.34], [35.46, 5.41], [35.32, 5.36], [35.26, 5.41], [35.26, 5.49]]]}}, {"type": "Feature", "properties": {}, "geometry": {"type": "MultiPolygon", "coordinates": [[[[27.35, 57.52], [26.96, 57.60], [26.46, 57.54], [26.29, 57.60], [25.99, 57.83], [25.28, 58.04], [25.25, 57.99], [25.11, 58.06], [24.32, 57.87], [24.46, 58.10], [24.48, 58.26], [24.54, 58.30], [24.52, 58.35], [24.33, 58.38], [24.23, 58.28], [24.11, 58.26], [23.76, 58.36], [23.69, 58.50], [23.50, 58.65], [23.53, 58.71], [23.68, 58.78], [23.50, 58.78], [23.43, 58.92], [23.51, 58.99], [23.46, 59.03], [23.51, 59.10], [23.49, 59.19], [23.78, 59.27], [24.08, 59.29], [24.05, 59.37], [24.17, 59.37], [24.38, 59.47], [25.44, 59.52], [25.52, 59.55], [25.50, 59.63], [26.62, 59.55], [26.97, 59.45], [27.89, 59.41], [28.01, 59.48], [28.15, 59.37], [27.89, 59.27], [27.75, 59.05], [27.43, 58.78], [27.53, 58.43], [27.50, 58.22], [27.67, 57.93], [27.77, 57.87], [27.54, 57.79], [27.4, 57.66], [27.35, 57.52]]], [[[22.61, 58.62], [22.96, 58.60], [23.32, 58.45], [23.12, 58.43], [22.73, 58.23], [22.37, 58.21], [22.26, 58.16], [22.15, 57.96], [21.99, 57.93], [21.98, 57.99], [22.18, 58.15], [21.88, 58.26], [21.85, 58.30], [21.98, 58.38], [21.86, 58.49], [22.26, 58.50], [22.32, 58.58], [22.61, 58.62]]], [[[22.92, 58.82], [22.84, 58.77], [22.76, 58.82], [22.66, 58.70], [22.54, 58.68], [22.47, 58.71], [22.41, 58.86], [22.05, 58.94], [22.46, 58.97], [22.64, 59.08], [22.72, 59.01], [22.90, 58.99], [23.00, 58.83], [22.92, 58.82]]], [[[23.34, 58.55], [23.26, 58.53], [23.06, 58.61], [23.16, 58.67], [23.33, 58.64], [23.34, 58.55]]]]}}, {"type": "Feature", "properties": {}, "geometry": {"type": "MultiPolygon", "coordinates": [[[[36.52, 14.25], [36.42, 15.13], [36.52, 15.25], [36.91, 16.29], [36.88, 16.62], [36.97, 16.80], [37.00, 17.05], [37.41, 17.06], [37.54, 17.32], [37.78, 17.45], [38.25, 17.58], [38.60, 18.00], [38.91, 17.42], [39.03, 17.08], [39.29, 15.92], [39.42, 15.78], [39.50, 15.53], [39.57, 15.52], [39.63, 15.45], [39.78, 15.12], [39.81, 15.20], [39.79, 15.31], [39.86, 15.47], [40.04, 15.33], [40.08, 15.15], [40.20, 15.01], [40.54, 14.93], [40.79, 14.74], [41.17, 14.62], [41.65, 13.98], [42.24, 13.58], [42.39, 13.21], [42.52, 13.22], [42.73, 13.01], [42.79, 12.86], [42.96, 12.80], [42.99, 12.89], [43.08, 12.82], [43.11, 12.70], [42.86, 12.62], [42.70, 12.38], [42.47, 12.51], [42.37, 12.46], [42.13, 12.77], [41.95, 12.88], [41.76, 13.18], [41.36, 13.49], [40.82, 14.11], [40.52, 14.22], [40.14, 14.45], [39.89, 14.44], [39.53, 14.53], [39.19, 14.47], [39.13, 14.58], [39.02, 14.62], [38.81, 14.48], [38.43, 14.42], [38.22, 14.64], [38.00, 14.73], [37.88, 14.85], [37.57, 14.14], [37.50, 14.15], [37.25, 14.45], [37.13, 14.40], [37.02, 14.27], [36.81, 14.31], [36.52, 14.25]]], [[[40.07, 16.08], [40.11, 15.98], [39.99, 16.04], [40.04, 16.10], [40.07, 16.08]]], [[[40.14, 15.69], [40.18, 15.64], [40.25, 15.70], [40.40, 15.62], [40.39, 15.57], [39.97, 15.61], [39.94, 15.69], [40.07, 15.67], [39.93, 15.74], [40.00, 15.82], [39.95, 15.88], [40.09, 15.83], [40.14, 15.69]]]]}}, {"type": "Feature", "properties": {}, "geometry": {"type": "MultiPolygon", "coordinates": [[[[8.73, 3.75], [8.91, 3.75], [8.94, 3.62], [8.70, 3.22], [8.47, 3.26], [8.43, 3.33], [8.46, 3.45], [8.57, 3.48], [8.67, 3.73], [8.73, 3.75]]], [[[11.32, 2.16], [11.33, 0.99], [10.02, 1.00], [9.90, 0.96], [9.80, 0.99], [9.76, 1.07], [9.59, 1.03], [9.50, 1.11], [9.38, 1.13], [9.49, 1.43], [9.63, 1.56], [9.80, 1.92], [9.80, 2.30], [9.87, 2.21], [9.97, 2.16], [11.32, 2.16]]]]}}, {"type": "Feature", "properties": {}, "geometry": {"type": "Polygon", "coordinates": [[[-89.36, 14.41], [-89.12, 14.37], [-88.70, 14.03], [-88.51, 13.97], [-88.48, 13.85], [-88.15, 13.98], [-87.99, 13.87], [-87.80, 13.88], [-87.73, 13.84], [-87.78, 13.52], [-87.73, 13.48], [-87.83, 13.38], [-87.82, 13.28], [-87.93, 13.18], [-88.18, 13.16], [-88.68, 13.28], [-88.48, 13.19], [-88.51, 13.18], [-88.86, 13.28], [-89.27, 13.47], [-89.80, 13.56], [-90.09, 13.73], [-90.10, 13.83], [-90.04, 13.90], [-89.54, 14.24], [-89.57, 14.39], [-89.36, 14.41]]]}}, {"type": "Feature", "properties": {}, "geometry": {"type": "Polygon", "coordinates": [[[36.87, 21.99], [31.43, 21.99], [31.48, 22.14], [31.40, 22.20], [31.26, 22.00], [31.20, 21.99], [24.98, 21.99], [24.98, 29.18], [24.70, 30.20], [24.87, 30.45], [24.96, 30.67], [24.85, 31.33], [25.15, 31.65], [25.22, 31.53], [25.38, 31.51], [25.89, 31.62], [27.24, 31.37], [27.54, 31.21], [27.82, 31.19], [27.96, 31.09], [28.51, 31.05], [29.07, 30.83], [29.42, 30.92], [29.92, 31.22], [30.22, 31.25], [30.39, 31.45], [30.92, 31.56], [30.56, 31.41], [31.00, 31.46], [31.08, 31.60], [31.52, 31.45], [31.88, 31.54], [32.13, 31.34], [31.89, 31.48], [31.77, 31.29], [32.00, 31.22], [32.10, 31.09], [32.20, 31.11], [32.28, 31.20], [32.21, 31.29], [32.60, 31.06], [33.12, 31.16], [33.19, 31.08], [33.66, 31.13], [33.90, 31.18], [34.19, 31.32], [34.90, 29.47], [34.73, 29.27], [34.61, 28.75], [34.44, 28.35], [34.39, 28.01], [34.22, 27.76], [34.04, 27.82], [33.76, 28.04], [33.24, 28.56], [33.13, 28.97], [32.72, 29.52], [32.56, 29.97], [32.47, 29.92], [32.48, 29.85], [32.35, 29.63], [32.59, 29.32], [32.63, 28.99], [32.89, 28.56], [33.20, 28.20], [33.54, 27.89], [33.54, 27.60], [33.69, 27.34], [33.84, 27.18], [33.95, 26.64], [34.56, 25.69], [35.19, 24.47], [35.47, 24.15], [35.78, 23.93], [35.54, 23.92], [35.50, 23.77], [35.52, 23.44], [35.69, 22.94], [35.91, 22.73], [36.22, 22.62], [36.41, 22.39], [36.82, 22.09], [36.87, 21.99]]]}}, {"type": "Feature", "properties": {}, "geometry": {"type": "MultiPolygon", "coordinates": [[[[-75.28, -0.10], [-75.47, -0.15], [-75.62, -0.12], [-75.25, -0.59], [-75.24, -0.95], [-75.34, -0.96], [-75.40, -0.92], [-75.57, -1.53], [-76.08, -2.13], [-76.67, -2.56], [-77.86, -2.98], [-78.18, -3.35], [-78.15, -3.46], [-78.22, -3.48], [-78.28, -3.39], [-78.34, -3.39], [-78.41, -3.77], [-78.67, -4.32], [-78.65, -4.45], [-78.68, -4.56], [-78.90, -4.71], [-78.91, -4.85], [-79.03, -4.96], [-79.33, -4.92], [-79.50, -4.67], [-79.51, -4.53], [-79.63, -4.45], [-79.79, -4.47], [-80.13, -4.29], [-80.38, -4.46], [-80.47, -4.43], [-80.35, -4.20], [-80.48, -4.16], [-80.49, -4.01], [-80.43, -3.97], [-80.30, -4.00], [-80.17, -3.87], [-80.27, -3.42], [-80.32, -3.38], [-80.15, -3.32], [-79.96, -3.15], [-79.72, -2.57], [-79.82, -2.35], [-79.84, -2.06], [-79.89, -2.14], [-79.88, -2.42], [-79.92, -2.54], [-80.03, -2.55], [-80.00, -2.35], [-80.28, -2.70], [-80.45, -2.62], [-80.68, -2.39], [-80.93, -2.26], [-80.96, -2.18], [-80.77, -2.07], [-80.76, -1.93], [-80.83, -1.63], [-80.80, -1.38], [-80.90, -1.07], [-80.84, -0.97], [-80.55, -0.84], [-80.45, -0.58], [-80.28, -0.62], [-80.38, -0.58], [-80.48, -0.36], [-80.13, -0.00], [-80.04, 0.15], [-80.02, 0.41], [-80.08, 0.78], [-80.03, 0.83], [-79.90, 0.86], [-79.74, 0.97], [-79.61, 0.97], [-79.46, 1.06], [-78.89, 1.20], [-78.82, 1.29], [-78.85, 1.45], [-78.68, 1.28], [-78.18, 0.96], [-77.82, 0.82], [-77.70, 0.83], [-77.64, 0.72], [-77.46, 0.63], [-77.39, 0.39], [-77.11, 0.35], [-76.82, 0.24], [-76.49, 0.23], [-76.42, 0.26], [-76.38, 0.40], [-76.27, 0.43], [-76.06, 0.34], [-75.77, 0.08], [-75.61, 0.06], [-75.28, -0.10]]], [[[-80.13, -2.97], [-80.15, -3.01], [-80.27, -2.99], [-80.22, -2.75], [-80.08, -2.66], [-79.90, -2.72], [-80.09, -2.84], [-80.13, -2.97]]], [[[-78.90, 1.25], [-78.96, 1.24], [-78.99, 1.29], [-78.89, 1.35], [-78.90, 1.25]]], [[[-90.33, -0.77], [-90.54, -0.67], [-90.53, -0.58], [-90.46, -0.51], [-90.26, -0.48], [-90.18, -0.54], [-90.19, -0.65], [-90.33, -0.77]]], [[[-89.41, -0.91], [-89.53, -0.95], [-89.60, -0.88], [-89.42, -0.72], [-89.28, -0.68], [-89.25, -0.72], [-89.41, -0.91]]], [[[-91.42, -0.46], [-91.61, -0.44], [-91.64, -0.28], [-91.46, -0.25], [-91.39, -0.32], [-91.42, -0.46]]], [[[-90.42, -1.33], [-90.51, -1.29], [-90.47, -1.22], [-90.37, -1.29], [-90.42, -1.33]]], [[[-91.27, 0.02], [-91.21, -0.03], [-91.17, -0.22], [-90.97, -0.41], [-90.95, -0.59], [-90.79, -0.75], [-90.90, -0.94], [-91.13, -1.01], [-91.41, -0.99], [-91.49, -0.86], [-91.33, -0.70], [-91.14, -0.62], [-91.12, -0.55], [-91.24, -0.37], [-91.36, -0.28], [-91.42, -0.02], [-91.55, -0.04], [-91.59, 0.00], [-91.49, 0.10], [-91.36, 0.12], [-91.27, 0.02]]], [[[-90.57, -0.33], [-90.62, -0.36], [-90.80, -0.32], [-90.86, -0.27], [-90.78, -0.16], [-90.55, -0.27], [-90.57, -0.33]]]]}}, {"type": "Feature", "properties": {}, "geometry": {"type": "Polygon", "coordinates": [[[-71.76, 18.03], [-71.76, 18.34], [-71.87, 18.41], [-72.00, 18.59], [-71.86, 18.61], [-71.74, 18.73], [-71.73, 18.85], [-71.80, 18.98], [-71.64, 19.16], [-71.74, 19.28], [-71.71, 19.48], [-71.77, 19.71], [-71.66, 19.84], [-71.55, 19.89], [-71.23, 19.84], [-70.95, 19.91], [-70.63, 19.77], [-70.43, 19.77], [-70.19, 19.63], [-69.95, 19.67], [-69.82, 19.36], [-69.73, 19.29], [-69.32, 19.32], [-69.23, 19.27], [-69.32, 19.20], [-69.60, 19.20], [-69.62, 19.11], [-68.90, 18.98], [-68.68, 18.90], [-68.33, 18.61], [-68.44, 18.41], [-68.68, 18.21], [-68.93, 18.40], [-69.27, 18.43], [-69.77, 18.44], [-70.01, 18.37], [-70.18, 18.25], [-70.47, 18.21], [-70.64, 18.33], [-71.02, 18.27], [-71.08, 18.22], [-71.10, 18.07], [-71.43, 17.63], [-71.63, 17.77], [-71.67, 17.95], [-71.76, 18.03]]]}}, {"type": "Feature", "properties": {}, "geometry": {"type": "Polygon", "coordinates": [[[-61.28, 15.24], [-61.37, 15.22], [-61.48, 15.52], [-61.45, 15.63], [-61.27, 15.52], [-61.28, 15.24]]]}}, {"type": "Feature", "properties": {}, "geometry": {"type": "Polygon", "coordinates": [[[43.24, 11.49], [42.92, 10.99], [42.55, 11.08], [41.95, 10.94], [41.79, 10.98], [41.76, 11.41], [41.79, 11.68], [42.45, 12.52], [42.70, 12.38], [42.86, 12.62], [43.11, 12.70], [43.35, 12.36], [43.40, 12.18], [43.38, 12.09], [43.04, 11.82], [42.79, 11.73], [42.64, 11.56], [42.52, 11.57], [42.58, 11.49], [43.04, 11.58], [43.24, 11.49]]]}}, {"type": "Feature", "properties": {}, "geometry": {"type": "MultiPolygon", "coordinates": [[[[-29.95, 83.56], [-25.79, 83.26], [-31.99, 83.08], [-32.03, 82.98], [-29.96, 83.11], [-27.00, 83.06], [-25.12, 83.15], [-24.47, 82.87], [-23.91, 82.88], [-23.69, 82.81], [-22.52, 82.78], [-21.69, 82.68], [-21.52, 82.59], [-21.99, 82.46], [-23.11, 82.32], [-29.57, 82.16], [-29.77, 82.13], [-29.88, 82.05], [-29.81, 81.95], [-29.54, 81.93], [-27.83, 82.04], [-25.14, 82.00], [-24.58, 81.88], [-24.29, 81.70], [-23.49, 81.77], [-23.17, 81.98], [-22.94, 82.03], [-21.33, 82.06], [-21.13, 81.93], [-21.14, 81.69], [-21.50, 81.43], [-23.07, 80.92], [-23.19, 80.84], [-23.20, 80.78], [-23.11, 80.77], [-22.82, 80.91], [-22.08, 81.02], [-20.88, 81.27], [-20.01, 81.56], [-19.62, 81.63], [-19.22, 81.64], [-19.15, 81.51], [-18.45, 81.49], [-17.45, 81.39], [-17.22, 81.43], [-16.12, 81.77], [-15.45, 81.83], [-14.24, 81.81], [-12.43, 81.68], [-11.42, 81.48], [-11.52, 81.42], [-12.23, 81.30], [-13.12, 81.08], [-14.45, 80.99], [-14.49, 80.97], [-14.22, 80.87], [-14.24, 80.83], [-14.50, 80.76], [-15.19, 80.72], [-15.54, 80.65], [-16.31, 80.64], [-16.76, 80.57], [-16.58, 80.51], [-15.93, 80.42], [-15.93, 80.39], [-16.48, 80.25], [-17.01, 80.19], [-18.07, 80.17], [-19.42, 80.25], [-19.86, 80.14], [-20.15, 80.01], [-20.19, 79.93], [-20.18, 79.85], [-20.06, 79.77], [-19.35, 79.73], [-19.28, 79.68], [-19.39, 79.48], [-19.41, 79.34], [-19.15, 79.32], [-19.01, 79.25], [-18.99, 79.17], [-19.72, 79.06], [-19.88, 78.91], [-20.05, 78.84], [-20.61, 78.80], [-21.13, 78.65], [-20.94, 78.59], [-20.95, 78.55], [-21.19, 78.37], [-21.39, 78.07], [-21.74, 77.79], [-21.72, 77.70], [-21.57, 77.65], [-21.37, 77.69], [-21.13, 77.84], [-20.86, 77.91], [-19.49, 77.71], [-19.29, 77.58], [-19.52, 77.57], [-20.16, 77.68], [-20.68, 77.61], [-20.46, 77.44], [-20.23, 77.36], [-19.30, 77.22], [-18.90, 77.28], [-18.44, 77.25], [-18.33, 77.21], [-18.29, 77.13], [-18.33, 76.92], [-18.51, 76.77], [-18.60, 76.76], [-19.86, 76.91], [-20.48, 76.92], [-20.94, 76.88], [-20.95, 76.84], [-21.61, 76.68], [-22.33, 76.79], [-22.60, 76.68], [-22.37, 76.61], [-21.87, 76.57], [-21.75, 76.40], [-21.48, 76.27], [-20.88, 76.30], [-20.10, 76.21], [-19.86, 76.12], [-19.95, 75.99], [-19.50, 75.75], [-19.39, 75.49], [-19.37, 75.29], [-19.52, 75.18], [-19.79, 75.15], [-20.19, 75.30], [-20.48, 75.31], [-20.90, 75.15], [-21.24, 75.13], [-21.64, 75.02], [-22.23, 75.11], [-21.69, 74.96], [-20.98, 75.07], [-20.78, 74.89], [-20.79, 74.80], [-21.03, 74.65], [-20.86, 74.63], [-20.61, 74.72], [-20.41, 74.97], [-20.21, 75.01], [-19.98, 74.97], [-19.53, 74.62], [-19.28, 74.54], [-19.22, 74.47], [-19.27, 74.34], [-19.36, 74.28], [-19.64, 74.25], [-20.25, 74.28], [-20.23, 74.20], [-21.12, 74.11], [-21.95, 74.24], [-21.76, 74.48], [-21.98, 74.56], [-21.92, 74.43], [-21.97, 74.39], [-22.33, 74.28], [-22.19, 74.20], [-22.33, 74.06], [-22.13, 73.99], [-21.02, 73.94], [-20.36, 73.84], [-20.33, 73.81], [-20.50, 73.49], [-20.63, 73.46], [-21.54, 73.43], [-22.18, 73.26], [-22.34, 73.26], [-23.23, 73.39], [-23.76, 73.54], [-24.15, 73.76], [-24.45, 73.62], [-24.67, 73.60], [-25.52, 73.85], [-24.77, 73.53], [-25.31, 73.43], [-25.66, 73.29], [-26.06, 73.25], [-27.27, 73.43], [-27.16, 73.37], [-26.54, 73.24], [-26.72, 73.17], [-27.56, 73.13], [-27.34, 73.06], [-27.18, 73.13], [-26.75, 73.12], [-25.39, 73.27], [-25.26, 73.36], [-25.05, 73.39], [-24.13, 73.40], [-23.89, 73.39], [-23.24, 73.19], [-22.99, 73.17], [-22.85, 73.08], [-22.03, 72.91], [-22.00, 72.63], [-22.07, 72.39], [-22.28, 72.34], [-22.23, 72.22], [-22.29, 72.11], [-24.06, 72.49], [-24.35, 72.68], [-24.62, 73.03], [-24.99, 73.01], [-25.25, 72.92], [-26.65, 72.71], [-26.39, 72.67], [-24.81, 72.90], [-24.65, 72.58], [-24.70, 72.50], [-25.20, 72.39], [-25.11, 72.34], [-24.57, 72.42], [-23.58, 72.13], [-22.49, 71.91], [-22.37, 71.76], [-21.95, 71.74], [-22.50, 71.50], [-22.47, 71.38], [-22.41, 71.24], [-22.29, 71.43], [-21.96, 71.50], [-21.75, 71.47], [-21.67, 71.20], [-21.67, 70.85], [-21.52, 70.52], [-21.62, 70.46], [-21.94, 70.44], [-22.38, 70.46], [-22.43, 70.86], [-22.52, 70.80], [-22.60, 70.49], [-22.69, 70.43], [-23.32, 70.45], [-23.79, 70.55], [-23.97, 70.64], [-24.22, 70.92], [-24.26, 71.04], [-24.56, 71.22], [-25.88, 71.57], [-27.08, 71.62], [-27.16, 71.60], [-27.10, 71.53], [-25.84, 71.48], [-25.69, 71.36], [-25.66, 71.26], [-25.74, 71.18], [-26.01, 71.09], [-26.71, 70.95], [-28.39, 70.99], [-27.99, 70.89], [-27.97, 70.83], [-28.14, 70.65], [-29.07, 70.44], [-28.54, 70.47], [-28.01, 70.40], [-27.59, 70.40], [-26.74, 70.47], [-26.50, 70.39], [-27.32, 70.21], [-27.56, 70.12], [-27.62, 70.02], [-27.38, 69.99], [-27.02, 70.20], [-26.15, 70.24], [-25.52, 70.35], [-24.74, 70.29], [-23.66, 70.13], [-22.20, 70.10], [-22.43, 69.98], [-23.08, 69.88], [-23.01, 69.80], [-23.04, 69.79], [-23.86, 69.73], [-23.70, 69.62], [-23.73, 69.58], [-24.29, 69.58], [-24.22, 69.47], [-24.29, 69.43], [-24.86, 69.29], [-25.18, 69.26], [-25.09, 69.16], [-25.54, 69.04], [-25.69, 68.88], [-26.48, 68.67], [-29.24, 68.29], [-29.86, 68.31], [-30.19, 68.19], [-30.72, 68.25], [-30.60, 68.16], [-30.61, 68.11], [-30.97, 68.06], [-31.41, 68.12], [-32.32, 68.43], [-32.18, 68.25], [-32.36, 68.21], [-32.15, 68.06], [-32.16, 67.99], [-32.36, 67.88], [-33.10, 67.65], [-33.34, 67.44], [-33.50, 67.37], [-33.52, 67.25], [-34.10, 66.72], [-34.26, 66.62], [-34.42, 66.63], [-34.63, 66.43], [-35.18, 66.25], [-35.41, 66.26], [-35.86, 66.44], [-35.63, 66.13], [-36.37, 65.83], [-36.38, 65.95], [-36.52, 66.00], [-36.66, 65.79], [-36.93, 65.78], [-37.06, 65.87], [-37.31, 65.79], [-37.41, 65.65], [-37.75, 65.59], [-37.95, 65.63], [-38.00, 65.70], [-37.79, 65.85], [-37.82, 65.90], [-37.78, 65.97], [-37.27, 66.30], [-37.81, 66.38], [-38.15, 66.38], [-37.75, 66.26], [-37.96, 66.14], [-38.13, 65.90], [-38.52, 66.00], [-38.44, 65.92], [-38.21, 65.83], [-38.20, 65.71], [-38.63, 65.62], [-40.17, 65.55], [-40.19, 65.52], [-39.57, 65.34], [-39.93, 65.14], [-40.25, 65.04], [-40.66, 65.10], [-41.08, 65.10], [-41.08, 65.03], [-40.96, 64.86], [-40.65, 64.91], [-40.18, 64.47], [-40.47, 64.34], [-40.69, 64.32], [-40.68, 64.26], [-40.78, 64.22], [-41.58, 64.29], [-41.03, 64.12], [-40.82, 64.16], [-40.61, 64.13], [-40.65, 63.92], [-40.55, 63.72], [-40.77, 63.62], [-40.77, 63.53], [-41.04, 63.51], [-41.05, 63.41], [-41.15, 63.34], [-41.10, 63.27], [-41.38, 63.06], [-41.84, 63.07], [-42.17, 63.20], [-42.09, 63.11], [-41.63, 62.97], [-41.64, 62.91], [-41.90, 62.73], [-42.05, 62.69], [-42.94, 62.72], [-42.67, 62.63], [-42.15, 62.56], [-42.24, 62.46], [-42.19, 62.39], [-42.32, 62.15], [-42.14, 62.01], [-42.11, 61.85], [-42.24, 61.77], [-42.58, 61.71], [-42.32, 61.68], [-42.64, 61.06], [-42.71, 60.76], [-43.04, 60.52], [-43.92, 60.59], [-43.93, 60.56], [-43.83, 60.52], [-43.29, 60.44], [-43.21, 60.39], [-43.15, 60.33], [-43.12, 60.06], [-43.32, 59.92], [-43.61, 59.93], [-43.95, 60.02], [-43.65, 59.85], [-43.90, 59.81], [-44.11, 59.83], [-44.06, 59.92], [-44.26, 59.89], [-44.41, 59.92], [-44.45, 60.01], [-44.23, 60.18], [-44.17, 60.24], [-44.22, 60.27], [-44.53, 60.02], [-44.61, 60.01], [-45.37, 60.20], [-45.36, 60.37], [-44.97, 60.45], [-44.75, 60.66], [-45.08, 60.50], [-45.38, 60.44], [-46.04, 60.61], [-46.14, 60.77], [-45.87, 61.09], [-45.87, 61.21], [-45.94, 61.20], [-46.01, 61.09], [-46.58, 60.96], [-46.87, 60.81], [-47.22, 60.78], [-47.46, 60.84], [-47.79, 60.82], [-47.72, 60.72], [-47.82, 60.72], [-48.18, 60.76], [-48.24, 60.80], [-48.20, 60.85], [-47.77, 60.99], [-48.38, 61.00], [-48.37, 61.13], [-48.42, 61.18], [-48.92, 61.27], [-49.04, 61.52], [-49.28, 61.58], [-49.19, 61.68], [-49.31, 61.74], [-49.38, 61.89], [-49.03, 62.03], [-48.82, 62.07], [-49.12, 62.11], [-49.34, 62.01], [-49.62, 61.99], [-49.66, 62.01], [-49.66, 62.15], [-49.55, 62.23], [-50.31, 62.47], [-50.25, 62.57], [-50.25, 62.67], [-50.29, 62.72], [-50.07, 62.90], [-49.79, 63.04], [-50.09, 62.97], [-50.39, 62.82], [-50.50, 62.94], [-50.80, 63.09], [-51.46, 63.64], [-51.53, 63.75], [-51.45, 63.90], [-51.54, 64.00], [-50.34, 64.17], [-50.26, 64.21], [-50.48, 64.20], [-50.43, 64.31], [-50.72, 64.22], [-51.54, 64.09], [-51.70, 64.20], [-51.23, 64.56], [-50.83, 64.55], [-50.84, 64.64], [-50.68, 64.67], [-50.35, 64.68], [-50.15, 64.48], [-50.00, 64.44], [-50.12, 64.70], [-50.29, 64.77], [-50.51, 64.76], [-50.96, 65.20], [-50.72, 64.79], [-50.89, 64.69], [-51.22, 64.62], [-51.13, 64.78], [-51.25, 64.75], [-51.36, 64.70], [-51.75, 64.27], [-51.92, 64.21], [-51.99, 64.25], [-52.09, 64.41], [-52.08, 64.68], [-52.25, 65.15], [-52.44, 65.20], [-52.53, 65.32], [-52.17, 65.44], [-51.61, 65.71], [-51.09, 65.77], [-51.72, 65.72], [-52.34, 65.46], [-52.55, 65.46], [-52.76, 65.59], [-53.19, 65.59], [-53.23, 65.77], [-53.10, 65.97], [-53.24, 65.97], [-53.39, 66.04], [-52.05, 66.50], [-51.89, 66.62], [-51.51, 66.73], [-51.22, 66.88], [-51.82, 66.69], [-53.03, 66.20], [-53.61, 66.15], [-53.63, 66.41], [-53.41, 66.64], [-53.11, 66.75], [-53.03, 66.82], [-52.38, 66.88], [-53.44, 66.92], [-53.68, 66.98], [-53.88, 67.13], [-53.79, 67.41], [-52.96, 67.68], [-52.51, 67.76], [-51.90, 67.66], [-51.18, 67.63], [-50.70, 67.50], [-50.61, 67.52], [-51.17, 67.69], [-51.16, 67.73], [-50.88, 67.78], [-50.96, 67.80], [-51.76, 67.73], [-52.34, 67.83], [-52.97, 67.75], [-53.41, 67.57], [-53.73, 67.54], [-53.57, 67.83], [-53.35, 67.97], [-53.15, 68.20], [-51.59, 68.05], [-51.45, 68.11], [-51.41, 68.19], [-51.16, 68.38], [-51.21, 68.41], [-51.45, 68.39], [-51.63, 68.27], [-52.19, 68.22], [-52.69, 68.26], [-52.78, 68.30], [-53.38, 68.29], [-53.03, 68.61], [-52.60, 68.70], [-52.30, 68.70], [-51.62, 68.53], [-51.13, 68.59], [-50.80, 68.79], [-51.24, 68.73], [-51.08, 69.12], [-50.29, 69.17], [-50.53, 69.24], [-51.07, 69.20], [-50.89, 69.41], [-50.80, 69.66], [-50.72, 69.72], [-50.34, 69.79], [-50.5, 69.93], [-50.29, 70.01], [-50.32, 70.02], [-50.80, 70.00], [-51.10, 70.05], [-51.49, 69.98], [-52.25, 70.05], [-53.02, 70.30], [-54.01, 70.42], [-54.53, 70.69], [-54.16, 70.82], [-52.80, 70.75], [-52.40, 70.68], [-51.52, 70.43], [-50.94, 70.36], [-50.68, 70.39], [-51.32, 70.58], [-51.33, 70.68], [-51.25, 70.85], [-51.77, 71.01], [-51.13, 70.97], [-51.01, 71.00], [-51.37, 71.11], [-52.06, 71.12], [-52.53, 71.20], [-53.00, 71.17], [-53.11, 71.31], [-52.74, 71.50], [-51.96, 71.59], [-51.77, 71.68], [-52.19, 71.62], [-52.65, 71.67], [-53.16, 71.53], [-53.44, 71.57], [-53.47, 71.64], [-53.24, 71.71], [-53.14, 71.80], [-53.33, 71.78], [-53.42, 71.99], [-53.69, 72.15], [-53.80, 72.29], [-53.65, 72.36], [-53.92, 72.31], [-53.79, 72.13], [-53.51, 71.97], [-53.46, 71.89], [-53.77, 71.67], [-54.01, 71.65], [-53.91, 71.52], [-53.96, 71.45], [-54.68, 71.36], [-55.33, 71.42], [-55.59, 71.55], [-55.66, 71.69], [-55.54, 71.76], [-55.31, 72.11], [-54.84, 72.35], [-54.89, 72.39], [-55.32, 72.19], [-55.58, 72.17], [-55.65, 72.22], [-55.63, 72.30], [-55.29, 72.35], [-55.60, 72.45], [-55.45, 72.50], [-55.12, 72.49], [-54.92, 72.57], [-54.74, 72.70], [-54.73, 72.87], [-54.86, 72.96], [-55.07, 73.01], [-55.28, 72.93], [-55.66, 73.00], [-55.69, 73.11], [-55.35, 73.20], [-55.28, 73.32], [-55.44, 73.46], [-55.73, 73.38], [-55.87, 73.50], [-56.10, 73.55], [-55.96, 73.75], [-55.83, 73.75], [-55.92, 73.89], [-56.22, 74.12], [-56.49, 74.18], [-57.23, 74.12], [-56.70, 74.21], [-56.63, 74.27], [-56.65, 74.37], [-56.71, 74.42], [-56.25, 74.52], [-56.87, 74.69], [-57.19, 74.89], [-57.81, 75.03], [-58.25, 75.27], [-58.56, 75.35], [-58.60, 75.38], [-58.24, 75.50], [-58.51, 75.68], [-61.18, 76.15], [-62.74, 76.25], [-63.29, 76.35], [-63.84, 76.21], [-63.96, 76.20], [-64.30, 76.31], [-64.91, 76.17], [-65.36, 76.13], [-65.95, 76.24], [-66.46, 76.13], [-66.87, 76.21], [-67.07, 76.19], [-66.67, 75.97], [-66.82, 75.96], [-68.31, 76.09], [-69.37, 76.33], [-69.48, 76.39], [-68.86, 76.56], [-68.11, 76.65], [-69.25, 76.68], [-69.67, 76.73], [-69.88, 76.82], [-69.69, 76.98], [-70.44, 76.80], [-70.61, 76.82], [-70.79, 76.86], [-70.73, 76.92], [-71.01, 76.98], [-71.14, 77.02], [-71.15, 77.07], [-70.86, 77.17], [-70.60, 77.19], [-69.65, 77.22], [-68.97, 77.19], [-68.59, 77.34], [-68.13, 77.37], [-66.93, 77.36], [-66.38, 77.28], [-66.45, 77.39], [-66.26, 77.51], [-66.44, 77.61], [-66.82, 77.68], [-67.68, 77.52], [-68.13, 77.53], [-68.62, 77.60], [-68.97, 77.49], [-69.35, 77.46], [-69.97, 77.54], [-70.11, 77.58], [-70.12, 77.63], [-70.56, 77.71], [-70.08, 77.83], [-70.11, 77.84], [-70.72, 77.79], [-71.27, 77.81], [-72.15, 77.95], [-72.81, 78.19], [-72.58, 78.27], [-72.71, 78.36], [-72.47, 78.48], [-71.65, 78.62], [-70.90, 78.63], [-69.97, 78.77], [-68.99, 78.85], [-68.92, 78.88], [-69.03, 78.94], [-68.37, 79.03], [-67.35, 79.12], [-66.07, 79.11], [-65.82, 79.17], [-65.28, 79.43], [-64.79, 80.00], [-64.17, 80.09], [-64.43, 80.14], [-65.81, 80.02], [-66.84, 80.07], [-67.14, 80.16], [-67.20, 80.22], [-67.19, 80.28], [-66.99, 80.41], [-66.61, 80.52], [-65.64, 80.68], [-64.51, 81.0], [-63.72, 81.05], [-63.05, 80.88], [-63.02, 80.88], [-63.23, 81.08], [-63.21, 81.14], [-62.99, 81.20], [-61.43, 81.13], [-61.16, 81.28], [-61.1, 81.39], [-61.23, 81.69], [-61.20, 81.74], [-60.43, 81.92], [-59.28, 81.88], [-56.61, 81.36], [-56.85, 81.45], [-57.85, 81.66], [-58.81, 81.92], [-59.26, 81.98], [-58.71, 82.09], [-56.58, 82.22], [-55.54, 82.24], [-55.34, 82.29], [-54.54, 82.35], [-53.98, 82.27], [-53.67, 82.16], [-53.58, 82.06], [-53.59, 81.73], [-53.55, 81.65], [-53.04, 81.87], [-52.92, 82.03], [-53.10, 82.11], [-53.11, 82.25], [-53.02, 82.32], [-52.77, 82.32], [-50.89, 81.89], [-49.54, 81.91], [-50.71, 82.23], [-50.98, 82.46], [-50.03, 82.47], [-48.86, 82.40], [-46.61, 82.09], [-45.29, 81.82], [-44.72, 81.77], [-44.53, 81.84], [-44.63, 82.10], [-44.54, 82.26], [-44.23, 82.36], [-44.32, 82.47], [-45.55, 82.74], [-45.06, 82.78], [-42.65, 82.74], [-41.87, 82.68], [-41.35, 82.70], [-41.36, 82.75], [-44.76, 82.88], [-46.13, 82.85], [-46.47, 82.95], [-46.16, 83.06], [-45.41, 83.01], [-44.65, 83.12], [-43.00, 83.26], [-42.25, 83.23], [-41.30, 83.10], [-40.35, 83.33], [-38.93, 83.17], [-38.15, 82.99], [-38.03, 83.04], [-37.93, 83.16], [-38.53, 83.25], [-38.74, 83.33], [-38.74, 83.37], [-38.54, 83.41], [-38.07, 83.41], [-37.72, 83.49], [-36.80, 83.46], [-36.60, 83.53], [-34.66, 83.57], [-33.83, 83.52], [-32.98, 83.59], [-29.95, 83.56]]], [[[-52.73, 69.94], [-52.04, 69.80], [-51.97, 69.72], [-52.00, 69.68], [-51.90, 69.60], [-52.11, 69.48], [-52.77, 69.36], [-53.75, 69.26], [-54.18, 69.40], [-53.65, 69.46], [-53.82, 69.54], [-54.73, 69.61], [-54.91, 69.71], [-54.78, 69.94], [-54.32, 69.94], [-54.77, 70.05], [-54.83, 70.13], [-54.70, 70.25], [-54.37, 70.31], [-53.29, 70.20], [-52.73, 69.94]]], [[[-51.01, 69.55], [-51.17, 69.51], [-51.23, 69.55], [-51.33, 69.73], [-51.35, 69.85], [-51.09, 69.92], [-50.67, 69.84], [-50.91, 69.75], [-51.01, 69.55]]], [[[-53.53, 71.04], [-53.89, 71.08], [-53.95, 71.12], [-53.70, 71.28], [-53.58, 71.29], [-53.43, 71.15], [-53.45, 71.08], [-53.53, 71.04]]], [[[-55.01, 72.79], [-55.56, 72.56], [-55.86, 72.66], [-56.14, 72.66], [-56.21, 72.71], [-55.99, 72.78], [-55.51, 72.78], [-55.20, 72.84], [-55.01, 72.79]]], [[[-71.66, 77.32], [-72.02, 77.31], [-72.49, 77.38], [-72.43, 77.44], [-72.08, 77.46], [-71.43, 77.39], [-71.66, 77.32]]], [[[-44.86, 82.08], [-45.06, 82.06], [-45.49, 82.17], [-46.75, 82.34], [-47.30, 82.53], [-47.35, 82.59], [-47.27, 82.65], [-46.39, 82.69], [-44.91, 82.48], [-44.74, 82.40], [-44.86, 82.08]]], [[[-25.43, 70.92], [-25.39, 70.83], [-25.46, 70.77], [-25.34, 70.69], [-25.40, 70.65], [-25.91, 70.57], [-26.21, 70.45], [-26.60, 70.55], [-27.89, 70.45], [-28.03, 70.48], [-27.93, 70.61], [-27.71, 70.71], [-27.74, 70.78], [-27.70, 70.89], [-27.61, 70.91], [-27.23, 70.86], [-26.62, 70.87], [-25.81, 71.04], [-25.43, 70.92]]], [[[-18.66, 81.84], [-19.03, 81.82], [-19.59, 81.99], [-19.61, 82.07], [-19.31, 82.12], [-18.81, 81.94], [-18.66, 81.84]]], [[[-17.61, 79.82], [-18.03, 79.71], [-18.66, 79.72], [-19.03, 79.77], [-19.13, 79.85], [-18.99, 79.94], [-18.54, 80.01], [-17.98, 80.05], [-17.47, 80.02], [-17.40, 79.94], [-17.61, 79.82]]], [[[-18.99, 77.97], [-19.12, 77.93], [-19.29, 78.18], [-19.31, 78.34], [-19.11, 78.42], [-18.93, 78.42], [-18.95, 78.21], [-18.88, 78.11], [-18.99, 77.97]]], [[[-18.58, 76.04], [-18.69, 76.01], [-19.08, 76.43], [-19.05, 76.69], [-18.88, 76.70], [-18.73, 76.64], [-18.58, 76.04]]], [[[-18.00, 75.40], [-17.88, 75.20], [-17.76, 75.14], [-17.49, 75.15], [-17.39, 75.03], [-17.58, 74.99], [-18.67, 75.00], [-18.89, 75.07], [-18.85, 75.31], [-18.63, 75.38], [-18.45, 75.32], [-18.00, 75.40]]], [[[-17.95, 77.64], [-18.22, 77.66], [-17.90, 77.86], [-17.68, 77.85], [-17.64, 77.78], [-17.72, 77.70], [-17.95, 77.64]]], [[[-37.03, 65.53], [-37.18, 65.53], [-37.23, 65.60], [-37.22, 65.69], [-37.04, 65.72], [-36.95, 65.66], [-37.03, 65.53]]], [[[-46.26, 60.78], [-46.38, 60.66], [-46.78, 60.77], [-46.20, 60.94], [-46.26, 60.78]]], [[[-51.67, 70.85], [-52.11, 70.87], [-52.14, 70.90], [-52.10, 70.96], [-51.96, 70.97], [-51.60, 70.86], [-51.67, 70.85]]]]}}, {"type": "Feature", "properties": {}, "geometry": {"type": "MultiPolygon", "coordinates": [[[[-6.62, 61.80], [-6.67, 61.76], [-6.88, 61.89], [-6.66, 61.86], [-6.62, 61.80]]], [[[-6.69, 61.44], [-6.67, 61.41], [-6.88, 61.53], [-6.93, 61.63], [-6.74, 61.57], [-6.69, 61.44]]], [[[-7.18, 62.13], [-7.06, 62.07], [-7.25, 62.04], [-7.37, 62.07], [-7.42, 62.14], [-7.18, 62.13]]], [[[-6.63, 62.22], [-6.65, 62.09], [-6.84, 62.11], [-6.72, 61.95], [-7.01, 62.09], [-7.17, 62.28], [-6.95, 62.31], [-6.63, 62.22]]], [[[-6.40, 62.25], [-6.45, 62.18], [-6.54, 62.20], [-6.55, 62.35], [-6.40, 62.25]]]]}}, {"type": "Feature", "properties": {}, "geometry": {"type": "MultiPolygon", "coordinates": [[[[12.56, 55.78], [12.54, 55.65], [12.32, 55.58], [12.21, 55.46], [12.38, 55.38], [12.41, 55.28], [12.08, 55.18], [12.05, 54.81], [11.86, 54.77], [11.74, 54.91], [11.65, 55.18], [11.28, 55.20], [11.17, 55.32], [11.18, 55.46], [11.12, 55.60], [11.00, 55.64], [10.97, 55.72], [11.32, 55.75], [11.46, 55.87], [11.47, 55.94], [11.62, 55.95], [11.69, 55.90], [11.69, 55.72], [11.81, 55.69], [11.93, 55.89], [11.86, 55.96], [12.21, 56.11], [12.57, 56.06], [12.60, 56.03], [12.52, 55.91], [12.56, 55.78]]], [[[9.73, 54.82], [9.61, 54.85], [9.25, 54.80], [8.90, 54.89], [8.67, 54.90], [8.57, 55.13], [8.66, 55.15], [8.61, 55.41], [8.13, 55.59], [8.20, 55.98], [8.12, 56.13], [8.16, 56.60], [8.55, 56.56], [8.67, 56.49], [8.73, 56.62], [8.88, 56.73], [9.06, 56.79], [9.19, 56.70], [9.25, 57.01], [9.11, 57.04], [8.99, 57.01], [8.77, 56.72], [8.46, 56.66], [8.26, 56.75], [8.26, 56.81], [8.61, 57.11], [9.43, 57.17], [9.96, 57.58], [10.25, 57.61], [10.60, 57.73], [10.48, 57.64], [10.44, 57.56], [10.53, 57.44], [10.52, 57.24], [10.29, 56.99], [10.28, 56.62], [10.49, 56.52], [10.84, 56.52], [10.92, 56.44], [10.85, 56.29], [10.75, 56.24], [10.53, 56.20], [10.42, 56.27], [10.31, 56.21], [10.18, 55.86], [9.90, 55.84], [10.02, 55.76], [9.59, 55.49], [9.67, 55.26], [9.45, 55.03], [9.64, 55.02], [9.73, 54.96], [9.73, 54.82]]], [[[10.64, 55.60], [10.81, 55.32], [10.78, 55.13], [10.62, 55.05], [10.44, 55.04], [9.98, 55.16], [9.85, 55.35], [9.86, 55.51], [10.28, 55.61], [10.50, 55.55], [10.64, 55.60]]], [[[11.36, 54.89], [11.73, 54.80], [11.76, 54.67], [11.45, 54.62], [11.03, 54.77], [11.05, 54.94], [11.25, 54.95], [11.36, 54.89]]], [[[10.73, 54.75], [10.68, 54.74], [10.62, 54.85], [10.95, 55.15], [10.73, 54.75]]], [[[12.54, 54.96], [12.35, 54.96], [12.18, 54.89], [12.11, 54.91], [12.27, 55.06], [12.54, 54.96]]], [[[12.66, 55.59], [12.55, 55.55], [12.52, 55.61], [12.62, 55.67], [12.66, 55.59]]], [[[10.48, 54.84], [10.34, 54.85], [10.19, 54.96], [10.50, 54.86], [10.48, 54.84]]], [[[10.06, 54.88], [9.80, 54.90], [9.77, 55.05], [9.99, 54.98], [10.06, 54.88]]], [[[10.60, 55.78], [10.52, 55.78], [10.54, 55.99], [10.66, 55.87], [10.60, 55.78]]], [[[11.05, 57.25], [11.01, 57.22], [10.87, 57.26], [10.93, 57.30], [11.17, 57.32], [11.05, 57.25]]], [[[15.08, 55.02], [14.68, 55.10], [14.71, 55.23], [14.76, 55.29], [15.13, 55.14], [15.08, 55.02]]]]}}, {"type": "Feature", "properties": {}, "geometry": {"type": "Polygon", "coordinates": [[[18.83, 49.51], [18.59, 49.49], [18.16, 49.25], [18.08, 49.06], [17.75, 48.88], [17.48, 48.82], [17.13, 48.84], [16.95, 48.59], [16.88, 48.70], [16.54, 48.79], [16.36, 48.73], [16.05, 48.75], [15.82, 48.86], [14.99, 49.00], [14.92, 48.77], [14.78, 48.74], [14.69, 48.59], [14.48, 48.62], [14.18, 48.57], [14.04, 48.60], [13.98, 48.69], [13.54, 48.95], [13.44, 48.95], [12.91, 49.33], [12.81, 49.32], [12.68, 49.41], [12.39, 49.73], [12.51, 49.89], [12.20, 50.09], [12.08, 50.30], [12.17, 50.28], [12.27, 50.18], [12.54, 50.39], [12.76, 50.43], [12.94, 50.40], [13.01, 50.49], [13.18, 50.51], [13.37, 50.62], [13.43, 50.60], [13.55, 50.70], [14.36, 50.89], [14.25, 51.00], [14.28, 51.02], [14.54, 50.99], [14.62, 50.91], [14.61, 50.85], [14.72, 50.81], [14.98, 50.88], [14.99, 51.01], [15.25, 50.95], [15.35, 50.81], [15.73, 50.73], [16.00, 50.61], [16.28, 50.65], [16.35, 50.62], [16.41, 50.57], [16.37, 50.51], [16.21, 50.42], [16.63, 50.10], [16.98, 50.23], [16.88, 50.42], [17.15, 50.37], [17.41, 50.25], [17.70, 50.30], [17.73, 50.23], [17.58, 50.15], [17.62, 50.11], [17.83, 49.98], [18.02, 50.03], [18.30, 49.91], [18.56, 49.87], [18.59, 49.75], [18.80, 49.61], [18.83, 49.51]]]}}, {"type": "Feature", "properties": {}, "geometry": {"type": "Polygon", "coordinates": [[[34.00, 35.06], [33.86, 35.09], [33.47, 35.00], [33.45, 35.10], [33.38, 35.16], [33.19, 35.17], [32.91, 35.08], [32.71, 35.17], [32.87, 35.18], [32.94, 35.39], [33.60, 35.35], [34.55, 35.66], [33.94, 35.29], [33.90, 35.20], [34.00, 35.06]]]}}, {"type": "Feature", "properties": {}, "geometry": {"type": "Polygon", "coordinates": [[[32.71, 35.17], [32.91, 35.08], [33.19, 35.17], [33.38, 35.16], [33.45, 35.10], [33.47, 35.00], [33.86, 35.09], [34.00, 35.06], [34.05, 34.98], [33.69, 34.96], [33.41, 34.75], [33.11, 34.69], [33.02, 34.63], [33.00, 34.56], [32.94, 34.57], [32.86, 34.66], [32.69, 34.64], [32.44, 34.72], [32.31, 34.95], [32.30, 35.08], [32.39, 35.04], [32.55, 35.15], [32.71, 35.17]]]}}, {"type": "Feature", "properties": {}, "geometry": {"type": "MultiPolygon", "coordinates": [[[[-81.83, 23.16], [-81.57, 23.11], [-81.26, 23.15], [-81.14, 23.05], [-80.65, 23.10], [-80.36, 22.94], [-79.82, 22.88], [-79.85, 22.82], [-79.67, 22.74], [-79.54, 22.57], [-79.27, 22.40], [-78.68, 22.36], [-78.14, 22.10], [-77.86, 21.90], [-77.63, 21.79], [-77.49, 21.78], [-77.58, 21.88], [-77.49, 21.87], [-77.14, 21.64], [-77.18, 21.59], [-77.36, 21.61], [-77.25, 21.48], [-77.09, 21.58], [-76.83, 21.39], [-76.86, 21.33], [-76.72, 21.35], [-76.64, 21.28], [-76.25, 21.22], [-76.07, 21.13], [-75.72, 21.11], [-75.59, 20.99], [-75.66, 20.89], [-75.59, 20.83], [-75.74, 20.81], [-75.72, 20.71], [-75.21, 20.71], [-74.88, 20.65], [-74.51, 20.38], [-74.16, 20.29], [-74.15, 20.16], [-74.25, 20.07], [-74.63, 20.05], [-75.11, 19.90], [-75.15, 20.00], [-75.29, 19.89], [-75.55, 19.89], [-75.76, 19.96], [-76.15, 19.98], [-77.71, 19.85], [-77.55, 20.08], [-77.10, 20.40], [-77.10, 20.49], [-77.22, 20.64], [-77.99, 20.71], [-78.11, 20.76], [-78.49, 21.05], [-78.57, 21.41], [-78.72, 21.59], [-78.82, 21.61], [-79.18, 21.55], [-79.35, 21.58], [-80.23, 21.87], [-80.48, 22.12], [-80.49, 22.06], [-81.03, 22.07], [-81.18, 22.26], [-81.22, 22.14], [-81.28, 22.10], [-81.35, 22.10], [-81.44, 22.18], [-81.84, 22.21], [-82.07, 22.38], [-81.71, 22.49], [-81.70, 22.59], [-81.83, 22.67], [-82.73, 22.68], [-83.37, 22.22], [-83.90, 22.17], [-84.03, 21.94], [-84.50, 21.77], [-84.50, 21.93], [-84.83, 21.82], [-84.88, 21.85], [-84.53, 22.03], [-84.32, 22.07], [-84.38, 22.25], [-84.36, 22.37], [-84.04, 22.66], [-83.25, 22.96], [-82.66, 23.04], [-82.10, 23.19], [-81.83, 23.16]]], [[[-77.66, 21.95], [-77.71, 21.92], [-77.91, 22.08], [-77.63, 22.05], [-77.66, 21.95]]], [[[-78.02, 22.28], [-78.18, 22.32], [-78.27, 22.42], [-78.15, 22.43], [-78.02, 22.28]]], [[[-78.63, 22.55], [-78.35, 22.53], [-78.28, 22.45], [-78.54, 22.46], [-78.69, 22.53], [-78.63, 22.55]]], [[[-77.87, 22.12], [-78.04, 22.20], [-77.99, 22.29], [-77.84, 22.14], [-77.87, 22.12]]], [[[-82.56, 21.57], [-82.85, 21.44], [-82.95, 21.44], [-83.06, 21.46], [-83.18, 21.59], [-83.05, 21.54], [-82.97, 21.59], [-83.08, 21.79], [-82.99, 21.94], [-82.71, 21.89], [-82.56, 21.57]]], [[[-79.34, 22.66], [-79.52, 22.71], [-79.62, 22.80], [-79.57, 22.80], [-79.34, 22.66]]]]}}, {"type": "Feature", "properties": {}, "geometry": {"type": "MultiPolygon", "coordinates": [[[[13.57, 45.51], [13.87, 45.42], [13.99, 45.50], [14.36, 45.48], [14.56, 45.65], [14.79, 45.47], [15.33, 45.46], [15.28, 45.57], [15.35, 45.65], [15.27, 45.73], [15.65, 45.86], [15.67, 45.98], [15.59, 46.10], [15.60, 46.17], [16.00, 46.30], [16.06, 46.37], [16.22, 46.37], [16.23, 46.48], [16.32, 46.53], [16.74, 46.41], [17.31, 45.99], [17.60, 45.91], [17.80, 45.79], [18.35, 45.75], [18.53, 45.79], [18.66, 45.90], [18.90, 45.93], [18.83, 45.83], [18.94, 45.65], [18.91, 45.60], [19.06, 45.51], [19.00, 45.39], [19.33, 45.26], [19.40, 45.18], [19.13, 45.19], [19.12, 45.15], [19.06, 45.13], [19.08, 44.92], [18.94, 44.86], [18.78, 44.91], [18.74, 45.02], [18.66, 45.07], [17.99, 45.14], [17.81, 45.07], [17.65, 45.16], [17.50, 45.12], [17.12, 45.17], [16.91, 45.27], [16.79, 45.19], [16.53, 45.21], [16.29, 45.00], [16.02, 45.18], [15.88, 45.21], [15.78, 45.17], [15.73, 44.76], [16.10, 44.52], [16.21, 44.21], [16.30, 44.12], [17.08, 43.51], [17.27, 43.44], [17.29, 43.30], [17.65, 43.00], [17.58, 42.93], [16.90, 43.39], [16.39, 43.54], [15.98, 43.51], [15.94, 43.65], [15.49, 43.90], [15.18, 44.17], [15.12, 44.25], [15.47, 44.27], [14.98, 44.60], [14.89, 44.70], [14.90, 44.97], [14.85, 45.08], [14.55, 45.29], [14.31, 45.33], [14.23, 45.15], [13.96, 44.83], [13.86, 44.83], [13.62, 45.10], [13.51, 45.48], [13.57, 45.51]]], [[[16.65, 42.99], [17.09, 42.96], [17.18, 42.91], [16.85, 42.89], [16.69, 42.93], [16.65, 42.99]]], [[[17.19, 43.12], [16.67, 43.12], [16.37, 43.21], [16.52, 43.22], [17.19, 43.12]]], [[[16.78, 43.27], [16.62, 43.26], [16.42, 43.31], [16.44, 43.38], [16.89, 43.31], [16.78, 43.27]]], [[[15.23, 44.06], [15.24, 44.02], [15.06, 44.15], [15.23, 44.06]]], [[[14.81, 44.97], [14.68, 44.95], [14.43, 45.09], [14.57, 45.22], [14.81, 44.97]]], [[[14.83, 44.75], [14.85, 44.71], [14.66, 44.79], [14.69, 44.84], [14.75, 44.84], [14.83, 44.75]]], [[[15.18, 44.33], [15.16, 44.30], [14.91, 44.48], [14.74, 44.69], [15.23, 44.35], [15.18, 44.33]]], [[[15.18, 43.92], [15.13, 43.90], [14.86, 44.16], [14.95, 44.11], [15.18, 43.92]]], [[[15.37, 43.97], [15.43, 43.89], [15.27, 44.01], [15.37, 43.97]]], [[[14.48, 44.66], [14.48, 44.62], [14.41, 44.67], [14.31, 44.90], [14.34, 45.01], [14.28, 45.14], [14.33, 45.16], [14.46, 44.97], [14.48, 44.66]]], [[[17.60, 42.76], [17.74, 42.70], [17.34, 42.79], [17.43, 42.80], [17.60, 42.76]]], [[[18.43, 42.55], [18.51, 42.43], [17.82, 42.79], [17.04, 43.01], [17.21, 43.02], [17.72, 42.85], [17.66, 42.89], [17.80, 42.90], [18.12, 42.69], [18.43, 42.55]]]]}}, {"type": "Feature", "properties": {}, "geometry": {"type": "MultiPolygon", "coordinates": [[[[-3.08, 5.12], [-3.11, 5.08], [-3.24, 5.11], [-3.21, 5.14], [-3.08, 5.12]]], [[[-7.99, 10.16], [-7.81, 10.23], [-7.66, 10.42], [-7.49, 10.43], [-7.38, 10.34], [-7.36, 10.25], [-7.01, 10.14], [-6.96, 10.17], [-6.99, 10.25], [-6.95, 10.34], [-6.69, 10.34], [-6.65, 10.65], [-6.42, 10.55], [-6.42, 10.67], [-6.26, 10.72], [-6.19, 10.40], [-6.23, 10.26], [-6.11, 10.20], [-6.03, 10.19], [-5.84, 10.38], [-5.55, 10.43], [-5.38, 10.31], [-5.26, 10.31], [-5.09, 10.24], [-4.96, 9.93], [-4.62, 9.71], [-4.52, 9.72], [-4.33, 9.64], [-4.26, 9.74], [-3.79, 9.91], [-3.22, 9.89], [-2.98, 9.68], [-2.81, 9.42], [-2.69, 9.48], [-2.67, 9.28], [-2.74, 9.04], [-2.68, 9.02], [-2.60, 8.80], [-2.50, 8.20], [-2.61, 8.14], [-2.61, 8.04], [-2.78, 7.93], [-2.95, 7.45], [-2.98, 7.20], [-3.23, 6.80], [-3.24, 6.64], [-3.20, 6.34], [-2.99, 5.71], [-2.96, 5.64], [-2.79, 5.60], [-2.75, 5.43], [-2.81, 5.15], [-2.94, 5.11], [-3.16, 5.20], [-3.15, 5.34], [-3.19, 5.35], [-3.34, 5.13], [-3.87, 5.22], [-3.98, 5.29], [-4.12, 5.30], [-4.55, 5.27], [-4.60, 5.23], [-4.11, 5.26], [-4.03, 5.23], [-4.89, 5.13], [-5.02, 5.20], [-5.28, 5.21], [-5.36, 5.15], [-5.06, 5.13], [-5.91, 5.01], [-6.84, 4.67], [-7.54, 4.35], [-7.59, 4.82], [-7.56, 5.08], [-7.50, 5.10], [-7.42, 5.32], [-7.39, 5.55], [-7.45, 5.84], [-7.79, 5.97], [-7.88, 6.23], [-7.98, 6.28], [-8.28, 6.31], [-8.44, 6.46], [-8.60, 6.50], [-8.33, 6.80], [-8.30, 6.98], [-8.43, 7.51], [-8.48, 7.55], [-8.42, 7.60], [-8.23, 7.55], [-8.00, 8.07], [-8.04, 8.16], [-8.25, 8.25], [-8.23, 8.45], [-8.04, 8.49], [-7.82, 8.46], [-7.73, 8.37], [-7.68, 8.41], [-7.71, 8.64], [-7.78, 8.72], [-7.95, 8.78], [-7.93, 8.97], [-7.77, 9.08], [-7.91, 9.18], [-7.89, 9.41], [-8.03, 9.39], [-8.13, 9.49], [-8.15, 9.97], [-7.99, 10.16]]]]}}, {"type": "Feature", "properties": {}, "geometry": {"type": "Polygon", "coordinates": [[[-82.56, 9.57], [-82.64, 9.50], [-82.80, 9.59], [-82.93, 9.44], [-82.94, 9.06], [-82.78, 8.99], [-82.72, 8.91], [-82.91, 8.74], [-82.85, 8.63], [-82.86, 8.45], [-83.02, 8.33], [-82.91, 8.19], [-82.87, 8.07], [-83.12, 8.35], [-83.16, 8.58], [-83.28, 8.66], [-83.46, 8.70], [-83.29, 8.50], [-83.29, 8.40], [-83.60, 8.48], [-83.73, 8.61], [-83.61, 8.80], [-83.63, 9.03], [-83.73, 9.15], [-84.22, 9.46], [-84.58, 9.56], [-84.65, 9.64], [-84.64, 9.78], [-84.71, 9.89], [-85.02, 10.11], [-85.26, 10.25], [-85.23, 10.10], [-85.16, 10.01], [-84.96, 9.93], [-84.88, 9.82], [-85.11, 9.58], [-85.31, 9.81], [-85.62, 9.90], [-85.79, 10.13], [-85.84, 10.29], [-85.83, 10.39], [-85.66, 10.63], [-85.66, 10.74], [-85.90, 10.89], [-85.75, 10.98], [-85.74, 11.06], [-85.58, 11.18], [-84.90, 10.94], [-84.70, 11.05], [-84.34, 10.97], [-84.16, 10.78], [-83.91, 10.73], [-83.71, 10.78], [-83.64, 10.91], [-83.34, 10.31], [-82.77, 9.66], [-82.56, 9.57]]]}}, {"type": "Feature", "properties": {}, "geometry": {"type": "Polygon", "coordinates": [[[30.75, -8.19], [28.89, -8.48], [28.93, -8.59], [28.86, -8.78], [28.68, -9.01], [28.40, -9.22], [28.63, -9.83], [28.63, -10.66], [28.54, -10.80], [28.35, -11.48], [28.48, -11.81], [29.06, -12.34], [29.48, -12.41], [29.50, -12.22], [29.79, -12.15], [29.77, -13.43], [29.65, -13.41], [29.63, -13.29], [29.55, -13.24], [29.20, -13.39], [29.11, -13.39], [28.94, -13.30], [28.92, -13.21], [28.67, -12.86], [28.55, -12.83], [28.41, -12.51], [27.53, -12.19], [27.42, -11.94], [27.23, -11.78], [27.15, -11.57], [27.04, -11.61], [26.94, -11.89], [26.82, -11.96], [26.02, -11.89], [25.61, -11.74], [25.51, -11.75], [25.34, -11.62], [25.28, -11.40], [25.31, -11.23], [25.28, -11.21], [24.66, -11.35], [24.51, -11.43], [24.37, -11.41], [24.33, -11.37], [24.39, -11.25], [24.36, -11.12], [24.31, -11.07], [24.13, -11.02], [24.07, -10.89], [23.96, -10.87], [23.83, -11.01], [23.46, -10.96], [23.07, -11.08], [22.56, -11.05], [22.27, -11.19], [22.17, -10.89], [22.30, -10.69], [22.27, -10.25], [22.19, -10.04], [21.85, -9.59], [21.81, -9.46], [21.90, -8.69], [21.89, -8.34], [21.80, -8.11], [21.78, -7.86], [21.84, -7.42], [21.78, -7.31], [20.60, -7.27], [20.53, -7.18], [20.59, -6.91], [19.87, -6.98], [19.66, -7.03], [19.52, -7.14], [19.47, -7.47], [19.37, -7.65], [19.34, -7.96], [18.94, -8.00], [18.56, -7.93], [18.00, -8.10], [17.91, -8.06], [17.57, -8.09], [16.98, -7.25], [16.91, -6.93], [16.74, -6.61], [16.69, -6.16], [16.43, -5.90], [16.31, -5.86], [13.30, -5.88], [13.00, -5.83], [12.51, -6.00], [12.41, -5.98], [12.21, -5.75], [12.50, -5.69], [12.52, -5.14], [12.45, -5.07], [12.82, -4.73], [13.13, -4.60], [13.41, -4.83], [13.65, -4.72], [13.71, -4.45], [13.94, -4.48], [14.35, -4.29], [14.44, -4.44], [14.36, -4.58], [14.41, -4.83], [14.70, -4.88], [15.26, -4.30], [15.39, -4.24], [15.60, -4.03], [15.87, -3.93], [15.99, -3.76], [16.14, -3.46], [16.21, -3.03], [16.21, -2.17], [16.54, -1.84], [16.87, -1.22], [17.27, -0.99], [17.75, -0.54], [17.72, -0.27], [17.88, 0.23], [17.92, 0.53], [17.90, 1.11], [18.05, 1.53], [18.07, 2.01], [18.62, 3.30], [18.59, 3.67], [18.63, 3.95], [18.56, 4.25], [18.59, 4.34], [18.69, 4.38], [18.83, 4.52], [19.06, 4.89], [19.32, 5.07], [19.50, 5.12], [19.68, 5.12], [20.22, 4.82], [20.55, 4.46], [20.95, 4.41], [21.12, 4.33], [21.53, 4.24], [21.68, 4.28], [22.42, 4.13], [22.50, 4.20], [22.71, 4.59], [22.86, 4.72], [23.11, 4.73], [23.41, 4.66], [24.31, 4.99], [24.43, 5.00], [24.76, 4.93], [25.06, 4.96], [25.24, 5.02], [25.40, 5.25], [25.52, 5.31], [26.82, 5.06], [27.11, 5.19], [27.40, 5.10], [27.49, 4.96], [27.66, 4.84], [27.78, 4.64], [28.19, 4.35], [28.42, 4.32], [28.72, 4.50], [29.22, 4.39], [29.46, 4.61], [29.55, 4.63], [29.67, 4.58], [30.19, 3.98], [30.50, 3.83], [30.58, 3.62], [30.75, 3.62], [30.89, 3.46], [30.75, 3.04], [30.85, 2.89], [30.72, 2.45], [30.83, 2.40], [30.96, 2.40], [31.08, 2.28], [31.17, 2.27], [31.27, 2.14], [31.25, 2.04], [30.94, 1.68], [30.47, 1.23], [30.32, 1.18], [30.18, 0.97], [29.94, 0.81], [29.93, 0.49], [29.71, 0.09], [29.56, -0.97], [29.57, -1.38], [29.35, -1.51], [29.19, -1.71], [29.12, -1.86], [29.13, -2.19], [28.85, -2.44], [28.92, -2.68], [29.01, -2.72], [29.01, -2.79], [29.22, -3.05], [29.21, -3.83], [29.33, -4.09], [29.40, -4.44], [29.32, -4.89], [29.60, -5.72], [29.48, -6.02], [29.54, -6.31], [29.70, -6.61], [30.21, -7.03], [30.75, -8.19]]]}}, {"type": "Feature", "properties": {}, "geometry": {"type": "Polygon", "coordinates": [[[11.13, -3.91], [11.23, -3.69], [11.50, -3.52], [11.68, -3.68], [11.87, -3.66], [11.83, -3.53], [11.93, -3.31], [11.71, -3.17], [11.68, -3.12], [11.76, -2.98], [11.63, -2.85], [11.53, -2.83], [11.59, -2.67], [11.60, -2.34], [11.72, -2.39], [11.95, -2.34], [12.06, -2.41], [12.44, -2.32], [12.47, -2.11], [12.43, -1.92], [12.59, -1.82], [12.79, -1.93], [12.99, -2.31], [13.46, -2.39], [13.73, -2.13], [13.87, -2.33], [13.88, -2.46], [13.99, -2.49], [14.08, -2.46], [14.19, -2.35], [14.16, -2.21], [14.25, -2.00], [14.38, -1.89], [14.45, -1.41], [14.41, -0.97], [14.47, -0.57], [14.36, -0.46], [14.20, -0.42], [14.06, -0.27], [13.86, -0.20], [13.88, 0.19], [13.94, 0.35], [14.08, 0.53], [14.23, 0.55], [14.32, 0.62], [14.43, 0.81], [14.42, 0.90], [14.18, 1.37], [13.85, 1.41], [13.21, 1.24], [13.19, 1.27], [13.24, 1.36], [13.16, 1.64], [13.17, 1.78], [13.29, 2.16], [14.48, 2.15], [14.57, 2.19], [14.76, 2.07], [14.87, 2.08], [14.90, 2.01], [15.16, 2.03], [15.33, 1.94], [15.74, 1.91], [16.05, 1.67], [16.13, 1.72], [16.08, 2.10], [16.17, 2.20], [16.46, 2.83], [16.47, 3.16], [16.61, 3.50], [17.22, 3.59], [17.43, 3.68], [17.88, 3.55], [18.11, 3.55], [18.16, 3.49], [18.31, 3.58], [18.49, 3.60], [18.61, 3.47], [18.62, 3.30], [18.07, 2.01], [18.05, 1.53], [17.90, 1.11], [17.92, 0.53], [17.88, 0.23], [17.72, -0.27], [17.75, -0.54], [17.27, -0.99], [16.87, -1.22], [16.54, -1.84], [16.21, -2.17], [16.21, -3.03], [16.14, -3.46], [15.87, -3.93], [15.52, -4.08], [14.70, -4.88], [14.41, -4.83], [14.36, -4.58], [14.44, -4.44], [14.35, -4.29], [13.94, -4.48], [13.71, -4.45], [13.65, -4.72], [13.41, -4.83], [13.13, -4.60], [13.07, -4.63], [12.88, -4.44], [12.79, -4.43], [12.38, -4.61], [12.30, -4.76], [12.20, -4.77], [12.01, -5.00], [11.82, -4.75], [11.77, -4.56], [11.13, -3.91]]]}}, {"type": "Feature", "properties": {}, "geometry": {"type": "MultiPolygon", "coordinates": [[[[44.47, -12.08], [44.52, -12.21], [44.50, -12.35], [44.22, -12.17], [44.37, -12.16], [44.41, -12.09], [44.47, -12.08]]], [[[43.78, -12.30], [43.85, -12.36], [43.66, -12.34], [43.63, -12.24], [43.78, -12.30]]], [[[43.46, -11.90], [43.30, -11.84], [43.22, -11.75], [43.25, -11.43], [43.29, -11.37], [43.39, -11.40], [43.37, -11.61], [43.49, -11.86], [43.46, -11.90]]]]}}, {"type": "Feature", "properties": {}, "geometry": {"type": "MultiPolygon", "coordinates": [[[[-71.31, 11.86], [-71.95, 11.66], [-72.24, 11.19], [-72.44, 11.11], [-72.69, 10.83], [-72.86, 10.49], [-73.00, 9.78], [-73.36, 9.19], [-73.19, 9.19], [-73.05, 9.25], [-72.96, 9.13], [-72.79, 9.10], [-72.66, 8.62], [-72.41, 8.38], [-72.39, 8.28], [-72.35, 8.08], [-72.44, 7.96], [-72.47, 7.52], [-72.39, 7.41], [-72.20, 7.37], [-72.08, 7.09], [-72.00, 7.03], [-71.89, 6.99], [-71.62, 7.03], [-71.12, 6.98], [-70.73, 7.09], [-70.38, 6.97], [-70.12, 6.95], [-69.42, 6.12], [-69.35, 6.14], [-69.26, 6.09], [-69.08, 6.18], [-68.93, 6.19], [-68.47, 6.15], [-67.85, 6.28], [-67.56, 6.24], [-67.48, 6.18], [-67.43, 6.02], [-67.47, 5.92], [-67.57, 5.83], [-67.64, 5.55], [-67.82, 5.27], [-67.85, 4.50], [-67.66, 3.86], [-67.31, 3.41], [-67.35, 3.32], [-67.83, 2.89], [-67.85, 2.79], [-67.76, 2.83], [-67.61, 2.79], [-67.56, 2.68], [-67.21, 2.39], [-67.13, 1.99], [-66.88, 1.35], [-66.87, 1.22], [-67.08, 1.18], [-67.11, 1.70], [-67.40, 2.11], [-67.55, 2.07], [-67.81, 1.79], [-67.93, 1.74], [-68.03, 1.78], [-68.19, 1.98], [-68.25, 1.84], [-68.17, 1.71], [-69.31, 1.72], [-69.54, 1.77], [-69.84, 1.70], [-69.85, 1.05], [-69.31, 1.05], [-69.16, 0.86], [-69.15, 0.65], [-69.28, 0.62], [-69.47, 0.72], [-69.80, 0.60], [-70.05, 0.57], [-70.07, -0.13], [-69.92, -0.31], [-69.63, -0.50], [-69.59, -0.63], [-69.61, -0.76], [-69.54, -0.91], [-69.44, -0.99], [-69.40, -1.19], [-69.96, -4.23], [-70.33, -3.81], [-70.52, -3.86], [-70.73, -3.78], [-70.07, -2.75], [-70.09, -2.65], [-70.96, -2.20], [-71.19, -2.31], [-71.39, -2.33], [-71.75, -2.15], [-71.98, -2.32], [-72.21, -2.40], [-72.39, -2.42], [-72.62, -2.35], [-72.94, -2.39], [-73.15, -2.27], [-73.12, -2.08], [-73.19, -1.83], [-73.49, -1.69], [-73.52, -1.44], [-73.66, -1.24], [-73.86, -1.19], [-74.05, -1.02], [-74.24, -0.97], [-74.33, -0.85], [-74.41, -0.58], [-74.61, -0.37], [-74.75, -0.29], [-74.80, -0.20], [-74.94, -0.18], [-75.13, -0.05], [-75.22, -0.04], [-75.28, -0.10], [-75.61, 0.06], [-75.77, 0.08], [-76.06, 0.34], [-76.27, 0.43], [-76.38, 0.40], [-76.42, 0.26], [-76.49, 0.23], [-76.82, 0.24], [-77.11, 0.35], [-77.39, 0.39], [-77.46, 0.63], [-77.64, 0.72], [-77.70, 0.83], [-77.82, 0.82], [-78.31, 1.04], [-78.68, 1.28], [-79.02, 1.62], [-78.95, 1.75], [-78.79, 1.84], [-78.57, 1.77], [-78.55, 1.92], [-78.62, 2.05], [-78.59, 2.35], [-78.41, 2.48], [-78.06, 2.50], [-77.87, 2.72], [-77.81, 2.71], [-77.67, 2.87], [-77.69, 3.03], [-77.55, 3.07], [-77.41, 3.34], [-77.35, 3.34], [-77.07, 3.91], [-77.16, 3.86], [-77.26, 3.89], [-77.27, 4.05], [-77.35, 3.94], [-77.42, 4.06], [-77.40, 4.24], [-77.52, 4.21], [-77.35, 4.39], [-77.28, 4.72], [-77.33, 4.83], [-77.37, 5.32], [-77.40, 5.41], [-77.53, 5.53], [-77.32, 5.67], [-77.24, 5.78], [-77.46, 6.17], [-77.47, 6.28], [-77.39, 6.27], [-77.36, 6.57], [-77.43, 6.69], [-77.52, 6.69], [-77.90, 7.22], [-77.82, 7.44], [-77.74, 7.53], [-77.76, 7.69], [-77.70, 7.69], [-77.58, 7.54], [-77.53, 7.56], [-77.35, 7.70], [-77.34, 7.83], [-77.19, 7.97], [-77.47, 8.49], [-77.39, 8.64], [-76.85, 8.09], [-76.91, 8.03], [-76.89, 7.93], [-76.78, 7.93], [-76.74, 8.00], [-76.77, 8.31], [-76.81, 8.46], [-76.92, 8.57], [-76.27, 8.98], [-76.13, 9.26], [-76.02, 9.36], [-75.90, 9.43], [-75.63, 9.45], [-75.60, 9.53], [-75.68, 9.72], [-75.59, 9.99], [-75.59, 10.12], [-75.53, 10.20], [-75.55, 10.23], [-75.70, 10.14], [-75.55, 10.32], [-75.44, 10.61], [-74.84, 11.10], [-74.45, 10.98], [-74.33, 10.99], [-74.49, 10.93], [-74.51, 10.86], [-74.40, 10.76], [-74.14, 11.32], [-73.67, 11.27], [-73.31, 11.29], [-72.72, 11.71], [-72.27, 11.88], [-72.13, 12.18], [-71.97, 12.23], [-71.71, 12.41], [-71.49, 12.43], [-71.26, 12.33], [-71.15, 12.16], [-71.13, 12.04], [-71.31, 11.86]]], [[[-78.11, 2.54], [-78.19, 2.55], [-78.17, 2.64], [-78.13, 2.63], [-78.11, 2.54]]]]}}, {"type": "Feature", "properties": {}, "geometry": {"type": "MultiPolygon", "coordinates": [[[[118.18, 24.49], [118.14, 24.43], [118.09, 24.44], [118.07, 24.50], [118.10, 24.55], [118.18, 24.49]]], [[[121.86, 31.49], [121.78, 31.46], [121.51, 31.54], [121.33, 31.64], [121.21, 31.80], [121.46, 31.75], [121.57, 31.63], [121.86, 31.49]]], [[[122.29, 29.96], [122.02, 30.01], [121.96, 30.14], [122.28, 30.06], [122.32, 30.03], [122.29, 29.96]]], [[[122.17, 29.67], [122.04, 29.73], [122.06, 29.77], [122.11, 29.78], [122.17, 29.67]]], [[[122.40, 29.89], [122.36, 29.85], [122.33, 29.93], [122.40, 29.95], [122.40, 29.89]]], [[[119.82, 25.45], [119.74, 25.41], [119.70, 25.43], [119.72, 25.63], [119.77, 25.65], [119.83, 25.59], [119.82, 25.45]]], [[[110.38, 21.09], [110.42, 21.05], [110.52, 21.08], [110.50, 20.96], [110.28, 21.00], [110.30, 21.07], [110.38, 21.09]]], [[[121.25, 28.08], [121.13, 28.06], [121.13, 28.13], [121.20, 28.20], [121.25, 28.08]]], [[[113.55, 22.80], [113.56, 22.75], [113.40, 22.90], [113.46, 22.90], [113.55, 22.80]]], [[[112.79, 21.60], [112.71, 21.69], [112.78, 21.77], [112.86, 21.75], [112.80, 21.69], [112.79, 21.60]]], [[[112.64, 21.63], [112.54, 21.61], [112.52, 21.62], [112.64, 21.71], [112.64, 21.63]]], [[[107.97, 21.50], [107.75, 21.65], [107.35, 21.60], [107.27, 21.71], [107.06, 21.79], [106.97, 21.92], [106.72, 22.00], [106.66, 21.97], [106.65, 22.24], [106.55, 22.34], [106.55, 22.50], [106.78, 22.77], [106.54, 22.90], [106.27, 22.85], [106.14, 22.97], [105.84, 22.92], [105.54, 23.07], [105.44, 23.23], [105.27, 23.34], [104.86, 23.13], [104.79, 22.91], [104.68, 22.82], [104.52, 22.80], [104.37, 22.70], [104.29, 22.71], [104.21, 22.80], [104.14, 22.80], [104.05, 22.75], [103.94, 22.54], [103.62, 22.78], [103.49, 22.58], [103.35, 22.75], [103.30, 22.76], [103.13, 22.54], [102.98, 22.44], [102.83, 22.58], [102.47, 22.75], [102.12, 22.37], [102.02, 22.43], [101.84, 22.38], [101.75, 22.49], [101.70, 22.48], [101.52, 22.25], [101.60, 21.98], [101.73, 21.82], [101.72, 21.31], [101.80, 21.23], [101.72, 21.15], [101.54, 21.23], [101.24, 21.19], [101.17, 21.40], [101.19, 21.52], [101.13, 21.56], [101.13, 21.73], [101.07, 21.75], [100.83, 21.65], [100.60, 21.47], [100.14, 21.48], [100.08, 21.55], [100.09, 21.66], [99.94, 21.75], [99.91, 22.02], [99.23, 22.11], [99.17, 22.15], [99.24, 22.37], [99.33, 22.49], [99.38, 22.82], [99.50, 22.95], [99.41, 23.06], [98.86, 23.19], [98.88, 23.38], [98.79, 23.52], [98.83, 23.62], [98.67, 23.90], [98.83, 24.12], [98.58, 24.06], [98.49, 24.11], [98.21, 24.11], [98.01, 24.06], [97.68, 23.89], [97.56, 23.91], [97.70, 24.22], [97.66, 24.37], [97.53, 24.49], [97.52, 24.63], [97.58, 24.77], [97.73, 24.86], [97.71, 25.03], [97.81, 25.25], [97.91, 25.23], [98.01, 25.29], [98.14, 25.57], [98.33, 25.58], [98.46, 25.78], [98.65, 25.86], [98.56, 26.07], [98.68, 26.18], [98.73, 26.69], [98.65, 27.57], [98.45, 27.65], [98.35, 27.53], [98.29, 27.55], [98.09, 28.14], [97.88, 28.35], [97.76, 28.35], [97.65, 28.5], [97.53, 28.51], [97.32, 28.21], [97.07, 28.36], [96.98, 28.33], [96.77, 28.36], [96.60, 28.45], [96.38, 28.36], [96.28, 28.41], [96.39, 28.60], [96.58, 28.76], [96.43, 29.05], [96.13, 28.92], [96.12, 29.08], [96.35, 29.24], [96.23, 29.24], [96.03, 29.44], [95.51, 29.20], [95.51, 29.15], [95.38, 29.03], [94.76, 29.17], [94.73, 29.25], [94.62, 29.31], [94.29, 29.14], [94.11, 28.97], [94.01, 28.95], [93.97, 28.86], [93.76, 28.72], [93.25, 28.62], [93.11, 28.40], [92.65, 28.09], [92.66, 27.94], [92.41, 27.82], [92.25, 27.84], [91.97, 27.73], [91.63, 27.75], [91.64, 27.92], [91.27, 28.07], [91.02, 27.97], [90.71, 28.07], [90.35, 28.08], [90.34, 28.24], [90.10, 28.30], [89.89, 28.29], [89.48, 28.05], [88.94, 27.46], [88.89, 27.31], [88.76, 27.42], [88.74, 27.52], [88.84, 27.86], [88.80, 28.00], [88.62, 28.09], [88.14, 27.94], [88.10, 27.87], [87.86, 27.88], [87.62, 27.81], [87.14, 27.83], [86.61, 28.10], [86.55, 28.08], [86.51, 27.96], [86.40, 27.92], [86.21, 28.02], [86.13, 28.11], [86.07, 28.08], [86.06, 27.93], [85.99, 27.91], [85.67, 28.27], [85.12, 28.31], [85.08, 28.37], [85.15, 28.59], [84.79, 28.56], [84.22, 28.91], [84.10, 29.21], [83.93, 29.27], [83.58, 29.18], [83.15, 29.61], [82.85, 29.68], [82.48, 29.94], [82.22, 30.06], [82.04, 30.32], [81.64, 30.38], [81.41, 30.33], [81.25, 30.09], [81.11, 30.03], [80.98, 30.23], [80.68, 30.41], [80.19, 30.56], [80.19, 30.75], [80.14, 30.78], [80.08, 30.78], [79.79, 30.96], [79.56, 30.94], [79.38, 31.06], [79.10, 31.40], [79.04, 31.42], [78.97, 31.32], [78.75, 31.30], [78.72, 31.47], [78.80, 31.61], [78.69, 31.74], [78.73, 31.95], [78.49, 32.21], [78.38, 32.51], [78.41, 32.55], [78.70, 32.59], [78.77, 32.46], [78.91, 32.35], [79.06, 32.38], [79.12, 32.47], [79.21, 32.50], [79.20, 32.94], [79.10, 33.05], [79.13, 33.17], [78.80, 33.49], [78.72, 34.01], [78.75, 34.08], [78.97, 34.22], [78.97, 34.30], [78.67, 34.51], [78.32, 34.60], [78.28, 34.65], [78.01, 35.25], [78.04, 35.47], [77.44, 35.47], [77.09, 35.55], [76.63, 35.72], [76.56, 35.77], [76.55, 35.88], [76.17, 35.81], [76.07, 35.98], [75.91, 36.04], [75.96, 36.16], [75.97, 36.38], [75.84, 36.64], [75.66, 36.74], [75.42, 36.73], [75.34, 36.91], [75.05, 36.98], [74.88, 36.95], [74.69, 37.03], [74.54, 37.02], [74.37, 37.13], [74.72, 37.29], [74.89, 37.23], [75.11, 37.38], [75.09, 37.45], [74.89, 37.60], [74.93, 37.77], [74.77, 38.19], [74.83, 38.40], [74.74, 38.51], [74.27, 38.65], [74.13, 38.66], [74.02, 38.53], [73.80, 38.60], [73.69, 38.85], [73.80, 38.96], [73.60, 39.22], [73.63, 39.44], [73.82, 39.48], [73.90, 39.57], [73.83, 39.80], [73.99, 40.04], [74.41, 40.13], [74.67, 40.31], [74.83, 40.32], [74.80, 40.42], [74.83, 40.48], [75.11, 40.45], [75.55, 40.62], [75.67, 40.30], [75.87, 40.30], [76.25, 40.43], [76.31, 40.35], [76.48, 40.44], [76.66, 40.77], [76.90, 41.02], [77.58, 40.99], [78.12, 41.07], [78.34, 41.28], [78.36, 41.37], [78.74, 41.56], [79.29, 41.78], [79.76, 41.89], [79.84, 41.99], [80.23, 42.04], [80.20, 42.19], [80.25, 42.27], [80.16, 42.66], [80.25, 42.79], [80.53, 42.87], [80.54, 42.91], [80.38, 42.97], [80.39, 43.04], [80.61, 43.12], [80.75, 43.10], [80.78, 43.16], [80.66, 43.31], [80.70, 43.42], [80.65, 43.56], [80.35, 44.09], [80.35, 44.55], [80.38, 44.65], [80.48, 44.71], [80.25, 44.80], [79.99, 44.79], [79.87, 44.88], [80.05, 45.00], [80.63, 45.12], [80.85, 45.12], [81.69, 45.34], [81.78, 45.22], [81.94, 45.16], [82.26, 45.21], [82.52, 45.12], [82.62, 45.29], [82.61, 45.42], [82.32, 45.51], [82.31, 45.59], [82.97, 46.96], [83.02, 47.18], [83.09, 47.20], [84.01, 46.97], [84.66, 46.97], [84.78, 46.83], [85.23, 47.03], [85.48, 47.06], [85.65, 47.25], [85.52, 47.91], [85.69, 48.31], [85.82, 48.40], [86.54, 48.52], [86.71, 48.69], [86.75, 49.00], [86.88, 49.09], [87.41, 49.07], [87.81, 49.16], [87.87, 49.00], [87.74, 48.88], [87.83, 48.79], [88.06, 48.70], [87.97, 48.55], [88.51, 48.38], [88.57, 48.22], [89.04, 48.00], [89.19, 47.98], [89.47, 48.02], [89.77, 47.82], [90.02, 47.87], [90.10, 47.74], [90.31, 47.67], [90.49, 47.28], [90.71, 47.00], [90.86, 46.95], [91.02, 46.56], [90.91, 46.27], [91.00, 46.03], [90.70, 45.73], [90.66, 45.52], [90.87, 45.19], [91.05, 45.21], [91.58, 45.07], [92.42, 45.00], [92.78, 45.03], [93.51, 44.94], [93.65, 44.90], [93.95, 44.67], [94.19, 44.64], [94.71, 44.35], [95.04, 44.25], [95.35, 44.27], [95.32, 44.03], [95.52, 43.95], [95.84, 43.38], [95.85, 43.27], [96.29, 42.92], [96.38, 42.72], [97.20, 42.78], [99.46, 42.56], [99.98, 42.67], [101.49, 42.53], [101.65, 42.50], [101.97, 42.21], [102.15, 42.15], [103.07, 42.00], [103.71, 41.75], [104.49, 41.87], [104.49, 41.65], [104.86, 41.64], [104.98, 41.59], [105.19, 41.73], [106.77, 42.28], [108.17, 42.44], [109.33, 42.43], [110.40, 42.77], [111.00, 43.34], [111.54, 43.49], [111.77, 43.66], [111.93, 43.71], [111.93, 43.81], [111.83, 43.93], [111.60, 44.10], [111.40, 44.36], [111.62, 44.82], [111.89, 45.06], [112.41, 45.05], [112.70, 44.88], [113.58, 44.74], [114.08, 44.97], [114.41, 45.20], [114.56, 45.38], [115.16, 45.39], [115.68, 45.45], [116.19, 45.73], [116.24, 45.79], [116.21, 45.88], [116.56, 46.28], [116.85, 46.38], [117.33, 46.36], [117.43, 46.58], [117.74, 46.51], [118.07, 46.66], [118.30, 46.71], [118.72, 46.69], [118.84, 46.76], [119.33, 46.61], [119.70, 46.60], [119.86, 46.67], [119.89, 46.85], [119.71, 47.15], [119.16, 47.52], [119.08, 47.65], [118.75, 47.75], [118.49, 47.98], [118.14, 48.02], [117.76, 47.98], [117.35, 47.65], [117.06, 47.80], [116.76, 47.86], [116.23, 47.85], [115.89, 47.68], [115.61, 47.87], [115.55, 47.94], [115.52, 48.13], [115.78, 48.24], [115.82, 48.57], [116.02, 48.78], [116.68, 49.82], [117.24, 49.62], [117.87, 49.51], [118.45, 49.84], [118.75, 49.96], [119.25, 50.06], [119.34, 50.27], [119.30, 50.35], [119.16, 50.40], [119.44, 50.70], [119.51, 50.86], [119.74, 51.10], [119.81, 51.26], [120.06, 51.60], [120.51, 51.84], [120.68, 51.97], [120.74, 52.09], [120.74, 52.20], [120.66, 52.29], [120.65, 52.39], [120.69, 52.49], [120.65, 52.56], [120.36, 52.62], [120.17, 52.60], [120.06, 52.63], [120.04, 52.71], [120.70, 53.17], [120.98, 53.28], [122.33, 53.48], [122.51, 53.45], [123.15, 53.54], [123.60, 53.54], [124.21, 53.37], [124.46, 53.22], [124.81, 53.13], [125.07, 53.20], [125.64, 53.04], [125.72, 52.89], [125.87, 52.87], [126.04, 52.73], [126.01, 52.61], [126.19, 52.51], [126.34, 52.36], [126.51, 51.92], [126.70, 51.70], [126.70, 51.56], [126.80, 51.50], [126.92, 51.10], [127.30, 50.70], [127.34, 50.62], [127.30, 50.45], [127.33, 50.35], [127.59, 50.20], [127.49, 49.97], [127.55, 49.80], [127.71, 49.67], [127.99, 49.56], [128.70, 49.60], [128.76, 49.57], [128.77, 49.49], [128.81, 49.46], [129.06, 49.37], [129.49, 49.38], [129.53, 49.32], [129.67, 49.27], [130.19, 48.89], [130.55, 48.86], [130.61, 48.77], [130.55, 48.60], [130.80, 48.34], [130.71, 48.12], [130.73, 48.01], [130.84, 47.92], [131.00, 47.69], [131.31, 47.72], [131.55, 47.68], [132.47, 47.71], [132.70, 47.94], [133.14, 48.10], [133.46, 48.09], [133.84, 48.27], [134.29, 48.37], [134.56, 48.32], [134.66, 48.25], [134.66, 48.15], [134.56, 48.02], [134.75, 47.71], [134.54, 47.48], [134.29, 47.41], [134.16, 47.30], [134.20, 47.12], [134.07, 46.95], [134.02, 46.71], [133.86, 46.49], [133.90, 46.36], [133.86, 46.24], [133.70, 46.13], [133.64, 45.95], [133.51, 45.87], [133.43, 45.60], [133.18, 45.49], [133.11, 45.32], [133.11, 45.13], [132.93, 45.02], [131.97, 45.24], [131.85, 45.32], [131.65, 45.20], [131.44, 44.98], [131.08, 44.91], [130.98, 44.84], [131.25, 44.07], [131.17, 43.70], [131.18, 43.50], [131.24, 43.46], [131.25, 43.37], [131.17, 43.14], [131.08, 43.03], [131.06, 42.90], [130.57, 42.81], [130.42, 42.72], [130.57, 42.62], [130.58, 42.56], [130.52, 42.53], [130.24, 42.74], [130.24, 42.89], [130.08, 42.97], [129.89, 42.99], [129.77, 42.77], [129.69, 42.44], [129.52, 42.38], [129.42, 42.43], [129.31, 42.41], [129.19, 42.21], [128.92, 42.03], [128.04, 41.98], [128.03, 41.89], [128.28, 41.60], [128.14, 41.38], [128.01, 41.44], [127.68, 41.43], [127.17, 41.53], [126.95, 41.76], [126.72, 41.71], [126.60, 41.64], [126.49, 41.35], [125.98, 40.90], [125.72, 40.86], [125.41, 40.65], [125.07, 40.54], [124.99, 40.46], [124.88, 40.45], [124.38, 40.10], [124.36, 40.00], [124.26, 39.92], [124.10, 39.84], [123.76, 39.82], [123.65, 39.88], [123.58, 39.78], [123.34, 39.76], [123.22, 39.68], [122.84, 39.60], [122.33, 39.36], [121.98, 39.05], [121.86, 38.99], [121.67, 39.00], [121.63, 38.95], [121.64, 38.86], [121.32, 38.80], [121.16, 38.73], [121.10, 38.92], [121.67, 39.10], [121.62, 39.22], [121.81, 39.38], [121.27, 39.38], [121.26, 39.54], [121.51, 39.63], [121.47, 39.75], [121.51, 39.84], [121.80, 39.95], [122.19, 40.35], [122.26, 40.50], [122.27, 40.54], [122.14, 40.68], [121.85, 40.84], [121.83, 40.97], [121.72, 40.84], [121.17, 40.90], [120.77, 40.58], [120.47, 40.23], [119.59, 39.90], [119.39, 39.75], [119.26, 39.56], [119.22, 39.40], [118.97, 39.18], [118.62, 39.17], [118.29, 39.06], [118.04, 39.22], [117.78, 39.13], [117.55, 38.69], [117.65, 38.42], [117.76, 38.31], [118.01, 38.18], [118.54, 38.09], [118.8, 38.12], [118.94, 38.04], [119.08, 37.70], [118.99, 37.64], [118.95, 37.33], [119.11, 37.20], [119.28, 37.13], [119.76, 37.15], [119.88, 37.25], [119.88, 37.35], [120.31, 37.62], [120.25, 37.67], [120.75, 37.83], [121.04, 37.72], [121.21, 37.60], [121.38, 37.57], [121.64, 37.46], [121.96, 37.44], [122.05, 37.52], [122.33, 37.40], [122.66, 37.40], [122.57, 37.31], [122.58, 37.18], [122.44, 37.06], [122.52, 37.00], [122.51, 36.94], [122.34, 36.83], [122.24, 36.84], [122.16, 36.95], [121.93, 36.95], [121.05, 36.61], [120.81, 36.63], [120.89, 36.44], [120.77, 36.45], [120.71, 36.41], [120.68, 36.16], [120.63, 36.12], [120.39, 36.05], [120.33, 36.11], [120.32, 36.22], [120.18, 36.20], [120.09, 36.11], [120.18, 36.01], [120.28, 35.98], [120.05, 35.86], [119.97, 35.74], [119.71, 35.58], [119.42, 35.30], [119.35, 35.11], [119.21, 35.01], [119.16, 34.84], [119.20, 34.74], [119.35, 34.74], [119.58, 34.58], [119.96, 34.44], [120.26, 34.27], [120.50, 33.63], [120.87, 33.01], [120.89, 32.84], [120.85, 32.66], [121.34, 32.42], [121.40, 32.37], [121.40, 32.20], [121.45, 32.15], [121.67, 32.05], [121.83, 31.89], [121.86, 31.70], [121.76, 31.69], [121.35, 31.85], [120.97, 31.86], [120.79, 32.03], [120.52, 32.10], [120.03, 31.93], [120.19, 31.90], [120.49, 32.01], [120.71, 31.98], [120.78, 31.81], [121.05, 31.71], [121.35, 31.48], [121.66, 31.31], [121.83, 31.06], [121.87, 30.91], [121.41, 30.78], [120.99, 30.55], [120.89, 30.39], [120.82, 30.35], [120.44, 30.38], [120.19, 30.24], [120.49, 30.30], [120.63, 30.13], [120.90, 30.16], [121.15, 30.30], [121.25, 30.30], [121.43, 30.22], [121.67, 29.97], [122.08, 29.87], [121.50, 29.48], [121.69, 29.51], [121.88, 29.62], [121.94, 29.60], [121.96, 29.49], [121.91, 29.13], [121.85, 29.12], [121.71, 29.25], [121.53, 29.23], [121.44, 29.13], [121.66, 29.01], [121.67, 28.95], [121.64, 28.91], [121.54, 28.93], [121.66, 28.85], [121.63, 28.76], [121.47, 28.64], [121.60, 28.29], [121.50, 28.32], [121.27, 28.22], [121.21, 28.34], [121.14, 28.32], [120.95, 28.03], [120.74, 28.00], [120.83, 27.89], [120.58, 27.58], [120.60, 27.41], [120.38, 27.15], [120.27, 27.09], [120.04, 26.63], [119.96, 26.58], [119.88, 26.61], [119.82, 26.84], [119.71, 26.72], [119.58, 26.78], [119.63, 26.62], [119.78, 26.54], [119.88, 26.33], [119.46, 26.05], [119.13, 26.12], [119.33, 25.94], [119.61, 26.00], [119.64, 25.91], [119.53, 25.59], [119.62, 25.39], [119.59, 25.36], [119.42, 25.45], [119.18, 25.44], [119.16, 25.35], [119.28, 25.23], [118.97, 25.20], [118.91, 25.12], [118.95, 25.00], [118.90, 24.92], [118.63, 24.83], [118.71, 24.74], [118.65, 24.62], [118.29, 24.57], [118.08, 24.62], [118.01, 24.55], [118.00, 24.48], [117.84, 24.47], [117.87, 24.39], [118.02, 24.37], [118.05, 24.24], [117.83, 24.01], [117.74, 24.01], [117.62, 23.83], [117.46, 23.84], [117.43, 23.79], [117.46, 23.73], [117.36, 23.58], [117.33, 23.70], [117.29, 23.71], [117.08, 23.57], [116.91, 23.64], [116.86, 23.45], [116.62, 23.35], [116.69, 23.27], [116.53, 23.17], [116.51, 23.00], [116.47, 22.94], [116.25, 22.98], [116.15, 22.88], [115.85, 22.80], [115.64, 22.85], [115.56, 22.82], [115.49, 22.71], [115.38, 22.71], [115.19, 22.81], [114.85, 22.61], [114.75, 22.62], [114.71, 22.73], [114.65, 22.75], [114.54, 22.62], [114.55, 22.52], [114.34, 22.59], [114.26, 22.54], [114.12, 22.56], [114.01, 22.51], [113.82, 22.60], [113.61, 22.86], [113.58, 23.02], [113.62, 23.12], [113.51, 23.10], [113.44, 23.05], [113.44, 22.94], [113.33, 22.91], [113.55, 22.59], [113.58, 22.35], [113.54, 22.22], [113.49, 22.24], [113.26, 22.08], [113.14, 22.07], [113.08, 22.20], [113.00, 22.11], [112.95, 21.90], [112.90, 21.88], [112.80, 21.94], [112.58, 21.77], [112.42, 21.88], [112.42, 21.95], [112.35, 21.97], [112.38, 21.80], [112.30, 21.74], [111.94, 21.84], [111.87, 21.71], [111.77, 21.71], [111.60, 21.55], [111.31, 21.48], [111.01, 21.51], [110.99, 21.43], [110.77, 21.38], [110.56, 21.21], [110.45, 21.23], [110.41, 21.33], [110.37, 21.17], [110.19, 21.03], [110.15, 20.94], [110.18, 20.85], [110.36, 20.83], [110.38, 20.79], [110.31, 20.67], [110.51, 20.51], [110.44, 20.35], [110.34, 20.29], [110.12, 20.26], [109.93, 20.29], [109.88, 20.36], [109.88, 20.41], [109.98, 20.40], [109.96, 20.44], [109.86, 20.51], [109.79, 20.62], [109.80, 20.71], [109.66, 20.91], [109.68, 21.13], [109.77, 21.33], [109.92, 21.37], [109.93, 21.48], [109.82, 21.48], [109.75, 21.56], [109.68, 21.52], [109.56, 21.69], [109.52, 21.69], [109.54, 21.53], [109.14, 21.42], [109.08, 21.44], [109.13, 21.54], [109.10, 21.59], [108.77, 21.63], [108.61, 21.77], [108.59, 21.90], [108.47, 21.90], [108.50, 21.63], [108.44, 21.60], [108.32, 21.69], [108.24, 21.55], [107.97, 21.50]]], [[[110.88, 19.99], [110.97, 19.88], [111.01, 19.65], [110.82, 19.55], [110.64, 19.29], [110.45, 18.74], [110.04, 18.50], [110.06, 18.44], [109.81, 18.39], [109.70, 18.25], [109.51, 18.21], [109.02, 18.36], [108.70, 18.53], [108.63, 18.90], [108.66, 19.30], [109.27, 19.76], [109.17, 19.76], [109.26, 19.88], [109.51, 19.90], [109.65, 19.98], [110.08, 19.99], [110.17, 20.05], [110.34, 20.03], [110.39, 19.97], [110.39, 20.05], [110.58, 19.97], [110.59, 20.09], [110.65, 20.13], [110.88, 19.99]]]]}}, {"type": "Feature", "properties": {}, "geometry": {"type": "Polygon", "coordinates": [[[113.47, 22.19], [113.49, 22.24], [113.54, 22.22], [113.49, 22.20], [113.47, 22.19]]]}}, {"type": "Feature", "properties": {}, "geometry": {"type": "MultiPolygon", "coordinates": [[[[114.01, 22.51], [114.12, 22.56], [114.26, 22.54], [114.33, 22.39], [114.26, 22.29], [114.03, 22.37], [113.93, 22.36], [113.89, 22.42], [114.01, 22.51]]], [[[114.23, 22.21], [114.20, 22.19], [114.13, 22.29], [114.24, 22.26], [114.23, 22.21]]], [[[113.99, 22.21], [113.87, 22.21], [113.83, 22.24], [114.04, 22.33], [113.99, 22.21]]]]}}, {"type": "Feature", "properties": {}, "geometry": {"type": "MultiPolygon", "coordinates": [[[[-109.27, -27.14], [-109.43, -27.17], [-109.39, -27.06], [-109.22, -27.10], [-109.27, -27.14]]], [[[-78.80, -33.64], [-78.98, -33.66], [-78.98, -33.66], [-78.87, -33.57], [-78.76, -33.62], [-78.80, -33.64]]], [[[-70.41, -18.34], [-70.18, -18.32], [-69.92, -18.20], [-69.80, -17.99], [-69.85, -17.70], [-69.68, -17.64], [-69.51, -17.50], [-69.49, -17.61], [-69.35, -17.77], [-69.31, -17.94], [-69.09, -18.05], [-69.14, -18.14], [-68.96, -18.96], [-68.46, -19.43], [-68.69, -19.72], [-68.57, -19.85], [-68.56, -19.96], [-68.60, -20.04], [-68.75, -20.09], [-68.68, -20.31], [-68.76, -20.41], [-68.48, -20.62], [-68.56, -20.72], [-68.55, -20.90], [-68.43, -20.94], [-68.19, -21.30], [-68.18, -21.61], [-68.11, -21.75], [-68.07, -21.98], [-67.98, -22.05], [-67.88, -22.49], [-67.87, -22.82], [-67.79, -22.87], [-67.57, -22.89], [-67.19, -22.82], [-67.00, -23.00], [-67.35, -24.03], [-68.25, -24.39], [-68.50, -24.62], [-68.56, -24.74], [-68.56, -24.83], [-68.38, -25.09], [-68.49, -25.16], [-68.59, -25.42], [-68.41, -26.15], [-68.57, -26.35], [-68.59, -26.47], [-68.31, -26.87], [-68.31, -26.97], [-68.34, -27.02], [-68.59, -27.14], [-68.70, -27.10], [-68.84, -27.15], [-69.17, -27.92], [-69.65, -28.41], [-69.82, -29.10], [-70.02, -29.32], [-69.92, -29.76], [-69.95, -30.07], [-69.84, -30.17], [-69.95, -30.35], [-70.15, -30.36], [-70.34, -30.90], [-70.30, -31.02], [-70.38, -31.12], [-70.51, -31.14], [-70.58, -31.56], [-70.45, -31.84], [-70.25, -31.95], [-70.36, -32.08], [-70.32, -32.26], [-70.16, -32.47], [-70.17, -32.62], [-70.11, -32.80], [-70.02, -32.88], [-70.09, -33.02], [-70.08, -33.20], [-70.01, -33.27], [-69.81, -33.28], [-69.79, -33.39], [-69.89, -33.73], [-69.85, -34.22], [-70.05, -34.30], [-70.28, -34.73], [-70.39, -35.14], [-70.55, -35.24], [-70.47, -35.32], [-70.41, -35.52], [-70.38, -35.77], [-70.40, -36.06], [-70.72, -36.28], [-70.74, -36.39], [-70.90, -36.41], [-71.05, -36.52], [-71.06, -36.64], [-71.19, -36.84], [-71.11, -37.11], [-71.20, -37.30], [-71.13, -37.44], [-71.18, -37.63], [-71.16, -37.76], [-71.02, -38.04], [-70.96, -38.44], [-70.84, -38.54], [-70.95, -38.73], [-71.08, -38.75], [-71.40, -38.93], [-71.42, -39.28], [-71.53, -39.60], [-71.71, -39.63], [-71.63, -39.88], [-71.65, -40.02], [-71.81, -40.17], [-71.69, -40.33], [-71.80, -40.43], [-71.94, -40.78], [-71.87, -40.89], [-71.87, -41.56], [-71.91, -41.65], [-71.75, -42.04], [-71.76, -42.10], [-71.86, -42.14], [-72.02, -42.14], [-72.10, -42.25], [-72.05, -42.47], [-72.14, -42.57], [-72.11, -42.77], [-72.14, -42.99], [-72.10, -43.06], [-71.78, -43.16], [-71.75, -43.23], [-71.76, -43.29], [-71.90, -43.34], [-71.90, -43.44], [-71.75, -43.59], [-71.73, -43.70], [-71.79, -43.75], [-71.68, -43.92], [-71.81, -44.10], [-71.82, -44.38], [-71.21, -44.44], [-71.15, -44.49], [-71.15, -44.56], [-71.26, -44.76], [-72.06, -44.77], [-72.04, -44.90], [-71.59, -44.97], [-71.35, -45.23], [-71.34, -45.33], [-71.49, -45.43], [-71.50, -45.51], [-71.74, -45.57], [-71.75, -45.83], [-71.63, -45.95], [-71.68, -46.04], [-71.87, -46.16], [-71.76, -46.31], [-71.69, -46.65], [-71.94, -46.83], [-71.96, -47.01], [-71.90, -47.20], [-72.04, -47.24], [-72.10, -47.34], [-72.34, -47.49], [-72.34, -47.57], [-72.51, -47.87], [-72.50, -47.97], [-72.32, -48.11], [-72.29, -48.22], [-72.35, -48.36], [-72.49, -48.41], [-72.60, -48.51], [-72.61, -48.79], [-72.72, -48.89], [-73.03, -49.01], [-73.14, -49.18], [-73.13, -49.30], [-73.46, -49.31], [-73.57, -49.58], [-73.47, -49.79], [-73.52, -49.91], [-73.50, -50.12], [-73.31, -50.36], [-73.15, -50.73], [-73.08, -50.76], [-72.86, -50.65], [-72.50, -50.60], [-72.34, -50.68], [-72.27, -50.91], [-72.30, -51.03], [-72.37, -51.09], [-72.30, -51.29], [-72.40, -51.54], [-72.26, -51.69], [-71.95, -51.88], [-71.97, -51.96], [-69.96, -52.00], [-69.48, -52.13], [-69.20, -52.13], [-68.46, -52.29], [-68.44, -52.35], [-69.24, -52.20], [-69.44, -52.26], [-69.62, -52.46], [-70.56, -52.67], [-70.79, -52.76], [-70.82, -52.96], [-70.98, -53.37], [-70.94, -53.57], [-70.99, -53.77], [-71.29, -53.88], [-71.69, -53.80], [-72.17, -53.63], [-72.37, -53.47], [-72.41, -53.35], [-72.30, -53.25], [-71.94, -53.23], [-71.85, -53.28], [-71.82, -53.39], [-71.89, -53.52], [-71.79, -53.48], [-71.74, -53.23], [-71.28, -53.03], [-71.16, -52.88], [-71.15, -52.84], [-71.22, -52.81], [-71.38, -52.76], [-72.27, -53.13], [-72.49, -53.29], [-72.54, -53.46], [-72.72, -53.42], [-73.05, -53.24], [-72.91, -53.12], [-72.88, -52.87], [-72.72, -52.76], [-72.67, -52.74], [-72.62, -52.81], [-72.45, -52.81], [-72.11, -52.65], [-71.79, -52.68], [-71.59, -52.66], [-71.51, -52.60], [-71.81, -52.53], [-72.22, -52.52], [-72.43, -52.62], [-72.50, -52.56], [-72.71, -52.53], [-72.77, -52.57], [-72.80, -52.71], [-73.02, -52.89], [-73.02, -53.02], [-73.12, -53.07], [-73.33, -53.05], [-73.64, -52.83], [-73.24, -52.70], [-73.07, -52.53], [-73.12, -52.48], [-73.18, -52.48], [-73.17, -52.56], [-73.24, -52.62], [-73.38, -52.59], [-73.58, -52.68], [-73.91, -52.68], [-74.01, -52.63], [-74.03, -52.40], [-74.15, -52.38], [-74.29, -52.11], [-73.83, -52.23], [-73.70, -52.19], [-73.68, -52.07], [-73.53, -52.15], [-73.26, -52.15], [-72.79, -51.94], [-72.69, -51.98], [-72.57, -52.20], [-72.71, -52.35], [-72.63, -52.37], [-72.52, -52.25], [-72.52, -52.17], [-72.62, -52.00], [-72.62, -51.94], [-72.49, -51.84], [-72.48, -51.76], [-72.54, -51.70], [-72.76, -51.57], [-73.16, -51.45], [-73.19, -51.47], [-72.64, -51.69], [-72.58, -51.73], [-72.60, -51.79], [-72.92, -51.85], [-73.38, -52.07], [-73.51, -52.04], [-73.65, -51.85], [-73.75, -51.79], [-73.89, -51.75], [-73.97, -51.78], [-74.19, -51.68], [-74.06, -51.57], [-73.92, -51.61], [-73.89, -51.33], [-73.93, -51.26], [-74.81, -51.06], [-75.09, -50.68], [-74.68, -50.66], [-74.64, -50.61], [-74.77, -50.46], [-74.64, -50.36], [-74.36, -50.48], [-74.13, -50.81], [-73.80, -50.93], [-73.82, -50.83], [-73.74, -50.69], [-73.61, -50.65], [-73.69, -50.57], [-73.65, -50.49], [-73.75, -50.53], [-73.89, -50.78], [-73.97, -50.82], [-74.19, -50.60], [-74.18, -50.48], [-73.95, -50.51], [-74.42, -50.35], [-74.62, -50.19], [-74.33, -49.97], [-74.01, -50.02], [-73.95, -49.99], [-74.01, -49.92], [-74.17, -49.90], [-74.32, -49.78], [-74.29, -49.60], [-74.10, -49.55], [-73.83, -49.60], [-73.89, -49.52], [-74.09, -49.42], [-74.01, -49.09], [-73.93, -49.02], [-74.02, -49.02], [-74.22, -49.50], [-74.36, -49.40], [-74.38, -48.79], [-74.34, -48.59], [-74.17, -48.49], [-74.00, -48.47], [-74.17, -48.42], [-74.34, -48.49], [-74.47, -48.46], [-74.57, -48.27], [-74.58, -47.99], [-73.85, -48.04], [-73.52, -48.19], [-73.38, -48.17], [-73.39, -48.14], [-73.50, -48.10], [-73.60, -47.99], [-73.71, -47.65], [-73.84, -47.86], [-73.94, -47.92], [-74.22, -47.96], [-74.35, -47.94], [-74.37, -47.82], [-74.60, -47.75], [-74.65, -47.70], [-74.53, -47.56], [-74.24, -47.67], [-74.13, -47.59], [-74.48, -47.43], [-74.40, -47.32], [-74.15, -47.18], [-74.20, -47.08], [-74.15, -46.97], [-74.31, -46.78], [-74.45, -46.76], [-74.46, -46.86], [-74.51, -46.88], [-75.00, -46.74], [-75.05, -46.62], [-74.98, -46.51], [-75.14, -46.60], [-75.54, -46.69], [-75.56, -46.72], [-75.44, -46.75], [-75.38, -46.86], [-75.43, -46.93], [-75.63, -46.86], [-75.70, -46.77], [-75.70, -46.70], [-75.65, -46.61], [-74.92, -46.15], [-75.07, -46.00], [-75.06, -45.87], [-74.76, -45.82], [-74.46, -45.84], [-74.15, -45.76], [-74.08, -45.67], [-74.12, -45.49], [-73.95, -45.40], [-73.82, -45.44], [-73.96, -45.83], [-74.06, -45.94], [-74.01, -46.05], [-74.08, -46.13], [-74.39, -46.21], [-74.08, -46.22], [-73.96, -46.15], [-73.87, -45.84], [-73.73, -45.81], [-73.69, -45.85], [-73.70, -46.07], [-73.81, -46.37], [-73.94, -46.53], [-73.94, -46.57], [-73.84, -46.56], [-73.66, -46.29], [-73.59, -45.89], [-73.59, -45.77], [-73.75, -45.70], [-73.78, -45.62], [-73.73, -45.47], [-73.54, -45.48], [-73.26, -45.34], [-72.93, -45.45], [-73.22, -45.25], [-73.44, -45.23], [-73.40, -45.10], [-73.36, -44.97], [-73.07, -44.92], [-72.73, -44.73], [-72.68, -44.59], [-72.66, -44.43], [-73.26, -44.16], [-73.22, -43.89], [-73.06, -43.86], [-72.99, -43.63], [-73.10, -43.45], [-73.07, -43.32], [-72.93, -43.21], [-72.87, -43.04], [-72.75, -43.03], [-72.84, -42.66], [-72.77, -42.50], [-72.63, -42.50], [-72.78, -42.30], [-72.77, -42.25], [-72.63, -42.19], [-72.43, -42.43], [-72.41, -42.38], [-72.49, -41.98], [-72.73, -41.99], [-72.82, -41.90], [-72.65, -41.74], [-72.48, -41.72], [-72.36, -41.64], [-72.31, -41.49], [-72.42, -41.64], [-72.54, -41.69], [-72.66, -41.65], [-72.80, -41.54], [-72.95, -41.51], [-73.24, -41.78], [-73.52, -41.79], [-73.73, -41.74], [-73.62, -41.58], [-73.81, -41.51], [-73.85, -41.44], [-73.98, -40.97], [-73.78, -40.46], [-73.67, -39.96], [-73.41, -39.78], [-73.24, -39.42], [-73.22, -39.22], [-73.52, -38.50], [-73.46, -38.04], [-73.66, -37.69], [-73.66, -37.59], [-73.60, -37.47], [-73.66, -37.34], [-73.60, -37.18], [-73.37, -37.22], [-73.21, -37.16], [-73.11, -36.68], [-73.00, -36.64], [-72.87, -36.39], [-72.77, -35.97], [-72.58, -35.75], [-72.62, -35.58], [-72.38, -35.24], [-72.22, -35.09], [-72.05, -34.61], [-72.00, -34.16], [-71.83, -33.81], [-71.66, -33.65], [-71.63, -33.51], [-71.69, -33.42], [-71.74, -33.09], [-71.59, -32.96], [-71.45, -32.65], [-71.42, -32.38], [-71.51, -32.20], [-71.52, -31.80], [-71.66, -31.16], [-71.70, -30.62], [-71.66, -30.33], [-71.40, -30.14], [-71.31, -29.64], [-71.32, -29.44], [-71.48, -29.19], [-71.51, -28.92], [-71.30, -28.67], [-71.18, -28.37], [-71.08, -27.81], [-70.92, -27.58], [-70.89, -27.18], [-70.64, -26.32], [-70.63, -25.99], [-70.71, -25.78], [-70.63, -25.54], [-70.48, -25.37], [-70.45, -25.25], [-70.57, -24.64], [-70.50, -23.88], [-70.39, -23.56], [-70.58, -23.36], [-70.59, -23.25], [-70.56, -23.05], [-70.44, -23.03], [-70.33, -22.84], [-70.08, -21.49], [-70.08, -21.25], [-70.19, -20.72], [-70.14, -20.22], [-70.15, -19.70], [-70.27, -19.26], [-70.36, -18.39], [-70.41, -18.34]]], [[[-68.62, -52.65], [-68.65, -54.85], [-69.08, -54.90], [-69.48, -54.85], [-69.72, -54.71], [-70.03, -54.81], [-70.13, -54.81], [-70.28, -54.75], [-70.49, -54.80], [-71.22, -54.69], [-71.44, -54.61], [-71.90, -54.60], [-71.92, -54.52], [-71.80, -54.43], [-71.60, -54.49], [-71.35, -54.39], [-71.07, -54.44], [-70.79, -54.32], [-70.69, -54.34], [-70.70, -54.48], [-70.31, -54.52], [-70.29, -54.48], [-70.53, -54.30], [-70.75, -54.24], [-70.86, -54.11], [-70.86, -53.88], [-70.64, -53.82], [-70.69, -53.72], [-70.53, -53.62], [-70.37, -53.98], [-70.62, -54.00], [-70.53, -54.13], [-70.37, -54.18], [-70.16, -54.37], [-69.86, -54.36], [-69.74, -54.30], [-69.41, -54.40], [-69.32, -54.48], [-69.31, -54.57], [-69.25, -54.55], [-69.04, -54.40], [-69.98, -54.10], [-70.15, -53.88], [-70.14, -53.76], [-70.09, -53.72], [-69.38, -53.49], [-69.35, -53.41], [-69.39, -53.37], [-69.63, -53.33], [-70.09, -53.41], [-70.32, -53.37], [-70.46, -53.20], [-70.44, -53.08], [-70.39, -53.02], [-70.13, -52.94], [-70.38, -52.75], [-70.18, -52.72], [-69.93, -52.82], [-69.76, -52.73], [-69.49, -52.49], [-69.41, -52.48], [-69.16, -52.66], [-68.78, -52.57], [-68.62, -52.65]]], [[[-67.07, -55.15], [-67.17, -55.24], [-67.33, -55.29], [-67.49, -55.17], [-67.76, -55.25], [-68.07, -55.22], [-68.30, -54.98], [-68.10, -54.92], [-67.24, -54.97], [-67.10, -55.06], [-67.07, -55.15]]], [[[-73.77, -43.34], [-74.11, -43.35], [-74.38, -43.23], [-74.20, -42.87], [-74.15, -42.59], [-74.19, -42.48], [-74.17, -42.26], [-74.07, -42.10], [-74.03, -41.79], [-73.52, -41.89], [-73.42, -42.19], [-73.43, -42.27], [-73.53, -42.31], [-73.47, -42.46], [-73.78, -42.58], [-73.56, -42.76], [-73.43, -42.93], [-73.54, -43.07], [-73.74, -43.15], [-73.77, -43.34]]], [[[-74.47, -49.14], [-74.52, -49.62], [-74.45, -49.69], [-74.49, -49.85], [-74.59, -50.00], [-74.76, -50.01], [-74.88, -49.72], [-74.72, -49.42], [-74.96, -49.53], [-74.99, -49.75], [-75.06, -49.85], [-75.30, -49.84], [-75.45, -49.76], [-75.54, -49.79], [-75.57, -49.69], [-75.52, -49.62], [-75.33, -49.62], [-75.30, -49.49], [-75.46, -49.35], [-75.32, -49.26], [-75.08, -49.27], [-75.09, -49.18], [-75.21, -49.14], [-75.18, -49.08], [-74.94, -48.96], [-74.98, -48.81], [-74.89, -48.73], [-74.74, -48.70], [-74.54, -48.76], [-74.47, -49.14]]], [[[-75.51, -48.76], [-75.62, -48.76], [-75.65, -48.58], [-75.51, -48.32], [-75.56, -48.07], [-75.39, -48.01], [-75.15, -48.42], [-75.15, -48.62], [-75.51, -48.76]]], [[[-74.38, -52.92], [-73.65, -53.06], [-73.45, -53.14], [-73.13, -53.35], [-73.56, -53.30], [-73.61, -53.22], [-73.86, -53.09], [-74.27, -53.08], [-74.55, -52.92], [-74.71, -52.74], [-74.57, -52.77], [-74.38, -52.92]]], [[[-74.56, -48.59], [-74.92, -48.62], [-75.01, -48.53], [-75.24, -48.02], [-75.19, -47.97], [-74.97, -47.92], [-74.89, -47.83], [-74.82, -47.85], [-74.84, -48.02], [-74.72, -48.12], [-74.61, -48.34], [-74.56, -48.59]]], [[[-72.92, -53.48], [-72.88, -53.57], [-72.48, -53.58], [-72.20, -53.80], [-72.30, -53.86], [-72.40, -54.00], [-72.87, -54.12], [-72.95, -54.06], [-72.78, -53.95], [-72.76, -53.86], [-73.03, -53.83], [-73.08, -53.99], [-73.21, -53.98], [-73.30, -53.94], [-73.31, -53.72], [-73.47, -53.73], [-73.64, -53.57], [-73.84, -53.54], [-73.68, -53.42], [-73.44, -53.41], [-73.36, -53.47], [-73.09, -53.51], [-73.11, -53.42], [-73.05, -53.39], [-72.92, -53.48]]], [[[-74.82, -51.63], [-74.78, -51.82], [-74.64, -51.86], [-74.53, -51.96], [-74.69, -52.27], [-74.85, -52.27], [-75.01, -52.03], [-75.10, -51.78], [-75.00, -51.72], [-74.91, -51.73], [-74.90, -51.65], [-74.82, -51.63]]], [[[-69.70, -54.91], [-68.90, -55.01], [-68.45, -54.95], [-68.39, -55.04], [-68.61, -55.15], [-68.38, -55.19], [-68.28, -55.25], [-68.32, -55.33], [-68.08, -55.47], [-68.04, -55.64], [-68.22, -55.60], [-68.33, -55.50], [-68.86, -55.45], [-68.93, -55.37], [-68.89, -55.24], [-69.00, -55.25], [-69.19, -55.17], [-69.29, -55.16], [-69.35, -55.30], [-69.18, -55.47], [-69.41, -55.44], [-69.64, -55.32], [-69.65, -55.22], [-69.82, -55.23], [-69.97, -55.14], [-69.88, -54.88], [-69.70, -54.91]]], [[[-71.39, -54.03], [-71.16, -54.11], [-71.02, -54.11], [-71.00, -54.24], [-71.14, -54.37], [-71.47, -54.23], [-71.76, -54.22], [-71.94, -54.30], [-71.97, -54.20], [-72.21, -54.04], [-72.14, -53.93], [-71.99, -53.88], [-71.55, -53.95], [-71.39, -54.03]]], [[[-73.73, -44.39], [-73.98, -44.49], [-74.00, -44.59], [-73.91, -44.65], [-73.82, -44.83], [-73.72, -45.11], [-73.75, -45.26], [-73.82, -45.28], [-73.84, -45.34], [-74.09, -45.32], [-74.08, -45.19], [-74.19, -45.14], [-74.34, -44.91], [-74.61, -44.64], [-74.48, -44.58], [-74.50, -44.47], [-74.30, -44.39], [-74.21, -44.42], [-74.09, -44.38], [-74.08, -44.18], [-73.99, -44.14], [-73.90, -44.13], [-73.81, -44.23], [-73.70, -44.27], [-73.73, -44.39]]], [[[-72.98, -44.78], [-73.22, -44.85], [-73.35, -44.83], [-73.39, -44.77], [-73.44, -44.64], [-73.28, -44.48], [-73.26, -44.35], [-73.02, -44.38], [-72.77, -44.50], [-72.76, -44.54], [-72.98, -44.78]]], [[[-75.04, -44.89], [-75.09, -44.90], [-75.14, -44.81], [-75.07, -44.79], [-75.04, -44.89]]], [[[-75.30, -50.67], [-75.33, -50.77], [-75.43, -50.74], [-75.47, -50.65], [-75.42, -50.48], [-75.11, -50.51], [-75.29, -50.59], [-75.30, -50.67]]], [[[-75.10, -48.83], [-75.11, -48.91], [-75.38, -49.15], [-75.50, -49.23], [-75.64, -49.19], [-75.48, -49.08], [-75.51, -49.00], [-75.63, -48.94], [-75.58, -48.85], [-75.11, -48.77], [-75.10, -48.83]]], [[[-75.11, -47.83], [-75.18, -47.85], [-75.26, -47.76], [-75.08, -47.69], [-74.92, -47.72], [-74.91, -47.75], [-75.11, -47.83]]], [[[-74.66, -43.60], [-74.81, -43.62], [-74.84, -43.57], [-74.74, -43.53], [-74.66, -43.60]]], [[[-73.63, -44.82], [-73.69, -44.83], [-73.81, -44.65], [-73.77, -44.55], [-73.68, -44.54], [-73.64, -44.61], [-73.63, -44.82]]], [[[-74.55, -51.27], [-74.56, -51.36], [-74.62, -51.39], [-74.73, -51.36], [-74.85, -51.43], [-75.04, -51.39], [-75.28, -51.62], [-75.30, -51.55], [-75.15, -51.27], [-75.04, -51.31], [-74.73, -51.20], [-74.61, -51.20], [-74.55, -51.27]]], [[[-75.05, -50.29], [-75.25, -50.37], [-75.44, -50.34], [-75.32, -50.01], [-74.87, -50.10], [-74.83, -50.19], [-75.05, -50.29]]], [[[-73.81, -43.82], [-73.78, -43.87], [-73.90, -43.87], [-73.95, -43.92], [-74.14, -43.87], [-74.13, -43.82], [-73.85, -43.78], [-73.81, -43.82]]], [[[-74.14, -51.93], [-74.33, -51.89], [-74.42, -51.84], [-74.47, -51.72], [-74.13, -51.87], [-74.14, -51.93]]], [[[-74.31, -45.69], [-74.46, -45.75], [-74.67, -45.73], [-74.68, -45.66], [-74.49, -45.42], [-74.50, -45.28], [-74.31, -45.17], [-74.31, -45.46], [-74.22, -45.61], [-74.31, -45.69]]], [[[-67.57, -55.88], [-67.83, -55.86], [-67.84, -55.84], [-67.51, -55.83], [-67.57, -55.88]]], [[[-66.47, -55.22], [-66.55, -55.27], [-66.63, -55.23], [-66.52, -55.16], [-66.43, -55.18], [-66.47, -55.22]]], [[[-70.99, -54.86], [-70.92, -54.94], [-70.80, -54.96], [-70.41, -54.90], [-70.28, -55.06], [-70.29, -55.11], [-70.47, -55.17], [-70.59, -55.08], [-70.71, -55.10], [-70.93, -55.06], [-70.99, -54.99], [-71.20, -54.89], [-71.38, -54.93], [-71.43, -54.88], [-71.37, -54.83], [-70.99, -54.86]]], [[[-67.28, -55.77], [-67.32, -55.78], [-67.56, -55.70], [-67.37, -55.58], [-67.26, -55.74], [-67.28, -55.77]]]]}}, {"type": "Feature", "properties": {}, "geometry": {"type": "Polygon", "coordinates": [[[23.98, 19.49], [23.97, 15.72], [23.60, 15.74], [23.10, 15.70], [22.93, 15.53], [22.96, 15.31], [22.93, 15.16], [22.76, 14.99], [22.67, 14.85], [22.67, 14.72], [22.38, 14.55], [22.44, 14.28], [22.53, 14.16], [22.17, 13.91], [22.10, 13.79], [22.22, 13.32], [22.15, 13.21], [21.99, 13.11], [21.82, 12.79], [21.92, 12.67], [22.23, 12.70], [22.35, 12.66], [22.41, 12.54], [22.39, 12.46], [22.47, 12.06], [22.58, 11.99], [22.55, 11.66], [22.59, 11.57], [22.92, 11.34], [22.93, 11.19], [22.86, 10.91], [22.49, 10.99], [22.15, 10.82], [22.04, 10.82], [21.77, 10.64], [21.70, 10.57], [21.72, 10.36], [21.68, 10.28], [21.52, 10.20], [21.39, 10.00], [21.26, 9.97], [20.77, 9.40], [20.34, 9.12], [20.07, 9.13], [19.66, 9.02], [19.14, 9.01], [18.95, 8.93], [18.88, 8.83], [19.10, 8.65], [18.56, 8.04], [17.64, 7.98], [16.78, 7.55], [16.58, 7.74], [16.54, 7.86], [16.40, 7.77], [16.37, 7.68], [16.03, 7.57], [15.95, 7.50], [15.84, 7.47], [15.48, 7.52], [15.55, 7.66], [15.54, 7.78], [15.44, 7.85], [15.11, 8.55], [14.33, 9.20], [14.00, 9.58], [13.97, 9.69], [14.24, 9.97], [14.83, 9.94], [15.13, 9.98], [15.54, 9.96], [15.65, 10.00], [15.27, 10.35], [15.13, 10.64], [15.02, 11.11], [15.12, 11.54], [15.07, 11.64], [15.08, 11.84], [14.88, 12.26], [14.84, 12.50], [14.76, 12.65], [14.54, 12.82], [14.51, 12.97], [14.46, 13.02], [14.06, 13.07], [13.60, 13.70], [13.44, 14.38], [14.36, 15.75], [15.47, 16.90], [15.73, 19.90], [15.96, 20.34], [15.58, 20.73], [15.54, 20.87], [15.60, 20.95], [15.18, 21.52], [15.17, 21.92], [14.97, 22.99], [15.98, 23.44], [23.98, 19.49]]]}}, {"type": "Feature", "properties": {}, "geometry": {"type": "Polygon", "coordinates": [[[24.14, 8.66], [24.22, 8.60], [24.17, 8.46], [24.20, 8.36], [24.29, 8.29], [24.85, 8.13], [25.20, 7.80], [25.24, 7.72], [25.18, 7.55], [25.27, 7.42], [25.88, 7.06], [26.36, 6.63], [26.30, 6.45], [26.51, 6.06], [26.72, 5.99], [27.14, 5.72], [27.22, 5.56], [27.25, 5.28], [27.40, 5.10], [27.07, 5.19], [26.82, 5.06], [25.52, 5.31], [25.40, 5.25], [25.24, 5.02], [25.06, 4.96], [24.76, 4.93], [24.43, 5.00], [24.31, 4.99], [23.41, 4.66], [23.11, 4.73], [22.86, 4.72], [22.71, 4.59], [22.50, 4.20], [22.42, 4.13], [21.68, 4.28], [21.53, 4.24], [21.12, 4.33], [20.95, 4.41], [20.55, 4.46], [20.22, 4.82], [19.80, 5.08], [19.50, 5.12], [19.32, 5.07], [19.06, 4.89], [18.83, 4.52], [18.69, 4.38], [18.59, 4.34], [18.56, 4.25], [18.63, 3.95], [18.61, 3.47], [18.47, 3.62], [18.16, 3.49], [18.11, 3.55], [17.88, 3.55], [17.49, 3.68], [17.22, 3.59], [16.61, 3.50], [16.47, 3.16], [16.46, 2.83], [16.18, 2.27], [16.10, 2.47], [16.06, 2.90], [15.90, 3.09], [15.77, 3.12], [15.12, 3.82], [15.03, 4.01], [15.13, 4.03], [15.06, 4.28], [14.73, 4.60], [14.64, 5.17], [14.56, 5.27], [14.61, 5.49], [14.61, 5.86], [14.50, 5.91], [14.44, 6.08], [14.73, 6.27], [14.86, 6.55], [15.03, 6.78], [15.20, 7.20], [15.37, 7.35], [15.48, 7.52], [15.84, 7.47], [15.95, 7.50], [16.03, 7.57], [16.37, 7.68], [16.40, 7.77], [16.54, 7.86], [16.58, 7.74], [16.78, 7.55], [17.64, 7.98], [18.56, 8.04], [19.10, 8.65], [18.88, 8.83], [18.88, 8.88], [19.14, 9.01], [19.66, 9.02], [20.07, 9.13], [20.34, 9.12], [20.63, 9.30], [20.89, 9.52], [21.26, 9.97], [21.39, 10.00], [21.52, 10.20], [21.68, 10.28], [21.72, 10.36], [21.70, 10.57], [22.04, 10.82], [22.15, 10.82], [22.49, 10.99], [22.86, 10.91], [23.31, 10.38], [23.64, 9.82], [23.62, 9.34], [23.46, 9.11], [23.48, 8.99], [23.55, 8.94], [23.53, 8.81], [23.67, 8.73], [24.14, 8.66]]]}}, {"type": "Feature", "properties": {}, "geometry": {"type": "MultiPolygon", "coordinates": [[[[-25.16, 16.94], [-25.30, 16.93], [-25.33, 17.09], [-25.11, 17.19], [-25.03, 17.17], [-24.97, 17.09], [-25.16, 16.94]]], [[[-23.44, 15.00], [-23.50, 14.91], [-23.70, 14.96], [-23.78, 15.07], [-23.74, 15.32], [-23.44, 15.00]]], [[[-24.88, 16.81], [-25.01, 16.79], [-25.09, 16.83], [-24.93, 16.92], [-24.88, 16.81]]], [[[-22.91, 16.23], [-22.74, 16.22], [-22.69, 16.16], [-22.71, 16.04], [-22.82, 15.98], [-22.95, 16.04], [-22.91, 16.23]]], [[[-24.30, 14.85], [-24.44, 14.83], [-24.51, 14.93], [-24.49, 14.98], [-24.39, 15.03], [-24.32, 15.01], [-24.30, 14.85]]], [[[-24.08, 16.62], [-24.03, 16.57], [-24.24, 16.59], [-24.32, 16.49], [-24.39, 16.61], [-24.37, 16.67], [-24.08, 16.62]]], [[[-22.88, 16.65], [-22.92, 16.60], [-22.98, 16.70], [-22.99, 16.80], [-22.93, 16.84], [-22.88, 16.65]]], [[[-23.18, 15.13], [-23.25, 15.17], [-23.21, 15.32], [-23.13, 15.31], [-23.11, 15.26], [-23.11, 15.16], [-23.18, 15.13]]]]}}, {"type": "Feature", "properties": {}, "geometry": {"type": "MultiPolygon", "coordinates": [[[[-132.65, 54.12], [-132.56, 54.06], [-132.30, 54.09], [-132.16, 53.95], [-132.17, 53.84], [-132.56, 53.68], [-132.53, 53.65], [-132.18, 53.68], [-132.11, 53.86], [-132.13, 54.03], [-131.94, 54.04], [-131.66, 54.14], [-131.70, 53.98], [-131.88, 53.71], [-131.92, 53.37], [-132.01, 53.26], [-132.52, 53.19], [-132.74, 53.31], [-132.69, 53.36], [-132.42, 53.33], [-132.84, 53.50], [-133.05, 53.77], [-133.09, 54.00], [-133.04, 54.15], [-132.65, 54.12]]], [[[-131.75, 53.19], [-131.65, 53.10], [-131.63, 52.92], [-131.97, 52.87], [-131.72, 52.75], [-131.45, 52.70], [-131.59, 52.57], [-131.42, 52.42], [-131.25, 52.41], [-131.31, 52.30], [-131.14, 52.29], [-131.11, 52.21], [-131.22, 52.15], [-131.42, 52.23], [-131.56, 52.39], [-132.16, 52.78], [-132.25, 52.93], [-132.14, 52.95], [-132.14, 52.99], [-132.46, 53.07], [-132.54, 53.13], [-132.15, 53.16], [-131.89, 53.23], [-131.75, 53.19]]], [[[-127.19, 50.64], [-126.70, 50.51], [-125.48, 50.31], [-124.93, 49.73], [-124.93, 49.64], [-124.83, 49.53], [-124.64, 49.42], [-123.99, 49.22], [-123.82, 49.08], [-123.49, 48.58], [-123.41, 48.69], [-123.28, 48.45], [-123.33, 48.40], [-123.44, 48.42], [-123.57, 48.32], [-124.11, 48.43], [-125.01, 48.71], [-125.12, 48.76], [-125.13, 48.82], [-124.84, 49.02], [-124.81, 49.21], [-124.92, 49.01], [-125.54, 48.95], [-125.82, 49.09], [-125.64, 49.18], [-125.83, 49.27], [-125.95, 49.24], [-125.98, 49.28], [-125.93, 49.40], [-126.02, 49.36], [-126.24, 49.44], [-126.30, 49.38], [-126.41, 49.44], [-126.54, 49.41], [-126.54, 49.59], [-126.13, 49.67], [-126.34, 49.66], [-126.52, 49.71], [-126.68, 49.87], [-126.90, 49.94], [-126.97, 49.88], [-127.11, 49.87], [-127.19, 49.94], [-127.17, 50.07], [-127.24, 50.13], [-127.34, 50.05], [-127.46, 50.16], [-127.86, 50.12], [-127.83, 50.29], [-127.96, 50.34], [-127.90, 50.44], [-127.64, 50.47], [-127.48, 50.40], [-127.52, 50.53], [-127.46, 50.58], [-127.75, 50.60], [-127.73, 50.53], [-128.05, 50.49], [-128.34, 50.69], [-128.24, 50.82], [-127.91, 50.86], [-127.19, 50.64]]], [[[-130.02, 55.88], [-130.02, 56.01], [-130.09, 56.10], [-130.21, 56.08], [-130.41, 56.12], [-130.47, 56.23], [-130.64, 56.26], [-130.74, 56.34], [-131.08, 56.40], [-131.57, 56.59], [-131.82, 56.58], [-131.86, 56.79], [-132.10, 56.85], [-132.03, 57.02], [-132.33, 57.07], [-132.23, 57.19], [-133.42, 58.33], [-133.40, 58.41], [-133.82, 58.70], [-134.29, 58.89], [-134.44, 59.08], [-134.94, 59.28], [-135.07, 59.44], [-135.05, 59.57], [-135.47, 59.79], [-136.32, 59.60], [-136.24, 59.53], [-136.34, 59.45], [-136.46, 59.45], [-136.46, 59.27], [-136.57, 59.15], [-136.81, 59.15], [-137.43, 58.90], [-137.52, 58.91], [-137.48, 58.99], [-137.59, 59.22], [-138.63, 59.77], [-138.70, 59.90], [-139.04, 59.99], [-139.18, 60.08], [-139.07, 60.34], [-139.67, 60.32], [-139.97, 60.18], [-140.45, 60.29], [-140.52, 60.21], [-141.00, 60.30], [-141.00, 69.65], [-140.40, 69.60], [-139.97, 69.62], [-139.18, 69.51], [-138.68, 69.31], [-137.86, 69.09], [-136.71, 68.88], [-136.12, 68.88], [-135.25, 68.68], [-135.43, 68.84], [-135.89, 68.92], [-135.92, 68.99], [-135.57, 69.02], [-135.91, 69.11], [-135.69, 69.31], [-135.29, 69.30], [-135.22, 69.42], [-135.14, 69.46], [-134.45, 69.47], [-134.49, 69.57], [-134.40, 69.68], [-134.24, 69.66], [-134.07, 69.55], [-133.87, 69.50], [-134.17, 69.25], [-133.16, 69.43], [-132.84, 69.65], [-132.40, 69.65], [-132.56, 69.69], [-132.48, 69.73], [-132.16, 69.70], [-131.44, 69.91], [-131.13, 69.90], [-130.92, 70.05], [-130.66, 70.12], [-129.94, 70.09], [-129.67, 70.19], [-129.53, 70.10], [-129.64, 69.99], [-130.83, 69.65], [-131.93, 69.53], [-132.33, 69.30], [-132.68, 69.25], [-133.41, 68.84], [-133.34, 68.76], [-133.19, 68.73], [-133.13, 68.74], [-133.33, 68.83], [-132.70, 68.81], [-132.57, 68.84], [-132.54, 68.88], [-132.73, 68.92], [-132.77, 69.01], [-132.71, 69.07], [-131.91, 69.29], [-131.78, 69.37], [-131.82, 69.40], [-131.78, 69.43], [-131.34, 69.43], [-131.30, 69.41], [-131.32, 69.36], [-131.16, 69.45], [-131.06, 69.45], [-130.98, 69.36], [-130.97, 69.20], [-130.51, 69.56], [-130.11, 69.72], [-129.10, 69.88], [-128.89, 69.96], [-128.93, 69.87], [-129.15, 69.80], [-129.05, 69.70], [-128.85, 69.75], [-128.38, 69.96], [-128.27, 70.10], [-127.68, 70.26], [-127.97, 70.29], [-128.04, 70.32], [-127.98, 70.36], [-128.17, 70.41], [-128.12, 70.52], [-127.99, 70.57], [-127.22, 70.29], [-126.92, 70.06], [-126.61, 69.73], [-126.06, 69.46], [-125.72, 69.37], [-125.38, 69.34], [-125.17, 69.42], [-125.16, 69.47], [-125.35, 69.62], [-125.34, 69.66], [-125.21, 69.73], [-125.20, 69.82], [-125.07, 69.81], [-124.76, 69.99], [-124.99, 70.02], [-124.55, 70.15], [-124.44, 70.11], [-124.47, 69.91], [-124.40, 69.76], [-124.12, 69.68], [-124.48, 69.42], [-124.33, 69.36], [-123.52, 69.38], [-123.21, 69.54], [-123.02, 69.81], [-121.74, 69.79], [-120.96, 69.66], [-120.13, 69.38], [-118.86, 69.25], [-118.09, 69.04], [-117.22, 68.91], [-116.05, 68.83], [-116.24, 68.97], [-115.80, 68.98], [-115.44, 68.94], [-114.62, 68.74], [-113.96, 68.39], [-114.09, 68.26], [-114.76, 68.27], [-114.85, 68.19], [-115.12, 68.13], [-115.18, 68.08], [-115.16, 68.01], [-115.43, 67.90], [-115.13, 67.81], [-113.89, 67.70], [-112.50, 67.68], [-111.19, 67.82], [-110.99, 67.79], [-110.07, 67.99], [-109.63, 67.73], [-109.03, 67.69], [-108.94, 67.49], [-108.85, 67.42], [-108.71, 67.58], [-108.61, 67.59], [-108.34, 67.40], [-107.98, 67.25], [-107.90, 67.16], [-107.99, 67.09], [-108.22, 67.05], [-108.49, 67.09], [-107.25, 66.39], [-107.71, 66.74], [-107.74, 66.96], [-107.62, 67.00], [-107.49, 66.93], [-107.15, 66.88], [-107.34, 67.05], [-107.28, 67.10], [-107.56, 67.27], [-107.64, 67.38], [-107.64, 67.51], [-107.95, 67.7], [-107.95, 67.81], [-107.76, 67.90], [-107.72, 67.95], [-107.79, 68.03], [-106.92, 68.11], [-106.66, 68.21], [-106.42, 68.20], [-106.40, 68.31], [-105.93, 68.44], [-105.78, 68.52], [-105.75, 68.59], [-105.93, 68.63], [-106.45, 68.51], [-106.60, 68.35], [-106.85, 68.38], [-107.29, 68.29], [-107.61, 68.33], [-107.74, 68.28], [-107.67, 68.20], [-107.73, 68.17], [-108.32, 68.15], [-108.71, 68.29], [-108.34, 68.59], [-107.43, 68.68], [-106.16, 68.91], [-105.68, 68.82], [-105.53, 68.71], [-105.37, 68.41], [-105.10, 68.29], [-104.95, 68.31], [-104.91, 68.25], [-104.65, 68.23], [-104.66, 68.14], [-104.48, 68.06], [-103.90, 68.04], [-103.47, 68.11], [-102.84, 67.85], [-102.32, 67.73], [-101.88, 67.74], [-101.55, 67.69], [-100.21, 67.83], [-99.03, 67.71], [-98.41, 67.80], [-98.70, 67.96], [-98.72, 68.04], [-98.63, 68.07], [-97.93, 67.71], [-97.45, 67.61], [-97.19, 67.69], [-97.13, 67.79], [-97.54, 67.96], [-98.19, 67.92], [-98.50, 68.11], [-98.38, 68.13], [-98.65, 68.36], [-98.46, 68.38], [-98.21, 68.31], [-97.79, 68.38], [-97.91, 68.44], [-97.92, 68.52], [-97.41, 68.49], [-97.26, 68.45], [-96.97, 68.25], [-96.62, 68.25], [-96.43, 68.31], [-96.72, 68.03], [-96.53, 68.06], [-96.43, 68.15], [-95.97, 68.24], [-96.19, 67.71], [-96.36, 67.50], [-96.18, 67.37], [-96.14, 67.27], [-95.71, 67.31], [-95.77, 67.18], [-95.55, 67.21], [-95.41, 67.15], [-95.41, 67.01], [-95.76, 66.96], [-96.42, 67.05], [-95.88, 66.74], [-95.78, 66.61], [-95.74, 66.69], [-96.01, 66.87], [-96.03, 66.93], [-95.39, 66.94], [-95.25, 67.26], [-95.46, 67.61], [-95.65, 67.73], [-95.46, 68.02], [-95.12, 68.08], [-94.86, 68.04], [-94.74, 68.07], [-93.92, 68.47], [-93.44, 68.61], [-93.64, 68.63], [-93.68, 68.88], [-93.85, 69.00], [-94.06, 68.78], [-94.47, 68.74], [-94.60, 68.80], [-94.56, 68.91], [-94.08, 69.12], [-94.25, 69.15], [-94.25, 69.31], [-93.61, 69.41], [-93.82, 69.25], [-93.74, 69.22], [-93.43, 69.37], [-93.53, 69.38], [-93.53, 69.48], [-93.64, 69.51], [-94.01, 69.44], [-94.27, 69.45], [-94.63, 69.64], [-94.82, 69.57], [-95.96, 69.80], [-96.49, 70.12], [-96.55, 70.21], [-96.54, 70.32], [-96.29, 70.51], [-96.12, 70.56], [-95.87, 70.54], [-95.98, 70.61], [-95.88, 70.69], [-96.25, 70.64], [-96.54, 70.80], [-96.47, 71.06], [-96.52, 71.12], [-96.42, 71.17], [-96.44, 71.23], [-96.06, 71.41], [-95.72, 71.32], [-95.56, 71.33], [-95.40, 71.49], [-95.77, 71.51], [-95.87, 71.57], [-95.20, 71.90], [-94.61, 71.98], [-94.49, 71.91], [-94.47, 71.84], [-94.30, 71.76], [-93.74, 71.74], [-93.76, 71.63], [-93.03, 71.33], [-92.94, 71.26], [-92.88, 71.06], [-92.90, 70.91], [-92.98, 70.85], [-92.35, 70.63], [-92.04, 70.38], [-92.04, 70.30], [-91.76, 70.32], [-91.56, 70.17], [-91.85, 70.13], [-92.32, 70.23], [-92.51, 70.10], [-91.97, 70.03], [-92.88, 69.66], [-92.31, 69.67], [-92.20, 69.60], [-91.91, 69.53], [-91.38, 69.64], [-91.20, 69.64], [-91.15, 69.63], [-91.43, 69.52], [-90.66, 69.51], [-90.41, 69.45], [-90.68, 69.42], [-90.89, 69.26], [-91.05, 69.31], [-91.23, 69.28], [-90.74, 69.10], [-90.47, 68.88], [-90.53, 68.81], [-90.51, 68.68], [-90.57, 68.47], [-90.24, 68.26], [-90.17, 68.27], [-89.89, 68.49], [-89.88, 68.62], [-89.78, 68.73], [-89.66, 69.01], [-89.27, 69.25], [-89.05, 69.26], [-88.04, 68.81], [-87.82, 68.44], [-87.82, 68.29], [-87.99, 68.24], [-88.11, 68.25], [-88.23, 68.33], [-88.34, 68.28], [-88.31, 67.95], [-88.19, 67.76], [-87.49, 67.35], [-87.35, 67.17], [-86.56, 67.48], [-86.39, 67.80], [-85.95, 68.07], [-85.73, 68.44], [-85.74, 68.57], [-85.68, 68.67], [-85.49, 68.77], [-85.27, 68.74], [-84.86, 68.77], [-85.10, 68.84], [-85.08, 68.90], [-84.91, 68.96], [-84.86, 69.07], [-85.38, 69.23], [-85.43, 69.35], [-85.41, 69.54], [-85.50, 69.65], [-85.44, 69.77], [-85.50, 69.84], [-85.01, 69.80], [-84.31, 69.84], [-83.66, 69.69], [-82.61, 69.69], [-82.37, 69.64], [-82.49, 69.53], [-82.75, 69.49], [-82.30, 69.41], [-82.20, 69.29], [-82.22, 69.24], [-81.95, 69.27], [-81.37, 69.18], [-81.32, 69.11], [-81.95, 68.88], [-81.38, 68.85], [-81.25, 68.74], [-81.28, 68.65], [-81.91, 68.45], [-82.21, 68.50], [-82.55, 68.44], [-82.22, 68.14], [-82.01, 68.19], [-82.10, 68.01], [-82.06, 67.92], [-81.29, 67.49], [-81.30, 67.35], [-81.46, 67.06], [-81.63, 67.00], [-81.92, 66.97], [-82.26, 66.73], [-82.64, 66.58], [-82.94, 66.55], [-83.40, 66.37], [-83.59, 66.38], [-83.65, 66.48], [-83.99, 66.72], [-84.32, 66.78], [-84.36, 66.82], [-84.27, 66.83], [-84.53, 66.97], [-84.84, 67.02], [-85.11, 66.90], [-85.01, 66.87], [-84.85, 66.94], [-84.73, 66.93], [-84.22, 66.68], [-83.82, 66.28], [-83.79, 66.23], [-83.86, 66.21], [-84.29, 66.29], [-84.47, 66.17], [-84.62, 66.20], [-85.09, 66.32], [-85.44, 66.53], [-85.60, 66.56], [-86.70, 66.52], [-86.73, 66.51], [-86.68, 66.45], [-86.74, 66.41], [-86.68, 66.36], [-86.11, 66.22], [-86.00, 66.18], [-85.95, 66.11], [-86.04, 66.02], [-87.08, 65.44], [-87.45, 65.33], [-87.96, 65.34], [-88.67, 65.61], [-88.74, 65.67], [-89.74, 65.93], [-89.94, 65.93], [-89.84, 65.87], [-89.88, 65.86], [-91.00, 65.96], [-91.42, 65.94], [-91.04, 65.82], [-91.06, 65.89], [-90.98, 65.91], [-89.92, 65.78], [-88.97, 65.34], [-87.39, 65.26], [-87.02, 65.19], [-87.02, 65.06], [-87.28, 64.82], [-87.88, 64.40], [-87.99, 64.24], [-88.10, 64.18], [-88.81, 63.99], [-89.05, 64.03], [-89.20, 64.11], [-89.13, 63.96], [-89.40, 64.03], [-89.61, 64.03], [-89.76, 64.09], [-89.81, 64.18], [-90.04, 64.14], [-90.08, 64.12], [-89.95, 64.08], [-89.85, 63.95], [-90.16, 63.97], [-90.01, 63.80], [-90.15, 63.68], [-90.36, 63.62], [-90.59, 63.66], [-90.81, 63.58], [-91.92, 63.75], [-91.92, 63.81], [-91.98, 63.82], [-92.33, 63.78], [-93.42, 64.02], [-93.69, 64.14], [-93.59, 64.04], [-93.66, 63.94], [-93.55, 63.86], [-93.27, 63.84], [-93.38, 63.90], [-93.37, 63.94], [-92.15, 63.69], [-92.46, 63.55], [-92.28, 63.56], [-91.84, 63.69], [-91.33, 63.50], [-90.97, 63.44], [-90.71, 63.30], [-90.69, 63.06], [-90.77, 62.97], [-91.11, 62.92], [-91.44, 62.80], [-92.03, 62.86], [-92.36, 62.81], [-92.37, 62.77], [-92.30, 62.71], [-91.95, 62.64], [-91.93, 62.59], [-92.00, 62.54], [-92.26, 62.58], [-92.55, 62.54], [-92.59, 62.47], [-92.76, 62.37], [-92.52, 62.16], [-92.86, 62.30], [-93.20, 62.36], [-92.90, 62.21], [-93.06, 62.14], [-93.01, 62.09], [-93.07, 62.06], [-93.34, 62.02], [-93.27, 61.96], [-93.33, 61.93], [-93.58, 61.94], [-93.49, 61.84], [-93.31, 61.76], [-93.91, 61.48], [-93.94, 61.44], [-93.88, 61.34], [-94.08, 61.30], [-94.06, 61.13], [-94.50, 60.60], [-94.56, 60.54], [-94.76, 60.49], [-94.64, 60.41], [-94.78, 59.95], [-94.78, 59.26], [-94.87, 59.08], [-94.95, 59.06], [-94.77, 59.02], [-94.67, 58.87], [-94.57, 58.86], [-94.41, 58.74], [-94.28, 58.71], [-94.33, 58.29], [-94.20, 58.62], [-94.12, 58.73], [-93.78, 58.77], [-93.17, 58.72], [-93.10, 58.48], [-92.43, 57.32], [-92.61, 57.03], [-92.79, 56.92], [-92.45, 57.03], [-92.30, 57.04], [-92.35, 56.97], [-91.11, 57.24], [-90.59, 57.22], [-89.79, 56.98], [-88.82, 56.81], [-88.07, 56.46], [-87.48, 56.02], [-85.67, 55.60], [-85.21, 55.34], [-85.36, 55.07], [-85.21, 55.22], [-85.06, 55.28], [-84.51, 55.25], [-83.91, 55.31], [-83.21, 55.21], [-82.98, 55.23], [-82.86, 55.16], [-82.57, 55.14], [-82.39, 55.06], [-82.30, 54.99], [-82.21, 54.81], [-82.41, 54.35], [-82.42, 54.24], [-82.23, 54.04], [-82.14, 53.81], [-82.19, 53.61], [-82.15, 53.26], [-82.25, 53.15], [-82.29, 53.03], [-82.26, 52.96], [-82.02, 52.81], [-81.59, 52.43], [-81.57, 52.36], [-81.61, 52.32], [-81.82, 52.22], [-81.46, 52.20], [-80.96, 51.97], [-80.65, 51.75], [-80.44, 51.38], [-80.85, 51.12], [-80.47, 51.30], [-80.10, 51.28], [-79.83, 51.17], [-79.34, 50.76], [-79.45, 50.91], [-79.71, 51.11], [-79.73, 51.18], [-79.68, 51.34], [-79.49, 51.56], [-79.29, 51.62], [-79.26, 51.55], [-79.04, 51.46], [-78.90, 51.20], [-78.85, 51.38], [-78.73, 51.49], [-78.98, 51.77], [-78.82, 51.96], [-78.44, 52.26], [-78.52, 52.31], [-78.55, 52.49], [-78.74, 52.65], [-78.76, 52.76], [-78.72, 52.85], [-78.89, 53.04], [-79.10, 53.65], [-79.11, 53.71], [-79.04, 53.81], [-78.94, 53.83], [-79.07, 53.93], [-78.99, 54.00], [-79.24, 54.09], [-79.13, 54.15], [-79.35, 54.26], [-79.59, 54.60], [-79.71, 54.67], [-78.47, 55.01], [-77.77, 55.29], [-77.16, 55.66], [-76.76, 55.99], [-76.60, 56.19], [-76.52, 56.49], [-76.57, 57.18], [-76.89, 57.75], [-77.15, 58.01], [-77.55, 58.23], [-78.01, 58.39], [-78.50, 58.64], [-78.50, 58.76], [-78.43, 58.90], [-78.06, 59.20], [-77.76, 59.38], [-77.85, 59.47], [-77.73, 59.58], [-77.72, 59.67], [-77.59, 59.68], [-77.34, 59.57], [-77.48, 59.68], [-77.33, 59.79], [-77.37, 59.92], [-77.28, 60.02], [-77.58, 60.08], [-77.45, 60.14], [-77.68, 60.42], [-77.50, 60.54], [-77.71, 60.57], [-77.79, 60.63], [-77.60, 60.82], [-77.87, 60.78], [-78.18, 60.81], [-77.76, 61.15], [-77.72, 61.23], [-77.73, 61.43], [-77.51, 61.55], [-78.02, 61.83], [-78.13, 62.10], [-78.13, 62.28], [-77.89, 62.42], [-77.37, 62.57], [-76.87, 62.52], [-75.81, 62.31], [-75.67, 62.24], [-75.78, 62.17], [-75.34, 62.31], [-75.02, 62.26], [-74.63, 62.11], [-74.68, 62.18], [-74.64, 62.21], [-73.70, 62.47], [-72.88, 62.12], [-72.68, 62.12], [-72.63, 62.02], [-72.77, 61.84], [-72.50, 61.92], [-72.22, 61.83], [-72.04, 61.68], [-72.24, 61.60], [-72.21, 61.58], [-71.86, 61.68], [-71.63, 61.61], [-71.61, 61.57], [-71.85, 61.43], [-71.64, 61.41], [-71.74, 61.33], [-71.42, 61.15], [-70.72, 61.05], [-70.27, 61.06], [-70.15, 61.02], [-70.09, 60.88], [-69.99, 60.85], [-69.70, 60.91], [-69.62, 61.04], [-69.47, 61.01], [-69.40, 60.84], [-69.64, 60.68], [-69.75, 60.48], [-69.74, 60.33], [-69.62, 60.19], [-69.67, 60.07], [-69.96, 60.01], [-70.65, 60.02], [-70.61, 59.98], [-69.73, 59.91], [-69.63, 59.82], [-69.57, 59.67], [-69.69, 59.48], [-69.68, 59.34], [-69.34, 59.30], [-69.45, 59.18], [-69.41, 59.08], [-69.53, 58.86], [-69.64, 58.82], [-69.78, 58.95], [-69.86, 58.85], [-70.15, 58.76], [-69.78, 58.68], [-69.27, 58.88], [-68.69, 58.90], [-68.38, 58.74], [-68.22, 58.48], [-68.35, 58.16], [-68.46, 58.07], [-68.94, 57.96], [-69.04, 57.90], [-68.41, 58.05], [-68.28, 58.17], [-68.17, 58.40], [-68.11, 58.47], [-68.02, 58.48], [-67.88, 58.29], [-68.06, 58.13], [-67.85, 58.27], [-67.75, 58.40], [-67.68, 58.24], [-67.67, 57.99], [-67.56, 58.21], [-67.01, 58.43], [-66.72, 58.49], [-66.36, 58.79], [-66.23, 58.77], [-66.09, 58.65], [-66.00, 58.43], [-65.92, 58.57], [-66.04, 58.82], [-65.85, 58.84], [-65.92, 58.91], [-65.84, 58.97], [-65.70, 58.97], [-65.72, 59.02], [-65.54, 59.01], [-65.38, 59.06], [-65.60, 59.11], [-65.7, 59.21], [-65.60, 59.21], [-65.51, 59.35], [-65.41, 59.31], [-65.47, 59.47], [-65.34, 59.47], [-65.03, 59.38], [-65.40, 59.53], [-65.48, 59.64], [-65.43, 59.77], [-65.28, 59.81], [-65.02, 59.77], [-65.15, 59.83], [-65.17, 59.90], [-64.93, 60.25], [-64.81, 60.33], [-64.49, 60.26], [-64.41, 60.17], [-64.76, 60.01], [-64.28, 60.06], [-64.18, 59.97], [-64.16, 59.84], [-64.22, 59.74], [-64.05, 59.82], [-63.92, 59.64], [-63.75, 59.51], [-63.97, 59.40], [-63.94, 59.38], [-63.78, 59.34], [-63.77, 59.27], [-63.63, 59.34], [-63.53, 59.33], [-63.41, 59.19], [-63.64, 59.07], [-63.97, 59.05], [-63.79, 59.02], [-63.24, 59.06], [-63.30, 59.02], [-63.21, 58.92], [-63.28, 58.86], [-63.05, 58.87], [-62.87, 58.67], [-63.38, 58.45], [-63.53, 58.32], [-63.20, 58.46], [-63.11, 58.44], [-63.13, 58.41], [-62.73, 58.49], [-62.59, 58.47], [-62.67, 58.31], [-62.81, 58.20], [-63.26, 58.01], [-62.81, 58.12], [-62.48, 58.15], [-62.30, 57.97], [-61.95, 57.91], [-61.89, 57.86], [-61.99, 57.76], [-61.93, 57.66], [-61.96, 57.61], [-62.33, 57.48], [-62.49, 57.48], [-61.92, 57.42], [-61.84, 57.37], [-61.97, 57.24], [-61.62, 57.18], [-61.33, 57.01], [-61.39, 56.85], [-61.37, 56.68], [-61.53, 56.65], [-62.06, 56.69], [-62.38, 56.78], [-62.29, 56.83], [-62.49, 56.80], [-62.39, 56.73], [-61.73, 56.52], [-62.00, 56.45], [-61.94, 56.42], [-61.42, 56.36], [-61.70, 56.28], [-61.71, 56.23], [-61.36, 56.21], [-61.30, 56.04], [-61.44, 55.99], [-61.18, 55.95], [-61.08, 55.86], [-60.99, 55.86], [-60.83, 55.95], [-60.74, 55.94], [-60.73, 55.88], [-60.59, 55.81], [-60.56, 55.72], [-60.47, 55.80], [-60.34, 55.78], [-60.40, 55.64], [-60.19, 55.48], [-60.36, 55.36], [-60.45, 55.19], [-60.61, 55.06], [-60.21, 55.23], [-59.75, 55.30], [-59.69, 55.26], [-59.68, 55.19], [-59.43, 55.17], [-59.74, 54.94], [-59.83, 54.81], [-59.25, 55.19], [-58.99, 55.14], [-58.78, 54.83], [-58.39, 54.77], [-58.22, 54.81], [-58.19, 54.86], [-57.96, 54.87], [-57.92, 54.77], [-57.82, 54.71], [-57.40, 54.59], [-57.56, 54.44], [-57.69, 54.38], [-58.15, 54.35], [-58.21, 54.28], [-58.43, 54.22], [-58.63, 54.04], [-58.92, 54.03], [-59.49, 53.83], [-59.82, 53.83], [-60.05, 53.73], [-60.14, 53.59], [-60.39, 53.65], [-60.10, 53.48], [-60.29, 53.39], [-60.30, 53.36], [-60.25, 53.34], [-60.32, 53.26], [-60.14, 53.30], [-59.82, 53.50], [-59.32, 53.64], [-58.65, 53.97], [-57.92, 54.10], [-58.31, 54.11], [-58.36, 54.15], [-58.30, 54.20], [-58.19, 54.22], [-57.41, 54.16], [-57.13, 53.79], [-57.52, 53.61], [-57.38, 53.56], [-57.33, 53.46], [-56.84, 53.73], [-56.52, 53.76], [-56.46, 53.76], [-56.35, 53.62], [-56.11, 53.58], [-55.96, 53.47], [-55.79, 53.21], [-55.89, 53.00], [-55.82, 52.87], [-55.87, 52.73], [-55.80, 52.64], [-56.32, 52.54], [-55.74, 52.47], [-55.70, 52.42], [-55.77, 52.36], [-56.01, 52.39], [-55.69, 52.24], [-55.67, 52.19], [-56.01, 51.92], [-56.97, 51.45], [-57.46, 51.46], [-57.76, 51.42], [-58.08, 51.31], [-58.51, 51.29], [-59.16, 50.77], [-59.61, 50.49], [-59.81, 50.41], [-59.88, 50.31], [-60.08, 50.25], [-60.80, 50.24], [-61.72, 50.10], [-61.91, 50.23], [-62.71, 50.30], [-63.13, 50.29], [-63.23, 50.24], [-63.85, 50.31], [-64.17, 50.26], [-65.26, 50.32], [-65.76, 50.25], [-65.95, 50.29], [-66.12, 50.20], [-66.49, 50.21], [-66.94, 49.99], [-67.23, 49.60], [-67.26, 49.45], [-67.37, 49.34], [-68.28, 49.19], [-68.22, 49.14], [-68.54, 49.05], [-68.66, 48.93], [-68.92, 48.82], [-69.23, 48.57], [-69.37, 48.38], [-69.67, 48.19], [-69.85, 48.20], [-70.38, 48.36], [-71.01, 48.45], [-70.83, 48.36], [-70.50, 48.35], [-69.97, 48.20], [-69.77, 48.09], [-69.99, 47.73], [-70.44, 47.42], [-70.70, 47.13], [-71.11, 46.92], [-71.26, 46.79], [-71.75, 46.67], [-71.87, 46.68], [-72.20, 46.55], [-72.25, 46.48], [-72.68, 46.28], [-72.98, 46.20], [-73.02, 46.12], [-73.14, 46.06], [-73.47, 45.73], [-73.71, 45.71], [-74.03, 45.50], [-74.31, 45.53], [-73.99, 45.43], [-73.97, 45.34], [-74.35, 45.20], [-74.70, 45.00], [-74.99, 44.97], [-75.40, 44.77], [-75.87, 44.41], [-76.15, 44.30], [-76.46, 44.05], [-76.81, 43.62], [-78.45, 43.63], [-78.84, 43.58], [-79.17, 43.46], [-79.05, 43.27], [-79.02, 43.01], [-78.91, 42.90], [-79.03, 42.80], [-80.24, 42.36], [-81.27, 42.20], [-82.43, 41.67], [-82.69, 41.67], [-83.02, 41.83], [-83.14, 41.97], [-83.14, 42.14], [-83.07, 42.30], [-82.86, 42.38], [-82.54, 42.62], [-82.40, 43.07], [-82.13, 43.57], [-82.55, 45.34], [-83.59, 45.81], [-83.46, 45.99], [-83.61, 46.11], [-83.97, 46.08], [-84.08, 46.22], [-84.14, 46.54], [-84.56, 46.45], [-84.77, 46.63], [-84.87, 46.89], [-88.37, 48.30], [-89.45, 47.99], [-89.90, 47.99], [-89.99, 48.01], [-90.09, 48.11], [-90.74, 48.10], [-90.84, 48.20], [-90.91, 48.20], [-91.38, 48.05], [-91.51, 48.05], [-92.00, 48.30], [-92.17, 48.33], [-92.41, 48.27], [-92.50, 48.43], [-92.99, 48.61], [-93.37, 48.61], [-93.46, 48.56], [-93.70, 48.52], [-94.05, 48.65], [-94.62, 48.74], [-94.70, 48.80], [-94.80, 49.00], [-94.85, 49.30], [-95.15, 49.36], [-95.16, 48.99], [-122.78, 48.99], [-122.92, 49.07], [-123.07, 48.98], [-123.11, 49.05], [-123.07, 49.13], [-123.18, 49.12], [-123.22, 49.26], [-122.94, 49.29], [-122.87, 49.39], [-123.01, 49.32], [-123.27, 49.34], [-123.18, 49.68], [-123.32, 49.57], [-123.33, 49.45], [-123.53, 49.39], [-123.89, 49.49], [-124.02, 49.60], [-124.05, 49.66], [-123.99, 49.73], [-123.92, 49.71], [-123.81, 49.58], [-123.58, 49.68], [-123.76, 49.65], [-123.87, 49.73], [-123.90, 49.98], [-123.78, 50.08], [-123.82, 50.14], [-123.94, 50.18], [-123.86, 50.07], [-123.95, 49.99], [-123.98, 49.87], [-124.28, 49.77], [-124.48, 49.80], [-124.78, 50.02], [-124.93, 50.29], [-125.04, 50.36], [-125.05, 50.41], [-124.86, 50.63], [-124.85, 50.87], [-124.93, 50.81], [-124.94, 50.66], [-125.05, 50.51], [-125.20, 50.47], [-125.47, 50.49], [-125.52, 50.53], [-125.53, 50.64], [-125.64, 50.46], [-125.77, 50.50], [-126.09, 50.49], [-126.40, 50.52], [-126.44, 50.58], [-125.90, 50.70], [-126.51, 50.67], [-126.51, 50.72], [-126.37, 50.83], [-126.52, 50.86], [-126.48, 50.96], [-126.51, 51.05], [-126.63, 50.91], [-127.05, 50.86], [-127.35, 50.94], [-127.70, 51.15], [-127.68, 51.34], [-127.41, 51.60], [-126.69, 51.70], [-127.33, 51.70], [-127.44, 51.67], [-127.64, 51.47], [-127.71, 51.49], [-127.81, 51.60], [-127.86, 51.77], [-127.72, 51.99], [-127.85, 51.99], [-127.79, 52.19], [-127.43, 52.35], [-127.24, 52.39], [-127.17, 52.31], [-127.00, 52.29], [-126.71, 52.06], [-126.93, 52.30], [-127.12, 52.37], [-127.19, 52.45], [-127.18, 52.53], [-126.95, 52.72], [-127.01, 52.84], [-127.01, 52.71], [-127.06, 52.65], [-127.51, 52.35], [-127.83, 52.25], [-128.10, 51.78], [-128.19, 51.99], [-128.35, 52.15], [-128.03, 52.31], [-128.05, 52.45], [-127.94, 52.54], [-128.03, 52.53], [-128.27, 52.36], [-128.13, 52.80], [-128.05, 52.91], [-128.36, 52.82], [-128.45, 52.87], [-128.52, 53.14], [-128.65, 53.24], [-129.08, 53.36], [-129.17, 53.53], [-129.11, 53.64], [-129.02, 53.69], [-128.85, 53.70], [-128.90, 53.55], [-128.54, 53.42], [-128.35, 53.45], [-128.13, 53.41], [-127.92, 53.27], [-127.95, 53.32], [-128.20, 53.48], [-128.51, 53.47], [-128.67, 53.55], [-128.76, 53.74], [-128.71, 53.81], [-128.53, 53.85], [-128.70, 53.91], [-128.89, 53.82], [-128.95, 53.84], [-129.20, 53.64], [-129.25, 53.41], [-129.46, 53.34], [-129.56, 53.25], [-129.82, 53.41], [-129.91, 53.55], [-130.07, 53.57], [-130.33, 53.72], [-130.08, 53.97], [-130.04, 54.13], [-129.62, 54.23], [-130.08, 54.18], [-130.29, 54.27], [-130.43, 54.42], [-130.35, 54.65], [-130.21, 54.73], [-129.89, 55.16], [-129.56, 55.46], [-129.70, 55.43], [-129.79, 55.55], [-129.83, 55.31], [-130.04, 55.05], [-130.09, 55.10], [-129.98, 55.35], [-130.09, 55.69], [-130.02, 55.88]]], [[[-109.81, 78.65], [-109.46, 78.56], [-109.36, 78.49], [-109.35, 78.36], [-109.48, 78.31], [-110.41, 78.29], [-111.16, 78.38], [-111.51, 78.27], [-112.13, 78.36], [-113.17, 78.28], [-113.29, 78.33], [-112.85, 78.46], [-111.70, 78.57], [-110.87, 78.73], [-110.40, 78.75], [-109.81, 78.65]]], [[[-110.45, 78.10], [-109.61, 78.05], [-109.77, 77.95], [-110.86, 77.83], [-110.71, 77.78], [-110.15, 77.76], [-110.11, 77.62], [-110.19, 77.52], [-111.95, 77.34], [-112.37, 77.36], [-113.16, 77.53], [-113.20, 77.58], [-113.12, 77.63], [-113.28, 77.81], [-113.18, 77.91], [-112.30, 78.00], [-110.45, 78.10]]], [[[-115.55, 77.36], [-115.47, 77.30], [-116.32, 77.13], [-115.81, 76.93], [-116.25, 76.90], [-115.94, 76.71], [-116.22, 76.61], [-116.99, 76.53], [-117.04, 76.37], [-117.23, 76.28], [-117.49, 76.27], [-117.99, 76.40], [-118.02, 76.44], [-117.96, 76.57], [-117.78, 76.78], [-117.88, 76.80], [-118.30, 76.73], [-118.40, 76.66], [-118.46, 76.54], [-118.79, 76.51], [-118.79, 76.46], [-118.64, 76.41], [-118.62, 76.36], [-118.99, 76.14], [-119.16, 76.12], [-119.52, 76.34], [-119.58, 76.32], [-119.64, 76.27], [-119.63, 76.15], [-119.73, 76.11], [-119.54, 76.05], [-119.52, 75.99], [-119.91, 75.85], [-120.40, 75.82], [-120.56, 76.00], [-120.84, 76.18], [-121.01, 76.02], [-121.21, 75.98], [-121.90, 76.03], [-122.40, 75.94], [-122.64, 76.00], [-122.54, 76.08], [-122.60, 76.12], [-122.59, 76.16], [-122.90, 76.13], [-122.42, 76.39], [-121.56, 76.45], [-121.10, 76.66], [-120.48, 76.79], [-120.31, 76.90], [-119.09, 77.30], [-118.00, 77.38], [-117.41, 77.31], [-117.14, 77.36], [-116.84, 77.33], [-116.70, 77.37], [-117.03, 77.46], [-116.83, 77.52], [-116.51, 77.54], [-115.55, 77.36]]], [[[-108.29, 76.05], [-107.85, 76.05], [-107.72, 75.99], [-108.02, 75.80], [-107.54, 75.90], [-107.21, 75.89], [-107.05, 75.84], [-106.91, 75.67], [-106.89, 75.78], [-106.69, 75.80], [-106.86, 75.93], [-106.67, 76.02], [-106.39, 76.06], [-105.90, 76.00], [-105.60, 75.92], [-105.48, 75.70], [-105.67, 75.50], [-105.86, 75.19], [-106.09, 75.08], [-107.15, 74.92], [-107.82, 75.00], [-108.47, 74.94], [-108.75, 74.99], [-108.63, 75.02], [-108.83, 75.06], [-109.50, 74.88], [-110.38, 74.81], [-110.94, 74.63], [-112.51, 74.41], [-113.51, 74.43], [-114.17, 74.57], [-114.37, 74.67], [-114.13, 74.76], [-112.83, 74.97], [-111.67, 75.01], [-111.03, 75.22], [-111.18, 75.26], [-111.62, 75.16], [-112.21, 75.13], [-112.59, 75.21], [-112.95, 75.10], [-113.71, 75.06], [-113.84, 75.11], [-113.88, 75.21], [-113.85, 75.25], [-113.46, 75.41], [-113.87, 75.37], [-114.01, 75.43], [-114.16, 75.23], [-114.51, 75.27], [-114.35, 75.17], [-114.45, 75.08], [-115.02, 74.97], [-115.27, 75.10], [-115.41, 75.11], [-115.72, 74.96], [-116.14, 75.04], [-116.47, 75.17], [-117.00, 75.15], [-117.50, 75.20], [-117.60, 75.27], [-117.51, 75.35], [-117.25, 75.45], [-116.07, 75.49], [-115.14, 75.67], [-115.12, 75.70], [-116.42, 75.58], [-117.02, 75.60], [-117.16, 75.64], [-116.97, 75.74], [-116.80, 75.77], [-114.99, 75.89], [-116.33, 75.88], [-116.66, 75.95], [-116.54, 76.01], [-116.59, 76.09], [-116.20, 76.19], [-114.77, 76.17], [-115.79, 76.25], [-115.83, 76.29], [-115.77, 76.36], [-115.58, 76.43], [-114.99, 76.49], [-114.53, 76.50], [-114.19, 76.45], [-114.05, 76.30], [-113.82, 76.20], [-113.17, 76.25], [-112.69, 76.20], [-111.86, 75.93], [-112.05, 75.83], [-111.54, 75.82], [-111.27, 75.61], [-111.05, 75.54], [-109.08, 75.50], [-108.91, 75.58], [-108.94, 75.69], [-109.79, 75.86], [-109.87, 75.92], [-109.45, 76.02], [-109.43, 76.10], [-109.71, 76.21], [-110.20, 76.28], [-110.30, 76.39], [-109.86, 76.52], [-109.33, 76.75], [-108.83, 76.82], [-108.46, 76.73], [-108.62, 76.58], [-108.51, 76.43], [-108.19, 76.33], [-108.12, 76.23], [-108.40, 76.08], [-108.29, 76.05]]], [[[-114.52, 72.59], [-113.57, 72.65], [-113.50, 72.69], [-113.44, 72.86], [-113.20, 72.98], [-113.07, 72.99], [-112.04, 72.88], [-111.26, 72.71], [-111.25, 72.66], [-111.35, 72.57], [-111.61, 72.43], [-111.89, 72.35], [-111.67, 72.30], [-111.31, 72.45], [-111.25, 72.44], [-111.26, 72.36], [-111.13, 72.36], [-110.78, 72.53], [-110.20, 72.66], [-110.19, 72.75], [-110.55, 72.86], [-110.68, 72.94], [-110.66, 73.00], [-110.00, 72.98], [-109.12, 72.72], [-108.96, 72.65], [-108.99, 72.59], [-108.75, 72.55], [-108.18, 71.72], [-107.81, 71.62], [-107.68, 71.71], [-107.34, 71.81], [-107.37, 71.88], [-107.30, 71.89], [-107.69, 72.14], [-107.82, 72.44], [-107.93, 72.52], [-108.23, 73.14], [-107.93, 73.21], [-108.07, 73.28], [-108.02, 73.34], [-107.72, 73.32], [-107.11, 73.19], [-106.95, 73.27], [-106.48, 73.19], [-105.81, 73.01], [-105.41, 72.78], [-105.43, 72.74], [-105.32, 72.63], [-105.23, 72.41], [-104.87, 71.97], [-104.38, 71.57], [-104.35, 71.38], [-104.56, 71.13], [-104.51, 71.06], [-104.16, 70.92], [-103.95, 70.76], [-103.58, 70.63], [-103.07, 70.50], [-103.00, 70.54], [-103.08, 70.61], [-103.04, 70.65], [-101.98, 70.28], [-101.67, 70.27], [-101.56, 70.13], [-101.09, 70.13], [-100.97, 70.02], [-100.90, 69.81], [-100.93, 69.71], [-101.04, 69.66], [-101.33, 69.71], [-101.48, 69.85], [-101.64, 69.69], [-102.23, 69.84], [-102.59, 69.71], [-102.53, 69.62], [-102.62, 69.55], [-103.43, 69.66], [-103.46, 69.64], [-103.41, 69.61], [-103.04, 69.47], [-103.03, 69.36], [-103.12, 69.20], [-102.88, 69.34], [-102.44, 69.47], [-102.15, 69.48], [-101.97, 69.42], [-102.06, 69.33], [-102.04, 69.25], [-101.87, 69.23], [-101.78, 69.18], [-101.85, 69.02], [-102.89, 68.82], [-103.46, 68.80], [-104.35, 68.92], [-104.57, 68.87], [-105.10, 68.92], [-105.16, 68.95], [-105.01, 69.08], [-106.14, 69.16], [-106.34, 69.22], [-106.36, 69.38], [-106.41, 69.41], [-106.65, 69.43], [-106.85, 69.34], [-107.03, 69.18], [-107.43, 69.00], [-108.36, 68.93], [-108.94, 68.75], [-109.47, 68.67], [-111.12, 68.58], [-111.31, 68.54], [-113.01, 68.48], [-113.23, 68.53], [-113.55, 68.76], [-113.61, 68.83], [-113.59, 68.95], [-113.69, 69.19], [-114.32, 69.26], [-115.61, 69.28], [-116.51, 69.42], [-117.10, 69.80], [-117.19, 70.05], [-117.13, 70.10], [-116.55, 70.17], [-114.59, 70.31], [-112.63, 70.22], [-111.63, 70.30], [-112.11, 70.44], [-113.75, 70.69], [-115.99, 70.58], [-117.58, 70.62], [-118.37, 70.96], [-117.81, 71.15], [-115.89, 71.38], [-116.04, 71.42], [-115.98, 71.46], [-115.30, 71.49], [-115.58, 71.54], [-117.93, 71.39], [-118.22, 71.46], [-118.14, 71.52], [-117.87, 71.56], [-117.74, 71.65], [-118.58, 71.64], [-118.86, 71.68], [-118.98, 71.76], [-118.94, 71.98], [-118.58, 72.16], [-118.21, 72.26], [-118.48, 72.42], [-118.37, 72.53], [-117.55, 72.83], [-116.57, 73.05], [-114.63, 73.37], [-114.20, 73.29], [-114.05, 73.07], [-114.07, 72.90], [-114.52, 72.59]]], [[[-119.73, 74.11], [-119.47, 74.20], [-119.20, 74.19], [-119.14, 74.16], [-119.11, 74.01], [-118.54, 74.24], [-117.51, 74.23], [-116.95, 74.10], [-115.63, 73.66], [-115.45, 73.58], [-115.39, 73.50], [-115.52, 73.41], [-116.48, 73.25], [-118.96, 72.68], [-119.13, 72.60], [-119.51, 72.30], [-120.17, 72.21], [-120.19, 72.12], [-120.36, 71.88], [-120.44, 71.63], [-120.61, 71.50], [-121.47, 71.38], [-121.74, 71.44], [-122.15, 71.26], [-122.83, 71.09], [-123.09, 71.09], [-123.31, 71.16], [-123.68, 71.49], [-124.00, 71.67], [-125.29, 71.97], [-125.84, 71.97], [-125.76, 72.05], [-125.76, 72.13], [-125.58, 72.18], [-125.62, 72.25], [-125.38, 72.42], [-124.98, 72.58], [-125.03, 72.64], [-124.96, 72.84], [-124.56, 72.94], [-124.58, 73.00], [-124.81, 73.05], [-124.80, 73.12], [-124.59, 73.24], [-124.42, 73.41], [-124.11, 73.52], [-124.03, 73.64], [-123.79, 73.76], [-123.87, 73.82], [-124.19, 73.90], [-124.69, 74.34], [-121.50, 74.54], [-119.94, 74.25], [-119.56, 74.23], [-119.73, 74.11]]], [[[-69.48, 83.01], [-66.42, 82.92], [-66.83, 82.81], [-68.46, 82.65], [-67.39, 82.66], [-65.72, 82.84], [-65.29, 82.79], [-65.11, 82.88], [-64.90, 82.90], [-64.50, 82.77], [-63.98, 82.82], [-63.49, 82.79], [-63.47, 82.77], [-63.64, 82.71], [-63.08, 82.56], [-63.24, 82.45], [-62.47, 82.51], [-61.69, 82.48], [-61.47, 82.46], [-61.20, 82.34], [-61.27, 82.27], [-62.17, 82.04], [-64.43, 81.74], [-65.22, 81.74], [-65.70, 81.64], [-66.62, 81.61], [-66.91, 81.48], [-68.68, 81.29], [-68.72, 81.26], [-68.54, 81.24], [-65.73, 81.49], [-64.78, 81.49], [-64.83, 81.43], [-65.48, 81.28], [-68.63, 80.67], [-69.55, 80.38], [-70.14, 80.39], [-70.71, 80.53], [-70.21, 80.27], [-70.26, 80.23], [-72.05, 80.12], [-71.61, 80.07], [-70.75, 80.11], [-70.55, 80.07], [-70.75, 79.99], [-71.35, 79.91], [-71.11, 79.84], [-71.38, 79.76], [-72.43, 79.69], [-73.44, 79.82], [-74.39, 79.87], [-74.66, 79.83], [-73.47, 79.75], [-73.20, 79.59], [-73.29, 79.52], [-73.46, 79.49], [-75.50, 79.41], [-76.89, 79.51], [-75.60, 79.23], [-75.09, 79.20], [-74.48, 79.22], [-74.53, 79.05], [-75.23, 79.03], [-75.91, 79.11], [-77.39, 79.05], [-78.58, 79.07], [-77.88, 78.94], [-76.82, 79.01], [-76.25, 79.00], [-75.79, 78.88], [-75.09, 78.85], [-74.43, 78.72], [-74.54, 78.62], [-74.87, 78.54], [-76.41, 78.51], [-75.48, 78.40], [-75.19, 78.32], [-75.55, 78.22], [-75.86, 78.00], [-75.96, 77.99], [-76.97, 77.92], [-78.01, 77.94], [-78.08, 77.84], [-78.04, 77.61], [-78.07, 77.51], [-78.49, 77.36], [-79.90, 77.29], [-80.57, 77.31], [-81.65, 77.52], [-81.27, 77.36], [-81.52, 77.31], [-82.05, 77.29], [-81.75, 77.20], [-81.11, 77.26], [-80.67, 77.24], [-80.21, 77.14], [-79.49, 77.19], [-79.34, 77.15], [-79.28, 77.08], [-79.31, 76.98], [-79.22, 76.93], [-78.79, 76.88], [-78.28, 76.97], [-77.99, 76.85], [-77.98, 76.75], [-78.28, 76.57], [-79.51, 76.31], [-80.79, 76.17], [-80.99, 76.21], [-80.83, 76.36], [-80.83, 76.40], [-80.97, 76.47], [-81.17, 76.51], [-81.71, 76.49], [-82.03, 76.62], [-82.52, 76.72], [-82.26, 76.57], [-82.20, 76.51], [-82.23, 76.46], [-83.88, 76.45], [-84.22, 76.67], [-84.27, 76.35], [-85.34, 76.31], [-86.11, 76.43], [-86.45, 76.58], [-86.68, 76.37], [-87.35, 76.44], [-87.48, 76.58], [-87.49, 76.38], [-88.39, 76.40], [-88.48, 76.58], [-88.49, 76.77], [-88.61, 76.65], [-88.54, 76.42], [-89.57, 76.49], [-89.49, 76.82], [-88.55, 77.07], [-86.81, 77.18], [-87.18, 77.33], [-87.42, 77.34], [-87.68, 77.43], [-88.09, 77.71], [-88.01, 77.78], [-87.23, 77.89], [-86.75, 77.86], [-86.17, 77.74], [-85.58, 77.46], [-84.95, 77.37], [-84.48, 77.36], [-83.60, 77.44], [-82.90, 77.73], [-82.71, 77.84], [-82.59, 77.99], [-83.42, 77.62], [-83.77, 77.53], [-84.48, 77.56], [-84.86, 77.49], [-85.28, 77.55], [-85.29, 77.76], [-85.54, 77.92], [-84.61, 78.19], [-84.22, 78.17], [-84.55, 78.25], [-84.91, 78.23], [-84.78, 78.52], [-85.02, 78.31], [-85.58, 78.10], [-86.21, 78.08], [-85.92, 78.34], [-86.42, 78.19], [-86.91, 78.12], [-87.55, 78.17], [-87.49, 78.28], [-87.49, 78.41], [-86.95, 78.66], [-86.80, 78.77], [-85.00, 78.91], [-83.27, 78.77], [-82.98, 78.84], [-82.15, 78.86], [-81.75, 78.97], [-82.43, 78.90], [-84.41, 78.99], [-84.56, 79.07], [-84.25, 79.12], [-83.57, 79.05], [-84.19, 79.22], [-85.26, 79.66], [-86.03, 79.72], [-86.42, 79.84], [-86.49, 80.01], [-86.61, 80.12], [-86.49, 80.25], [-86.30, 80.31], [-83.72, 80.22], [-82.67, 79.99], [-81.68, 79.68], [-80.47, 79.60], [-80.12, 79.66], [-81.01, 79.69], [-82.68, 80.17], [-82.98, 80.32], [-80.97, 80.44], [-80.05, 80.52], [-79.62, 80.64], [-78.38, 80.78], [-76.86, 80.86], [-78.71, 80.95], [-78.62, 81.04], [-78.28, 81.16], [-76.88, 81.43], [-77.97, 81.33], [-78.73, 81.15], [-79.19, 81.11], [-79.40, 81.03], [-79.54, 80.90], [-79.76, 80.84], [-81.00, 80.65], [-82.36, 80.56], [-82.88, 80.57], [-82.22, 80.77], [-83.40, 80.71], [-84.21, 80.53], [-85.14, 80.52], [-85.72, 80.58], [-86.25, 80.56], [-86.61, 80.63], [-86.25, 80.78], [-85.24, 80.98], [-83.34, 81.10], [-83.28, 81.14], [-85.78, 81.03], [-87.32, 80.66], [-87.71, 80.65], [-88.92, 80.80], [-89.26, 80.91], [-88.41, 80.99], [-87.38, 80.98], [-86.47, 81.03], [-84.94, 81.28], [-85.40, 81.28], [-87.27, 81.08], [-89.62, 81.03], [-89.98, 81.12], [-89.94, 81.17], [-89.20, 81.25], [-89.67, 81.32], [-89.42, 81.38], [-88.62, 81.50], [-87.59, 81.52], [-88.47, 81.56], [-90.30, 81.40], [-90.60, 81.42], [-89.82, 81.63], [-90.62, 81.65], [-91.29, 81.57], [-91.68, 81.63], [-91.64, 81.68], [-91.42, 81.74], [-90.94, 81.82], [-89.38, 81.91], [-88.56, 82.06], [-88.06, 82.09], [-87.40, 82.05], [-87.01, 81.95], [-86.83, 82.03], [-86.62, 82.05], [-85.64, 81.95], [-85.04, 81.98], [-86.61, 82.21], [-85.79, 82.29], [-84.89, 82.44], [-83.59, 82.32], [-83.01, 82.14], [-82.63, 82.07], [-82.32, 82.09], [-82.74, 82.19], [-82.53, 82.24], [-80.15, 81.97], [-79.42, 81.85], [-80.12, 82.02], [-81.46, 82.19], [-82.44, 82.39], [-82.45, 82.42], [-82.26, 82.46], [-81.68, 82.51], [-82.11, 82.62], [-81.57, 82.64], [-80.80, 82.58], [-81.17, 82.74], [-81.01, 82.77], [-80.07, 82.70], [-78.74, 82.67], [-79.83, 82.81], [-80.15, 82.91], [-79.88, 82.93], [-77.47, 82.88], [-76.42, 82.67], [-76.00, 82.53], [-75.56, 82.60], [-76.90, 82.91], [-77.12, 83.00], [-75.74, 83.04], [-74.41, 83.01], [-73.27, 82.77], [-72.65, 82.72], [-73.23, 82.84], [-73.44, 82.90], [-73.44, 82.94], [-72.81, 83.08], [-72.06, 83.10], [-70.94, 82.90], [-71.42, 83.02], [-70.87, 83.09], [-69.96, 83.11], [-69.48, 83.01]]], [[[-95.48, 77.79], [-95.23, 77.75], [-93.58, 77.77], [-93.30, 77.73], [-93.12, 77.66], [-93.33, 77.62], [-93.54, 77.46], [-93.83, 77.45], [-95.98, 77.48], [-96.27, 77.63], [-96.14, 77.71], [-95.48, 77.79]]], [[[-93.54, 75.02], [-93.46, 74.85], [-93.57, 74.66], [-94.53, 74.63], [-94.80, 74.66], [-95.28, 74.79], [-95.86, 74.83], [-96.09, 74.93], [-96.27, 74.92], [-96.38, 74.99], [-96.55, 74.99], [-96.59, 75.03], [-96.38, 75.21], [-96.18, 75.24], [-96.11, 75.30], [-96.12, 75.35], [-95.95, 75.44], [-95.67, 75.52], [-94.87, 75.63], [-94.42, 75.59], [-93.90, 75.42], [-93.49, 75.13], [-93.54, 75.02]]], [[[-100.00, 73.94], [-99.15, 73.73], [-97.66, 73.88], [-97.32, 73.86], [-97.11, 73.79], [-97.00, 73.66], [-97.15, 73.59], [-97.62, 73.50], [-97.35, 73.48], [-97.23, 73.42], [-97.27, 73.38], [-97.79, 73.28], [-98.37, 73.04], [-98.43, 72.95], [-98.36, 72.93], [-97.93, 73.03], [-97.63, 73.02], [-97.32, 72.93], [-97.29, 72.91], [-97.37, 72.86], [-97.08, 72.76], [-97.07, 72.71], [-97.15, 72.64], [-97.12, 72.62], [-96.54, 72.69], [-96.44, 72.55], [-96.47, 72.43], [-96.63, 72.34], [-96.80, 72.32], [-96.59, 72.20], [-96.76, 72.04], [-96.62, 71.96], [-96.61, 71.83], [-96.94, 71.79], [-97.22, 71.67], [-97.58, 71.62], [-98.18, 71.66], [-98.28, 71.71], [-98.32, 71.85], [-98.45, 71.77], [-98.23, 71.55], [-98.19, 71.44], [-98.66, 71.30], [-99.16, 71.36], [-99.73, 71.75], [-100.59, 72.15], [-100.98, 72.21], [-101.20, 72.31], [-101.49, 72.27], [-101.72, 72.31], [-101.97, 72.48], [-102.40, 72.59], [-102.70, 72.76], [-102.55, 72.97], [-102.20, 73.07], [-101.92, 73.05], [-101.27, 72.72], [-100.48, 72.77], [-100.39, 72.97], [-100.22, 72.89], [-100.12, 72.90], [-100.09, 72.96], [-100.23, 73.09], [-100.53, 73.13], [-100.53, 73.19], [-100.34, 73.26], [-99.82, 73.21], [-100.36, 73.35], [-100.88, 73.27], [-101.52, 73.48], [-101.32, 73.57], [-100.97, 73.59], [-100.52, 73.44], [-100.60, 73.57], [-100.89, 73.65], [-100.98, 73.76], [-100.48, 73.84], [-99.99, 73.79], [-99.91, 73.84], [-100.15, 73.84], [-100.22, 73.88], [-100.00, 73.94]]], [[[-84.91, 65.26], [-84.84, 65.25], [-84.61, 65.44], [-84.50, 65.45], [-84.26, 65.36], [-84.08, 65.21], [-83.49, 65.13], [-83.20, 64.95], [-82.66, 64.78], [-82.05, 64.64], [-81.78, 64.42], [-81.67, 64.21], [-81.68, 64.14], [-81.88, 64.01], [-81.33, 64.07], [-81.02, 64.03], [-80.92, 64.10], [-80.82, 64.08], [-80.56, 63.93], [-80.66, 63.90], [-80.26, 63.80], [-81.04, 63.46], [-81.96, 63.66], [-82.37, 63.70], [-82.46, 63.92], [-83.03, 64.02], [-83.01, 64.12], [-83.06, 64.15], [-83.30, 64.14], [-83.58, 64.05], [-83.72, 63.81], [-84.02, 63.65], [-84.30, 63.58], [-84.63, 63.30], [-85.39, 63.11], [-85.49, 63.13], [-85.71, 63.65], [-85.76, 63.70], [-86.57, 63.66], [-86.91, 63.56], [-87.17, 63.59], [-87.18, 63.67], [-86.93, 63.90], [-86.25, 64.13], [-86.35, 64.37], [-86.37, 64.56], [-86.18, 65.01], [-86.07, 65.53], [-85.81, 65.83], [-85.55, 65.91], [-85.24, 65.79], [-85.10, 65.62], [-85.23, 65.51], [-85.05, 65.43], [-84.91, 65.26]]], [[[-97.70, 76.46], [-97.73, 76.33], [-97.53, 76.18], [-97.53, 76.10], [-97.65, 75.97], [-97.60, 75.85], [-97.89, 75.76], [-97.40, 75.67], [-97.40, 75.55], [-97.33, 75.41], [-97.65, 75.50], [-97.87, 75.41], [-97.85, 75.26], [-97.65, 75.15], [-97.79, 75.11], [-98.06, 75.19], [-98.07, 75.15], [-97.95, 75.06], [-97.99, 75.04], [-98.70, 75.00], [-99.32, 75.04], [-99.62, 74.98], [-100.23, 75.00], [-100.48, 75.18], [-100.14, 75.24], [-100.73, 75.34], [-100.71, 75.40], [-100.27, 75.46], [-99.75, 75.63], [-99.19, 75.69], [-101.46, 75.60], [-102.54, 75.51], [-102.79, 75.59], [-102.25, 75.77], [-102.27, 75.81], [-102.14, 75.87], [-101.94, 75.88], [-101.26, 75.75], [-100.97, 75.79], [-101.28, 75.78], [-101.50, 75.91], [-101.43, 75.99], [-101.71, 76.00], [-101.87, 76.08], [-101.52, 76.21], [-101.55, 76.23], [-101.90, 76.23], [-102.13, 76.28], [-101.78, 76.45], [-101.33, 76.41], [-101.13, 76.34], [-101.05, 76.24], [-99.86, 75.92], [-99.68, 75.95], [-99.97, 76.02], [-100.11, 76.11], [-99.54, 76.14], [-100.41, 76.24], [-99.97, 76.31], [-100.65, 76.39], [-100.89, 76.47], [-100.57, 76.58], [-100.06, 76.63], [-99.66, 76.62], [-99.16, 76.45], [-98.89, 76.46], [-99.02, 76.61], [-98.71, 76.69], [-97.70, 76.46]]], [[[-103.42, 79.31], [-102.91, 79.23], [-102.65, 79.09], [-102.64, 79.02], [-102.73, 78.96], [-102.59, 78.94], [-102.57, 78.87], [-102.42, 78.93], [-102.39, 79.01], [-101.70, 79.07], [-101.03, 78.93], [-101.12, 78.80], [-100.43, 78.82], [-100.01, 78.72], [-99.58, 78.56], [-99.84, 78.43], [-99.77, 78.39], [-99.75, 78.30], [-99.56, 78.27], [-99.13, 78.11], [-98.99, 77.99], [-99.16, 77.85], [-99.95, 77.79], [-100.58, 77.89], [-100.75, 77.97], [-100.82, 78.08], [-101.07, 78.19], [-102.05, 78.27], [-102.60, 78.24], [-102.77, 78.30], [-102.73, 78.37], [-103.67, 78.31], [-103.94, 78.26], [-104.51, 78.29], [-104.87, 78.40], [-104.99, 78.51], [-104.72, 78.57], [-103.57, 78.53], [-103.48, 78.59], [-104.02, 78.63], [-103.37, 78.73], [-104.18, 78.78], [-103.87, 78.90], [-104.15, 78.98], [-104.89, 78.80], [-104.96, 78.85], [-104.73, 78.99], [-104.74, 79.02], [-105.53, 79.03], [-105.58, 79.11], [-105.51, 79.24], [-105.38, 79.32], [-103.70, 79.35], [-103.42, 79.31]]], [[[-91.88, 81.13], [-91.27, 80.85], [-90.68, 80.68], [-90.64, 80.59], [-89.86, 80.49], [-89.52, 80.53], [-89.23, 80.51], [-89.13, 80.44], [-89.20, 80.40], [-89.14, 80.36], [-89.19, 80.26], [-88.85, 80.16], [-88.19, 80.11], [-88.38, 80.22], [-88.61, 80.25], [-88.64, 80.38], [-88.52, 80.41], [-88.12, 80.42], [-87.67, 80.37], [-87.62, 80.18], [-87.92, 80.09], [-87.20, 80.04], [-86.97, 79.89], [-87.14, 79.66], [-87.29, 79.58], [-86.33, 79.63], [-86.18, 79.60], [-86.00, 79.47], [-85.64, 79.61], [-85.04, 79.28], [-85.28, 79.20], [-86.72, 78.97], [-86.95, 78.97], [-87.08, 78.86], [-87.61, 78.67], [-87.92, 78.75], [-87.95, 78.91], [-87.81, 79.03], [-88.04, 78.99], [-88.16, 78.93], [-88.16, 78.74], [-88.25, 78.67], [-88.00, 78.61], [-87.98, 78.53], [-88.14, 78.47], [-88.58, 78.60], [-88.74, 78.58], [-88.60, 78.39], [-88.82, 78.18], [-89.09, 78.20], [-90.03, 78.60], [-90.07, 78.54], [-89.48, 78.17], [-90.13, 78.31], [-90.45, 78.33], [-90.65, 78.30], [-90.40, 78.24], [-90.32, 78.18], [-90.61, 78.14], [-91.40, 78.18], [-92.35, 78.31], [-92.84, 78.46], [-91.86, 78.54], [-93.26, 78.60], [-93.63, 78.75], [-93.15, 78.77], [-93.90, 78.87], [-94.16, 78.97], [-93.29, 79.13], [-92.68, 79.18], [-92.54, 79.28], [-91.29, 79.37], [-92.24, 79.37], [-92.48, 79.43], [-92.82, 79.44], [-93.93, 79.29], [-94.10, 79.31], [-93.93, 79.38], [-94.11, 79.40], [-95.10, 79.28], [-95.73, 79.41], [-95.66, 79.52], [-94.51, 79.66], [-94.40, 79.73], [-95.29, 79.65], [-95.85, 79.67], [-96.46, 79.84], [-96.58, 79.91], [-96.63, 80.02], [-96.77, 80.13], [-94.64, 80.04], [-94.58, 80.14], [-94.26, 80.19], [-95.40, 80.13], [-95.64, 80.23], [-96.02, 80.22], [-96.39, 80.31], [-96.11, 80.38], [-95.54, 80.36], [-96.15, 80.55], [-96.13, 80.69], [-95.92, 80.72], [-95.22, 80.68], [-94.89, 80.57], [-93.92, 80.55], [-94.59, 80.64], [-94.78, 80.75], [-95.51, 80.83], [-95.26, 81.00], [-93.82, 81.10], [-93.34, 81.08], [-93.23, 81.12], [-93.40, 81.20], [-94.19, 81.24], [-94.23, 81.31], [-94.17, 81.33], [-93.03, 81.34], [-92.21, 81.24], [-91.88, 81.13]]], [[[-94.29, 76.91], [-93.81, 76.91], [-93.21, 76.75], [-93.20, 76.66], [-93.53, 76.44], [-92.99, 76.62], [-91.30, 76.68], [-90.73, 76.58], [-90.54, 76.49], [-90.62, 76.46], [-91.39, 76.50], [-91.44, 76.49], [-91.41, 76.45], [-89.28, 76.30], [-89.23, 76.23], [-89.40, 76.18], [-90.31, 76.15], [-91.40, 76.22], [-91.27, 76.15], [-90.71, 76.07], [-90.25, 76.05], [-89.79, 75.92], [-89.69, 75.85], [-89.27, 75.79], [-89.20, 75.73], [-89.64, 75.56], [-89.28, 75.56], [-88.91, 75.45], [-88.80, 75.50], [-88.85, 75.62], [-88.64, 75.65], [-88.20, 75.51], [-87.72, 75.57], [-87.53, 75.48], [-87.25, 75.61], [-86.81, 75.49], [-85.95, 75.39], [-85.90, 75.44], [-86.06, 75.50], [-84.98, 75.64], [-84.60, 75.65], [-83.93, 75.81], [-83.23, 75.75], [-82.15, 75.83], [-81.26, 75.75], [-81.15, 75.73], [-81.17, 75.66], [-81.00, 75.64], [-80.32, 75.62], [-80.11, 75.56], [-80.26, 75.47], [-79.66, 75.44], [-79.50, 75.25], [-80.38, 75.03], [-80.13, 74.98], [-79.66, 75.02], [-79.40, 74.91], [-79.94, 74.83], [-80.34, 74.90], [-80.14, 74.79], [-80.21, 74.74], [-80.27, 74.58], [-81.22, 74.56], [-81.94, 74.47], [-82.93, 74.56], [-83.11, 74.69], [-83.10, 74.81], [-83.52, 74.90], [-83.50, 74.84], [-83.34, 74.76], [-83.39, 74.67], [-83.53, 74.58], [-84.42, 74.50], [-85.06, 74.60], [-85.13, 74.51], [-85.44, 74.60], [-85.54, 74.53], [-85.80, 74.49], [-86.73, 74.55], [-86.66, 74.48], [-88.42, 74.49], [-88.55, 74.56], [-88.33, 74.78], [-88.53, 74.83], [-88.68, 74.80], [-88.85, 74.68], [-88.94, 74.78], [-89.19, 74.74], [-89.19, 74.63], [-89.55, 74.55], [-90.55, 74.61], [-90.96, 74.71], [-90.88, 74.81], [-91.12, 74.73], [-91.16, 74.71], [-91.13, 74.64], [-91.50, 74.65], [-91.96, 74.79], [-92.17, 75.05], [-92.07, 75.12], [-92.38, 75.26], [-92.41, 75.40], [-92.06, 75.65], [-92.18, 75.84], [-93.09, 76.35], [-93.30, 76.35], [-93.66, 76.27], [-95.27, 76.26], [-95.44, 76.36], [-96.03, 76.48], [-95.65, 76.58], [-95.97, 76.56], [-96.89, 76.75], [-96.87, 76.80], [-96.59, 76.76], [-96.40, 76.79], [-96.81, 76.91], [-96.75, 76.97], [-95.84, 77.06], [-94.29, 76.91]]], [[[-96.20, 78.53], [-95.56, 78.51], [-94.91, 78.39], [-94.88, 78.34], [-95.32, 78.22], [-94.98, 78.13], [-94.93, 78.07], [-95.19, 77.96], [-96.98, 77.80], [-97.06, 77.85], [-97.01, 77.90], [-97.42, 77.98], [-97.65, 78.09], [-96.94, 78.15], [-97.81, 78.23], [-98.04, 78.32], [-98.06, 78.38], [-98.31, 78.47], [-98.31, 78.51], [-98.06, 78.55], [-98.34, 78.75], [-98.21, 78.80], [-97.38, 78.78], [-96.47, 78.66], [-96.26, 78.59], [-96.20, 78.53]]], [[[-93.17, 74.16], [-92.58, 74.08], [-92.22, 73.97], [-91.63, 74.02], [-91.08, 74.00], [-90.62, 73.95], [-90.35, 73.86], [-90.56, 73.68], [-90.93, 73.52], [-91.24, 73.30], [-91.55, 73.23], [-91.42, 73.19], [-91.78, 72.91], [-92.11, 72.75], [-92.39, 72.71], [-93.34, 72.80], [-94.21, 72.75], [-93.77, 72.66], [-93.57, 72.55], [-93.54, 72.43], [-93.87, 72.25], [-94.03, 72.02], [-94.14, 72.00], [-94.49, 72.04], [-95.19, 72.02], [-95.16, 72.18], [-95.25, 72.50], [-95.60, 72.88], [-95.63, 73.69], [-95.38, 73.75], [-94.69, 73.66], [-94.89, 73.71], [-95.13, 73.88], [-95.12, 73.98], [-94.97, 74.04], [-94.48, 74.11], [-93.17, 74.16]]], [[[-97.43, 69.64], [-97.23, 69.67], [-96.87, 69.51], [-96.29, 69.34], [-95.75, 68.89], [-95.58, 68.83], [-95.37, 68.89], [-95.26, 68.82], [-95.46, 68.74], [-95.68, 68.73], [-96.40, 68.47], [-96.59, 68.46], [-97.00, 68.53], [-97.47, 68.54], [-98.23, 68.73], [-98.32, 68.84], [-98.53, 68.79], [-98.77, 68.81], [-98.90, 68.93], [-99.05, 68.91], [-99.09, 68.86], [-99.25, 68.86], [-99.44, 68.91], [-99.56, 69.03], [-99.45, 69.13], [-98.91, 69.16], [-98.50, 69.30], [-98.45, 69.35], [-98.55, 69.46], [-98.44, 69.47], [-98.54, 69.57], [-98.04, 69.45], [-98.16, 69.51], [-98.30, 69.66], [-98.23, 69.78], [-98.08, 69.83], [-97.69, 69.84], [-97.41, 69.73], [-97.38, 69.70], [-97.46, 69.66], [-97.43, 69.64]]], [[[-61.10, 45.94], [-60.86, 45.98], [-61.03, 45.88], [-60.97, 45.83], [-61.09, 45.74], [-61.05, 45.70], [-60.73, 45.75], [-60.46, 45.96], [-60.73, 45.95], [-60.57, 46.06], [-60.58, 46.11], [-60.50, 46.20], [-60.29, 46.31], [-60.22, 46.19], [-59.86, 46.15], [-59.84, 46.11], [-59.93, 46.01], [-59.82, 45.96], [-60.38, 45.65], [-60.67, 45.59], [-61.28, 45.57], [-61.44, 45.71], [-61.49, 45.94], [-61.40, 46.17], [-61.24, 46.30], [-60.87, 46.79], [-60.61, 46.97], [-60.48, 47.00], [-60.40, 47.00], [-60.42, 46.92], [-60.33, 46.76], [-60.48, 46.41], [-60.49, 46.27], [-60.57, 46.17], [-61.10, 45.94]]], [[[-67.12, 45.16], [-67.36, 45.17], [-67.47, 45.27], [-67.42, 45.37], [-67.49, 45.47], [-67.42, 45.53], [-67.43, 45.60], [-67.59, 45.62], [-67.80, 45.72], [-67.76, 45.92], [-67.80, 47.08], [-68.23, 47.34], [-68.93, 47.21], [-69.04, 47.27], [-69.05, 47.42], [-69.24, 47.46], [-70.00, 46.70], [-70.06, 46.44], [-70.24, 46.25], [-70.29, 45.90], [-70.42, 45.73], [-70.70, 45.55], [-70.68, 45.42], [-70.79, 45.40], [-70.86, 45.27], [-70.99, 45.33], [-71.13, 45.26], [-71.32, 45.29], [-71.51, 45.00], [-74.70, 45.00], [-74.04, 45.24], [-73.76, 45.39], [-73.55, 45.42], [-73.46, 45.63], [-73.15, 46.01], [-72.73, 46.18], [-72.10, 46.55], [-71.26, 46.75], [-70.51, 47.03], [-70.06, 47.37], [-69.47, 47.96], [-68.81, 48.36], [-68.23, 48.62], [-66.59, 49.12], [-66.17, 49.21], [-65.52, 49.26], [-64.83, 49.19], [-64.56, 49.10], [-64.21, 48.87], [-64.20, 48.80], [-64.51, 48.84], [-64.24, 48.69], [-64.25, 48.55], [-64.34, 48.42], [-64.63, 48.36], [-64.82, 48.19], [-65.25, 48.02], [-65.47, 48.03], [-65.92, 48.18], [-66.08, 48.10], [-66.44, 48.11], [-66.70, 48.02], [-66.35, 48.06], [-65.84, 47.91], [-65.60, 47.67], [-65.00, 47.84], [-65.04, 47.79], [-64.87, 47.79], [-64.70, 47.72], [-64.85, 47.56], [-64.91, 47.36], [-65.31, 47.10], [-65.19, 47.04], [-65.04, 47.08], [-64.83, 47.06], [-64.90, 46.88], [-64.81, 46.69], [-64.72, 46.67], [-64.64, 46.35], [-64.55, 46.31], [-64.54, 46.24], [-63.91, 46.16], [-63.83, 46.10], [-64.05, 46.02], [-63.70, 45.85], [-63.50, 45.87], [-63.29, 45.75], [-63.10, 45.78], [-62.70, 45.74], [-62.75, 45.64], [-62.48, 45.62], [-61.95, 45.86], [-61.87, 45.71], [-61.77, 45.65], [-61.49, 45.68], [-61.35, 45.57], [-61.28, 45.44], [-61.46, 45.36], [-61.10, 45.34], [-61.03, 45.29], [-61.10, 45.23], [-61.28, 45.23], [-63.30, 44.64], [-63.60, 44.68], [-63.54, 44.54], [-63.60, 44.47], [-63.82, 44.51], [-63.99, 44.64], [-64.10, 44.48], [-64.16, 44.58], [-64.28, 44.55], [-64.33, 44.44], [-64.27, 44.33], [-64.37, 44.30], [-64.86, 43.86], [-65.08, 43.72], [-65.23, 43.72], [-65.32, 43.66], [-65.34, 43.54], [-65.42, 43.56], [-65.48, 43.51], [-65.73, 43.56], [-65.88, 43.79], [-65.97, 43.81], [-66.03, 43.74], [-66.12, 43.81], [-66.19, 44.14], [-66.09, 44.36], [-65.86, 44.56], [-65.94, 44.57], [-66.14, 44.43], [-66.09, 44.50], [-65.91, 44.61], [-65.61, 44.68], [-65.50, 44.76], [-65.72, 44.69], [-64.90, 45.12], [-64.44, 45.25], [-64.40, 45.30], [-64.44, 45.33], [-64.33, 45.30], [-64.35, 45.13], [-64.23, 45.11], [-64.13, 45.02], [-64.18, 45.14], [-64.09, 45.21], [-63.36, 45.36], [-64.60, 45.41], [-64.74, 45.32], [-64.87, 45.35], [-64.91, 45.37], [-64.82, 45.47], [-64.56, 45.62], [-64.31, 45.83], [-64.48, 45.80], [-64.63, 45.94], [-64.59, 45.81], [-64.77, 45.63], [-64.89, 45.62], [-65.88, 45.22], [-66.10, 45.31], [-66.02, 45.41], [-66.18, 45.33], [-66.10, 45.25], [-66.14, 45.22], [-66.43, 45.09], [-66.51, 45.14], [-66.87, 45.06], [-66.91, 45.14], [-67.12, 45.16]]], [[[-55.45, 51.53], [-55.58, 51.38], [-56.03, 51.32], [-55.99, 51.19], [-55.81, 51.19], [-55.8, 51.03], [-55.87, 50.90], [-56.10, 50.75], [-56.19, 50.58], [-56.45, 50.38], [-56.48, 50.27], [-56.73, 50.00], [-56.75, 49.88], [-56.84, 49.76], [-56.82, 49.61], [-56.17, 50.11], [-56.12, 50.06], [-56.16, 49.94], [-55.92, 50.01], [-55.76, 49.96], [-55.50, 49.98], [-55.58, 49.89], [-56.03, 49.70], [-56.14, 49.61], [-55.86, 49.67], [-55.89, 49.58], [-56.08, 49.45], [-55.81, 49.51], [-55.67, 49.43], [-55.37, 49.48], [-55.34, 49.37], [-55.28, 49.41], [-55.28, 49.51], [-55.22, 49.50], [-55.20, 49.40], [-55.35, 49.07], [-55.25, 49.12], [-55.24, 49.19], [-55.17, 49.24], [-55.02, 49.30], [-54.98, 49.26], [-54.50, 49.52], [-54.46, 49.52], [-54.44, 49.32], [-54.31, 49.42], [-53.95, 49.44], [-53.61, 49.32], [-53.56, 49.26], [-53.57, 49.14], [-53.90, 48.88], [-54.16, 48.78], [-53.85, 48.81], [-53.96, 48.70], [-53.70, 48.65], [-53.79, 48.52], [-54.11, 48.39], [-53.64, 48.51], [-53.55, 48.48], [-53.41, 48.56], [-53.02, 48.63], [-53.03, 48.51], [-53.13, 48.40], [-53.33, 48.35], [-53.60, 48.20], [-53.56, 48.17], [-53.56, 48.08], [-53.86, 48.01], [-53.63, 48.01], [-53.86, 47.78], [-53.76, 47.65], [-53.67, 47.64], [-53.50, 47.74], [-53.28, 47.99], [-52.92, 48.14], [-52.86, 48.11], [-53.15, 47.73], [-53.16, 47.51], [-53.12, 47.45], [-52.94, 47.55], [-52.78, 47.76], [-52.71, 47.74], [-52.65, 47.54], [-52.68, 47.42], [-52.91, 47.10], [-52.88, 46.97], [-53.06, 46.68], [-53.16, 46.64], [-53.32, 46.71], [-53.58, 46.63], [-53.59, 47.14], [-54.00, 46.83], [-54.10, 46.82], [-54.17, 46.88], [-54.09, 47.08], [-53.84, 47.44], [-53.98, 47.75], [-54.19, 47.85], [-54.48, 47.40], [-54.56, 47.37], [-54.47, 47.54], [-54.65, 47.40], [-54.85, 47.38], [-55.09, 47.17], [-55.13, 47.04], [-55.31, 46.90], [-55.78, 46.86], [-55.94, 46.92], [-55.91, 47.01], [-55.49, 47.16], [-55.19, 47.44], [-54.86, 47.57], [-54.78, 47.66], [-54.94, 47.62], [-55.36, 47.66], [-55.43, 47.50], [-55.57, 47.46], [-55.86, 47.53], [-56.12, 47.50], [-55.86, 47.59], [-55.85, 47.81], [-56.02, 47.76], [-56.12, 47.78], [-56.26, 47.65], [-56.77, 47.56], [-58.33, 47.67], [-58.33, 47.73], [-58.61, 47.62], [-58.94, 47.58], [-59.11, 47.57], [-59.25, 47.63], [-59.36, 47.86], [-59.34, 47.93], [-58.60, 48.41], [-58.33, 48.52], [-59.16, 48.52], [-59.16, 48.55], [-58.84, 48.74], [-58.90, 48.65], [-58.71, 48.59], [-58.49, 49.00], [-58.40, 49.08], [-57.99, 48.98], [-58.09, 49.07], [-57.98, 49.22], [-58.19, 49.25], [-58.21, 49.38], [-58.01, 49.54], [-57.85, 49.47], [-57.79, 49.48], [-57.92, 49.70], [-57.43, 50.50], [-57.33, 50.60], [-57.17, 50.61], [-57.29, 50.69], [-57.05, 50.85], [-57.00, 50.93], [-57.03, 51.01], [-56.82, 51.12], [-56.68, 51.33], [-56.02, 51.56], [-55.90, 51.56], [-55.86, 51.50], [-55.69, 51.47], [-55.66, 51.57], [-55.52, 51.59], [-55.45, 51.53]]], [[[-86.58, 71.01], [-86.32, 71.01], [-85.64, 71.15], [-85.09, 71.15], [-85.00, 71.13], [-85.06, 71.07], [-84.98, 71.03], [-84.82, 71.02], [-84.65, 71.51], [-84.69, 71.63], [-85.33, 71.69], [-85.59, 71.86], [-85.91, 71.98], [-85.54, 72.10], [-85.32, 72.23], [-85.01, 72.21], [-84.28, 72.04], [-84.84, 72.30], [-84.62, 72.37], [-85.34, 72.42], [-85.61, 72.60], [-85.64, 72.72], [-85.57, 72.85], [-85.26, 72.95], [-84.25, 72.79], [-84.27, 72.83], [-85.38, 73.04], [-85.45, 73.10], [-85.01, 73.33], [-84.41, 73.45], [-83.78, 73.41], [-83.90, 73.52], [-83.41, 73.63], [-82.65, 73.72], [-81.60, 73.69], [-81.34, 73.59], [-81.15, 73.31], [-80.60, 73.12], [-80.59, 72.92], [-80.27, 72.77], [-81.22, 72.31], [-81.24, 72.27], [-80.76, 72.45], [-80.61, 72.45], [-80.70, 72.33], [-80.94, 72.21], [-80.69, 72.10], [-80.92, 72.07], [-80.92, 71.90], [-80.18, 72.20], [-79.88, 72.17], [-80.10, 72.33], [-80.04, 72.39], [-79.83, 72.44], [-79.58, 72.31], [-79.32, 72.39], [-79.00, 72.27], [-79.00, 72.04], [-78.58, 71.88], [-78.86, 72.10], [-78.82, 72.26], [-78.69, 72.35], [-78.42, 72.27], [-78.11, 72.28], [-77.72, 72.17], [-77.51, 72.17], [-77.53, 72.21], [-78.28, 72.35], [-78.48, 72.47], [-78.42, 72.57], [-77.75, 72.72], [-76.89, 72.72], [-76.18, 72.57], [-75.70, 72.57], [-75.29, 72.48], [-75.07, 72.32], [-75.05, 72.22], [-75.39, 72.03], [-75.54, 72.00], [-75.92, 71.71], [-75.59, 71.91], [-75.14, 72.06], [-74.69, 72.09], [-74.26, 72.03], [-74.21, 71.93], [-74.31, 71.84], [-74.89, 71.72], [-75.20, 71.70], [-74.70, 71.67], [-74.82, 71.57], [-74.86, 71.50], [-74.84, 71.40], [-75.03, 71.23], [-74.99, 71.21], [-74.75, 71.33], [-74.59, 71.58], [-74.48, 71.64], [-74.13, 71.68], [-73.86, 71.77], [-73.71, 71.71], [-74.19, 71.40], [-73.71, 71.58], [-73.18, 71.28], [-73.31, 71.48], [-73.27, 71.53], [-72.90, 71.67], [-71.64, 71.51], [-71.33, 71.40], [-71.18, 71.27], [-71.49, 71.10], [-71.93, 71.09], [-72.63, 70.83], [-72.31, 70.83], [-72.00, 71.01], [-71.74, 71.04], [-71.37, 70.97], [-71.18, 70.97], [-70.82, 71.10], [-70.67, 71.05], [-70.63, 70.90], [-70.76, 70.79], [-71.02, 70.67], [-71.58, 70.56], [-71.89, 70.43], [-71.72, 70.39], [-71.42, 70.55], [-71.27, 70.50], [-71.42, 70.12], [-70.97, 70.58], [-70.56, 70.73], [-70.08, 70.82], [-69.28, 70.78], [-68.49, 70.61], [-68.35, 70.52], [-68.48, 70.41], [-68.84, 70.31], [-69.43, 70.25], [-70.05, 70.04], [-69.79, 70.04], [-69.48, 70.16], [-68.77, 70.20], [-68.72, 70.14], [-69.00, 69.97], [-68.74, 69.94], [-68.48, 70.06], [-68.23, 70.11], [-68.32, 70.18], [-68.12, 70.31], [-67.85, 70.28], [-67.36, 70.03], [-67.19, 69.86], [-67.19, 69.75], [-67.33, 69.72], [-68.02, 69.77], [-68.37, 69.64], [-68.83, 69.62], [-69.25, 69.51], [-68.51, 69.57], [-67.90, 69.46], [-67.36, 69.47], [-66.77, 69.33], [-66.67, 69.25], [-66.67, 69.19], [-66.80, 69.15], [-67.60, 69.17], [-67.93, 69.24], [-68.61, 69.20], [-69.04, 69.09], [-68.41, 69.17], [-67.75, 69.03], [-67.75, 68.93], [-67.88, 68.78], [-68.45, 68.85], [-68.72, 68.81], [-69.31, 68.85], [-68.87, 68.75], [-68.21, 68.70], [-68.15, 68.68], [-68.14, 68.61], [-67.93, 68.52], [-67.65, 68.55], [-67.20, 68.46], [-66.71, 68.44], [-66.99, 68.37], [-67.03, 68.32], [-66.83, 68.21], [-66.92, 68.06], [-66.72, 68.12], [-66.66, 68.03], [-66.60, 68.11], [-66.63, 68.21], [-66.21, 68.28], [-66.27, 68.04], [-66.52, 67.85], [-66.39, 67.83], [-66.22, 67.95], [-65.94, 68.07], [-65.97, 67.95], [-65.86, 67.92], [-65.70, 67.98], [-65.50, 67.96], [-65.54, 67.76], [-65.40, 67.67], [-65.44, 67.83], [-65.41, 67.87], [-64.97, 68.04], [-64.83, 67.98], [-65.02, 67.89], [-65.07, 67.82], [-65.02, 67.78], [-64.63, 67.84], [-64.15, 67.62], [-64.01, 67.65], [-63.85, 67.56], [-64.07, 67.49], [-64.00, 67.34], [-64.69, 67.35], [-64.58, 67.31], [-64.37, 67.30], [-64.35, 67.25], [-63.83, 67.26], [-63.82, 67.31], [-63.59, 67.37], [-63.04, 67.23], [-63.16, 67.17], [-63.25, 67.02], [-63.70, 66.82], [-62.96, 66.94], [-62.37, 66.90], [-62.12, 67.04], [-61.96, 67.01], [-61.29, 66.64], [-61.30, 66.60], [-61.52, 66.55], [-61.90, 66.67], [-62.12, 66.64], [-61.65, 66.50], [-61.57, 66.41], [-61.57, 66.37], [-61.86, 66.31], [-62.55, 66.40], [-62.40, 66.31], [-62.53, 66.22], [-61.99, 66.03], [-62.62, 66.01], [-62.44, 65.94], [-62.38, 65.83], [-62.61, 65.72], [-62.65, 65.63], [-63.16, 65.65], [-63.45, 65.85], [-63.42, 65.70], [-63.65, 65.66], [-63.33, 65.61], [-63.36, 65.22], [-63.40, 65.11], [-63.60, 64.92], [-63.89, 65.10], [-64.06, 65.12], [-64.15, 65.06], [-64.34, 65.17], [-64.26, 65.40], [-64.46, 65.25], [-64.55, 65.11], [-65.10, 65.46], [-65.40, 65.76], [-65.37, 65.82], [-65.18, 65.93], [-64.85, 66.01], [-64.67, 66.19], [-64.44, 66.31], [-64.65, 66.28], [-65.00, 66.07], [-65.41, 65.99], [-65.82, 65.99], [-65.89, 66.02], [-65.85, 66.08], [-65.65, 66.20], [-66.06, 66.13], [-66.47, 66.27], [-66.78, 66.55], [-66.98, 66.62], [-66.96, 66.54], [-67.07, 66.52], [-67.30, 66.56], [-67.31, 66.52], [-67.19, 66.43], [-67.18, 66.32], [-67.22, 66.31], [-67.88, 66.46], [-67.70, 66.26], [-67.18, 66.03], [-67.35, 65.92], [-67.82, 65.96], [-68.45, 66.24], [-68.74, 66.20], [-68.46, 66.17], [-68.21, 66.07], [-68.25, 65.93], [-68.18, 65.87], [-67.86, 65.77], [-67.95, 65.62], [-67.93, 65.56], [-67.56, 65.64], [-67.39, 65.58], [-67.30, 65.48], [-67.11, 65.44], [-67.33, 65.34], [-67.06, 65.24], [-66.97, 65.08], [-66.83, 65.07], [-66.69, 64.81], [-66.63, 65.00], [-66.22, 64.85], [-66.30, 64.77], [-66.21, 64.72], [-65.93, 64.88], [-65.76, 64.85], [-65.51, 64.70], [-65.43, 64.72], [-65.27, 64.63], [-65.52, 64.50], [-65.17, 64.50], [-65.07, 64.43], [-65.21, 64.30], [-65.58, 64.29], [-65.34, 64.23], [-65.14, 64.08], [-65.16, 64.02], [-64.67, 64.02], [-64.68, 63.96], [-64.79, 63.91], [-64.57, 63.89], [-64.41, 63.70], [-64.56, 63.67], [-64.49, 63.46], [-64.51, 63.26], [-64.66, 63.24], [-64.93, 63.59], [-65.19, 63.76], [-65.08, 63.60], [-65.00, 63.33], [-65.06, 63.26], [-64.67, 62.92], [-64.86, 62.87], [-65.16, 62.93], [-65.04, 62.70], [-65.05, 62.64], [-65.10, 62.62], [-65.57, 62.86], [-65.74, 62.93], [-65.83, 62.90], [-66.22, 63.10], [-66.22, 62.99], [-66.41, 63.02], [-66.65, 63.26], [-66.63, 63.08], [-66.69, 63.06], [-67.01, 63.31], [-67.26, 63.34], [-67.89, 63.73], [-67.72, 63.42], [-68.49, 63.72], [-68.85, 63.75], [-68.91, 63.70], [-68.14, 63.17], [-67.67, 63.09], [-67.73, 63.00], [-67.36, 62.91], [-66.97, 62.70], [-66.64, 62.60], [-66.28, 62.30], [-65.98, 62.20], [-66.02, 62.13], [-66.13, 62.10], [-66.05, 61.91], [-66.32, 61.87], [-67.44, 62.15], [-68.63, 62.28], [-69.12, 62.42], [-69.60, 62.76], [-70.23, 62.76], [-71.10, 63.00], [-70.94, 63.12], [-71.25, 63.04], [-71.34, 63.06], [-71.99, 63.41], [-71.61, 63.44], [-71.38, 63.58], [-71.51, 63.58], [-71.83, 63.72], [-72.29, 63.72], [-72.17, 63.89], [-72.49, 63.82], [-72.67, 64.02], [-73.45, 64.39], [-73.27, 64.58], [-73.91, 64.57], [-73.95, 64.46], [-74.06, 64.42], [-74.13, 64.60], [-74.46, 64.64], [-74.68, 64.83], [-74.91, 64.76], [-74.64, 64.55], [-74.69, 64.49], [-75.06, 64.45], [-75.48, 64.54], [-75.71, 64.52], [-75.76, 64.39], [-76.11, 64.37], [-76.85, 64.23], [-77.79, 64.36], [-78.17, 64.61], [-78.18, 64.75], [-78.05, 64.98], [-77.87, 65.07], [-77.36, 65.19], [-77.46, 65.35], [-77.32, 65.45], [-76.48, 65.36], [-75.82, 65.22], [-75.51, 65.05], [-75.50, 65.01], [-75.58, 64.90], [-75.45, 64.84], [-75.35, 65.00], [-75.79, 65.29], [-75.16, 65.28], [-74.98, 65.38], [-74.49, 65.37], [-74.23, 65.48], [-73.98, 65.51], [-73.55, 65.48], [-73.74, 65.76], [-74.27, 66.01], [-74.40, 66.09], [-74.41, 66.16], [-73.28, 66.67], [-73.03, 66.72], [-72.94, 66.88], [-72.78, 67.03], [-72.36, 67.13], [-72.22, 67.25], [-72.35, 67.34], [-72.72, 67.81], [-73.06, 68.10], [-73.32, 68.26], [-73.28, 68.35], [-73.64, 68.29], [-73.82, 68.36], [-73.87, 68.42], [-73.78, 68.61], [-73.85, 68.70], [-74.11, 68.70], [-73.96, 68.57], [-73.98, 68.54], [-74.42, 68.57], [-74.64, 68.70], [-74.69, 68.80], [-74.91, 68.82], [-74.74, 68.91], [-74.95, 68.96], [-74.71, 69.04], [-74.85, 69.06], [-75.21, 68.90], [-75.52, 68.95], [-75.62, 68.88], [-76.23, 68.72], [-76.58, 68.69], [-76.61, 68.75], [-76.55, 69.00], [-76.38, 69.05], [-75.95, 69.03], [-75.66, 69.15], [-75.64, 69.21], [-75.78, 69.31], [-76.40, 69.44], [-76.52, 69.51], [-76.51, 69.59], [-76.46, 69.61], [-76.23, 69.66], [-76.51, 69.68], [-76.74, 69.57], [-77.08, 69.63], [-77.12, 69.65], [-76.85, 69.77], [-77.01, 69.83], [-77.59, 69.84], [-77.77, 70.23], [-78.28, 70.22], [-78.62, 70.35], [-79.06, 70.60], [-79.34, 70.48], [-79.40, 70.40], [-79.01, 70.32], [-78.80, 70.17], [-78.77, 70.04], [-78.81, 70.01], [-79.09, 69.92], [-79.51, 69.88], [-80.67, 70.05], [-81.65, 70.09], [-81.02, 69.9], [-80.84, 69.79], [-80.92, 69.73], [-81.56, 69.94], [-82.29, 69.83], [-83.14, 70.00], [-83.85, 69.96], [-85.43, 70.11], [-85.78, 70.03], [-86.32, 70.14], [-86.49, 70.35], [-86.39, 70.46], [-86.70, 70.39], [-87.12, 70.41], [-87.17, 70.39], [-87.06, 70.32], [-87.61, 70.31], [-87.90, 70.25], [-88.40, 70.44], [-88.84, 70.52], [-89.20, 70.75], [-89.45, 71.06], [-88.69, 71.04], [-87.84, 70.94], [-87.14, 71.01], [-87.87, 71.20], [-89.07, 71.28], [-89.69, 71.42], [-89.84, 71.49], [-90.02, 71.94], [-89.93, 72.04], [-89.66, 72.15], [-89.85, 72.24], [-89.87, 72.36], [-89.81, 72.46], [-89.35, 72.80], [-89.22, 73.10], [-88.97, 73.25], [-88.76, 73.31], [-88.70, 73.40], [-87.71, 73.72], [-86.76, 73.83], [-85.95, 73.85], [-85.00, 73.77], [-84.94, 73.72], [-84.97, 73.69], [-85.68, 73.46], [-86.08, 73.26], [-86.62, 72.87], [-86.66, 72.76], [-86.32, 72.46], [-86.34, 72.12], [-86.21, 71.89], [-86.03, 71.77], [-85.02, 71.35], [-85.40, 71.22], [-85.94, 71.16], [-86.58, 71.01]]], [[[-61.80, 49.09], [-62.21, 49.07], [-63.04, 49.22], [-63.56, 49.39], [-63.77, 49.60], [-64.44, 49.82], [-64.48, 49.88], [-64.13, 49.94], [-63.29, 49.81], [-62.85, 49.70], [-61.81, 49.28], [-61.69, 49.13], [-61.80, 49.09]]], [[[-63.81, 46.46], [-63.73, 46.48], [-63.68, 46.56], [-63.12, 46.42], [-62.16, 46.48], [-62.02, 46.42], [-62.52, 46.20], [-62.54, 46.02], [-62.47, 45.99], [-62.80, 45.97], [-62.87, 46.00], [-62.90, 46.06], [-63.02, 46.06], [-62.89, 46.12], [-62.95, 46.19], [-63.05, 46.22], [-62.97, 46.31], [-63.27, 46.2], [-63.15, 46.18], [-63.21, 46.15], [-63.56, 46.20], [-63.73, 46.28], [-63.80, 46.36], [-63.75, 46.39], [-64.11, 46.42], [-64.13, 46.59], [-64.38, 46.64], [-64.40, 46.69], [-64.22, 46.90], [-63.99, 47.06], [-63.98, 46.91], [-64.08, 46.77], [-63.90, 46.63], [-63.86, 46.57], [-63.90, 46.50], [-63.81, 46.46]]], [[[-82.00, 62.95], [-81.96, 62.92], [-81.96, 62.82], [-82.11, 62.65], [-83.01, 62.20], [-83.37, 62.23], [-83.69, 62.16], [-83.76, 62.30], [-83.91, 62.42], [-83.37, 62.90], [-82.96, 62.87], [-82.70, 62.94], [-82.00, 62.95]]], [[[-79.54, 62.41], [-79.33, 62.29], [-79.27, 62.18], [-79.32, 62.02], [-79.66, 61.64], [-79.81, 61.59], [-80.26, 61.81], [-80.26, 62.10], [-80.02, 62.34], [-79.86, 62.40], [-79.54, 62.41]]], [[[-75.67, 68.32], [-75.15, 68.23], [-75.07, 68.17], [-75.06, 68.07], [-75.12, 67.96], [-75.09, 67.63], [-75.20, 67.45], [-75.40, 67.36], [-75.78, 67.28], [-76.69, 67.23], [-77.00, 67.26], [-77.22, 67.50], [-77.30, 67.70], [-77.22, 67.85], [-76.74, 68.23], [-76.36, 68.31], [-75.67, 68.32]]], [[[-79.53, 73.65], [-78.28, 73.66], [-77.20, 73.49], [-77.00, 73.35], [-76.75, 73.31], [-76.56, 73.15], [-76.28, 73.08], [-76.30, 72.99], [-76.08, 72.88], [-76.40, 72.82], [-77.83, 72.89], [-78.31, 72.88], [-79.50, 72.75], [-79.93, 72.86], [-80.05, 72.97], [-80.18, 73.22], [-80.61, 73.27], [-80.77, 73.33], [-80.82, 73.42], [-80.73, 73.48], [-80.82, 73.53], [-80.86, 73.67], [-80.76, 73.75], [-80.41, 73.76], [-79.53, 73.65]]], [[[-80.73, 52.74], [-81.09, 52.77], [-81.83, 52.95], [-82.03, 53.04], [-81.84, 53.18], [-81.13, 53.20], [-80.76, 52.92], [-80.71, 52.83], [-80.73, 52.74]]], [[[-78.82, 56.14], [-78.91, 56.13], [-78.79, 56.38], [-78.66, 56.43], [-78.67, 56.26], [-78.82, 56.14]]], [[[-78.93, 56.26], [-79.17, 55.88], [-79.27, 55.92], [-79.14, 56.13], [-79.18, 56.21], [-79.49, 55.87], [-79.76, 55.80], [-79.49, 56.09], [-79.54, 56.12], [-79.90, 55.87], [-80.00, 55.91], [-79.51, 56.32], [-79.45, 56.53], [-79.43, 56.44], [-79.53, 56.18], [-79.39, 56.27], [-79.27, 56.60], [-78.96, 56.42], [-78.90, 56.32], [-78.93, 56.26]]], [[[-79.97, 56.20], [-80.08, 56.21], [-80.05, 56.28], [-79.57, 56.46], [-79.68, 56.32], [-79.97, 56.20]]], [[[-89.83, 77.26], [-90.22, 77.21], [-90.99, 77.32], [-91.14, 77.38], [-91.18, 77.55], [-91.10, 77.62], [-90.84, 77.65], [-90.17, 77.59], [-89.71, 77.44], [-89.71, 77.31], [-89.83, 77.26]]], [[[-104.55, 77.14], [-105.21, 77.18], [-105.55, 77.35], [-106.06, 77.72], [-105.58, 77.73], [-105.28, 77.64], [-105.00, 77.50], [-104.95, 77.41], [-104.77, 77.41], [-104.54, 77.33], [-104.45, 77.24], [-104.49, 77.16], [-104.55, 77.14]]], [[[-98.79, 79.98], [-98.78, 79.78], [-98.94, 79.72], [-99.30, 79.78], [-99.33, 79.83], [-99.51, 79.88], [-99.99, 79.88], [-100.09, 79.91], [-100.12, 80.00], [-100.05, 80.09], [-99.73, 80.14], [-99.01, 80.11], [-98.89, 80.08], [-98.79, 79.98]]], [[[-105.28, 72.91], [-105.43, 72.93], [-106.07, 73.19], [-106.18, 73.30], [-106.94, 73.51], [-106.61, 73.69], [-105.51, 73.76], [-105.11, 73.74], [-104.58, 73.57], [-104.55, 73.46], [-104.62, 73.31], [-105.00, 73.03], [-105.28, 72.91]]], [[[-102.22, 76.01], [-102.00, 75.93], [-102.42, 75.86], [-102.57, 75.78], [-103.31, 75.76], [-103.04, 75.91], [-103.20, 75.95], [-103.76, 75.89], [-103.98, 75.93], [-103.80, 76.03], [-104.24, 76.04], [-104.40, 76.10], [-104.35, 76.18], [-104.01, 76.22], [-102.72, 76.30], [-102.58, 76.28], [-102.49, 76.09], [-102.22, 76.01]]], [[[-104.02, 76.58], [-103.72, 76.60], [-103.03, 76.43], [-103.47, 76.32], [-104.35, 76.33], [-104.60, 76.58], [-104.20, 76.66], [-103.95, 76.63], [-104.02, 76.58]]], [[[-118.32, 75.57], [-118.61, 75.51], [-118.81, 75.52], [-119.39, 75.61], [-118.62, 75.90], [-117.75, 76.11], [-117.51, 76.09], [-117.62, 75.96], [-118.32, 75.57]]], [[[-113.83, 77.75], [-114.28, 77.72], [-114.60, 77.76], [-115.02, 77.96], [-114.33, 78.07], [-114.27, 78.00], [-113.76, 77.90], [-113.61, 77.83], [-113.83, 77.75]]], [[[-130.92, 54.47], [-130.95, 54.54], [-130.90, 54.63], [-130.75, 54.61], [-130.92, 54.47]]], [[[-131.02, 51.96], [-131.10, 52.01], [-131.09, 52.15], [-131.01, 52.09], [-131.02, 51.96]]], [[[-130.23, 53.95], [-130.38, 53.84], [-130.62, 53.94], [-130.66, 53.84], [-130.70, 53.92], [-130.44, 54.08], [-130.31, 54.04], [-130.23, 53.95]]], [[[-129.84, 53.16], [-129.93, 53.17], [-130.51, 53.54], [-130.45, 53.63], [-130.39, 53.62], [-129.94, 53.43], [-129.75, 53.24], [-129.84, 53.16]]], [[[-130.57, 54.76], [-130.31, 54.94], [-130.21, 55.02], [-130.20, 54.94], [-130.34, 54.81], [-130.57, 54.76]]], [[[-128.55, 52.93], [-128.50, 52.51], [-128.67, 52.28], [-128.73, 52.35], [-128.76, 52.59], [-128.74, 52.76], [-128.83, 52.67], [-128.89, 52.67], [-129.08, 52.82], [-129.18, 52.99], [-129.03, 53.27], [-128.63, 53.11], [-128.55, 52.93]]], [[[-126.09, 49.35], [-126.06, 49.26], [-126.22, 49.29], [-126.20, 49.37], [-126.09, 49.35]]], [[[-124.15, 49.53], [-124.36, 49.58], [-124.64, 49.75], [-124.42, 49.72], [-124.15, 49.53]]], [[[-126.64, 49.60], [-126.93, 49.71], [-126.89, 49.78], [-126.92, 49.83], [-126.82, 49.87], [-126.73, 49.84], [-126.64, 49.74], [-126.64, 49.60]]], [[[-125.18, 50.09], [-125.19, 50.04], [-125.35, 50.31], [-125.30, 50.41], [-125.19, 50.38], [-125.09, 50.26], [-125.07, 50.22], [-125.18, 50.09]]], [[[-128.93, 52.51], [-128.96, 52.46], [-129.15, 52.60], [-129.26, 52.80], [-128.99, 52.66], [-128.93, 52.51]]], [[[-127.92, 51.47], [-128.09, 51.51], [-128.14, 51.64], [-127.99, 51.70], [-127.91, 51.58], [-127.92, 51.47]]], [[[-128.36, 52.40], [-128.44, 52.38], [-128.41, 52.47], [-128.43, 52.69], [-128.36, 52.78], [-128.24, 52.78], [-128.36, 52.40]]], [[[-129.31, 52.99], [-129.40, 53.02], [-129.51, 53.17], [-129.45, 53.17], [-129.31, 52.99]]], [[[-129.16, 53.11], [-129.32, 53.14], [-129.23, 53.33], [-129.17, 53.25], [-129.16, 53.11]]], [[[-123.43, 48.75], [-123.51, 48.75], [-123.58, 48.92], [-123.46, 48.86], [-123.43, 48.75]]], [[[-59.78, 43.93], [-60.03, 43.90], [-60.11, 43.95], [-59.86, 43.94], [-59.72, 44.00], [-59.78, 43.93]]], [[[-60.96, 45.48], [-61.00, 45.48], [-61.08, 45.55], [-60.91, 45.56], [-60.96, 45.48]]], [[[-61.91, 47.28], [-61.77, 47.25], [-61.83, 47.22], [-62.00, 47.23], [-61.92, 47.42], [-61.54, 47.63], [-61.39, 47.63], [-61.47, 47.56], [-61.68, 47.49], [-61.91, 47.28]]], [[[-64.50, 47.88], [-64.53, 47.81], [-64.68, 47.75], [-64.66, 47.86], [-64.50, 47.88]]], [[[-64.47, 47.95], [-64.59, 47.90], [-64.50, 48.01], [-64.47, 47.95]]], [[[-66.27, 44.29], [-66.32, 44.25], [-66.21, 44.39], [-66.27, 44.29]]], [[[-66.76, 44.68], [-66.89, 44.62], [-66.80, 44.80], [-66.74, 44.79], [-66.76, 44.68]]], [[[-73.56, 45.46], [-73.64, 45.44], [-73.96, 45.44], [-73.68, 45.56], [-73.47, 45.70], [-73.56, 45.46]]], [[[-73.69, 45.58], [-73.85, 45.57], [-73.72, 45.67], [-73.57, 45.69], [-73.69, 45.58]]], [[[-71.02, 46.87], [-71.11, 46.86], [-70.82, 46.99], [-70.91, 46.91], [-71.02, 46.87]]], [[[-55.53, 50.71], [-55.63, 50.74], [-55.46, 50.79], [-55.47, 50.77], [-55.53, 50.71]]], [[[-54.55, 49.58], [-54.78, 49.49], [-54.86, 49.57], [-54.73, 49.56], [-54.55, 49.63], [-54.55, 49.58]]], [[[-55.36, 51.88], [-55.41, 51.90], [-55.39, 51.93], [-55.27, 51.99], [-55.36, 51.88]]], [[[-54.09, 49.74], [-53.98, 49.66], [-54.28, 49.59], [-54.27, 49.71], [-54.19, 49.68], [-54.09, 49.74]]], [[[-54.22, 47.44], [-54.32, 47.40], [-54.12, 47.64], [-54.14, 47.57], [-54.22, 47.44]]], [[[-64.82, 62.55], [-64.51, 62.55], [-64.41, 62.48], [-64.47, 62.41], [-64.65, 62.38], [-64.95, 62.45], [-64.82, 62.50], [-64.82, 62.55]]], [[[-68.23, 60.24], [-68.36, 60.25], [-68.36, 60.31], [-68.14, 60.56], [-67.97, 60.57], [-67.81, 60.44], [-67.92, 60.33], [-68.23, 60.24]]], [[[-70.33, 62.54], [-70.76, 62.59], [-70.98, 62.78], [-71.22, 62.87], [-70.83, 62.84], [-70.44, 62.73], [-70.26, 62.57], [-70.33, 62.54]]], [[[-64.83, 61.36], [-65.39, 61.56], [-65.43, 61.64], [-65.12, 61.68], [-64.78, 61.66], [-64.66, 61.59], [-64.69, 61.47], [-64.83, 61.36]]], [[[-65.03, 61.87], [-64.96, 61.87], [-64.84, 61.76], [-64.92, 61.73], [-65.16, 61.79], [-65.23, 61.89], [-65.12, 61.94], [-65.03, 61.87]]], [[[-69.16, 59.04], [-69.22, 58.96], [-69.35, 58.96], [-69.30, 59.14], [-69.19, 59.14], [-69.16, 59.04]]], [[[-64.40, 60.36], [-64.44, 60.29], [-64.73, 60.37], [-64.80, 60.41], [-64.83, 60.50], [-64.64, 60.51], [-64.40, 60.36]]], [[[-60.99, 56.03], [-60.98, 56.01], [-61.19, 56.06], [-61.08, 56.14], [-60.96, 56.09], [-60.99, 56.03]]], [[[-61.74, 57.55], [-61.65, 57.52], [-61.63, 57.41], [-61.79, 57.42], [-62.01, 57.54], [-61.74, 57.55]]], [[[-67.91, 69.54], [-68.20, 69.58], [-68.22, 69.61], [-67.90, 69.68], [-67.75, 69.63], [-67.91, 69.54]]], [[[-62.68, 67.05], [-62.80, 67.02], [-62.87, 67.06], [-62.62, 67.17], [-62.39, 67.17], [-62.68, 67.05]]], [[[-79.06, 75.92], [-79.05, 75.86], [-79.35, 75.83], [-79.54, 75.82], [-79.69, 75.88], [-79.00, 76.14], [-78.84, 76.10], [-79.05, 75.98], [-79.06, 75.92]]], [[[-79.86, 56.77], [-79.94, 56.77], [-79.89, 56.86], [-79.82, 56.84], [-79.86, 56.77]]], [[[-79.71, 57.51], [-79.77, 57.51], [-79.80, 57.44], [-79.83, 57.48], [-79.74, 57.60], [-79.71, 57.51]]], [[[-79.51, 56.65], [-79.57, 56.64], [-79.57, 56.79], [-79.49, 56.74], [-79.51, 56.65]]], [[[-79.93, 53.30], [-80.00, 53.28], [-80.07, 53.34], [-79.97, 53.35], [-79.93, 53.30]]], [[[-79.38, 51.95], [-79.52, 51.95], [-79.64, 52.01], [-79.27, 52.08], [-79.38, 51.95]]], [[[-123.37, 48.88], [-123.54, 48.94], [-123.68, 49.09], [-123.37, 48.90], [-123.37, 48.88]]], [[[-124.97, 50.02], [-125.02, 50.13], [-124.99, 50.21], [-124.90, 50.08], [-124.97, 50.02]]], [[[-73.62, 67.78], [-74.48, 67.80], [-74.67, 67.90], [-74.74, 68.01], [-74.70, 68.06], [-74.37, 68.09], [-73.43, 67.97], [-73.40, 67.79], [-73.62, 67.78]]], [[[-77.87, 63.47], [-77.70, 63.43], [-77.53, 63.28], [-77.53, 63.23], [-77.65, 63.16], [-77.94, 63.11], [-78.25, 63.23], [-78.53, 63.42], [-78.23, 63.48], [-77.87, 63.47]]], [[[-94.52, 75.74], [-94.75, 75.76], [-94.90, 75.93], [-94.49, 75.99], [-94.29, 75.78], [-94.52, 75.74]]], [[[-80.28, 59.62], [-80.32, 59.63], [-80.29, 59.67], [-80.16, 59.70], [-80.28, 59.62]]], [[[-80.06, 59.77], [-80.16, 59.76], [-80.04, 59.87], [-79.89, 59.85], [-80.06, 59.77]]], [[[-96.78, 72.93], [-96.94, 72.92], [-97.09, 72.99], [-97.06, 73.13], [-96.86, 73.18], [-96.59, 73.07], [-96.67, 72.96], [-96.78, 72.93]]], [[[-97.35, 74.52], [-97.65, 74.46], [-97.75, 74.51], [-97.41, 74.62], [-97.29, 74.57], [-97.35, 74.52]]], [[[-98.27, 73.86], [-98.97, 73.81], [-99.41, 73.89], [-98.81, 74.02], [-98.06, 74.10], [-97.69, 74.10], [-97.65, 74.07], [-97.86, 73.96], [-98.27, 73.86]]], [[[-90.19, 69.41], [-90.17, 69.35], [-90.29, 69.25], [-90.49, 69.36], [-90.19, 69.41]]], [[[-90.49, 69.22], [-90.57, 69.20], [-90.77, 69.29], [-90.76, 69.33], [-90.59, 69.36], [-90.49, 69.22]]], [[[-74.00, 62.61], [-74.25, 62.62], [-74.62, 62.71], [-74.10, 62.68], [-74.01, 62.66], [-74.00, 62.61]]], [[[-74.88, 68.34], [-75.31, 68.47], [-75.40, 68.52], [-75.39, 68.58], [-75.28, 68.68], [-74.98, 68.64], [-74.79, 68.45], [-74.88, 68.34]]], [[[-78.53, 60.72], [-78.66, 60.71], [-78.61, 60.77], [-78.24, 60.81], [-78.53, 60.72]]], [[[-78.98, 68.19], [-79.17, 68.23], [-79.15, 68.33], [-78.95, 68.35], [-78.82, 68.26], [-78.98, 68.19]]], [[[-76.67, 63.39], [-76.92, 63.40], [-77.36, 63.58], [-77.13, 63.68], [-76.65, 63.50], [-76.67, 63.39]]], [[[-79.43, 69.78], [-79.36, 69.71], [-79.55, 69.63], [-80.04, 69.63], [-79.97, 69.50], [-80.44, 69.64], [-80.79, 69.68], [-80.72, 69.74], [-80.46, 69.73], [-80.42, 69.79], [-80.21, 69.80], [-80.12, 69.73], [-79.59, 69.81], [-79.43, 69.78]]], [[[-78.02, 69.71], [-77.96, 69.63], [-78.03, 69.60], [-78.47, 69.50], [-78.84, 69.48], [-78.57, 69.63], [-78.29, 69.66], [-78.20, 69.73], [-78.02, 69.71]]], [[[-77.64, 63.99], [-77.71, 63.94], [-77.96, 63.99], [-77.56, 64.02], [-77.64, 63.99]]], [[[-83.12, 66.28], [-82.94, 66.27], [-82.93, 66.25], [-83.05, 66.19], [-83.23, 66.33], [-83.12, 66.28]]], [[[-79.21, 68.84], [-79.36, 68.85], [-79.40, 68.92], [-79.24, 69.04], [-78.93, 69.12], [-78.77, 69.25], [-78.66, 69.26], [-78.68, 69.32], [-78.65, 69.35], [-78.33, 69.38], [-78.22, 69.30], [-78.85, 68.91], [-79.21, 68.84]]], [[[-76.99, 69.14], [-77.21, 69.13], [-77.32, 69.19], [-77.37, 69.27], [-77.34, 69.40], [-77.10, 69.43], [-76.66, 69.36], [-76.99, 69.14]]], [[[-86.91, 70.11], [-86.61, 70.10], [-86.51, 70.01], [-86.73, 69.97], [-87.04, 69.99], [-87.32, 70.08], [-87.10, 70.14], [-86.91, 70.11]]], [[[-83.72, 65.79], [-83.23, 65.69], [-83.38, 65.62], [-83.60, 65.70], [-83.64, 65.65], [-83.78, 65.66], [-83.79, 65.71], [-83.70, 65.75], [-83.81, 65.78], [-84.11, 65.77], [-84.14, 65.91], [-84.46, 66.08], [-84.40, 66.13], [-83.78, 65.96], [-83.70, 65.92], [-83.76, 65.83], [-83.72, 65.79]]], [[[-86.59, 67.73], [-86.89, 67.83], [-86.90, 67.90], [-86.84, 68.01], [-86.95, 68.10], [-86.70, 68.30], [-86.56, 68.28], [-86.42, 68.18], [-86.39, 67.88], [-86.59, 67.73]]], [[[-84.67, 65.57], [-84.78, 65.57], [-85.09, 65.75], [-85.17, 65.94], [-85.14, 66.01], [-84.93, 66.00], [-84.75, 65.85], [-84.60, 65.65], [-84.67, 65.57]]], [[[-93.04, 61.84], [-93.08, 61.84], [-93.19, 61.91], [-93.07, 61.93], [-92.99, 61.88], [-93.04, 61.84]]], [[[-101.22, 76.57], [-101.61, 76.60], [-100.88, 76.74], [-100.26, 76.73], [-101.22, 76.57]]], [[[-103.00, 78.14], [-103.11, 78.12], [-103.27, 78.16], [-102.97, 78.26], [-102.78, 78.21], [-103.00, 78.14]]], [[[-101.69, 77.69], [-102.37, 77.72], [-102.45, 77.77], [-102.47, 77.87], [-101.63, 77.89], [-101.19, 77.82], [-101.00, 77.73], [-101.69, 77.69]]], [[[-89.72, 76.50], [-90.16, 76.52], [-90.56, 76.75], [-90.40, 76.81], [-89.94, 76.83], [-89.69, 76.74], [-89.82, 76.63], [-89.72, 76.50]]], [[[-96.07, 75.51], [-96.46, 75.49], [-96.85, 75.36], [-97.02, 75.46], [-96.36, 75.65], [-95.95, 75.55], [-96.07, 75.51]]], [[[-95.30, 74.50], [-95.77, 74.55], [-95.85, 74.58], [-95.51, 74.63], [-95.27, 74.53], [-95.30, 74.50]]], [[[-121.07, 75.74], [-121.24, 75.75], [-121.02, 75.84], [-121.04, 75.90], [-120.88, 75.92], [-120.92, 75.81], [-121.07, 75.74]]], [[[-113.56, 76.74], [-113.71, 76.71], [-114.83, 76.79], [-114.41, 76.87], [-113.89, 76.89], [-113.51, 76.82], [-113.48, 76.78], [-113.56, 76.74]]], [[[-104.11, 75.03], [-104.63, 75.06], [-104.88, 75.14], [-104.64, 75.34], [-104.34, 75.42], [-103.85, 75.37], [-103.64, 75.18], [-103.81, 75.07], [-104.11, 75.03]]], [[[-100.21, 68.80], [-100.39, 68.72], [-100.49, 68.79], [-100.59, 68.76], [-100.61, 68.99], [-100.52, 69.03], [-100.32, 68.99], [-100.17, 68.90], [-100.21, 68.80]]], [[[-99.99, 69.01], [-100.01, 68.95], [-100.14, 68.96], [-100.24, 69.05], [-100.15, 69.12], [-100.03, 69.08], [-99.99, 69.01]]], [[[-100.30, 70.49], [-100.62, 70.54], [-100.67, 70.64], [-100.53, 70.66], [-100.27, 70.59], [-100.32, 70.57], [-100.30, 70.49]]], [[[-95.51, 69.57], [-95.38, 69.50], [-95.39, 69.41], [-95.49, 69.35], [-95.73, 69.34], [-95.66, 69.43], [-95.70, 69.53], [-95.76, 69.55], [-95.80, 69.56], [-95.81, 69.44], [-95.89, 69.35], [-95.98, 69.39], [-95.97, 69.50], [-95.87, 69.60], [-95.70, 69.62], [-95.51, 69.57]]], [[[-101.17, 69.39], [-101.26, 69.39], [-101.28, 69.44], [-101.20, 69.47], [-101.35, 69.55], [-101.09, 69.54], [-101.00, 69.46], [-101.17, 69.39]]], [[[-101.84, 68.58], [-101.88, 68.58], [-102.30, 68.68], [-102.01, 68.82], [-101.82, 68.79], [-101.72, 68.72], [-101.73, 68.65], [-101.84, 68.58]]], [[[-104.54, 68.40], [-104.85, 68.45], [-105.05, 68.55], [-104.60, 68.56], [-104.44, 68.47], [-104.54, 68.40]]], [[[-107.89, 67.40], [-107.95, 67.31], [-108.15, 67.42], [-108.12, 67.62], [-108.04, 67.66], [-107.99, 67.62], [-107.98, 67.51], [-107.90, 67.46], [-107.89, 67.40]]], [[[-109.16, 67.98], [-108.97, 67.97], [-108.88, 67.89], [-109.09, 67.92], [-109.16, 67.98]]], [[[-108.09, 67.00], [-107.96, 66.99], [-107.80, 66.99], [-107.83, 66.92], [-107.94, 66.85], [-108.09, 67.00]]], [[[-109.32, 67.99], [-109.36, 67.98], [-109.49, 68.04], [-109.46, 68.09], [-109.34, 68.04], [-109.32, 67.99]]], [[[-139.04, 69.57], [-139.12, 69.53], [-139.29, 69.59], [-139.13, 69.64], [-138.87, 69.58], [-139.04, 69.57]]]]}}, {"type": "Feature", "properties": {}, "geometry": {"type": "Polygon", "coordinates": [[[8.55, 4.75], [8.80, 5.19], [8.99, 5.91], [9.37, 6.31], [9.65, 6.53], [9.77, 6.76], [10.14, 6.99], [10.20, 6.89], [10.48, 6.89], [10.60, 7.06], [11.00, 6.73], [11.10, 6.45], [11.23, 6.45], [11.47, 6.59], [11.55, 6.69], [11.58, 6.88], [11.86, 7.11], [11.76, 7.27], [12.01, 7.58], [12.02, 7.72], [12.15, 7.94], [12.23, 8.28], [12.40, 8.59], [12.58, 8.62], [12.78, 8.81], [12.92, 9.42], [13.19, 9.56], [13.26, 10.03], [13.41, 10.17], [13.53, 10.60], [13.69, 10.87], [13.98, 11.21], [14.20, 11.26], [14.55, 11.49], [14.61, 12.15], [14.51, 12.29], [14.19, 12.38], [14.06, 13.07], [14.46, 13.02], [14.51, 12.97], [14.54, 12.82], [14.76, 12.65], [14.84, 12.50], [14.88, 12.26], [15.08, 11.84], [15.07, 11.64], [15.12, 11.54], [15.02, 11.11], [15.13, 10.64], [15.27, 10.35], [15.65, 10.00], [15.54, 9.96], [15.13, 9.98], [14.83, 9.94], [14.24, 9.97], [13.97, 9.69], [14.00, 9.58], [14.33, 9.20], [15.11, 8.55], [15.44, 7.85], [15.55, 7.73], [15.53, 7.60], [15.37, 7.35], [15.20, 7.20], [15.03, 6.78], [14.86, 6.55], [14.76, 6.31], [14.51, 6.16], [14.43, 6.03], [14.50, 5.91], [14.61, 5.86], [14.61, 5.49], [14.56, 5.27], [14.64, 5.17], [14.70, 4.66], [15.06, 4.28], [15.13, 4.06], [15.03, 4.01], [15.06, 3.94], [15.77, 3.12], [15.90, 3.09], [16.06, 2.90], [16.10, 2.47], [16.18, 2.27], [16.06, 2.02], [16.13, 1.72], [16.05, 1.67], [15.74, 1.91], [15.60, 1.95], [15.33, 1.94], [15.16, 2.03], [14.90, 2.01], [14.87, 2.08], [14.76, 2.07], [14.57, 2.19], [14.48, 2.15], [13.29, 2.16], [13.22, 2.25], [11.55, 2.30], [11.34, 2.29], [11.32, 2.16], [9.97, 2.16], [9.87, 2.21], [9.80, 2.30], [9.88, 2.91], [9.94, 3.07], [9.91, 3.23], [9.67, 3.53], [9.76, 3.62], [9.64, 3.61], [9.55, 3.79], [9.62, 3.87], [9.73, 3.85], [9.63, 3.96], [9.68, 4.05], [9.55, 4.02], [9.48, 4.06], [9.50, 4.00], [9.42, 3.92], [9.00, 4.09], [8.91, 4.35], [8.91, 4.55], [8.76, 4.58], [8.66, 4.67], [8.68, 4.55], [8.57, 4.52], [8.53, 4.60], [8.55, 4.75]]]}}, {"type": "Feature", "properties": {}, "geometry": {"type": "MultiPolygon", "coordinates": [[[[103.04, 11.28], [102.99, 11.29], [103.03, 11.38], [103.04, 11.28]]], [[[103.31, 10.71], [103.28, 10.67], [103.22, 10.78], [103.31, 10.71]]], [[[107.51, 14.70], [107.49, 14.54], [107.36, 14.36], [107.33, 14.12], [107.60, 13.43], [107.47, 13.03], [107.54, 12.70], [107.53, 12.43], [107.39, 12.26], [107.33, 12.31], [107.21, 12.30], [106.93, 12.07], [106.76, 12.05], [106.70, 11.97], [106.41, 11.94], [106.39, 11.68], [106.00, 11.75], [105.92, 11.65], [105.85, 11.63], [105.85, 11.29], [106.16, 11.03], [106.13, 10.92], [106.16, 10.79], [105.93, 10.88], [105.85, 10.86], [105.75, 10.98], [105.40, 10.95], [105.31, 10.84], [105.04, 10.91], [105.04, 10.70], [104.85, 10.53], [104.56, 10.51], [104.42, 10.41], [104.26, 10.54], [103.93, 10.58], [103.87, 10.65], [103.84, 10.58], [103.66, 10.50], [103.58, 10.55], [103.53, 10.60], [103.54, 10.66], [103.68, 10.75], [103.72, 10.89], [103.65, 11.05], [103.53, 11.14], [103.35, 10.92], [103.15, 10.91], [103.09, 11.21], [103.12, 11.46], [103.01, 11.58], [103.00, 11.71], [102.94, 11.77], [102.91, 11.73], [102.73, 12.08], [102.70, 12.25], [102.75, 12.42], [102.49, 12.66], [102.46, 13.01], [102.33, 13.28], [102.31, 13.53], [102.54, 13.58], [102.54, 13.65], [103.03, 14.25], [103.54, 14.41], [103.98, 14.35], [104.77, 14.42], [104.96, 14.36], [105.03, 14.22], [105.18, 14.34], [105.24, 14.20], [105.35, 14.10], [105.53, 14.15], [105.73, 14.08], [105.90, 13.92], [106.06, 13.92], [106.12, 14.04], [105.97, 14.34], [106.16, 14.37], [106.22, 14.47], [106.35, 14.45], [106.50, 14.57], [106.78, 14.33], [106.93, 14.32], [107.03, 14.42], [107.10, 14.41], [107.29, 14.59], [107.41, 14.56], [107.51, 14.70]]]]}}, {"type": "Feature", "properties": {}, "geometry": {"type": "MultiPolygon", "coordinates": [[[[100.12, 20.31], [99.89, 20.42], [99.72, 20.32], [99.45, 20.36], [99.48, 20.14], [99.33, 20.07], [99.07, 20.09], [98.91, 19.77], [98.37, 19.68], [98.01, 19.74], [97.99, 19.65], [97.81, 19.45], [97.80, 19.13], [97.70, 18.93], [97.74, 18.58], [97.51, 18.49], [97.37, 18.51], [97.45, 18.35], [97.52, 18.29], [97.63, 18.29], [97.73, 17.93], [97.70, 17.79], [98.43, 16.97], [98.47, 16.73], [98.66, 16.33], [98.68, 16.30], [98.83, 16.41], [98.88, 16.35], [98.81, 16.18], [98.59, 16.05], [98.55, 15.36], [98.45, 15.35], [98.19, 15.20], [98.20, 14.97], [98.24, 14.81], [98.57, 14.35], [98.93, 14.04], [99.13, 13.71], [99.17, 13.23], [99.10, 13.10], [99.12, 13.03], [99.21, 12.73], [99.40, 12.54], [99.46, 12.19], [99.61, 11.78], [99.19, 11.10], [98.75, 10.66], [98.76, 10.43], [98.70, 10.19], [98.56, 10.03], [98.49, 10.18], [98.52, 10.35], [98.46, 10.67], [98.67, 10.98], [98.68, 11.13], [98.74, 11.24], [98.74, 11.59], [98.87, 11.71], [98.80, 11.77], [98.69, 11.71], [98.63, 11.73], [98.69, 12.22], [98.60, 12.24], [98.67, 12.34], [98.62, 12.44], [98.66, 12.66], [98.57, 13.16], [98.24, 13.73], [98.20, 13.98], [98.14, 13.64], [98.11, 13.71], [98.07, 13.98], [98.10, 14.16], [97.99, 14.33], [97.90, 14.65], [97.92, 14.69], [98.01, 14.65], [97.93, 14.76], [97.86, 14.73], [97.81, 14.85], [97.71, 15.87], [97.58, 16.01], [97.63, 16.45], [97.72, 16.56], [97.37, 16.52], [97.21, 16.89], [97.20, 17.09], [96.85, 17.40], [96.90, 17.30], [96.85, 17.20], [96.90, 17.03], [96.76, 16.71], [96.62, 16.56], [96.43, 16.50], [96.28, 16.59], [96.24, 16.76], [96.18, 16.76], [96.23, 16.56], [96.32, 16.44], [96.04, 16.33], [96.01, 16.25], [95.76, 16.16], [95.67, 15.97], [95.38, 15.72], [95.30, 15.75], [95.36, 15.98], [95.34, 16.09], [95.17, 15.82], [94.94, 15.81], [94.89, 16.18], [94.79, 15.97], [94.66, 15.90], [94.70, 16.51], [94.66, 16.33], [94.44, 16.09], [94.29, 16.00], [94.22, 16.01], [94.27, 16.51], [94.35, 16.63], [94.47, 17.13], [94.56, 17.30], [94.58, 17.56], [94.43, 18.20], [94.17, 18.73], [94.24, 18.74], [94.07, 18.89], [94.04, 19.28], [93.94, 19.14], [93.96, 18.99], [93.92, 18.89], [93.70, 19.02], [93.49, 19.36], [93.57, 19.40], [93.72, 19.26], [93.82, 19.23], [93.96, 19.32], [93.99, 19.44], [93.83, 19.53], [93.73, 19.69], [93.61, 19.77], [93.70, 19.91], [93.58, 19.90], [93.40, 20.03], [93.25, 20.07], [93.15, 20.04], [93.19, 19.89], [93.19, 19.85], [93.12, 19.85], [93.00, 20.07], [93.09, 20.18], [93.01, 20.18], [93.06, 20.37], [93.03, 20.40], [92.88, 20.15], [92.79, 20.21], [92.89, 20.34], [92.85, 20.41], [92.70, 20.56], [92.72, 20.29], [92.37, 20.71], [92.17, 21.29], [92.33, 21.43], [92.59, 21.27], [92.63, 21.30], [92.57, 21.97], [92.68, 22.13], [92.85, 22.01], [92.96, 22.00], [93.04, 22.18], [93.15, 22.23], [93.07, 22.71], [93.16, 22.90], [93.16, 23.03], [93.30, 23.03], [93.34, 23.08], [93.39, 23.33], [93.41, 23.68], [93.32, 24.06], [93.49, 23.97], [93.68, 24.00], [94.12, 23.87], [94.29, 24.32], [94.58, 24.76], [94.70, 25.04], [94.67, 25.13], [94.55, 25.21], [94.57, 25.31], [94.66, 25.45], [94.78, 25.51], [94.94, 25.70], [95.01, 25.91], [95.13, 26.04], [95.05, 26.34], [95.12, 26.59], [95.46, 26.75], [95.90, 27.04], [96.06, 27.21], [96.19, 27.26], [96.73, 27.33], [96.95, 27.13], [97.10, 27.11], [96.90, 27.43], [96.87, 27.58], [96.96, 27.69], [97.33, 27.93], [97.32, 28.21], [97.53, 28.51], [97.65, 28.5], [97.76, 28.35], [97.88, 28.35], [98.09, 28.14], [98.29, 27.55], [98.35, 27.53], [98.45, 27.65], [98.65, 27.57], [98.73, 26.69], [98.68, 26.18], [98.56, 26.07], [98.65, 25.86], [98.46, 25.78], [98.33, 25.58], [98.14, 25.57], [98.01, 25.29], [97.91, 25.23], [97.81, 25.25], [97.71, 25.03], [97.73, 24.86], [97.58, 24.77], [97.53, 24.49], [97.66, 24.37], [97.70, 24.22], [97.56, 23.91], [97.68, 23.89], [98.01, 24.06], [98.21, 24.11], [98.49, 24.11], [98.58, 24.06], [98.83, 24.12], [98.67, 23.90], [98.83, 23.62], [98.79, 23.52], [98.88, 23.38], [98.86, 23.19], [99.41, 23.06], [99.50, 22.95], [99.38, 22.82], [99.33, 22.49], [99.20, 22.28], [99.19, 22.12], [99.91, 22.02], [99.94, 21.75], [100.09, 21.66], [100.11, 21.51], [100.21, 21.46], [100.35, 21.50], [100.60, 21.47], [100.83, 21.65], [101.07, 21.75], [101.13, 21.73], [101.14, 21.58], [101.08, 21.46], [100.75, 21.31], [100.53, 20.99], [100.52, 20.92], [100.62, 20.85], [100.32, 20.79], [100.24, 20.73], [100.12, 20.31]]], [[[98.20, 10.95], [98.29, 10.77], [98.27, 10.73], [98.15, 10.89], [98.08, 10.88], [98.16, 10.98], [98.20, 10.95]]], [[[98.18, 9.93], [98.11, 9.87], [98.14, 9.97], [98.29, 10.05], [98.18, 9.93]]], [[[98.22, 11.47], [98.18, 11.47], [98.20, 11.56], [98.29, 11.78], [98.28, 11.59], [98.22, 11.47]]], [[[98.51, 11.90], [98.47, 11.89], [98.46, 12.08], [98.60, 11.95], [98.51, 11.90]]], [[[98.55, 11.74], [98.52, 11.53], [98.43, 11.56], [98.37, 11.79], [98.52, 11.80], [98.55, 11.74]]], [[[98.41, 12.59], [98.46, 12.57], [98.45, 12.47], [98.38, 12.35], [98.31, 12.33], [98.31, 12.67], [98.41, 12.59]]], [[[98.13, 12.15], [98.03, 12.23], [98.07, 12.29], [98.12, 12.27], [98.13, 12.15]]], [[[94.47, 15.94], [94.41, 15.84], [94.38, 15.99], [94.60, 16.20], [94.56, 16.01], [94.47, 15.94]]], [[[97.57, 16.25], [97.48, 16.30], [97.46, 16.46], [97.54, 16.50], [97.59, 16.42], [97.57, 16.25]]], [[[93.69, 18.68], [93.56, 18.75], [93.48, 18.86], [93.74, 18.86], [93.69, 18.68]]], [[[93.49, 19.89], [93.51, 19.75], [93.44, 19.80], [93.41, 19.95], [93.49, 19.89]]], [[[93.71, 19.55], [93.94, 19.42], [93.90, 19.33], [93.75, 19.32], [93.73, 19.41], [93.64, 19.49], [93.71, 19.55]]], [[[98.54, 10.96], [98.47, 10.97], [98.52, 11.08], [98.54, 10.96]]], [[[98.07, 11.69], [98.08, 11.63], [98.02, 11.69], [98.01, 11.86], [98.07, 11.69]]], [[[98.06, 12.38], [98.00, 12.27], [97.93, 12.34], [97.99, 12.39], [98.06, 12.38]]], [[[98.31, 13.09], [98.30, 12.93], [98.25, 13.01], [98.26, 13.20], [98.31, 13.09]]], [[[94.80, 15.81], [94.73, 15.82], [94.82, 15.93], [94.83, 15.89], [94.80, 15.81]]], [[[93.01, 19.92], [93.02, 19.82], [92.91, 19.99], [92.91, 20.08], [93.01, 19.92]]]]}}, {"type": "Feature", "properties": {}, "geometry": {"type": "Polygon", "coordinates": [[[30.55, -2.40], [30.42, -2.64], [30.47, -2.69], [30.43, -2.87], [30.78, -2.98], [30.79, -3.27], [30.62, -3.34], [30.63, -3.41], [30.42, -3.58], [30.14, -4.08], [29.94, -4.30], [29.71, -4.45], [29.40, -4.44], [29.33, -4.09], [29.21, -3.83], [29.22, -3.05], [29.01, -2.79], [29.06, -2.60], [29.29, -2.67], [29.39, -2.80], [29.69, -2.79], [29.86, -2.71], [29.93, -2.33], [30.11, -2.41], [30.40, -2.31], [30.55, -2.40]]]}}, {"type": "Feature", "properties": {}, "geometry": {"type": "Polygon", "coordinates": [[[0.90, 10.99], [0.49, 10.95], [0.48, 10.99], [-0.29, 11.16], [-0.34, 11.08], [-0.43, 11.09], [-0.62, 10.92], [-0.70, 10.98], [-1.04, 11.01], [-2.82, 10.99], [-2.91, 10.59], [-2.78, 10.40], [-2.82, 10.36], [-2.76, 10.23], [-2.78, 9.74], [-2.69, 9.48], [-2.76, 9.42], [-2.81, 9.42], [-2.98, 9.68], [-3.22, 9.89], [-3.79, 9.91], [-4.26, 9.74], [-4.33, 9.64], [-4.52, 9.72], [-4.62, 9.71], [-4.96, 9.93], [-5.09, 10.24], [-5.26, 10.31], [-5.38, 10.31], [-5.52, 10.42], [-5.45, 10.77], [-5.49, 11.04], [-5.34, 11.13], [-5.25, 11.37], [-5.22, 11.52], [-5.28, 11.82], [-5.10, 11.96], [-4.69, 12.07], [-4.42, 12.33], [-4.42, 12.58], [-4.48, 12.67], [-4.22, 12.79], [-4.32, 13.11], [-4.15, 13.30], [-3.94, 13.40], [-3.52, 13.18], [-3.30, 13.28], [-3.24, 13.65], [-2.95, 13.64], [-2.87, 13.95], [-2.58, 14.22], [-2.45, 14.27], [-2.11, 14.16], [-2.05, 14.19], [-1.97, 14.45], [-1.69, 14.50], [-1.04, 14.81], [-0.76, 15.04], [-0.66, 15.06], [-0.53, 15.07], [-0.40, 15.01], [-0.23, 15.05], [0.21, 14.91], [0.16, 14.49], [0.38, 14.24], [0.35, 14.13], [0.42, 13.97], [0.61, 13.70], [0.89, 13.61], [1.01, 13.46], [1.20, 13.35], [0.98, 13.36], [0.98, 13.04], [1.56, 12.63], [1.78, 12.61], [1.95, 12.70], [2.07, 12.71], [2.21, 12.53], [2.22, 12.42], [2.05, 12.35], [2.38, 11.89], [2.28, 11.69], [1.98, 11.41], [1.85, 11.44], [1.6, 11.40], [1.56, 11.44], [1.42, 11.44], [1.31, 11.29], [1.14, 11.25], [1.08, 11.07], [0.98, 11.07], [0.90, 10.99]]]}}, {"type": "Feature", "properties": {}, "geometry": {"type": "Polygon", "coordinates": [[[28.01, 41.96], [27.87, 41.98], [27.53, 41.92], [27.24, 42.09], [26.61, 41.96], [26.51, 41.82], [26.36, 41.80], [26.32, 41.71], [26.10, 41.72], [26.06, 41.67], [26.14, 41.52], [26.13, 41.38], [25.92, 41.31], [25.78, 41.33], [25.25, 41.24], [24.99, 41.36], [24.84, 41.39], [24.77, 41.35], [24.59, 41.44], [24.48, 41.55], [24.05, 41.52], [24.01, 41.46], [23.63, 41.38], [23.23, 41.38], [23.15, 41.32], [22.91, 41.33], [23.00, 41.73], [22.94, 41.77], [22.83, 41.99], [22.58, 42.10], [22.34, 42.31], [22.42, 42.32], [22.52, 42.44], [22.43, 42.62], [22.46, 42.84], [22.70, 42.88], [22.94, 43.09], [22.97, 43.18], [22.49, 43.51], [22.36, 43.78], [22.39, 43.96], [22.59, 44.07], [22.62, 44.19], [22.70, 44.23], [23.02, 44.07], [22.86, 43.94], [22.86, 43.86], [22.91, 43.83], [23.22, 43.87], [25.49, 43.67], [25.81, 43.76], [26.21, 44.00], [27.08, 44.16], [27.42, 44.02], [27.73, 43.95], [27.88, 43.98], [28.05, 43.82], [28.22, 43.77], [28.58, 43.74], [28.56, 43.50], [28.46, 43.38], [28.31, 43.42], [28.13, 43.39], [27.92, 43.18], [27.88, 42.74], [27.75, 42.70], [27.48, 42.46], [27.70, 42.34], [28.01, 41.96]]]}}, {"type": "Feature", "properties": {}, "geometry": {"type": "MultiPolygon", "coordinates": [[[[115.14, 4.89], [115.26, 4.63], [115.32, 4.38], [115.29, 4.35], [115.10, 4.39], [115.05, 4.58], [115.02, 4.89], [115.14, 4.89]]], [[[115.02, 4.89], [114.74, 4.71], [114.84, 4.39], [114.77, 4.16], [114.65, 4.03], [114.57, 4.04], [114.41, 4.25], [114.32, 4.26], [114.22, 4.47], [114.06, 4.59], [114.42, 4.66], [114.99, 5.02], [115.04, 5.01], [115.02, 4.89]]]]}}, {"type": "Feature", "properties": {}, "geometry": {"type": "MultiPolygon", "coordinates": [[[[-66.87, 1.22], [-66.34, 0.76], [-66.06, 0.78], [-65.68, 0.98], [-65.56, 0.92], [-65.52, 0.84], [-65.55, 0.68], [-65.47, 0.69], [-65.36, 0.86], [-65.10, 1.10], [-64.81, 1.25], [-64.73, 1.25], [-64.48, 1.45], [-64.30, 1.45], [-64.20, 1.52], [-64.11, 1.61], [-64.00, 1.93], [-63.43, 2.15], [-63.38, 2.41], [-63.92, 2.45], [-64.04, 2.50], [-64.00, 2.67], [-64.21, 3.20], [-64.22, 3.58], [-64.66, 4.01], [-64.81, 4.23], [-64.78, 4.27], [-64.72, 4.27], [-64.57, 4.13], [-64.19, 4.12], [-64.02, 3.92], [-63.65, 3.94], [-63.52, 3.89], [-63.33, 3.94], [-62.96, 3.59], [-62.85, 3.59], [-62.76, 3.67], [-62.71, 4.01], [-62.41, 4.15], [-62.15, 4.09], [-61.82, 4.19], [-61.55, 4.28], [-61.47, 4.40], [-61.28, 4.51], [-61.00, 4.53], [-60.90, 4.68], [-60.62, 4.89], [-60.63, 5.08], [-60.74, 5.20], [-60.65, 5.22], [-60.45, 5.18], [-60.24, 5.25], [-60.14, 5.23], [-59.99, 5.08], [-60.03, 4.74], [-60.14, 4.53], [-59.83, 4.47], [-59.70, 4.38], [-59.73, 4.22], [-59.55, 3.93], [-59.67, 3.69], [-59.85, 3.58], [-59.83, 3.34], [-59.97, 2.99], [-59.99, 2.68], [-59.88, 2.36], [-59.75, 2.27], [-59.75, 1.90], [-59.66, 1.84], [-59.66, 1.74], [-59.53, 1.7], [-59.23, 1.37], [-58.96, 1.30], [-58.86, 1.20], [-58.68, 1.28], [-58.51, 1.28], [-58.50, 1.43], [-58.39, 1.48], [-58.34, 1.58], [-58.03, 1.52], [-57.98, 1.64], [-57.59, 1.70], [-57.36, 1.94], [-57.11, 2.01], [-57.01, 1.92], [-56.83, 1.88], [-56.48, 1.94], [-55.96, 1.85], [-55.91, 2.03], [-56.13, 2.25], [-55.95, 2.52], [-55.73, 2.40], [-55.38, 2.44], [-55.34, 2.48], [-54.97, 2.59], [-54.87, 2.45], [-54.72, 2.44], [-54.66, 2.32], [-54.13, 2.12], [-53.76, 2.35], [-53.73, 2.30], [-53.50, 2.25], [-53.33, 2.33], [-53.22, 2.20], [-52.96, 2.18], [-52.65, 2.42], [-52.32, 3.18], [-52.16, 3.36], [-51.99, 3.70], [-51.76, 3.99], [-51.65, 4.06], [-51.54, 4.31], [-51.46, 4.31], [-51.21, 4.09], [-51.07, 3.67], [-50.99, 3.07], [-50.67, 2.21], [-50.71, 2.13], [-50.60, 2.10], [-50.45, 1.82], [-50.18, 1.78], [-49.95, 1.65], [-49.88, 1.41], [-49.89, 1.16], [-50.29, 0.83], [-50.75, 0.22], [-50.96, 0.13], [-51.10, -0.03], [-51.28, -0.08], [-51.40, -0.39], [-51.70, -0.76], [-51.72, -1.01], [-51.92, -1.18], [-51.98, -1.36], [-52.02, -1.39], [-52.22, -1.36], [-52.66, -1.55], [-52.31, -1.55], [-52.19, -1.64], [-51.94, -1.58], [-51.29, -1.22], [-50.89, -0.93], [-50.83, -1.03], [-50.91, -1.11], [-50.84, -1.22], [-50.78, -1.48], [-50.67, -1.64], [-50.69, -1.76], [-50.40, -2.01], [-49.99, -1.83], [-49.71, -1.92], [-49.31, -1.73], [-49.55, -2.51], [-49.63, -2.65], [-49.45, -2.50], [-49.21, -1.91], [-48.99, -1.82], [-48.71, -1.48], [-48.6, -1.48], [-48.46, -1.61], [-48.44, -1.52], [-48.34, -1.48], [-48.46, -1.39], [-48.47, -1.32], [-48.40, -1.22], [-48.44, -1.14], [-48.30, -1.03], [-48.31, -0.96], [-48.11, -0.73], [-48.03, -0.70], [-47.96, -0.76], [-47.80, -0.66], [-47.68, -0.72], [-47.55, -0.66], [-47.41, -0.76], [-47.43, -0.64], [-47.26, -0.64], [-47.12, -0.74], [-46.81, -0.77], [-46.61, -0.97], [-46.21, -1.03], [-46.21, -1.09], [-46.04, -1.10], [-45.97, -1.18], [-45.64, -1.34], [-45.45, -1.35], [-45.32, -1.71], [-45.18, -1.50], [-45.07, -1.46], [-44.78, -1.72], [-44.72, -1.73], [-44.77, -1.79], [-44.65, -1.74], [-44.53, -2.05], [-44.65, -2.22], [-44.75, -2.26], [-44.66, -2.37], [-44.57, -2.23], [-44.43, -2.16], [-44.38, -2.36], [-44.52, -2.40], [-44.58, -2.57], [-44.72, -3.20], [-44.43, -2.94], [-44.30, -2.53], [-44.22, -2.47], [-44.10, -2.49], [-44.11, -2.59], [-44.22, -2.75], [-44.19, -2.80], [-43.93, -2.58], [-43.86, -2.59], [-43.72, -2.51], [-43.45, -2.50], [-43.38, -2.37], [-42.93, -2.46], [-42.24, -2.79], [-41.99, -2.80], [-41.87, -2.74], [-41.47, -2.91], [-41.31, -2.93], [-40.47, -2.79], [-39.96, -2.86], [-39.01, -3.39], [-38.68, -3.65], [-38.47, -3.71], [-38.04, -4.21], [-37.62, -4.59], [-37.30, -4.71], [-37.17, -4.91], [-36.95, -4.93], [-36.59, -5.09], [-35.97, -5.05], [-35.54, -5.12], [-35.39, -5.25], [-35.23, -5.56], [-35.09, -6.18], [-34.98, -6.39], [-34.80, -7.28], [-34.87, -7.74], [-34.83, -7.97], [-34.96, -8.40], [-35.15, -8.93], [-35.59, -9.54], [-35.76, -9.70], [-35.89, -9.68], [-35.84, -9.77], [-35.88, -9.84], [-36.39, -10.48], [-36.76, -10.67], [-36.93, -10.82], [-37.09, -11.05], [-37.18, -11.06], [-37.18, -11.18], [-37.35, -11.40], [-37.32, -11.21], [-37.35, -11.25], [-37.43, -11.39], [-37.41, -11.49], [-37.46, -11.65], [-37.68, -12.1], [-38.23, -12.84], [-38.40, -12.96], [-38.49, -12.95], [-38.52, -12.76], [-38.69, -12.62], [-38.74, -12.74], [-38.85, -12.79], [-38.76, -12.90], [-38.83, -13.03], [-38.83, -13.14], [-39.03, -13.36], [-39.08, -13.58], [-39.03, -13.55], [-38.98, -13.61], [-39.04, -13.75], [-39.04, -14.04], [-39.00, -14.10], [-38.96, -14.00], [-38.94, -14.03], [-39.05, -14.65], [-38.88, -15.86], [-39.20, -17.17], [-39.15, -17.70], [-39.48, -17.99], [-39.65, -18.25], [-39.73, -18.63], [-39.69, -19.27], [-39.78, -19.57], [-40.00, -19.74], [-40.14, -19.96], [-40.20, -20.20], [-40.29, -20.29], [-40.39, -20.56], [-40.59, -20.78], [-40.78, -20.90], [-40.95, -21.23], [-41.04, -21.50], [-41.00, -21.99], [-41.70, -22.30], [-41.98, -22.58], [-41.98, -22.73], [-41.94, -22.78], [-42.04, -22.94], [-42.95, -22.96], [-43.08, -22.90], [-43.06, -22.77], [-43.08, -22.72], [-43.15, -22.72], [-43.24, -22.79], [-43.19, -22.93], [-43.22, -22.99], [-43.89, -23.10], [-43.97, -23.05], [-43.67, -23.00], [-43.86, -22.91], [-44.14, -23.01], [-44.63, -23.05], [-44.68, -23.10], [-44.67, -23.20], [-44.56, -23.27], [-44.66, -23.33], [-44.95, -23.38], [-45.21, -23.57], [-45.32, -23.59], [-45.42, -23.68], [-45.46, -23.80], [-45.66, -23.76], [-45.97, -23.79], [-46.86, -24.23], [-47.13, -24.49], [-47.98, -25.03], [-47.90, -25.06], [-47.92, -25.16], [-48.20, -25.41], [-48.24, -25.40], [-48.18, -25.30], [-48.40, -25.27], [-48.45, -25.31], [-48.42, -25.40], [-48.47, -25.44], [-48.64, -25.43], [-48.73, -25.36], [-48.69, -25.49], [-48.50, -25.52], [-48.40, -25.59], [-48.54, -25.81], [-48.66, -25.84], [-48.67, -25.87], [-48.61, -25.87], [-48.57, -25.93], [-48.61, -26.17], [-48.74, -26.26], [-48.65, -26.40], [-48.67, -26.70], [-48.55, -27.19], [-48.64, -27.55], [-48.62, -28.07], [-48.69, -28.31], [-48.79, -28.44], [-48.79, -28.57], [-49.27, -28.87], [-49.74, -29.36], [-50.03, -29.80], [-50.29, -30.42], [-50.92, -31.25], [-51.15, -31.48], [-51.79, -31.90], [-52.03, -32.11], [-52.06, -31.83], [-51.89, -31.86], [-51.68, -31.77], [-51.44, -31.55], [-51.27, -31.47], [-51.17, -31.33], [-51.16, -31.11], [-50.98, -31.09], [-50.94, -30.90], [-50.77, -30.81], [-50.68, -30.70], [-50.71, -30.42], [-50.58, -30.43], [-50.56, -30.25], [-50.64, -30.23], [-50.93, -30.37], [-51.02, -30.36], [-51.04, -30.26], [-51.17, -30.21], [-51.29, -30.03], [-51.28, -30.24], [-51.15, -30.36], [-51.28, -30.59], [-51.28, -30.75], [-51.35, -30.67], [-51.37, -30.84], [-51.45, -30.91], [-51.50, -31.10], [-51.97, -31.38], [-52.02, -31.59], [-52.11, -31.69], [-52.19, -31.88], [-52.12, -32.16], [-52.34, -32.43], [-52.65, -33.13], [-53.37, -33.74], [-53.53, -33.65], [-53.53, -33.17], [-53.48, -33.06], [-53.12, -32.73], [-53.23, -32.62], [-53.60, -32.40], [-53.76, -32.05], [-53.92, -31.95], [-54.22, -31.85], [-54.58, -31.48], [-54.89, -31.39], [-55.03, -31.27], [-55.09, -31.31], [-55.17, -31.27], [-55.60, -30.85], [-55.80, -31.03], [-56.00, -31.07], [-55.99, -30.83], [-56.04, -30.77], [-56.83, -30.10], [-57.12, -30.14], [-57.21, -30.28], [-57.55, -30.26], [-57.60, -30.18], [-57.40, -30.03], [-57.22, -29.78], [-56.93, -29.59], [-56.63, -29.20], [-56.39, -28.99], [-56.22, -28.73], [-55.90, -28.44], [-55.89, -28.37], [-55.68, -28.38], [-55.74, -28.25], [-55.72, -28.20], [-55.47, -28.08], [-55.24, -27.89], [-55.10, -27.86], [-55.03, -27.76], [-54.91, -27.70], [-54.82, -27.55], [-54.32, -27.42], [-54.15, -27.25], [-54.11, -27.27], [-53.83, -27.12], [-53.71, -26.88], [-53.75, -26.74], [-53.67, -26.22], [-53.82, -25.95], [-53.89, -25.66], [-54.01, -25.57], [-54.15, -25.52], [-54.44, -25.62], [-54.61, -25.57], [-54.61, -25.43], [-54.43, -25.12], [-54.28, -24.30], [-54.31, -24.12], [-54.24, -24.04], [-54.62, -23.81], [-54.98, -23.97], [-55.19, -24.01], [-55.41, -23.95], [-55.45, -23.68], [-55.53, -23.58], [-55.51, -23.41], [-55.65, -22.88], [-55.61, -22.67], [-55.70, -22.59], [-55.79, -22.35], [-55.84, -22.30], [-56.24, -22.26], [-56.44, -22.07], [-56.63, -22.23], [-56.93, -22.27], [-57.23, -22.19], [-57.56, -22.18], [-57.72, -22.09], [-57.87, -22.13], [-57.98, -22.04], [-57.91, -21.69], [-57.94, -21.49], [-57.87, -21.35], [-57.83, -20.99], [-57.90, -20.87], [-57.91, -20.69], [-57.97, -20.65], [-58.00, -20.46], [-58.15, -20.16], [-57.86, -19.97], [-58.13, -19.74], [-57.80, -19.08], [-57.71, -19.04], [-57.73, -18.91], [-57.78, -18.91], [-57.57, -18.27], [-57.49, -18.21], [-57.58, -18.12], [-57.83, -17.51], [-57.99, -17.51], [-58.39, -17.23], [-58.47, -16.70], [-58.35, -16.49], [-58.34, -16.28], [-58.53, -16.32], [-60.17, -16.26], [-60.24, -15.47], [-60.58, -15.09], [-60.27, -15.08], [-60.29, -14.61], [-60.47, -14.18], [-60.40, -14.01], [-60.50, -13.78], [-61.07, -13.48], [-61.78, -13.52], [-62.09, -13.24], [-62.11, -13.15], [-62.35, -13.13], [-62.76, -12.99], [-63.01, -12.80], [-63.06, -12.66], [-63.24, -12.70], [-63.34, -12.68], [-63.68, -12.47], [-63.93, -12.52], [-64.42, -12.43], [-64.51, -12.25], [-64.82, -12.03], [-64.99, -11.97], [-65.09, -11.74], [-65.18, -11.74], [-65.17, -11.64], [-65.32, -11.43], [-65.38, -11.24], [-65.32, -11.02], [-65.44, -10.50], [-65.29, -10.14], [-65.30, -9.87], [-65.39, -9.71], [-65.55, -9.79], [-65.92, -9.78], [-66.57, -9.89], [-67.11, -10.26], [-67.41, -10.38], [-67.58, -10.50], [-67.72, -10.68], [-68.07, -10.70], [-68.31, -10.97], [-68.62, -11.10], [-68.72, -11.12], [-68.84, -11.01], [-69.22, -10.95], [-69.96, -10.92], [-70.34, -11.06], [-70.53, -10.94], [-70.64, -11.01], [-70.63, -9.82], [-70.56, -9.70], [-70.59, -9.54], [-70.54, -9.43], [-71.23, -9.96], [-72.18, -10.00], [-72.17, -9.84], [-72.25, -9.77], [-72.31, -9.55], [-72.37, -9.51], [-72.81, -9.41], [-73.20, -9.41], [-72.97, -9.12], [-72.97, -8.99], [-73.30, -8.65], [-73.36, -8.47], [-73.54, -8.34], [-73.64, -8.07], [-73.77, -7.93], [-73.72, -7.78], [-74.00, -7.55], [-73.95, -7.50], [-73.96, -7.37], [-73.72, -7.30], [-73.80, -7.07], [-73.75, -6.90], [-73.49, -6.67], [-73.24, -6.56], [-73.13, -6.46], [-73.13, -6.34], [-73.23, -6.09], [-72.97, -5.63], [-72.88, -5.12], [-72.69, -5.06], [-72.35, -4.78], [-71.84, -4.50], [-70.97, -4.35], [-70.79, -4.17], [-70.40, -4.15], [-70.23, -4.30], [-70.12, -4.28], [-70.05, -4.33], [-69.97, -4.30], [-69.40, -1.19], [-69.44, -0.99], [-69.54, -0.91], [-69.61, -0.76], [-69.59, -0.63], [-69.63, -0.50], [-69.92, -0.31], [-70.07, -0.13], [-70.05, 0.57], [-69.80, 0.60], [-69.47, 0.72], [-69.28, 0.62], [-69.15, 0.65], [-69.16, 0.86], [-69.31, 1.05], [-69.85, 1.05], [-69.84, 1.70], [-69.54, 1.77], [-69.31, 1.72], [-68.17, 1.71], [-68.25, 1.84], [-68.19, 1.98], [-68.03, 1.78], [-67.93, 1.74], [-67.81, 1.79], [-67.55, 2.07], [-67.40, 2.11], [-67.11, 1.70], [-67.08, 1.18], [-66.87, 1.22]]], [[[-49.62, -0.22], [-49.11, -0.16], [-48.39, -0.29], [-48.49, -0.66], [-48.56, -0.68], [-48.57, -0.89], [-48.70, -1.10], [-48.83, -1.22], [-48.80, -1.32], [-48.83, -1.39], [-49.03, -1.51], [-49.17, -1.41], [-49.23, -1.59], [-49.50, -1.51], [-49.58, -1.71], [-49.80, -1.79], [-50.06, -1.70], [-50.10, -1.74], [-50.50, -1.78], [-50.60, -1.69], [-50.75, -1.24], [-50.72, -1.12], [-50.59, -1.14], [-50.57, -1.10], [-50.70, -1.07], [-50.78, -1.01], [-50.79, -0.90], [-50.77, -0.64], [-50.64, -0.27], [-50.46, -0.15], [-50.24, -0.11], [-49.62, -0.22]]], [[[-44.12, -23.14], [-44.09, -23.16], [-44.32, -23.21], [-44.36, -23.17], [-44.24, -23.07], [-44.12, -23.14]]], [[[-48.58, -26.40], [-48.66, -26.28], [-48.53, -26.17], [-48.49, -26.21], [-48.58, -26.40]]], [[[-45.26, -23.88], [-45.26, -23.94], [-45.45, -23.89], [-45.30, -23.72], [-45.23, -23.82], [-45.26, -23.88]]], [[[-44.49, -2.93], [-44.59, -3.03], [-44.56, -2.78], [-44.48, -2.71], [-44.49, -2.93]]], [[[-38.74, -13.09], [-38.78, -13.11], [-38.78, -13.05], [-38.68, -12.97], [-38.66, -12.88], [-38.60, -12.99], [-38.74, -13.09]]], [[[-38.90, -13.47], [-38.97, -13.52], [-39.02, -13.44], [-38.90, -13.40], [-38.90, -13.47]]], [[[-44.88, -1.31], [-44.96, -1.39], [-45.02, -1.37], [-44.97, -1.26], [-44.88, -1.27], [-44.88, -1.31]]], [[[-49.73, 0.26], [-49.69, 0.21], [-49.83, 0.00], [-49.91, -0.02], [-50.33, 0.04], [-50.34, 0.13], [-50.27, 0.23], [-50.12, 0.22], [-49.87, 0.30], [-49.73, 0.26]]], [[[-50.29, 1.93], [-50.45, 1.91], [-50.50, 2.02], [-50.49, 2.12], [-50.34, 2.14], [-50.29, 1.93]]], [[[-50.65, -0.13], [-50.92, -0.32], [-51.03, -0.22], [-50.99, -0.10], [-50.84, -0.05], [-50.66, -0.05], [-50.65, -0.13]]], [[[-49.44, -0.11], [-49.70, -0.14], [-49.83, -0.09], [-49.71, 0.01], [-49.50, 0.08], [-49.40, 0.05], [-49.37, 0.00], [-49.44, -0.11]]], [[[-50.42, 0.13], [-50.44, -0.00], [-50.62, 0.05], [-50.61, 0.20], [-50.45, 0.32], [-50.42, 0.55], [-50.37, 0.59], [-50.33, 0.25], [-50.42, 0.13]]], [[[-50.15, 0.39], [-50.26, 0.35], [-50.28, 0.51], [-50.25, 0.58], [-50.05, 0.63], [-50.04, 0.52], [-50.15, 0.39]]], [[[-51.83, -1.43], [-51.93, -1.45], [-51.80, -1.20], [-51.68, -1.08], [-51.67, -0.85], [-51.54, -0.64], [-51.42, -0.56], [-51.25, -0.54], [-51.16, -0.66], [-51.27, -1.02], [-51.63, -1.34], [-51.83, -1.43]]], [[[-48.48, -27.76], [-48.55, -27.81], [-48.54, -27.57], [-48.41, -27.39], [-48.37, -27.45], [-48.48, -27.76]]]]}}, {"type": "Feature", "properties": {}, "geometry": {"type": "Polygon", "coordinates": [[[25.25, -17.79], [25.24, -17.96], [25.93, -18.93], [25.95, -19.08], [26.16, -19.53], [26.67, -19.89], [27.17, -20.10], [27.25, -20.23], [27.28, -20.47], [27.62, -20.48], [27.69, -20.53], [27.66, -21.06], [28.01, -21.55], [29.02, -21.79], [29.04, -22.01], [29.23, -22.07], [29.36, -22.19], [29.12, -22.21], [29.01, -22.27], [28.83, -22.48], [28.38, -22.59], [28.21, -22.69], [27.75, -23.19], [27.64, -23.21], [27.49, -23.36], [27.31, -23.42], [27.08, -23.57], [26.98, -23.70], [26.83, -24.24], [26.39, -24.61], [25.91, -24.74], [25.58, -25.60], [25.44, -25.71], [24.74, -25.81], [24.33, -25.74], [24.19, -25.63], [23.89, -25.60], [23.38, -25.29], [23.14, -25.28], [23.02, -25.32], [22.87, -25.45], [22.59, -26.13], [22.21, -26.38], [22.09, -26.58], [21.78, -26.71], [21.69, -26.84], [20.68, -26.82], [20.64, -26.74], [20.62, -26.44], [20.81, -26.16], [20.79, -25.91], [20.43, -25.14], [20.34, -25.02], [19.98, -24.77], [19.97, -22.00], [20.97, -22.00], [20.97, -18.31], [23.21, -17.99], [23.29, -18.02], [23.59, -18.45], [24.24, -18.02], [24.35, -17.97], [24.53, -18.05], [24.90, -17.82], [25.25, -17.79]]]}}, {"type": "Feature", "properties": {}, "geometry": {"type": "Polygon", "coordinates": [[[19.34, 44.88], [19.29, 44.69], [19.15, 44.52], [19.11, 44.35], [19.58, 44.04], [19.54, 43.98], [19.24, 43.96], [19.48, 43.70], [19.47, 43.59], [18.95, 43.52], [19.02, 43.29], [18.85, 43.34], [18.67, 43.23], [18.62, 43.02], [18.44, 42.96], [18.46, 42.77], [18.54, 42.64], [18.43, 42.55], [18.12, 42.69], [17.80, 42.90], [17.58, 42.93], [17.65, 43.00], [17.29, 43.30], [17.27, 43.44], [17.08, 43.51], [16.30, 44.12], [16.21, 44.21], [16.10, 44.52], [15.73, 44.76], [15.82, 45.20], [16.02, 45.18], [16.29, 45.00], [16.53, 45.21], [16.79, 45.19], [16.91, 45.27], [17.12, 45.17], [17.50, 45.12], [17.65, 45.16], [17.81, 45.07], [17.99, 45.14], [18.66, 45.07], [18.83, 44.88], [19.23, 44.91], [19.34, 44.88]]]}}, {"type": "Feature", "properties": {}, "geometry": {"type": "Polygon", "coordinates": [[[-69.51, -17.50], [-69.52, -17.38], [-69.64, -17.24], [-69.62, -17.20], [-69.43, -17.08], [-69.19, -16.76], [-69.02, -16.64], [-69.03, -16.47], [-68.84, -16.33], [-68.91, -16.26], [-69.13, -16.22], [-69.21, -16.14], [-69.42, -15.64], [-69.17, -15.23], [-69.37, -14.96], [-69.35, -14.79], [-69.27, -14.74], [-69.23, -14.59], [-69.01, -14.37], [-69.00, -14.26], [-68.87, -14.16], [-69.07, -13.68], [-68.98, -13.49], [-68.97, -12.88], [-68.75, -12.68], [-68.76, -12.60], [-68.68, -12.50], [-69.57, -10.95], [-68.84, -11.01], [-68.72, -11.12], [-68.62, -11.10], [-68.31, -10.97], [-68.07, -10.70], [-67.72, -10.68], [-67.58, -10.50], [-67.41, -10.38], [-67.11, -10.26], [-66.57, -9.89], [-65.92, -9.78], [-65.55, -9.79], [-65.39, -9.71], [-65.30, -9.87], [-65.29, -10.14], [-65.44, -10.50], [-65.32, -11.02], [-65.38, -11.24], [-65.32, -11.43], [-65.17, -11.64], [-65.18, -11.74], [-65.09, -11.74], [-64.99, -11.97], [-64.82, -12.03], [-64.51, -12.25], [-64.42, -12.43], [-63.93, -12.52], [-63.68, -12.47], [-63.34, -12.68], [-63.24, -12.70], [-63.06, -12.66], [-63.01, -12.80], [-62.76, -12.99], [-62.35, -13.13], [-62.11, -13.15], [-62.09, -13.24], [-61.78, -13.52], [-61.07, -13.48], [-60.50, -13.78], [-60.40, -14.01], [-60.47, -14.18], [-60.29, -14.61], [-60.27, -15.08], [-60.58, -15.09], [-60.24, -15.47], [-60.17, -16.26], [-58.53, -16.32], [-58.34, -16.28], [-58.35, -16.49], [-58.47, -16.70], [-58.39, -17.23], [-57.99, -17.51], [-57.83, -17.51], [-57.58, -18.12], [-57.49, -18.21], [-57.57, -18.27], [-57.78, -18.91], [-57.73, -18.91], [-57.71, -19.04], [-57.80, -19.08], [-58.13, -19.74], [-57.86, -19.97], [-58.02, -20.05], [-58.09, -20.15], [-58.15, -20.16], [-58.18, -19.81], [-59.09, -19.28], [-60.00, -19.29], [-61.75, -19.64], [-61.91, -20.05], [-62.27, -20.56], [-62.27, -21.06], [-62.65, -22.23], [-62.84, -21.99], [-63.92, -22.02], [-64.26, -22.60], [-64.32, -22.82], [-64.60, -22.22], [-64.99, -22.10], [-65.77, -22.09], [-66.09, -21.83], [-66.22, -21.80], [-66.36, -22.11], [-66.71, -22.21], [-66.80, -22.40], [-67.03, -22.55], [-67.05, -22.65], [-67.19, -22.82], [-67.70, -22.88], [-67.87, -22.82], [-67.88, -22.49], [-67.98, -22.05], [-68.07, -21.98], [-68.11, -21.75], [-68.18, -21.61], [-68.19, -21.30], [-68.43, -20.94], [-68.55, -20.90], [-68.56, -20.72], [-68.48, -20.62], [-68.76, -20.41], [-68.68, -20.31], [-68.75, -20.09], [-68.60, -20.04], [-68.56, -19.96], [-68.57, -19.85], [-68.69, -19.72], [-68.47, -19.40], [-68.96, -18.96], [-69.14, -18.14], [-69.09, -18.05], [-69.31, -17.94], [-69.35, -17.77], [-69.49, -17.61], [-69.51, -17.50]]]}}, {"type": "Feature", "properties": {}, "geometry": {"type": "Polygon", "coordinates": [[[91.63, 27.75], [91.59, 27.55], [91.74, 27.44], [91.99, 27.45], [92.08, 27.29], [91.99, 27.09], [92.06, 26.97], [92.04, 26.87], [91.67, 26.80], [91.51, 26.80], [91.42, 26.86], [91.28, 26.78], [90.73, 26.77], [90.34, 26.89], [90.20, 26.84], [90.12, 26.75], [89.76, 26.70], [89.60, 26.71], [89.58, 26.77], [89.33, 26.84], [89.14, 26.81], [89.04, 26.86], [88.85, 26.96], [88.83, 27.06], [88.73, 27.17], [88.88, 27.29], [88.94, 27.46], [89.48, 28.05], [89.98, 28.31], [90.34, 28.24], [90.35, 28.08], [90.71, 28.07], [91.02, 27.97], [91.27, 28.07], [91.64, 27.92], [91.63, 27.75]]]}}, {"type": "Feature", "properties": {}, "geometry": {"type": "Polygon", "coordinates": [[[1.62, 6.21], [1.61, 6.25], [1.77, 6.29], [1.74, 6.42], [1.59, 6.61], [1.58, 6.87], [1.53, 6.99], [1.62, 6.99], [1.60, 9.05], [1.38, 9.36], [1.33, 9.99], [0.77, 10.35], [0.78, 10.71], [0.90, 10.99], [0.98, 11.07], [1.08, 11.07], [1.14, 11.25], [1.31, 11.29], [1.42, 11.44], [1.56, 11.44], [1.6, 11.40], [1.85, 11.44], [1.98, 11.41], [2.23, 11.62], [2.36, 11.84], [2.41, 11.99], [2.36, 12.22], [2.80, 12.38], [2.87, 12.36], [3.29, 11.92], [3.44, 11.85], [3.59, 11.69], [3.49, 11.49], [3.48, 11.39], [3.71, 11.07], [3.75, 10.76], [3.83, 10.60], [3.77, 10.41], [3.64, 10.40], [3.57, 10.29], [3.64, 10.16], [3.55, 9.90], [3.35, 9.81], [3.32, 9.66], [3.13, 9.45], [3.14, 9.32], [3.04, 9.08], [2.77, 9.04], [2.68, 7.87], [2.71, 7.61], [2.78, 7.47], [2.72, 6.98], [2.77, 6.71], [2.70, 6.36], [1.62, 6.21]]]}}, {"type": "Feature", "properties": {}, "geometry": {"type": "MultiPolygon", "coordinates": [[[[-89.16, 17.81], [-89.13, 17.97], [-89.05, 17.99], [-88.89, 17.91], [-88.80, 17.96], [-88.52, 18.44], [-88.29, 18.47], [-88.34, 18.35], [-88.13, 18.35], [-88.09, 18.12], [-88.27, 17.60], [-88.20, 17.51], [-88.28, 17.31], [-88.26, 16.96], [-88.31, 16.63], [-88.56, 16.29], [-88.69, 16.24], [-88.87, 16.01], [-88.89, 15.89], [-89.23, 15.89], [-89.16, 17.81]]], [[[-87.95, 17.92], [-87.99, 17.90], [-87.89, 18.15], [-87.85, 18.15], [-87.95, 17.92]]], [[[-87.85, 17.42], [-87.92, 17.28], [-87.82, 17.54], [-87.79, 17.47], [-87.85, 17.42]]]]}}, {"type": "Feature", "properties": {}, "geometry": {"type": "Polygon", "coordinates": [[[4.22, 51.38], [4.37, 51.35], [4.38, 51.42], [4.50, 51.47], [4.63, 51.42], [4.75, 51.49], [4.84, 51.40], [5.03, 51.46], [5.09, 51.34], [5.21, 51.27], [5.47, 51.28], [5.82, 51.12], [5.75, 50.95], [5.63, 50.84], [5.74, 50.75], [5.99, 50.75], [6.23, 50.59], [6.17, 50.52], [6.34, 50.45], [6.36, 50.31], [6.17, 50.23], [6.11, 50.12], [5.97, 50.16], [5.74, 49.91], [5.72, 49.80], [5.88, 49.64], [5.81, 49.55], [5.50, 49.51], [5.27, 49.67], [4.86, 49.78], [4.79, 49.95], [4.86, 50.13], [4.81, 50.15], [4.54, 49.96], [4.14, 49.97], [4.19, 50.09], [4.13, 50.14], [4.17, 50.24], [3.94, 50.33], [3.74, 50.34], [3.68, 50.30], [3.59, 50.47], [3.27, 50.53], [3.23, 50.66], [3.10, 50.77], [2.83, 50.71], [2.75, 50.75], [2.59, 50.87], [2.52, 51.09], [3.35, 51.37], [3.43, 51.24], [3.58, 51.28], [3.90, 51.20], [4.17, 51.30], [4.22, 51.38]]]}}, {"type": "Feature", "properties": {}, "geometry": {"type": "Polygon", "coordinates": [[[31.76, 52.10], [31.34, 52.10], [31.21, 52.05], [31.07, 52.07], [30.75, 51.89], [30.53, 51.59], [30.63, 51.35], [30.54, 51.26], [30.33, 51.32], [30.30, 51.39], [30.16, 51.47], [29.34, 51.38], [29.10, 51.62], [28.84, 51.54], [28.73, 51.43], [28.64, 51.45], [28.59, 51.54], [28.18, 51.60], [28.01, 51.55], [27.85, 51.59], [27.7, 51.47], [27.68, 51.57], [27.29, 51.59], [27.14, 51.75], [25.78, 51.92], [25.06, 51.93], [24.36, 51.86], [23.97, 51.59], [23.70, 51.64], [23.60, 51.61], [23.60, 51.51], [23.53, 51.61], [23.54, 51.71], [23.62, 51.80], [23.65, 52.04], [23.59, 52.10], [23.17, 52.28], [23.41, 52.51], [23.84, 52.66], [23.91, 52.77], [23.85, 53.11], [23.59, 53.59], [23.48, 53.93], [23.73, 53.91], [24.19, 53.95], [24.31, 53.89], [24.62, 53.97], [24.76, 53.97], [24.86, 54.14], [25.04, 54.13], [25.46, 54.29], [25.52, 54.21], [25.51, 54.15], [25.74, 54.15], [25.74, 54.25], [25.54, 54.33], [25.72, 54.56], [25.72, 54.71], [25.85, 54.91], [26.17, 55.00], [26.29, 55.13], [26.60, 55.13], [26.77, 55.27], [26.45, 55.34], [26.59, 55.66], [26.82, 55.70], [26.95, 55.81], [27.05, 55.83], [27.57, 55.79], [27.64, 55.91], [27.89, 56.07], [28.11, 56.14], [28.28, 56.05], [28.56, 56.09], [28.79, 55.94], [29.03, 56.02], [29.37, 55.93], [29.39, 55.88], [29.35, 55.78], [29.48, 55.68], [29.93, 55.84], [30.23, 55.84], [30.45, 55.78], [30.62, 55.66], [30.90, 55.57], [30.90, 55.39], [30.81, 55.30], [30.95, 55.13], [30.97, 55.05], [30.82, 54.91], [30.79, 54.78], [31.15, 54.62], [31.07, 54.49], [31.18, 54.45], [31.40, 54.19], [31.82, 54.03], [31.75, 53.81], [32.20, 53.78], [32.45, 53.69], [32.42, 53.61], [32.46, 53.54], [32.70, 53.41], [32.70, 53.33], [32.46, 53.27], [32.42, 53.21], [32.14, 53.09], [31.84, 53.10], [31.66, 53.20], [31.41, 53.19], [31.25, 53.01], [31.56, 52.75], [31.51, 52.69], [31.61, 52.54], [31.57, 52.31], [31.76, 52.10]]]}}, {"type": "Feature", "properties": {}, "geometry": {"type": "Polygon", "coordinates": [[[-59.49, 13.08], [-59.61, 13.10], [-59.64, 13.30], [-59.59, 13.31], [-59.42, 13.15], [-59.49, 13.08]]]}}, {"type": "Feature", "properties": {}, "geometry": {"type": "MultiPolygon", "coordinates": [[[[89.05, 22.09], [89.05, 22.27], [88.92, 22.63], [88.85, 23.04], [88.92, 23.18], [88.72, 23.25], [88.74, 23.43], [88.56, 23.67], [88.69, 24.00], [88.72, 24.27], [88.39, 24.38], [88.28, 24.47], [88.14, 24.48], [88.02, 24.62], [88.14, 24.91], [88.31, 24.88], [88.45, 25.18], [88.81, 25.17], [88.95, 25.25], [88.82, 25.36], [88.76, 25.49], [88.50, 25.53], [88.36, 25.69], [88.08, 25.88], [88.15, 26.08], [88.44, 26.36], [88.43, 26.43], [88.34, 26.50], [88.41, 26.57], [88.62, 26.43], [88.68, 26.29], [88.82, 26.25], [88.97, 26.25], [88.92, 26.37], [89.01, 26.41], [89.18, 26.10], [89.36, 26.00], [89.54, 26.00], [89.58, 26.18], [89.67, 26.21], [89.82, 25.94], [89.79, 25.37], [89.83, 25.29], [90.43, 25.15], [92.04, 25.16], [92.37, 25.01], [92.48, 24.90], [92.44, 24.84], [92.22, 24.88], [92.10, 24.40], [91.95, 24.35], [91.87, 24.19], [91.72, 24.20], [91.52, 24.09], [91.36, 24.09], [91.23, 23.92], [91.16, 23.66], [91.31, 23.10], [91.36, 23.07], [91.37, 23.19], [91.43, 23.19], [91.51, 23.03], [91.61, 22.97], [91.75, 23.05], [91.75, 23.28], [91.93, 23.50], [91.92, 23.68], [92.15, 23.72], [92.24, 23.68], [92.33, 23.32], [92.36, 22.92], [92.49, 22.68], [92.63, 21.30], [92.56, 21.26], [92.33, 21.43], [92.20, 21.35], [92.19, 21.20], [92.32, 20.79], [92.05, 21.17], [92.00, 21.68], [91.82, 22.22], [91.86, 22.35], [91.79, 22.29], [91.52, 22.70], [91.48, 22.88], [91.21, 22.64], [90.94, 22.59], [90.65, 23.02], [90.60, 23.59], [90.55, 23.42], [90.26, 23.45], [90.39, 23.36], [90.52, 23.34], [90.59, 23.26], [90.59, 23.13], [90.46, 23.05], [90.55, 22.90], [90.46, 22.88], [90.43, 22.75], [90.61, 22.36], [90.58, 22.25], [90.35, 22.04], [90.23, 21.82], [90.15, 21.81], [90.07, 21.88], [90.08, 22.01], [90.20, 22.15], [89.95, 22.02], [89.91, 22.11], [89.89, 22.30], [89.98, 22.46], [89.88, 22.38], [89.81, 21.98], [89.56, 21.76], [89.48, 22.27], [89.50, 21.91], [89.35, 21.72], [89.23, 21.72], [89.09, 21.87], [89.05, 22.09]]], [[[91.15, 22.17], [91.04, 22.10], [91.07, 22.51], [91.17, 22.28], [91.15, 22.17]]], [[[91.55, 22.38], [91.46, 22.37], [91.41, 22.47], [91.45, 22.61], [91.55, 22.38]]], [[[90.77, 22.08], [90.51, 22.06], [90.68, 22.32], [90.64, 22.54], [90.56, 22.61], [90.50, 22.83], [90.59, 22.86], [90.67, 22.81], [90.73, 22.63], [90.86, 22.48], [90.82, 22.15], [90.77, 22.08]]], [[[91.87, 21.83], [91.83, 21.75], [91.85, 21.92], [91.88, 21.88], [91.87, 21.83]]], [[[91.94, 21.50], [91.85, 21.53], [91.85, 21.70], [91.93, 21.72], [91.94, 21.50]]], [[[90.64, 22.96], [90.65, 22.92], [90.53, 23.01], [90.57, 23.03], [90.64, 22.96]]]]}}, {"type": "Feature", "properties": {}, "geometry": {"type": "Polygon", "coordinates": [[[50.60, 25.88], [50.57, 25.80], [50.46, 25.96], [50.46, 26.22], [50.58, 26.24], [50.55, 26.19], [50.60, 26.12], [50.60, 25.88]]]}}, {"type": "Feature", "properties": {}, "geometry": {"type": "MultiPolygon", "coordinates": [[[[-77.65, 24.24], [-77.75, 24.16], [-77.68, 24.11], [-77.61, 24.21], [-77.56, 24.13], [-77.51, 23.86], [-77.57, 23.73], [-77.77, 23.75], [-77.85, 24.04], [-77.99, 24.21], [-77.70, 24.28], [-77.65, 24.24]]], [[[-77.22, 25.90], [-77.40, 26.02], [-77.24, 26.15], [-77.20, 26.48], [-77.23, 26.56], [-77.51, 26.84], [-77.94, 26.90], [-77.86, 26.94], [-77.53, 26.90], [-77.26, 26.68], [-77.25, 26.63], [-77.06, 26.53], [-77.03, 26.33], [-77.16, 26.24], [-77.22, 25.90]]], [[[-73.02, 21.19], [-73.16, 20.97], [-73.66, 20.93], [-73.68, 20.97], [-73.68, 21.10], [-73.52, 21.19], [-73.23, 21.15], [-73.05, 21.31], [-73.01, 21.29], [-73.02, 21.19]]], [[[-77.74, 24.70], [-77.74, 24.46], [-78.04, 24.28], [-78.14, 24.49], [-78.25, 24.48], [-78.43, 24.62], [-78.33, 24.64], [-78.31, 24.59], [-78.24, 24.65], [-78.29, 24.75], [-78.18, 24.91], [-78.15, 25.02], [-78.21, 25.19], [-78.16, 25.20], [-77.97, 25.08], [-77.97, 25.00], [-77.74, 24.70]]], [[[-78.49, 26.72], [-78.37, 26.69], [-77.94, 26.74], [-77.92, 26.69], [-78.74, 26.50], [-78.98, 26.68], [-78.79, 26.58], [-78.63, 26.65], [-78.59, 26.79], [-78.49, 26.72]]], [[[-77.34, 25.01], [-77.46, 24.99], [-77.56, 25.03], [-77.45, 25.08], [-77.26, 25.04], [-77.34, 25.01]]], [[[-74.05, 22.72], [-74.09, 22.66], [-74.27, 22.71], [-74.30, 22.83], [-74.05, 22.72]]], [[[-74.42, 24.06], [-74.50, 23.95], [-74.55, 23.96], [-74.52, 24.10], [-74.45, 24.12], [-74.42, 24.06]]], [[[-74.20, 22.21], [-74.27, 22.18], [-73.90, 22.52], [-73.97, 22.63], [-73.95, 22.71], [-73.84, 22.73], [-73.87, 22.68], [-73.83, 22.53], [-73.97, 22.36], [-74.20, 22.21]]], [[[-76.64, 25.48], [-76.34, 25.33], [-76.12, 25.14], [-76.16, 24.64], [-76.31, 24.81], [-76.21, 24.82], [-76.16, 25.11], [-76.36, 25.31], [-76.62, 25.43], [-76.78, 25.42], [-76.71, 25.56], [-76.64, 25.48]]], [[[-75.66, 23.45], [-76.03, 23.60], [-76.01, 23.67], [-75.75, 23.48], [-75.66, 23.45]]], [[[-74.84, 22.89], [-74.97, 23.06], [-75.22, 23.16], [-75.14, 23.20], [-75.13, 23.26], [-75.31, 23.66], [-75.10, 23.33], [-75.06, 23.15], [-74.84, 22.99], [-74.84, 22.89]]], [[[-75.30, 24.2], [-75.30, 24.14], [-75.50, 24.13], [-75.40, 24.26], [-75.74, 24.65], [-75.72, 24.68], [-75.65, 24.68], [-75.51, 24.42], [-75.30, 24.2]]], [[[-73.04, 22.42], [-72.83, 22.38], [-72.74, 22.32], [-72.78, 22.29], [-72.88, 22.36], [-73.16, 22.38], [-73.12, 22.45], [-73.04, 22.42]]], [[[-72.91, 21.50], [-73.04, 21.45], [-73.06, 21.51], [-72.99, 21.56], [-72.91, 21.50]]]]}}, {"type": "Feature", "properties": {}, "geometry": {"type": "MultiPolygon", "coordinates": [[[[44.81, 39.65], [44.76, 39.70], [45.03, 39.76], [45.12, 39.69], [45.17, 39.57], [45.25, 39.59], [45.45, 39.49], [45.68, 39.56], [45.78, 39.54], [45.76, 39.37], [45.97, 39.24], [45.95, 39.17], [46.11, 38.87], [45.47, 39.00], [45.14, 39.25], [44.81, 39.65]]], [[[48.86, 38.43], [48.59, 38.41], [48.41, 38.58], [48.30, 38.61], [47.99, 38.85], [48.05, 38.93], [48.29, 39.01], [48.27, 39.09], [48.12, 39.17], [48.10, 39.24], [48.13, 39.31], [48.32, 39.39], [47.99, 39.68], [47.77, 39.64], [47.47, 39.49], [46.98, 39.18], [46.85, 39.14], [46.55, 38.90], [46.49, 38.90], [46.48, 39.06], [46.40, 39.19], [46.58, 39.22], [46.36, 39.40], [46.47, 39.47], [46.48, 39.55], [46.32, 39.61], [46.20, 39.59], [45.57, 39.97], [45.88, 40.02], [45.96, 40.23], [45.56, 40.41], [45.45, 40.53], [45.37, 40.67], [45.58, 40.84], [45.41, 40.98], [45.07, 41.07], [45.18, 41.14], [45.00, 41.29], [45.28, 41.44], [45.71, 41.33], [45.72, 41.26], [45.92, 41.18], [46.17, 41.19], [46.43, 41.07], [46.53, 41.08], [46.62, 41.15], [46.67, 41.28], [46.30, 41.50], [46.18, 41.65], [46.20, 41.73], [46.30, 41.75], [46.42, 41.89], [46.53, 41.87], [46.57, 41.80], [46.74, 41.81], [47.14, 41.51], [47.31, 41.28], [47.79, 41.19], [47.86, 41.21], [48.05, 41.45], [48.39, 41.60], [48.57, 41.84], [48.66, 41.78], [49.05, 41.37], [49.22, 41.02], [49.45, 40.79], [49.77, 40.58], [49.99, 40.57], [50.18, 40.50], [50.30, 40.41], [50.36, 40.27], [49.91, 40.31], [49.55, 40.19], [49.47, 40.08], [49.32, 39.60], [49.36, 39.34], [49.26, 39.28], [49.16, 39.03], [49.12, 39.00], [49.11, 39.08], [49.01, 39.13], [48.85, 38.83], [48.86, 38.43]], [[45.55, 40.61], [45.53, 40.66], [45.47, 40.64], [45.47, 40.60], [45.55, 40.61]]], [[[45.02, 41.02], [44.96, 41.02], [44.96, 41.07], [45.02, 41.07], [45.02, 41.02]]]]}}, {"type": "Feature", "properties": {}, "geometry": {"type": "Polygon", "coordinates": [[[9.52, 47.27], [9.62, 47.46], [9.52, 47.52], [9.74, 47.57], [9.97, 47.50], [10.05, 47.44], [10.06, 47.39], [10.20, 47.36], [10.18, 47.27], [10.36, 47.36], [10.43, 47.55], [10.87, 47.52], [10.98, 47.39], [11.04, 47.39], [11.29, 47.42], [11.71, 47.58], [12.18, 47.61], [12.20, 47.71], [12.48, 47.63], [12.68, 47.66], [12.77, 47.63], [12.80, 47.54], [13.01, 47.47], [13.05, 47.65], [13.03, 47.69], [12.89, 47.72], [12.95, 47.89], [12.76, 48.07], [12.81, 48.16], [13.37, 48.36], [13.48, 48.58], [13.72, 48.54], [13.78, 48.58], [13.81, 48.76], [13.98, 48.69], [14.04, 48.60], [14.69, 48.59], [14.78, 48.74], [14.92, 48.77], [14.99, 49.00], [15.82, 48.86], [16.05, 48.75], [16.36, 48.73], [16.54, 48.79], [16.88, 48.70], [16.95, 48.59], [16.86, 48.38], [17.14, 48.00], [17.03, 47.83], [17.06, 47.70], [16.78, 47.67], [16.59, 47.75], [16.42, 47.67], [16.63, 47.60], [16.67, 47.53], [16.62, 47.44], [16.44, 47.39], [16.46, 47.27], [16.41, 47.22], [16.49, 47.12], [16.46, 47.02], [16.25, 46.97], [16.03, 46.84], [15.97, 46.80], [15.95, 46.67], [15.76, 46.71], [15.43, 46.62], [14.89, 46.60], [14.54, 46.39], [12.47, 46.67], [12.38, 46.70], [12.15, 46.93], [12.13, 46.98], [12.20, 47.06], [12.16, 47.08], [11.77, 46.98], [11.24, 46.97], [11.13, 46.93], [11.02, 46.79], [10.92, 46.76], [10.45, 46.86], [10.41, 46.96], [10.34, 46.98], [10.13, 46.85], [9.87, 46.93], [9.84, 47.00], [9.58, 47.05], [9.61, 47.10], [9.52, 47.27]]]}}, {"type": "Feature", "properties": {}, "geometry": {"type": "MultiPolygon", "coordinates": [[[[143.17, -11.95], [143.10, -12.16], [143.11, -12.30], [143.25, -12.39], [143.40, -12.63], [143.58, -13.44], [143.54, -13.74], [143.75, -14.34], [143.96, -14.46], [144.20, -14.30], [144.47, -14.23], [144.64, -14.49], [145.28, -14.94], [145.25, -15.09], [145.27, -15.47], [145.45, -16.05], [145.42, -16.40], [145.75, -16.87], [145.91, -16.91], [145.90, -17.07], [146.12, -17.63], [146.03, -18.27], [146.22, -18.50], [146.33, -18.55], [146.29, -18.84], [146.38, -18.97], [146.69, -19.18], [147.00, -19.25], [147.13, -19.39], [147.41, -19.37], [147.74, -19.77], [147.85, -19.79], [147.91, -19.86], [148.08, -19.89], [148.36, -20.08], [148.60, -20.14], [148.75, -20.28], [148.88, -20.48], [148.72, -20.46], [148.68, -20.58], [148.78, -20.73], [149.20, -21.12], [149.32, -21.47], [149.45, -21.57], [149.52, -22.02], [149.70, -22.44], [149.82, -22.38], [149.97, -22.55], [150.00, -22.52], [149.94, -22.30], [150.02, -22.16], [150.07, -22.16], [150.23, -22.37], [150.54, -22.55], [150.57, -22.55], [150.56, -22.38], [150.62, -22.36], [150.76, -22.57], [150.78, -23.17], [150.84, -23.45], [151.15, -23.78], [151.50, -24.01], [151.69, -24.03], [151.83, -24.12], [152.12, -24.59], [152.45, -24.80], [152.50, -24.96], [152.65, -25.20], [152.78, -25.27], [152.91, -25.43], [152.92, -25.68], [153.02, -25.87], [153.16, -25.96], [153.08, -26.30], [153.16, -26.98], [153.11, -27.19], [153.38, -27.76], [153.45, -28.04], [153.57, -28.24], [153.56, -28.53], [153.61, -28.67], [153.60, -28.85], [153.34, -29.29], [153.27, -29.89], [153.03, -30.56], [153.04, -30.90], [152.94, -31.43], [152.78, -31.78], [152.55, -32.04], [152.47, -32.43], [152.21, -32.67], [152.13, -32.67], [152.18, -32.72], [152.16, -32.75], [151.81, -32.90], [151.48, -33.34], [151.43, -33.52], [151.29, -33.58], [151.32, -33.69], [151.28, -33.92], [151.24, -33.98], [151.12, -34.00], [151.23, -34.02], [150.96, -34.29], [150.87, -34.49], [150.78, -34.89], [150.80, -35.01], [150.69, -35.04], [150.69, -35.17], [150.56, -35.21], [150.19, -35.83], [150.06, -36.55], [149.96, -36.84], [149.98, -37.25], [149.93, -37.52], [149.80, -37.54], [149.48, -37.77], [148.26, -37.83], [147.87, -37.93], [147.39, -38.21], [146.85, -38.66], [146.21, -38.72], [146.21, -38.78], [146.33, -38.89], [146.42, -38.81], [146.46, -38.84], [146.48, -39.06], [146.4, -39.14], [146.34, -39.12], [146.15, -38.86], [146.06, -38.83], [145.93, -38.90], [145.79, -38.66], [145.60, -38.65], [145.39, -38.53], [145.46, -38.41], [145.54, -38.39], [145.47, -38.24], [145.29, -38.23], [145.19, -38.38], [144.95, -38.50], [144.71, -38.34], [144.91, -38.34], [145.06, -38.20], [145.11, -38.09], [144.89, -37.89], [144.39, -38.13], [144.58, -38.15], [144.66, -38.20], [144.10, -38.46], [143.81, -38.69], [143.53, -38.82], [143.22, -38.74], [142.45, -38.38], [142.18, -38.39], [141.92, -38.28], [141.72, -38.27], [141.59, -38.38], [141.42, -38.36], [141.21, -38.17], [141.01, -38.07], [140.62, -38.02], [140.39, -37.89], [140.21, -37.64], [139.78, -37.24], [139.73, -37.05], [139.85, -36.66], [139.72, -36.37], [139.46, -36.01], [139.03, -35.68], [138.96, -35.58], [139.06, -35.59], [139.17, -35.52], [139.28, -35.61], [139.32, -35.42], [139.28, -35.37], [139.19, -35.34], [138.87, -35.53], [138.52, -35.64], [138.18, -35.61], [138.39, -35.32], [138.51, -35.02], [138.48, -34.76], [138.08, -34.16], [137.91, -34.45], [137.87, -34.72], [137.69, -35.14], [137.45, -35.13], [137.14, -35.23], [136.88, -35.23], [137.01, -34.91], [137.39, -34.91], [137.49, -34.59], [137.45, -34.37], [137.49, -34.16], [137.65, -33.85], [137.93, -33.57], [137.85, -33.20], [137.99, -33.09], [137.91, -32.77], [137.78, -32.57], [137.79, -32.82], [137.44, -33.19], [137.23, -33.62], [136.43, -34.02], [135.89, -34.66], [135.99, -34.94], [135.96, -34.98], [135.79, -34.86], [135.64, -34.93], [135.32, -34.64], [135.23, -34.57], [135.12, -34.58], [135.21, -34.48], [135.37, -34.59], [135.45, -34.58], [135.21, -33.95], [134.88, -33.62], [134.84, -33.44], [134.71, -33.25], [134.60, -33.19], [134.30, -33.16], [134.17, -32.97], [134.10, -32.74], [134.22, -32.73], [134.23, -32.54], [133.93, -32.41], [133.66, -32.20], [133.21, -32.18], [132.75, -31.95], [132.21, -32.00], [131.72, -31.69], [131.39, -31.54], [131.14, -31.49], [130.78, -31.60], [130.12, -31.57], [128.94, -31.70], [128.06, -32.06], [127.31, -32.26], [126.77, -32.31], [126.13, -32.25], [125.91, -32.29], [124.75, -32.88], [124.24, -33.01], [124.12, -33.12], [123.86, -33.59], [123.65, -33.83], [123.50, -33.91], [123.36, -33.90], [123.20, -33.98], [123.06, -33.90], [122.77, -33.89], [122.15, -33.99], [122.06, -33.87], [121.40, -33.82], [120.81, -33.87], [120.41, -33.96], [120.20, -33.93], [119.85, -33.97], [119.63, -34.10], [119.45, -34.36], [119.24, -34.45], [118.89, -34.47], [118.13, -34.98], [117.86, -35.05], [117.58, -35.09], [116.51, -34.98], [115.98, -34.79], [115.72, -34.52], [115.56, -34.42], [115.27, -34.30], [115.12, -34.34], [115.00, -34.25], [114.97, -34.05], [114.99, -33.51], [115.18, -33.64], [115.35, -33.63], [115.51, -33.53], [115.68, -33.19], [115.61, -32.66], [115.70, -32.56], [115.72, -32.40], [115.73, -31.88], [115.69, -31.69], [115.17, -30.80], [115.07, -30.56], [114.96, -30.04], [114.95, -29.43], [114.85, -29.14], [114.62, -28.87], [114.53, -28.54], [114.16, -28.08], [114.09, -27.54], [114.02, -27.34], [113.70, -26.84], [113.18, -26.18], [113.32, -26.24], [113.35, -26.08], [113.58, -26.55], [113.73, -26.59], [113.83, -26.50], [113.85, -26.33], [113.58, -26.09], [113.39, -25.71], [113.45, -25.59], [113.53, -25.62], [113.71, -25.83], [113.68, -26.05], [113.72, -26.12], [113.76, -26.15], [113.85, -26.01], [113.99, -26.32], [114.09, -26.39], [114.21, -26.28], [114.21, -25.85], [113.67, -24.97], [113.41, -24.43], [113.42, -24.13], [113.48, -23.86], [113.75, -23.41], [113.79, -22.91], [113.68, -22.63], [113.95, -21.93], [114.02, -21.88], [114.12, -21.82], [114.09, -22.18], [114.16, -22.32], [114.14, -22.48], [114.30, -22.42], [114.37, -22.34], [114.70, -21.82], [115.45, -21.49], [116.01, -21.03], [116.70, -20.65], [117.13, -20.64], [117.40, -20.72], [117.68, -20.64], [118.19, -20.37], [118.75, -20.26], [119.10, -19.99], [119.58, -20.03], [119.76, -19.95], [120.43, -19.84], [120.99, -19.60], [121.33, -19.31], [121.83, -18.47], [122.00, -18.39], [122.34, -18.11], [122.36, -18.03], [122.23, -17.96], [122.14, -17.54], [122.16, -17.31], [122.26, -17.13], [122.72, -16.78], [122.91, -16.43], [122.97, -16.43], [123.14, -16.86], [123.56, -17.52], [123.59, -17.03], [123.66, -17.02], [123.83, -17.12], [123.87, -16.91], [123.85, -16.86], [123.77, -16.86], [123.49, -16.49], [123.62, -16.41], [123.60, -16.22], [123.64, -16.17], [123.72, -16.19], [123.85, -16.38], [124.04, -16.26], [124.30, -16.38], [124.77, -16.40], [124.66, -16.33], [124.40, -16.29], [124.41, -16.13], [124.57, -16.11], [124.64, -15.87], [124.64, -15.80], [124.50, -15.97], [124.38, -15.75], [124.43, -15.49], [124.56, -15.49], [124.69, -15.35], [124.69, -15.27], [124.97, -15.40], [125.01, -15.46], [125.06, -15.44], [125.07, -15.30], [124.90, -15.31], [124.83, -15.16], [125.02, -15.07], [125.03, -15.00], [125.35, -15.11], [125.38, -15.01], [125.24, -14.94], [125.17, -14.71], [125.28, -14.58], [125.57, -14.48], [125.62, -14.25], [125.70, -14.29], [125.66, -14.52], [125.73, -14.44], [125.81, -14.46], [125.89, -14.61], [125.94, -14.52], [126.02, -14.49], [126.01, -14.37], [126.11, -14.11], [126.05, -13.97], [126.11, -13.95], [126.18, -14.00], [126.25, -14.16], [126.40, -14.01], [126.56, -14.16], [126.78, -13.95], [126.77, -13.78], [126.90, -13.74], [127.45, -14.03], [127.67, -14.19], [127.88, -14.48], [128.19, -14.75], [128.08, -15.08], [128.06, -15.32], [128.15, -15.22], [128.25, -15.29], [128.17, -15.04], [128.40, -14.82], [128.57, -14.77], [129.05, -14.88], [129.16, -14.98], [129.21, -15.16], [129.26, -14.87], [129.45, -14.93], [129.63, -15.13], [129.63, -14.85], [129.84, -14.82], [129.60, -14.64], [129.69, -14.55], [129.60, -14.55], [129.37, -14.39], [129.45, -14.21], [129.70, -13.97], [129.83, -13.57], [130.13, -13.44], [130.25, -13.30], [130.13, -13.14], [130.16, -12.95], [130.31, -12.88], [130.39, -12.68], [130.61, -12.64], [130.62, -12.43], [130.73, -12.42], [130.86, -12.55], [130.87, -12.36], [131.02, -12.34], [131.01, -12.21], [131.21, -12.17], [131.29, -12.06], [131.34, -12.21], [131.43, -12.27], [131.88, -12.23], [132.06, -12.28], [132.25, -12.18], [132.41, -12.29], [132.44, -12.17], [132.51, -12.13], [132.71, -12.12], [132.63, -12.03], [132.67, -11.64], [132.47, -11.49], [132.13, -11.50], [131.82, -11.30], [131.81, -11.27], [131.96, -11.18], [132.15, -11.31], [132.26, -11.20], [132.33, -11.22], [132.68, -11.50], [132.85, -11.39], [132.96, -11.40], [133.18, -11.70], [133.35, -11.72], [133.53, -11.81], [133.90, -11.83], [134.41, -12.05], [134.53, -12.06], [134.73, -11.98], [135.02, -12.19], [135.21, -12.22], [135.92, -11.82], [135.83, -11.95], [135.88, -11.99], [135.70, -12.15], [135.70, -12.20], [135.74, -12.24], [135.93, -12.15], [136.00, -12.19], [136.08, -12.42], [136.26, -12.43], [136.32, -12.30], [136.24, -12.17], [136.27, -12.13], [136.44, -11.95], [136.54, -11.95], [136.60, -12.13], [136.71, -12.22], [136.89, -12.24], [136.94, -12.34], [136.53, -12.78], [136.51, -12.83], [136.59, -13.00], [136.46, -13.22], [136.41, -13.23], [136.29, -13.13], [135.92, -13.30], [135.92, -13.62], [135.98, -13.81], [135.95, -13.93], [135.88, -14.15], [135.40, -14.75], [135.45, -14.92], [136.20, -15.40], [136.29, -15.57], [136.58, -15.70], [136.70, -15.68], [136.69, -15.83], [136.78, -15.89], [137.00, -15.87], [137.29, -16.06], [137.70, -16.23], [137.91, -16.47], [138.24, -16.71], [139.00, -16.89], [139.11, -17.01], [139.24, -17.32], [139.44, -17.38], [140.03, -17.70], [140.51, -17.62], [140.83, -17.41], [140.96, -17.01], [141.21, -16.64], [141.41, -16.06], [141.39, -15.90], [141.45, -15.60], [141.62, -15.05], [141.52, -14.47], [141.59, -14.15], [141.48, -13.92], [141.47, -13.79], [141.64, -13.25], [141.61, -12.94], [141.78, -12.77], [141.92, -12.80], [141.92, -12.73], [141.85, -12.57], [141.67, -12.49], [141.68, -12.35], [141.87, -11.97], [141.96, -12.05], [141.95, -11.89], [142.13, -11.27], [142.16, -10.94], [142.32, -10.88], [142.45, -10.70], [142.60, -10.74], [142.55, -10.87], [142.72, -11.01], [142.77, -11.11], [142.83, -11.30], [142.87, -11.82], [142.98, -11.91], [143.17, -11.95]]], [[[153.07, -25.75], [153.05, -25.77], [153.00, -25.72], [152.97, -25.55], [153.06, -25.30], [153.03, -25.19], [153.22, -25.00], [153.24, -24.92], [153.14, -24.81], [153.25, -24.72], [153.29, -24.91], [153.35, -24.97], [153.35, -25.06], [153.07, -25.75]]], [[[139.50, -16.57], [139.43, -16.66], [139.15, -16.74], [139.16, -16.62], [139.29, -16.46], [139.58, -16.39], [139.69, -16.51], [139.50, -16.57]]], [[[136.71, -13.80], [136.80, -13.84], [136.84, -13.75], [136.89, -13.78], [136.90, -13.82], [136.78, -13.94], [136.74, -14.07], [136.78, -14.15], [136.95, -14.18], [136.89, -14.29], [136.33, -14.21], [136.42, -14.12], [136.42, -13.86], [136.65, -13.67], [136.70, -13.68], [136.71, -13.80]]], [[[130.45, -11.67], [130.57, -11.73], [130.60, -11.81], [130.50, -11.83], [130.31, -11.77], [130.07, -11.82], [130.04, -11.78], [130.07, -11.68], [130.19, -11.65], [130.15, -11.47], [130.29, -11.33], [130.33, -11.33], [130.45, -11.67]]], [[[130.61, -11.37], [130.75, -11.38], [130.91, -11.30], [131.02, -11.33], [131.26, -11.18], [131.53, -11.43], [131.45, -11.58], [131.38, -11.58], [131.29, -11.71], [130.95, -11.92], [130.51, -11.61], [130.42, -11.44], [130.38, -11.19], [130.42, -11.18], [130.61, -11.37]]], [[[113.18, -26.05], [113.15, -26.09], [112.96, -25.78], [112.90, -25.56], [112.94, -25.53], [112.98, -25.52], [113.18, -26.05]]], [[[137.59, -35.73], [137.83, -35.76], [137.92, -35.72], [138.04, -35.75], [138.12, -35.85], [138.01, -35.90], [137.83, -35.86], [137.67, -35.89], [137.59, -36.02], [137.44, -36.07], [137.20, -35.98], [137.14, -36.03], [136.75, -36.03], [136.54, -35.89], [136.63, -35.74], [137.33, -35.59], [137.58, -35.62], [137.63, -35.65], [137.59, -35.73]]], [[[145.48, -38.35], [145.33, -38.42], [145.28, -38.39], [145.29, -38.31], [145.48, -38.35]]], [[[145.31, -38.49], [145.35, -38.55], [145.12, -38.52], [145.21, -38.45], [145.31, -38.49]]], [[[149.04, -20.29], [148.93, -20.28], [148.98, -20.15], [149.04, -20.27], [149.04, -20.29]]], [[[148.93, -20.14], [148.88, -20.14], [148.96, -20.04], [148.95, -20.13], [148.93, -20.14]]], [[[151.14, -23.49], [151.24, -23.52], [151.29, -23.72], [151.23, -23.77], [151.03, -23.53], [151.05, -23.46], [151.14, -23.49]]], [[[150.51, -22.32], [150.46, -22.30], [150.48, -22.21], [150.54, -22.30], [150.51, -22.32]]], [[[149.92, -22.19], [149.89, -22.22], [149.86, -22.15], [149.91, -22.04], [149.92, -22.19]]], [[[153.53, -27.43], [153.45, -27.71], [153.42, -27.70], [153.39, -27.66], [153.43, -27.40], [153.53, -27.43]]], [[[153.44, -27.31], [153.36, -27.13], [153.37, -27.04], [153.43, -27.02], [153.46, -27.03], [153.44, -27.31]]], [[[142.27, -10.70], [142.19, -10.76], [142.13, -10.73], [142.13, -10.64], [142.19, -10.59], [142.27, -10.70]]], [[[142.33, -10.19], [142.27, -10.25], [142.19, -10.19], [142.21, -10.14], [142.29, -10.14], [142.33, -10.19]]], [[[142.16, -10.15], [142.14, -10.18], [142.09, -10.12], [142.14, -10.05], [142.19, -10.08], [142.16, -10.15]]], [[[146.27, -18.23], [146.34, -18.40], [146.29, -18.48], [146.09, -18.25], [146.27, -18.23]]], [[[136.59, -11.37], [136.52, -11.43], [136.71, -11.15], [136.73, -11.02], [136.78, -11.01], [136.74, -11.19], [136.59, -11.37]]], [[[136.33, -11.60], [136.18, -11.67], [136.26, -11.57], [136.47, -11.46], [136.33, -11.60]]], [[[137.09, -15.77], [137.05, -15.82], [136.94, -15.71], [137.00, -15.59], [137.09, -15.77]]], [[[136.86, -15.61], [136.84, -15.54], [136.87, -15.50], [136.89, -15.58], [136.86, -15.61]]], [[[136.59, -15.62], [136.51, -15.62], [136.52, -15.54], [136.61, -15.54], [136.59, -15.62]]], [[[139.45, -17.11], [139.42, -17.13], [139.40, -17.09], [139.49, -16.99], [139.57, -17.09], [139.45, -17.11]]], [[[136.23, -13.82], [136.12, -13.81], [136.21, -13.66], [136.27, -13.79], [136.23, -13.82]]], [[[132.59, -11.30], [132.49, -11.16], [132.48, -11.03], [132.57, -10.96], [132.62, -11.16], [132.59, -11.30]]], [[[125.19, -14.57], [125.13, -14.64], [125.09, -14.59], [125.15, -14.45], [125.19, -14.47], [125.19, -14.57]]], [[[124.59, -15.40], [124.52, -15.42], [124.48, -15.34], [124.51, -15.26], [124.59, -15.40]]], [[[115.44, -20.78], [115.38, -20.86], [115.31, -20.85], [115.43, -20.66], [115.44, -20.78]]], [[[145.04, -40.78], [145.28, -40.76], [145.82, -41.02], [146.31, -41.16], [146.57, -41.14], [146.72, -41.07], [146.84, -41.16], [146.85, -41.05], [146.98, -40.99], [147.32, -40.95], [147.45, -41.00], [147.62, -40.84], [147.87, -40.87], [147.96, -40.77], [148.21, -40.85], [148.29, -40.94], [148.28, -41.81], [148.34, -42.21], [148.33, -42.26], [148.29, -42.25], [148.27, -42.13], [148.18, -42.06], [148.24, -42.02], [148.21, -41.97], [148.02, -42.25], [148.00, -42.43], [147.91, -42.65], [147.98, -43.15], [147.78, -43.22], [147.64, -43.02], [147.68, -42.97], [147.77, -43.00], [147.8, -42.92], [147.57, -42.84], [147.53, -42.99], [147.45, -43.03], [147.40, -42.89], [147.29, -42.79], [147.34, -42.92], [147.25, -43.07], [147.24, -43.21], [147.17, -43.25], [146.99, -43.15], [146.98, -43.21], [147.07, -43.27], [146.87, -43.61], [146.69, -43.60], [146.54, -43.50], [146.04, -43.54], [145.99, -43.37], [146.22, -43.35], [146.20, -43.31], [145.87, -43.29], [145.60, -42.99], [145.48, -42.92], [145.26, -42.54], [145.19, -42.23], [145.37, -42.33], [145.46, -42.49], [145.51, -42.35], [145.36, -42.22], [145.33, -42.14], [145.23, -42.19], [145.23, -42.01], [144.91, -41.64], [144.76, -41.39], [144.64, -40.98], [144.71, -40.67], [145.04, -40.78]]], [[[143.92, -40.11], [143.83, -39.90], [143.87, -39.7], [143.93, -39.65], [143.94, -39.58], [144.00, -39.58], [144.09, -39.63], [144.14, -39.95], [144.11, -40.02], [143.92, -40.11]]], [[[148.00, -39.75], [148.17, -39.93], [148.29, -39.98], [148.25, -40.09], [148.31, -40.17], [148.10, -40.26], [147.89, -40.01], [147.87, -39.90], [147.76, -39.87], [147.93, -39.72], [148.00, -39.75]]], [[[147.35, -43.39], [147.30, -43.50], [147.15, -43.50], [147.10, -43.43], [147.16, -43.43], [147.28, -43.27], [147.35, -43.39]]], [[[148.10, -42.71], [148.02, -42.71], [148.02, -42.64], [148.07, -42.59], [148.16, -42.65], [148.10, -42.71]]], [[[147.43, -43.24], [147.34, -43.23], [147.29, -43.16], [147.35, -43.08], [147.43, -43.24]]], [[[144.78, -40.50], [144.74, -40.58], [144.71, -40.48], [144.78, -40.43], [144.78, -40.50]]], [[[148.32, -40.30], [148.47, -40.43], [148.40, -40.48], [148.35, -40.49], [148.31, -40.43], [148.10, -40.45], [148.01, -40.38], [148.32, -40.30]]], [[[148.23, -40.51], [148.18, -40.59], [148.11, -40.52], [148.19, -40.50], [148.23, -40.51]]], [[[158.87, -54.70], [158.84, -54.74], [158.89, -54.50], [158.95, -54.47], [158.87, -54.70]]]]}}, {"type": "Feature", "properties": {}, "geometry": {"type": "MultiPolygon", "coordinates": [[[[105.72, -10.49], [105.69, -10.56], [105.58, -10.51], [105.59, -10.45], [105.70, -10.43], [105.72, -10.49]]], [[[96.84, -12.18], [96.87, -12.18], [96.84, -12.19], [96.83, -12.17], [96.82, -12.12], [96.84, -12.18]]], [[[96.91, -12.19], [96.89, -12.18], [96.92, -12.16], [96.92, -12.17], [96.91, -12.19]]]]}}, {"type": "Feature", "properties": {}, "geometry": {"type": "Polygon", "coordinates": [[[73.70, -53.13], [73.46, -53.18], [73.25, -52.97], [73.83, -53.11], [73.70, -53.13]]]}}, {"type": "Feature", "properties": {}, "geometry": {"type": "Polygon", "coordinates": [[[167.93, -29.01], [167.99, -29.04], [167.96, -29.09], [167.91, -29.06], [167.93, -29.01]]]}}, {"type": "Feature", "properties": {}, "geometry": {"type": "Polygon", "coordinates": [[[123.59, -12.42], [123.59, -12.43], [123.57, -12.43], [123.57, -12.42], [123.59, -12.42]]]}}, {"type": "Feature", "properties": {}, "geometry": {"type": "MultiPolygon", "coordinates": [[[[44.76, 39.70], [44.56, 39.88], [44.28, 40.04], [44.00, 40.01], [43.66, 40.12], [43.70, 40.16], [43.56, 40.48], [43.66, 40.57], [43.72, 40.71], [43.63, 40.92], [43.43, 41.10], [44.22, 41.21], [44.84, 41.21], [44.81, 41.25], [45.00, 41.29], [45.18, 41.14], [45.07, 41.07], [45.41, 40.98], [45.58, 40.84], [45.37, 40.67], [45.45, 40.53], [45.56, 40.41], [45.96, 40.23], [45.88, 40.02], [45.57, 39.97], [46.20, 39.59], [46.32, 39.61], [46.48, 39.55], [46.47, 39.47], [46.36, 39.40], [46.58, 39.22], [46.40, 39.19], [46.48, 39.06], [46.49, 38.90], [46.11, 38.87], [45.95, 39.17], [45.97, 39.24], [45.76, 39.37], [45.79, 39.48], [45.75, 39.56], [45.45, 39.49], [45.25, 39.59], [45.15, 39.58], [45.12, 39.69], [45.03, 39.76], [44.76, 39.70]], [[45.02, 41.02], [45.02, 41.07], [44.96, 41.07], [44.96, 41.02], [45.02, 41.02]]], [[[45.55, 40.61], [45.47, 40.60], [45.47, 40.64], [45.53, 40.66], [45.55, 40.61]]]]}}, {"type": "Feature", "properties": {}, "geometry": {"type": "MultiPolygon", "coordinates": [[[[-57.60, -30.18], [-57.87, -30.59], [-57.81, -30.85], [-57.89, -30.97], [-57.89, -31.19], [-58.05, -31.49], [-57.98, -31.62], [-58.04, -31.76], [-58.18, -31.92], [-58.16, -32.18], [-58.11, -32.24], [-58.21, -32.56], [-58.17, -32.95], [-58.25, -33.07], [-58.42, -33.11], [-58.54, -33.66], [-58.39, -34.19], [-58.52, -34.29], [-58.46, -34.45], [-58.28, -34.68], [-57.54, -35.01], [-57.30, -35.18], [-57.17, -35.36], [-57.15, -35.50], [-57.35, -35.72], [-57.37, -35.90], [-57.26, -36.14], [-57.07, -36.29], [-56.93, -36.35], [-56.74, -36.34], [-56.71, -36.38], [-56.66, -36.73], [-56.72, -36.95], [-57.08, -37.44], [-57.39, -37.74], [-57.50, -37.90], [-57.54, -38.08], [-58.17, -38.43], [-59.00, -38.67], [-59.82, -38.83], [-61.11, -38.99], [-61.84, -38.96], [-62.06, -38.91], [-62.18, -38.81], [-62.33, -38.80], [-62.37, -38.85], [-62.30, -38.98], [-62.33, -39.15], [-62.29, -39.24], [-62.05, -39.37], [-62.17, -39.38], [-62.07, -39.46], [-62.13, -39.82], [-62.28, -39.89], [-62.40, -40.19], [-62.42, -40.35], [-62.39, -40.45], [-62.24, -40.67], [-62.30, -40.81], [-62.39, -40.89], [-62.95, -41.10], [-63.62, -41.15], [-63.77, -41.15], [-64.38, -40.92], [-64.85, -40.81], [-64.80, -40.75], [-64.86, -40.73], [-65.06, -40.80], [-65.13, -40.88], [-65.15, -41.10], [-65.01, -41.56], [-65.05, -41.96], [-64.98, -42.10], [-64.62, -42.26], [-64.53, -42.25], [-64.57, -42.41], [-64.42, -42.43], [-64.10, -42.39], [-64.06, -42.26], [-64.25, -42.25], [-64.22, -42.21], [-63.79, -42.11], [-63.62, -42.28], [-63.59, -42.40], [-63.61, -42.69], [-63.69, -42.80], [-64.03, -42.88], [-64.13, -42.86], [-64.32, -42.57], [-64.48, -42.51], [-64.65, -42.53], [-64.81, -42.63], [-64.97, -42.66], [-65.02, -42.75], [-64.62, -42.90], [-64.31, -42.96], [-64.43, -43.05], [-64.83, -43.18], [-65.25, -43.57], [-65.30, -43.78], [-65.23, -44.04], [-65.30, -44.15], [-65.26, -44.27], [-65.36, -44.47], [-65.64, -44.66], [-65.69, -44.79], [-65.59, -44.87], [-65.63, -45.00], [-66.19, -44.96], [-66.58, -45.18], [-66.94, -45.25], [-67.25, -45.57], [-67.59, -46.05], [-67.58, -46.26], [-67.50, -46.44], [-66.77, -47.00], [-65.99, -47.09], [-65.85, -47.15], [-65.73, -47.34], [-65.77, -47.56], [-65.88, -47.70], [-66.22, -47.82], [-66.17, -47.85], [-65.93, -47.82], [-65.81, -47.94], [-66.39, -48.34], [-67.03, -48.62], [-67.46, -48.95], [-67.68, -49.24], [-67.66, -49.34], [-67.78, -49.85], [-67.91, -49.98], [-68.25, -50.10], [-68.48, -49.97], [-68.66, -49.75], [-68.66, -49.93], [-68.97, -50.00], [-68.59, -50.00], [-68.42, -50.15], [-68.93, -50.38], [-69.09, -50.58], [-69.15, -50.86], [-69.35, -51.02], [-69.20, -50.99], [-69.06, -51.30], [-69.02, -51.44], [-69.05, -51.54], [-69.46, -51.58], [-68.96, -51.67], [-68.39, -52.30], [-68.44, -52.35], [-68.46, -52.29], [-69.20, -52.13], [-69.48, -52.13], [-69.96, -52.00], [-71.97, -51.96], [-71.95, -51.88], [-72.26, -51.69], [-72.40, -51.54], [-72.30, -51.29], [-72.37, -51.09], [-72.30, -51.03], [-72.27, -50.91], [-72.34, -50.68], [-72.50, -50.60], [-72.86, -50.65], [-73.08, -50.76], [-73.15, -50.73], [-73.31, -50.36], [-73.50, -50.12], [-73.52, -49.91], [-73.47, -49.79], [-73.57, -49.58], [-73.46, -49.31], [-73.13, -49.30], [-73.14, -49.18], [-73.03, -49.01], [-72.72, -48.89], [-72.61, -48.79], [-72.60, -48.51], [-72.49, -48.41], [-72.35, -48.36], [-72.29, -48.22], [-72.32, -48.11], [-72.50, -47.97], [-72.51, -47.87], [-72.34, -47.57], [-72.34, -47.49], [-72.10, -47.34], [-72.04, -47.24], [-71.90, -47.20], [-71.96, -47.01], [-71.94, -46.83], [-71.69, -46.65], [-71.76, -46.31], [-71.87, -46.16], [-71.68, -46.04], [-71.63, -45.95], [-71.75, -45.83], [-71.74, -45.57], [-71.50, -45.51], [-71.49, -45.43], [-71.34, -45.33], [-71.35, -45.23], [-71.59, -44.97], [-72.04, -44.90], [-72.06, -44.77], [-71.26, -44.76], [-71.15, -44.56], [-71.15, -44.49], [-71.21, -44.44], [-71.82, -44.38], [-71.81, -44.10], [-71.68, -43.92], [-71.79, -43.75], [-71.73, -43.70], [-71.75, -43.59], [-71.90, -43.44], [-71.90, -43.34], [-71.76, -43.29], [-71.75, -43.23], [-71.78, -43.16], [-72.05, -43.10], [-72.14, -42.99], [-72.11, -42.77], [-72.14, -42.57], [-72.05, -42.47], [-72.10, -42.25], [-72.02, -42.14], [-71.86, -42.14], [-71.76, -42.10], [-71.75, -42.04], [-71.91, -41.65], [-71.87, -41.56], [-71.87, -40.89], [-71.94, -40.78], [-71.93, -40.69], [-71.80, -40.43], [-71.70, -40.38], [-71.69, -40.33], [-71.81, -40.17], [-71.65, -40.02], [-71.63, -39.88], [-71.71, -39.63], [-71.53, -39.60], [-71.42, -39.28], [-71.40, -38.93], [-71.08, -38.75], [-70.95, -38.73], [-70.85, -38.60], [-70.84, -38.54], [-70.96, -38.44], [-71.02, -38.04], [-71.16, -37.76], [-71.18, -37.63], [-71.13, -37.44], [-71.20, -37.30], [-71.11, -37.11], [-71.19, -36.84], [-71.06, -36.64], [-71.05, -36.52], [-70.90, -36.41], [-70.74, -36.39], [-70.72, -36.28], [-70.40, -36.06], [-70.38, -35.77], [-70.41, -35.52], [-70.47, -35.32], [-70.55, -35.24], [-70.39, -35.14], [-70.28, -34.73], [-70.05, -34.30], [-69.85, -34.22], [-69.89, -33.73], [-69.79, -33.39], [-69.81, -33.28], [-70.01, -33.27], [-70.08, -33.20], [-70.09, -33.02], [-70.02, -32.88], [-70.11, -32.80], [-70.17, -32.62], [-70.16, -32.47], [-70.22, -32.43], [-70.34, -32.17], [-70.35, -32.04], [-70.29, -32.03], [-70.25, -31.95], [-70.45, -31.84], [-70.58, -31.56], [-70.55, -31.31], [-70.51, -31.14], [-70.38, -31.12], [-70.30, -31.02], [-70.34, -30.90], [-70.16, -30.38], [-69.95, -30.35], [-69.84, -30.17], [-69.95, -30.07], [-69.92, -29.76], [-70.02, -29.32], [-69.82, -29.10], [-69.65, -28.41], [-69.17, -27.92], [-68.84, -27.15], [-68.70, -27.10], [-68.59, -27.14], [-68.34, -27.02], [-68.31, -26.97], [-68.31, -26.87], [-68.59, -26.47], [-68.57, -26.35], [-68.41, -26.15], [-68.60, -25.48], [-68.54, -25.23], [-68.38, -25.09], [-68.56, -24.83], [-68.50, -24.62], [-68.25, -24.39], [-67.35, -24.03], [-67.00, -23.00], [-67.19, -22.82], [-67.05, -22.65], [-67.03, -22.55], [-66.80, -22.40], [-66.71, -22.21], [-66.36, -22.11], [-66.22, -21.80], [-66.09, -21.83], [-65.77, -22.09], [-64.99, -22.10], [-64.60, -22.22], [-64.32, -22.82], [-64.26, -22.60], [-63.92, -22.02], [-62.84, -21.99], [-62.62, -22.29], [-62.37, -22.43], [-62.21, -22.61], [-61.92, -23.05], [-61.50, -23.39], [-61.20, -23.55], [-61.03, -23.75], [-60.50, -23.96], [-60.11, -24.00], [-59.89, -24.09], [-59.18, -24.56], [-58.51, -24.84], [-58.36, -24.95], [-58.13, -24.97], [-57.95, -25.04], [-57.64, -25.32], [-57.57, -25.53], [-57.75, -25.69], [-57.89, -26.00], [-58.11, -26.18], [-58.20, -26.38], [-58.19, -26.62], [-58.32, -26.85], [-58.43, -26.92], [-58.61, -27.13], [-58.60, -27.31], [-58.16, -27.27], [-57.11, -27.47], [-56.97, -27.43], [-56.71, -27.49], [-56.60, -27.46], [-56.43, -27.55], [-56.37, -27.53], [-56.16, -27.32], [-55.95, -27.32], [-55.71, -27.41], [-55.63, -27.35], [-55.56, -27.15], [-55.42, -27.00], [-55.13, -26.93], [-54.93, -26.70], [-54.82, -26.65], [-54.67, -26.30], [-54.61, -25.57], [-54.44, -25.62], [-54.15, -25.52], [-53.89, -25.66], [-53.82, -25.95], [-53.66, -26.28], [-53.71, -26.35], [-53.75, -26.74], [-53.71, -26.88], [-53.83, -27.12], [-54.11, -27.27], [-54.15, -27.25], [-54.32, -27.42], [-54.82, -27.55], [-54.91, -27.70], [-55.03, -27.76], [-55.10, -27.86], [-55.24, -27.89], [-55.47, -28.08], [-55.72, -28.20], [-55.74, -28.25], [-55.68, -28.38], [-55.89, -28.37], [-55.90, -28.44], [-56.22, -28.73], [-56.39, -28.99], [-56.63, -29.20], [-56.93, -29.59], [-57.22, -29.78], [-57.40, -30.03], [-57.60, -30.18]]], [[[-68.65, -54.85], [-68.62, -52.65], [-68.33, -52.90], [-68.24, -53.08], [-68.33, -53.01], [-68.43, -53.05], [-68.52, -53.17], [-68.48, -53.26], [-68.16, -53.30], [-68.00, -53.56], [-67.29, -54.04], [-66.23, -54.53], [-65.74, -54.65], [-65.36, -54.63], [-65.17, -54.67], [-65.34, -54.87], [-65.47, -54.91], [-65.95, -54.91], [-66.51, -55.03], [-67.12, -54.90], [-68.22, -54.81], [-68.65, -54.85]]], [[[-64.54, -54.71], [-64.43, -54.73], [-63.81, -54.72], [-63.97, -54.81], [-64.32, -54.79], [-64.63, -54.90], [-64.75, -54.82], [-64.54, -54.71]]], [[[-61.87, -39.17], [-61.86, -39.23], [-61.91, -39.22], [-62.04, -39.16], [-62.09, -39.08], [-61.87, -39.17]]]]}}, {"type": "Feature", "properties": {}, "geometry": {"type": "MultiPolygon", "coordinates": [[[[-61.71, 17.03], [-61.74, 16.99], [-61.85, 17.01], [-61.88, 17.09], [-61.81, 17.16], [-61.68, 17.09], [-61.71, 17.03]]], [[[-61.74, 17.57], [-61.84, 17.59], [-61.86, 17.70], [-61.74, 17.66], [-61.74, 17.57]]]]}}, {"type": "Feature", "properties": {}, "geometry": {"type": "MultiPolygon", "coordinates": [[[[13.07, -4.63], [12.82, -4.73], [12.45, -5.07], [12.52, -5.14], [12.50, -5.69], [12.21, -5.75], [12.15, -5.63], [12.20, -5.46], [12.17, -5.32], [12.01, -5.00], [12.20, -4.77], [12.30, -4.76], [12.38, -4.61], [12.79, -4.43], [12.88, -4.44], [13.07, -4.63]]], [[[23.96, -10.87], [24.04, -11.40], [23.97, -11.63], [23.99, -12.42], [23.88, -12.79], [23.96, -12.98], [21.97, -13.00], [21.97, -15.95], [22.04, -16.26], [22.15, -16.59], [22.45, -16.81], [23.38, -17.64], [21.41, -18.00], [21.11, -17.95], [20.74, -18.01], [20.39, -17.88], [18.95, -17.80], [18.71, -17.70], [18.48, -17.44], [18.39, -17.39], [14.01, -17.40], [13.69, -17.23], [13.47, -17.04], [13.10, -16.96], [12.54, -17.21], [12.01, -17.16], [11.74, -17.24], [11.81, -16.70], [11.79, -15.98], [11.75, -15.83], [11.89, -15.71], [12.01, -15.51], [12.28, -14.63], [12.37, -14.03], [12.50, -13.75], [12.55, -13.43], [12.89, -13.02], [12.98, -12.77], [13.41, -12.52], [13.59, -12.28], [13.78, -11.81], [13.84, -11.05], [13.72, -10.63], [13.53, -10.42], [13.49, -10.25], [13.33, -9.99], [13.20, -9.70], [13.15, -9.38], [12.99, -9.04], [13.04, -8.92], [13.09, -8.89], [13.05, -9.00], [13.35, -8.68], [13.37, -8.36], [12.86, -7.23], [12.82, -6.95], [12.52, -6.59], [12.28, -6.12], [12.30, -6.09], [12.79, -6.00], [13.06, -5.86], [13.18, -5.85], [14.39, -5.89], [16.31, -5.86], [16.43, -5.90], [16.69, -6.16], [16.74, -6.61], [16.91, -6.93], [16.98, -7.25], [17.57, -8.09], [17.91, -8.06], [18.00, -8.10], [18.56, -7.93], [18.94, -8.00], [19.34, -7.96], [19.37, -7.65], [19.47, -7.47], [19.52, -7.14], [19.66, -7.03], [19.87, -6.98], [20.59, -6.91], [20.53, -7.18], [20.60, -7.27], [21.78, -7.31], [21.84, -7.42], [21.78, -7.86], [21.80, -8.11], [21.89, -8.34], [21.90, -8.69], [21.81, -9.46], [21.85, -9.59], [22.19, -10.04], [22.27, -10.25], [22.30, -10.69], [22.17, -10.89], [22.22, -11.12], [22.31, -11.19], [22.56, -11.05], [23.07, -11.08], [23.46, -10.96], [23.83, -11.01], [23.96, -10.87]]]]}}, {"type": "Feature", "properties": {}, "geometry": {"type": "Polygon", "coordinates": [[[1.70, 42.50], [1.44, 42.43], [1.41, 42.54], [1.45, 42.62], [1.56, 42.63], [1.70, 42.60], [1.74, 42.55], [1.70, 42.50]]]}}, {"type": "Feature", "properties": {}, "geometry": {"type": "Polygon", "coordinates": [[[8.57, 36.93], [8.60, 36.83], [8.44, 36.76], [8.36, 36.63], [8.20, 36.51], [8.34, 36.36], [8.24, 35.80], [8.31, 35.65], [8.31, 35.40], [8.39, 35.20], [8.27, 34.97], [8.24, 34.73], [8.12, 34.56], [7.83, 34.41], [7.74, 34.25], [7.51, 34.08], [7.50, 33.83], [7.73, 33.26], [8.11, 33.05], [8.21, 32.92], [8.33, 32.54], [9.04, 32.07], [9.51, 30.22], [9.31, 30.11], [9.64, 29.63], [9.80, 29.17], [9.84, 28.96], [9.81, 28.56], [9.91, 27.78], [9.74, 27.33], [9.79, 27.04], [9.89, 26.84], [9.88, 26.63], [9.85, 26.55], [9.49, 26.33], [9.42, 26.14], [10.00, 25.33], [10.02, 25.05], [10.11, 24.79], [10.25, 24.59], [10.39, 24.48], [10.68, 24.55], [11.50, 24.31], [11.96, 23.51], [7.48, 20.87], [5.83, 19.47], [3.40, 18.98], [3.25, 19.01], [3.10, 19.15], [3.25, 19.41], [3.20, 19.56], [3.20, 19.78], [3.13, 19.85], [2.40, 20.06], [2.21, 20.24], [1.75, 20.33], [1.68, 20.37], [1.61, 20.55], [1.16, 20.81], [1.14, 21.10], [-4.51, 24.80], [-8.68, 27.28], [-8.67, 28.68], [-8.26, 28.98], [-7.68, 29.34], [-7.48, 29.39], [-7.14, 29.61], [-6.63, 29.56], [-6.52, 29.65], [-6.47, 29.82], [-6.00, 29.83], [-5.44, 29.95], [-5.18, 30.16], [-4.96, 30.46], [-4.32, 30.69], [-3.98, 30.91], [-3.66, 30.96], [-3.62, 31.06], [-3.83, 31.19], [-3.78, 31.36], [-3.84, 31.61], [-3.76, 31.68], [-3.43, 31.70], [-3.01, 31.83], [-2.93, 32.04], [-2.86, 32.07], [-2.44, 32.12], [-1.22, 32.10], [-1.24, 32.33], [-1.06, 32.46], [-1.11, 32.55], [-1.45, 32.78], [-1.67, 33.31], [-1.63, 33.56], [-1.71, 33.78], [-1.70, 34.17], [-1.79, 34.36], [-1.73, 34.46], [-1.84, 34.60], [-1.79, 34.75], [-2.13, 34.97], [-2.21, 35.10], [-1.91, 35.09], [-1.67, 35.18], [-1.33, 35.36], [-1.08, 35.57], [-0.42, 35.86], [-0.04, 35.83], [0.15, 36.06], [0.31, 36.16], [0.97, 36.44], [1.25, 36.51], [2.59, 36.60], [2.97, 36.78], [3.52, 36.79], [3.77, 36.89], [4.75, 36.89], [5.29, 36.64], [6.06, 36.86], [6.24, 36.93], [6.32, 37.04], [6.48, 37.08], [6.57, 37.00], [6.92, 36.91], [7.23, 36.96], [7.20, 37.09], [7.43, 37.05], [7.91, 36.85], [8.57, 36.93]]]}}, {"type": "Feature", "properties": {}, "geometry": {"type": "Polygon", "coordinates": [[[19.34, 41.86], [19.36, 42.06], [19.28, 42.17], [19.70, 42.64], [19.78, 42.47], [20.06, 42.54], [20.24, 42.33], [20.40, 42.27], [20.52, 42.17], [20.58, 41.91], [20.50, 41.70], [20.51, 41.57], [20.44, 41.52], [20.48, 41.27], [20.70, 40.92], [20.93, 40.90], [21.03, 40.62], [20.95, 40.49], [20.80, 40.44], [20.65, 40.11], [20.31, 39.97], [20.38, 39.80], [20.30, 39.79], [20.20, 39.65], [20.00, 39.70], [19.96, 39.87], [19.85, 40.04], [19.48, 40.20], [19.32, 40.40], [19.45, 40.40], [19.33, 40.66], [19.46, 40.93], [19.48, 41.23], [19.44, 41.42], [19.57, 41.64], [19.57, 41.78], [19.34, 41.86]]]}}, {"type": "Feature", "properties": {}, "geometry": {"type": "Polygon", "coordinates": [[[66.52, 37.34], [66.82, 37.37], [67.06, 37.33], [67.19, 37.23], [67.31, 37.20], [67.51, 37.26], [67.7, 37.22], [67.83, 37.06], [68.06, 36.94], [68.26, 37.01], [68.38, 37.13], [68.91, 37.33], [69.30, 37.11], [69.41, 37.20], [69.39, 37.39], [69.49, 37.55], [69.82, 37.60], [70.04, 37.54], [70.18, 37.58], [70.25, 37.66], [70.21, 37.92], [70.41, 38.07], [70.61, 38.33], [70.87, 38.45], [71.25, 38.30], [71.33, 38.17], [71.27, 37.91], [71.58, 37.91], [71.43, 37.12], [71.53, 36.84], [71.66, 36.69], [71.80, 36.69], [72.35, 36.98], [72.65, 37.02], [72.75, 37.17], [72.89, 37.26], [73.38, 37.46], [73.72, 37.41], [73.71, 37.32], [73.62, 37.26], [73.65, 37.23], [74.16, 37.32], [74.25, 37.41], [74.34, 37.41], [74.65, 37.39], [74.89, 37.23], [74.72, 37.29], [74.37, 37.15], [74.54, 37.02], [74.03, 36.82], [73.76, 36.88], [73.11, 36.86], [72.62, 36.82], [72.24, 36.73], [71.77, 36.43], [71.62, 36.43], [71.23, 36.12], [71.18, 36.04], [71.39, 35.88], [71.57, 35.54], [71.60, 35.40], [71.54, 35.28], [71.62, 35.18], [71.45, 34.96], [71.29, 34.86], [70.96, 34.53], [71.09, 34.36], [71.05, 34.04], [70.65, 33.95], [70.32, 33.96], [69.99, 34.05], [69.88, 34.00], [69.86, 33.89], [70.13, 33.62], [70.28, 33.36], [70.26, 33.28], [69.92, 33.11], [69.50, 33.02], [69.40, 32.68], [69.24, 32.43], [69.27, 31.93], [69.08, 31.73], [68.86, 31.63], [68.78, 31.64], [68.59, 31.80], [68.44, 31.75], [68.16, 31.80], [68.01, 31.67], [67.57, 31.50], [67.73, 31.34], [67.45, 31.23], [67.28, 31.21], [66.92, 31.30], [66.82, 31.26], [66.59, 31.01], [66.39, 30.91], [66.34, 30.80], [66.28, 30.60], [66.30, 30.32], [66.23, 30.10], [66.31, 29.96], [66.17, 29.83], [65.09, 29.55], [64.39, 29.54], [64.09, 29.39], [63.56, 29.49], [62.47, 29.40], [60.84, 29.85], [61.78, 30.83], [61.81, 30.91], [61.75, 31.28], [61.66, 31.38], [60.82, 31.49], [60.78, 31.87], [60.82, 32.24], [60.56, 33.05], [60.56, 33.13], [60.91, 33.50], [60.51, 33.63], [60.48, 34.09], [60.64, 34.30], [60.88, 34.31], [60.72, 34.51], [60.95, 34.65], [61.08, 34.85], [61.14, 35.09], [61.1, 35.27], [61.18, 35.31], [61.27, 35.51], [61.26, 35.61], [61.34, 35.62], [61.62, 35.43], [61.98, 35.44], [62.21, 35.28], [62.30, 35.17], [62.46, 35.25], [62.68, 35.25], [63.05, 35.44], [63.16, 35.67], [63.12, 35.84], [64.00, 36.01], [64.09, 36.11], [64.51, 36.34], [64.81, 37.13], [65.08, 37.23], [65.55, 37.25], [65.64, 37.46], [65.76, 37.56], [66.10, 37.41], [66.52, 37.34]]]}}, {"type": "Feature", "properties": {}, "geometry": {"type": "Polygon", "coordinates": [[[77.04, 35.10], [76.76, 35.66], [77.44, 35.47], [77.79, 35.49], [77.04, 35.10]]]}}, {"type": "Feature", "properties": {}, "geometry": {"type": "MultiPolygon", "coordinates": [[[[-45.71, -60.52], [-45.22, -60.63], [-45.17, -60.73], [-45.39, -60.64], [-45.95, -60.59], [-45.93, -60.52], [-45.71, -60.52]]], [[[-90.53, -68.79], [-90.62, -68.80], [-90.62, -68.71], [-90.53, -68.72], [-90.53, -68.79]]], [[[-57.02, -63.37], [-56.92, -63.50], [-56.78, -63.57], [-56.83, -63.63], [-57.11, -63.63], [-57.15, -63.57], [-57.09, -63.52], [-57.15, -63.47], [-57.46, -63.51], [-58.26, -63.76], [-58.53, -63.91], [-58.83, -64.18], [-59.00, -64.19], [-59.04, -64.23], [-58.79, -64.29], [-58.81, -64.33], [-58.90, -64.35], [-58.78, -64.52], [-58.89, -64.53], [-59.05, -64.45], [-59.22, -64.44], [-59.46, -64.34], [-59.54, -64.35], [-59.61, -64.44], [-59.57, -64.53], [-59.64, -64.58], [-59.73, -64.55], [-59.76, -64.45], [-59.96, -64.43], [-60.34, -64.55], [-61.05, -64.98], [-61.33, -65.02], [-61.70, -64.98], [-61.73, -65.03], [-61.57, -65.18], [-61.66, -65.23], [-61.94, -65.19], [-62.14, -65.33], [-62.05, -65.45], [-61.75, -65.56], [-61.99, -65.58], [-62.30, -65.84], [-62.29, -65.91], [-62.16, -66.03], [-62.00, -66.11], [-61.35, -66.05], [-61.26, -65.97], [-61.03, -65.99], [-60.91, -65.92], [-60.61, -65.93], [-60.56, -65.97], [-60.74, -66.10], [-60.85, -66.06], [-61.00, -66.11], [-60.90, -66.19], [-61.02, -66.33], [-61.13, -66.29], [-61.14, -66.21], [-61.43, -66.14], [-61.52, -66.22], [-61.67, -66.24], [-61.75, -66.42], [-61.84, -66.40], [-61.87, -66.29], [-62.11, -66.20], [-62.68, -66.23], [-62.75, -66.31], [-62.65, -66.36], [-62.61, -66.43], [-62.65, -66.55], [-62.54, -66.62], [-62.53, -66.70], [-62.62, -66.70], [-63.25, -66.26], [-63.58, -66.24], [-63.75, -66.27], [-63.65, -66.38], [-63.75, -66.40], [-64.07, -66.65], [-63.80, -66.76], [-63.75, -66.87], [-64.04, -66.92], [-64.68, -66.80], [-64.87, -67.02], [-64.85, -67.10], [-64.78, -67.12], [-65.02, -67.21], [-64.85, -67.24], [-64.81, -67.30], [-65.24, -67.34], [-65.35, -67.31], [-65.50, -67.37], [-65.50, -67.52], [-65.41, -67.65], [-65.57, -67.78], [-65.60, -67.87], [-65.46, -68.00], [-65.63, -68.13], [-65.21, -68.14], [-64.88, -68.05], [-64.82, -68.12], [-65.45, -68.33], [-64.99, -68.40], [-65.24, -68.58], [-65.15, -68.61], [-64.07, -68.77], [-64.15, -68.68], [-64.16, -68.58], [-63.92, -68.49], [-63.21, -68.41], [-62.93, -68.44], [-62.97, -68.48], [-63.34, -68.49], [-63.77, -68.63], [-63.74, -68.70], [-63.34, -68.81], [-63.47, -68.95], [-63.45, -69.04], [-62.99, -69.32], [-62.58, -69.47], [-62.45, -69.58], [-62.40, -69.82], [-62.20, -70.02], [-61.96, -70.12], [-61.93, -70.19], [-62.01, -70.27], [-62.21, -70.23], [-62.33, -70.27], [-62.37, -70.36], [-62.00, -70.49], [-61.50, -70.49], [-61.49, -70.56], [-61.69, -70.67], [-61.99, -70.72], [-62.04, -70.80], [-61.96, -70.90], [-61.70, -70.85], [-61.31, -70.86], [-61.25, -71.00], [-60.96, -71.24], [-61.00, -71.31], [-61.95, -71.65], [-61.56, -71.67], [-61.21, -71.56], [-61.08, -71.58], [-60.99, -71.66], [-60.94, -71.74], [-61.03, -71.82], [-61.93, -71.90], [-62.25, -72.01], [-61.31, -72.11], [-60.95, -72.05], [-60.71, -72.07], [-60.66, -72.36], [-60.73, -72.42], [-61.27, -72.46], [-61.28, -72.60], [-60.93, -72.69], [-60.72, -72.64], [-60.53, -72.67], [-60.53, -72.83], [-60.38, -73.00], [-60.25, -73.01], [-60.14, -72.93], [-60.00, -72.93], [-59.95, -73.03], [-60.01, -73.18], [-60.12, -73.27], [-60.56, -73.21], [-60.89, -73.32], [-61.08, -73.32], [-61.42, -73.19], [-62.00, -73.14], [-61.78, -73.25], [-61.63, -73.50], [-61.40, -73.46], [-61.07, -73.53], [-60.87, -73.61], [-60.79, -73.71], [-60.90, -73.87], [-61.20, -73.95], [-61.40, -73.89], [-61.69, -73.92], [-61.83, -74.03], [-61.31, -74.03], [-61.04, -74.12], [-61.22, -74.20], [-61.57, -74.19], [-61.84, -74.28], [-61.33, -74.32], [-60.78, -74.24], [-60.70, -74.30], [-61.01, -74.47], [-61.37, -74.51], [-62.23, -74.44], [-62.22, -74.50], [-61.85, -74.77], [-61.92, -74.86], [-62.13, -74.92], [-62.37, -74.95], [-62.56, -74.89], [-62.70, -74.73], [-63.17, -74.68], [-63.12, -74.84], [-63.19, -74.90], [-63.35, -74.87], [-63.92, -75.00], [-63.33, -75.03], [-63.17, -75.11], [-63.23, -75.15], [-63.85, -75.20], [-64.27, -75.29], [-63.30, -75.35], [-63.25, -75.39], [-63.36, -75.45], [-66.37, -76.01], [-67.51, -76.10], [-69.30, -76.35], [-69.91, -76.52], [-70.09, -76.65], [-70.21, -76.67], [-70.89, -76.73], [-71.79, -76.75], [-72.72, -76.68], [-73.87, -76.69], [-75.26, -76.58], [-77.19, -76.62], [-77.28, -76.70], [-77.16, -76.83], [-76.24, -77.27], [-75.38, -77.47], [-74.58, -77.47], [-72.85, -77.59], [-72.87, -77.69], [-73.25, -77.89], [-74.04, -78.10], [-74.81, -78.17], [-75.39, -78.15], [-77.74, -77.94], [-80.60, -77.75], [-81.10, -77.84], [-81.58, -77.84], [-77.85, -78.35], [-77.43, -78.43], [-77.45, -78.56], [-77.54, -78.65], [-77.86, -78.74], [-80.29, -78.82], [-82.60, -78.41], [-83.77, -77.98], [-83.68, -78.14], [-83.22, -78.40], [-83.54, -78.35], [-83.76, -78.46], [-83.59, -78.61], [-83.26, -78.77], [-81.66, -79.09], [-81.22, -79.29], [-81.16, -79.40], [-80.89, -79.50], [-80.53, -79.51], [-80.47, -79.42], [-80.48, -79.32], [-80.15, -79.26], [-76.49, -79.32], [-76.21, -79.38], [-76.10, -79.46], [-76.03, -79.62], [-76.55, -79.90], [-77.70, -80.00], [-79.66, -79.99], [-78.17, -80.16], [-76.40, -80.09], [-75.70, -80.38], [-75.49, -80.61], [-75.23, -80.80], [-75.07, -80.86], [-74.80, -80.88], [-73.93, -80.81], [-73.02, -80.91], [-71.01, -80.61], [-70.68, -80.62], [-70.56, -80.64], [-70.23, -80.85], [-69.77, -80.96], [-69.18, -81.00], [-68.58, -80.96], [-68.32, -81.00], [-68.28, -81.07], [-68.14, -81.13], [-65.57, -81.46], [-64.75, -81.52], [-62.35, -81.57], [-62.16, -81.63], [-62.94, -81.68], [-64.69, -81.65], [-65.61, -81.72], [-65.26, -81.78], [-64.19, -81.79], [-64.13, -81.86], [-65.91, -81.90], [-66.13, -81.95], [-65.84, -81.99], [-65.78, -82.04], [-65.91, -82.18], [-65.71, -82.27], [-65.42, -82.28], [-64.91, -82.37], [-60.52, -82.19], [-62.09, -82.46], [-62.73, -82.52], [-62.46, -82.71], [-62.12, -82.82], [-61.91, -82.97], [-61.70, -83.00], [-61.31, -82.93], [-61.21, -82.99], [-61.20, -83.09], [-61.58, -83.34], [-61.42, -83.39], [-59.51, -83.45], [-57.55, -82.89], [-56.31, -82.63], [-55.80, -82.47], [-55.29, -82.46], [-53.98, -82.20], [-52.41, -82.13], [-50.65, -81.97], [-48.36, -81.89], [-47.36, -82.00], [-46.25, -81.94], [-46.11, -82.03], [-46.04, -82.15], [-46.19, -82.27], [-46.44, -82.33], [-46.51, -82.45], [-46.17, -82.51], [-45.78, -82.49], [-43.66, -82.27], [-43.18, -82.01], [-42.04, -81.59], [-41.43, -81.29], [-40.91, -81.17], [-40.44, -81.16], [-38.77, -80.88], [-37.20, -81.06], [-36.81, -80.97], [-35.96, -80.89], [-35.32, -80.65], [-32.25, -80.46], [-31.31, -80.45], [-31.01, -80.30], [-29.53, -80.18], [-24.24, -80.06], [-23.57, -79.96], [-23.40, -79.85], [-24.53, -79.75], [-29.94, -79.59], [-30.21, -79.48], [-30.17, -79.30], [-30.31, -79.16], [-30.98, -79.12], [-32.99, -79.22], [-35.51, -78.93], [-36.23, -78.77], [-36.26, -78.61], [-36.18, -78.46], [-35.50, -78.04], [-35.08, -77.83], [-34.80, -77.82], [-34.55, -77.72], [-34.29, -77.52], [-34.07, -77.42], [-32.61, -77.14], [-32.06, -77.15], [-30.22, -76.66], [-28.93, -76.37], [-27.13, -76.15], [-26.05, -75.95], [-24.26, -75.76], [-22.46, -75.66], [-21.43, -75.68], [-20.78, -75.59], [-20.48, -75.49], [-19.49, -75.53], [-18.30, -75.43], [-18.51, -75.38], [-18.74, -75.24], [-18.51, -75.05], [-18.22, -74.97], [-17.92, -74.69], [-17.43, -74.37], [-17.29, -74.33], [-16.42, -74.32], [-15.67, -74.40], [-15.28, -74.28], [-14.57, -73.93], [-14.61, -73.85], [-15.74, -73.94], [-16.22, -73.91], [-16.28, -73.86], [-16.00, -73.81], [-15.93, -73.75], [-16.51, -73.64], [-16.43, -73.42], [-15.59, -73.09], [-15.00, -73.04], [-14.32, -73.12], [-14.16, -73.10], [-14.00, -73.00], [-14.29, -72.78], [-14.29, -72.73], [-13.20, -72.78], [-12.74, -72.62], [-11.49, -72.41], [-10.95, -71.90], [-11.00, -71.75], [-11.33, -71.78], [-12.14, -71.61], [-12.35, -71.38], [-11.92, -71.28], [-11.66, -71.33], [-10.96, -71.56], [-10.82, -71.55], [-10.52, -71.29], [-10.03, -71.13], [-10.12, -71.06], [-10.33, -71.02], [-10.35, -70.98], [-10.27, -70.93], [-10.09, -70.92], [-9.88, -71.02], [-9.23, -71.17], [-8.64, -71.67], [-7.91, -71.63], [-7.71, -71.54], [-7.66, -71.32], [-7.59, -71.22], [-7.61, -71.12], [-7.87, -70.94], [-7.85, -70.88], [-7.75, -70.84], [-7.38, -70.78], [-6.83, -70.84], [-5.93, -70.71], [-5.69, -70.74], [-5.58, -70.85], [-5.70, -70.96], [-6.08, -71.15], [-6.11, -71.32], [-4.45, -71.32], [-3.71, -71.37], [-2.61, -71.32], [-2.01, -71.43], [-1.35, -71.38], [-1.21, -71.28], [-1.06, -71.26], [-0.89, -71.34], [-0.84, -71.53], [-0.75, -71.63], [-0.54, -71.71], [0.53, -71.27], [1.90, -71.00], [5.11, -70.65], [7.40, -70.49], [7.67, -70.35], [8.52, -70.47], [8.81, -70.39], [9.14, -70.18], [9.61, -70.26], [10.21, -70.50], [10.96, -70.68], [11.70, -70.76], [12.06, -70.61], [12.46, -70.37], [12.92, -70.21], [12.86, -70.16], [12.59, -70.11], [12.62, -70.06], [13.06, -70.05], [13.29, -70.22], [13.82, -70.34], [14.49, -70.29], [15.80, -70.32], [16.02, -70.19], [16.38, -70.14], [16.58, -70.20], [16.70, -70.39], [18.12, -70.54], [18.23, -70.51], [18.43, -70.28], [19.00, -70.21], [19.19, -70.29], [19.02, -70.67], [19.26, -70.90], [19.40, -70.91], [20.12, -70.91], [21.07, -70.84], [21.33, -70.49], [21.70, -70.25], [21.96, -70.30], [22.36, -70.47], [22.39, -70.56], [22.23, -70.64], [22.27, -70.69], [22.97, -70.81], [23.40, -70.72], [23.66, -70.57], [23.80, -70.40], [24.02, -70.41], [24.23, -70.44], [24.38, -70.53], [24.38, -70.70], [24.75, -70.89], [25.97, -71.03], [26.49, -71.01], [28.91, -70.58], [29.46, -70.40], [30.00, -70.3], [31.37, -70.22], [32.62, -70.00], [32.80, -69.90], [32.98, -69.62], [32.90, -69.37], [32.56, -69.07], [32.64, -68.86], [32.77, -68.78], [33.12, -68.68], [33.46, -68.67], [34.19, -68.70], [34.21, -68.79], [33.77, -69.02], [33.81, -69.09], [34.59, -69.09], [34.74, -69.16], [35.13, -69.48], [35.22, -69.63], [35.35, -69.68], [36.58, -69.63], [37.11, -69.81], [37.55, -69.71], [37.78, -69.72], [38.14, -69.82], [38.49, -70.05], [38.88, -70.17], [38.91, -70.09], [38.85, -70.00], [39.70, -69.42], [39.86, -68.96], [40.21, -68.80], [40.81, -68.72], [41.35, -68.51], [42.40, -68.35], [42.81, -68.12], [42.96, -68.09], [44.37, -67.96], [44.69, -67.90], [44.98, -67.76], [45.19, -67.73], [45.56, -67.73], [45.88, -67.65], [46.39, -67.61], [46.43, -67.53], [46.31, -67.47], [46.31, -67.40], [46.55, -67.26], [46.88, -67.27], [47.15, -67.35], [47.35, -67.36], [47.40, -67.40], [47.23, -67.46], [47.11, -67.57], [47.48, -67.72], [47.95, -67.66], [48.20, -67.69], [48.32, -67.78], [48.32, -67.91], [48.37, -67.98], [48.55, -67.92], [48.64, -67.79], [48.63, -67.52], [49.05, -67.35], [49.21, -67.22], [48.71, -67.21], [48.46, -67.04], [48.83, -66.93], [49.24, -66.94], [50.00, -67.17], [50.55, -67.19], [50.60, -67.15], [50.50, -66.93], [50.52, -66.82], [50.30, -66.75], [50.24, -66.60], [50.33, -66.44], [50.58, -66.35], [50.93, -66.31], [51.88, -66.02], [53.67, -65.85], [55.29, -65.95], [55.71, -66.07], [56.36, -66.37], [56.85, -66.42], [57.18, -66.61], [56.98, -66.70], [56.82, -66.71], [56.29, -66.60], [56.14, -66.62], [56.45, -66.77], [56.47, -66.85], [56.39, -66.97], [55.80, -67.19], [56.15, -67.26], [56.76, -67.07], [57.62, -67.01], [58.73, -67.22], [59.25, -67.48], [59.86, -67.40], [60.48, -67.38], [61.30, -67.54], [62.17, -67.57], [62.68, -67.64], [63.23, -67.52], [63.69, -67.50], [65.70, -67.71], [67.17, -67.76], [68.32, -67.88], [68.89, -67.86], [69.41, -67.74], [69.55, -67.76], [69.65, -67.86], [69.60, -68.04], [69.98, -68.46], [69.92, -68.53], [69.53, -68.73], [69.54, -68.85], [69.64, -68.93], [69.53, -69.02], [69.62, -69.23], [69.37, -69.33], [68.90, -69.37], [68.87, -69.46], [68.95, -69.54], [69.13, -69.57], [69.18, -69.65], [69.08, -69.86], [68.74, -69.92], [68.17, -69.83], [67.57, -70.08], [67.26, -70.27], [67.65, -70.32], [67.94, -70.42], [68.55, -70.41], [69.02, -70.32], [69.16, -70.33], [69.25, -70.43], [69.18, -70.70], [68.87, -71.03], [68.62, -71.18], [68.03, -71.39], [67.43, -72.00], [67.11, -72.64], [66.89, -72.94], [66.49, -73.12], [66.56, -73.20], [67.32, -73.30], [67.97, -73.08], [68.01, -72.91], [67.97, -72.75], [68.41, -72.51], [69.55, -72.37], [69.96, -72.13], [70.29, -72.05], [70.57, -71.93], [70.61, -71.84], [71.07, -71.73], [71.27, -71.62], [71.46, -71.15], [71.77, -70.80], [71.90, -70.70], [72.41, -70.59], [72.76, -70.39], [72.74, -70.23], [72.82, -70.09], [73.32, -69.84], [73.67, -69.82], [73.94, -69.74], [74.57, -69.87], [75.14, -69.85], [75.42, -69.89], [75.63, -69.84], [75.82, -69.72], [75.89, -69.57], [76.11, -69.48], [76.35, -69.49], [77.19, -69.20], [77.54, -69.17], [77.81, -69.06], [78.01, -68.89], [78.48, -68.62], [78.56, -68.39], [78.72, -68.27], [79.03, -68.17], [82.01, -67.69], [82.27, -67.69], [82.60, -67.61], [83.30, -67.60], [83.49, -67.44], [84.48, -67.11], [85.71, -67.16], [86.11, -67.05], [86.75, -67.03], [87.98, -66.78], [89.69, -66.82], [90.54, -66.73], [91.02, -66.60], [92.07, -66.50], [92.59, -66.61], [93.07, -66.57], [94.08, -66.68], [94.83, -66.50], [95.54, -66.63], [96.42, -66.59], [97.10, -66.49], [97.71, -66.60], [98.25, -66.46], [98.72, -66.55], [98.85, -66.67], [99.37, -66.64], [100.88, -66.35], [101.32, -66.10], [101.32, -66.02], [101.38, -65.97], [102.17, -65.95], [102.67, -65.86], [103.63, -65.99], [103.95, -65.98], [106.38, -66.41], [107.17, -66.47], [107.66, -66.58], [107.78, -66.66], [108.15, -66.63], [108.37, -66.76], [109.46, -66.90], [109.82, -66.83], [110.62, -66.52], [110.58, -66.31], [110.90, -66.07], [111.45, -65.96], [113.09, -65.79], [113.70, -65.92], [113.95, -66.06], [114.33, -66.36], [114.61, -66.46], [115.08, -66.49], [115.31, -66.56], [115.63, -66.77], [115.44, -66.95], [115.27, -67.02], [113.99, -67.21], [113.91, -67.36], [114.02, -67.44], [114.92, -67.35], [115.38, -67.23], [115.88, -67.20], [116.71, -67.04], [117.13, -67.11], [117.74, -67.12], [118.13, -67.08], [118.71, -67.17], [119.76, -66.99], [120.37, -66.98], [119.28, -67.19], [118.92, -67.31], [119.13, -67.37], [121.48, -67.09], [122.18, -66.85], [123.22, -66.74], [123.96, -66.60], [124.19, -66.60], [124.59, -66.70], [124.82, -66.69], [125.09, -66.64], [125.39, -66.42], [125.86, -66.36], [126.66, -66.49], [126.87, -66.75], [127.54, -67.05], [127.96, -67.02], [128.43, -67.11], [128.98, -67.09], [129.23, -67.04], [129.74, -66.46], [130.12, -66.29], [130.57, -66.20], [131.83, -66.23], [132.32, -66.16], [132.87, -66.17], [133.14, -66.09], [133.44, -66.08], [133.84, -66.15], [134.17, -66.27], [134.28, -66.47], [134.39, -66.47], [134.97, -66.33], [135.35, -66.12], [136.19, -66.29], [136.55, -66.43], [136.88, -66.33], [137.33, -66.34], [137.75, -66.40], [138.27, -66.56], [139.24, -66.57], [139.90, -66.71], [140.90, -66.75], [141.28, -66.83], [141.97, -66.80], [142.32, -66.94], [142.68, -67.01], [143.44, -66.87], [143.73, -66.87], [143.86, -66.93], [143.91, -67.09], [144.11, -67.08], [144.34, -67.01], [144.55, -67.03], [144.62, -67.14], [144.51, -67.28], [144.25, -67.47], [144.15, -67.64], [143.94, -67.79], [143.97, -67.86], [144.18, -67.89], [144.40, -67.79], [144.87, -67.72], [145.12, -67.62], [145.55, -67.59], [145.97, -67.62], [146.82, -67.96], [146.89, -68.12], [146.79, -68.27], [147.09, -68.36], [148.45, -68.46], [150.34, -68.43], [150.93, -68.35], [151.06, -68.38], [151.13, -68.76], [151.28, -68.81], [151.56, -68.69], [152.54, -68.72], [153.08, -68.85], [153.70, -68.72], [153.76, -68.64], [153.78, -68.34], [153.90, -68.32], [154.19, -68.41], [154.98, -68.84], [155.52, -69.02], [156.48, -69.18], [157.04, -69.17], [157.48, -69.30], [157.93, -69.18], [159.78, -69.52], [160.12, -69.73], [160.12, -69.84], [160.20, -69.97], [160.65, -70.08], [161.03, -70.31], [161.42, -70.82], [161.62, -70.91], [161.91, -70.90], [162.18, -71.03], [162.27, -71.02], [162.28, -70.96], [162.03, -70.62], [162.02, -70.43], [162.21, -70.33], [162.67, -70.30], [163.34, -70.62], [163.99, -70.63], [164.40, -70.51], [165.85, -70.64], [166.62, -70.66], [167.56, -70.81], [167.79, -70.92], [167.96, -71.09], [168.17, -71.18], [168.79, -71.27], [170.16, -71.63], [170.25, -71.56], [170.27, -71.44], [170.43, -71.41], [170.85, -71.86], [170.67, -71.96], [170.22, -71.94], [170.03, -72.11], [169.95, -72.40], [170.25, -72.37], [170.28, -72.47], [170.20, -72.56], [170.04, -72.60], [168.71, -72.38], [168.42, -72.38], [168.82, -72.55], [169.82, -72.72], [169.84, -72.79], [169.54, -73.05], [169.03, -73.20], [168.73, -73.09], [168.38, -73.06], [168.20, -73.12], [167.15, -73.14], [166.88, -73.01], [166.45, -72.93], [166.46, -72.99], [166.83, -73.22], [167.61, -73.33], [167.70, -73.39], [167.53, -73.44], [167.29, -73.44], [166.99, -73.54], [166.15, -73.53], [165.86, -73.59], [166.10, -73.73], [165.73, -73.86], [165.34, -73.87], [165.24, -73.78], [165.24, -73.57], [165.12, -73.38], [164.81, -73.39], [164.74, -73.55], [164.88, -73.83], [164.97, -73.92], [164.90, -74.00], [164.77, -74.02], [165.03, -74.26], [165.39, -74.47], [165.40, -74.55], [165.30, -74.59], [164.17, -74.52], [163.73, -74.56], [163.55, -74.41], [163.39, -74.38], [163.26, -74.42], [163.16, -74.60], [162.60, -74.82], [162.53, -75.16], [162.41, -75.23], [162.08, -75.26], [161.67, -75.21], [160.91, -75.33], [161.03, -75.39], [161.90, -75.40], [162.18, -75.46], [162.23, -75.62], [162.81, -75.84], [162.64, -76.04], [162.43, -76.15], [162.49, -76.20], [162.72, -76.22], [162.82, -76.46], [162.67, -76.56], [162.76, -76.74], [162.48, -76.86], [162.45, -76.95], [163.08, -77.03], [163.60, -77.38], [163.61, -77.58], [163.76, -77.69], [164.04, -77.77], [164.03, -77.85], [164.42, -77.88], [164.49, -77.95], [164.42, -78.04], [163.97, -78.22], [164.29, -78.23], [164.62, -78.31], [165.05, -78.22], [165.41, -78.04], [165.52, -78.06], [165.53, -78.15], [165.66, -78.30], [166.20, -78.45], [167.05, -78.51], [167.13, -78.60], [167.04, -78.68], [166.52, -78.69], [166.11, -78.57], [164.63, -78.60], [162.63, -78.89], [161.97, -78.69], [161.75, -78.54], [161.66, -78.53], [161.51, -78.57], [161.50, -78.67], [161.95, -78.96], [161.95, -79.02], [161.73, -79.05], [161.19, -78.97], [160.87, -79.04], [160.48, -79.20], [160.67, -79.35], [160.64, -79.42], [159.97, -79.58], [160.08, -79.63], [160.32, -79.63], [160.34, -79.69], [159.87, -79.78], [159.89, -79.85], [160.38, -79.87], [160.55, -79.92], [160.55, -80.01], [158.76, -80.29], [158.56, -80.34], [158.57, -80.42], [160.63, -80.44], [160.52, -80.58], [160.82, -80.67], [160.83, -80.72], [160.26, -80.78], [160.27, -80.84], [160.71, -80.90], [160.71, -81.19], [160.47, -81.27], [160.46, -81.34], [160.90, -81.39], [161.58, -81.60], [161.99, -81.65], [162.82, -81.86], [162.85, -81.92], [163.60, -82.12], [163.68, -82.18], [161.16, -82.40], [161.28, -82.48], [162.64, -82.48], [163.01, -82.53], [163.26, -82.46], [164.74, -82.35], [166.44, -82.72], [167.11, -82.80], [167.27, -82.87], [167.23, -82.95], [167.29, -82.98], [167.60, -83.04], [168.09, -82.97], [168.60, -83.06], [168.24, -83.22], [167.67, -83.23], [167.65, -83.27], [168.11, -83.36], [169.83, -83.39], [170.33, -83.47], [171.03, -83.44], [171.22, -83.47], [171.28, -83.55], [171.91, -83.64], [172.87, -83.67], [173.82, -83.81], [175.01, -83.83], [175.32, -83.94], [175.60, -83.96], [179.40, -84.20], [180.0, -84.35], [180.0, -89.99], [-180.0, -89.99], [-180.0, -84.35], [-178.38, -84.33], [-177.73, -84.39], [-176.28, -84.41], [-175.87, -84.51], [-174.66, -84.46], [-171.70, -84.54], [-168.66, -84.68], [-168.04, -84.72], [-167.49, -84.83], [-162.93, -84.90], [-156.45, -85.18], [-156.64, -85.07], [-156.98, -84.98], [-157.45, -84.91], [-156.48, -84.88], [-156.62, -84.83], [-163.56, -84.52], [-164.11, -84.44], [-165.13, -84.40], [-165.24, -84.38], [-163.89, -84.35], [-163.75, -84.30], [-164.68, -84.15], [-164.50, -84.07], [-164.01, -84.01], [-164.08, -83.94], [-164.95, -83.80], [-165.53, -83.75], [-167.80, -83.79], [-169.16, -83.44], [-171.18, -83.25], [-174.06, -82.90], [-174.23, -82.79], [-173.07, -82.91], [-171.82, -82.84], [-168.41, -83.22], [-165.61, -83.21], [-164.91, -83.29], [-164.44, -83.46], [-163.11, -83.32], [-162.19, -83.51], [-159.92, -83.49], [-159.44, -83.54], [-157.42, -83.34], [-157.02, -83.23], [-157.58, -83.18], [-157.67, -83.12], [-155.45, -82.98], [-155.15, -82.85], [-153.82, -82.66], [-153.39, -82.58], [-153.00, -82.44], [-154.71, -81.94], [-154.18, -81.81], [-153.95, -81.70], [-154.90, -81.51], [-157.03, -81.31], [-156.52, -81.16], [-148.12, -80.90], [-148.02, -80.83], [-149.14, -80.71], [-149.21, -80.60], [-150.13, -80.51], [-150.51, -80.40], [-150.57, -80.35], [-150.43, -80.21], [-150.22, -80.15], [-148.31, -80.07], [-148.43, -79.92], [-148.12, -79.90], [-148.08, -79.85], [-148.17, -79.77], [-151.04, -79.45], [-152.09, -79.24], [-152.05, -79.19], [-152.13, -79.11], [-153.51, -79.11], [-154.51, -79.04], [-155.20, -78.96], [-156.11, -78.74], [-156.46, -78.63], [-155.91, -78.51], [-154.71, -78.39], [-154.29, -78.25], [-155.34, -78.19], [-157.26, -78.19], [-158.28, -77.95], [-158.50, -77.77], [-158.22, -77.49], [-158.21, -77.15], [-158.00, -77.09], [-157.84, -77.07], [-157.46, -77.23], [-157.13, -77.24], [-156.66, -77.21], [-156.21, -77.10], [-154.81, -77.12], [-153.90, -77.22], [-153.60, -77.31], [-153.46, -77.41], [-151.71, -77.42], [-150.30, -77.73], [-149.71, -77.79], [-149.12, -77.64], [-148.33, -77.55], [-148.15, -77.46], [-148.74, -77.34], [-148.84, -77.28], [-148.77, -77.12], [-148.57, -77.10], [-147.56, -77.32], [-146.92, -77.25], [-146.39, -77.47], [-146.07, -77.48], [-145.60, -77.45], [-145.71, -77.33], [-145.79, -77.32], [-145.80, -77.27], [-145.51, -77.19], [-145.96, -77.06], [-145.62, -76.95], [-145.68, -76.88], [-145.67, -76.79], [-145.75, -76.74], [-146.77, -76.50], [-147.34, -76.43], [-148.60, -76.49], [-149.65, -76.36], [-148.89, -76.27], [-148.32, -76.10], [-147.86, -76.13], [-146.81, -76.31], [-145.88, -76.42], [-145.44, -76.40], [-146.38, -76.09], [-146.32, -76.02], [-145.98, -75.88], [-144.72, -75.83], [-143.57, -75.56], [-142.32, -75.49], [-141.50, -75.69], [-140.87, -75.74], [-141.22, -75.54], [-140.47, -75.44], [-139.69, -75.21], [-139.14, -75.16], [-137.61, -75.07], [-136.64, -75.16], [-136.54, -75.13], [-136.22, -74.83], [-136.03, -74.76], [-135.36, -74.69], [-134.84, -74.69], [-133.79, -74.85], [-132.04, -74.76], [-129.79, -74.89], [-127.86, -74.71], [-127.02, -74.69], [-123.88, -74.77], [-121.54, -74.75], [-119.67, -74.65], [-119.02, -74.51], [-118.80, -74.42], [-118.34, -74.38], [-117.06, -74.47], [-116.43, -74.44], [-115.22, -74.48], [-115.10, -74.45], [-114.79, -73.98], [-114.62, -73.90], [-113.50, -74.08], [-113.48, -74.15], [-113.71, -74.22], [-113.75, -74.36], [-113.45, -74.39], [-113.33, -74.45], [-113.90, -74.64], [-113.98, -74.84], [-114.09, -74.90], [-114.11, -74.98], [-111.69, -74.79], [-111.58, -74.75], [-111.78, -74.57], [-111.69, -74.50], [-111.80, -74.26], [-111.62, -74.18], [-111.18, -74.18], [-110.53, -74.28], [-110.30, -74.36], [-110.22, -74.53], [-110.30, -74.71], [-110.53, -74.83], [-111.46, -75.13], [-111.35, -75.21], [-109.27, -75.18], [-107.80, -75.32], [-106.61, -75.34], [-104.90, -75.11], [-104.61, -75.15], [-104.15, -75.12], [-103.90, -75.15], [-103.12, -75.09], [-101.70, -75.12], [-101.62, -75.22], [-101.30, -75.36], [-101.03, -75.42], [-99.53, -75.30], [-98.75, -75.31], [-98.55, -75.18], [-99.20, -75.07], [-99.65, -74.94], [-100.16, -74.93], [-100.47, -74.87], [-100.26, -74.82], [-100.01, -74.66], [-100.11, -74.51], [-100.23, -74.48], [-100.88, -74.54], [-101.25, -74.48], [-101.58, -74.09], [-101.71, -74.02], [-102.76, -73.88], [-102.86, -73.78], [-102.79, -73.64], [-102.41, -73.61], [-100.71, -73.75], [-99.78, -73.72], [-99.54, -73.64], [-98.89, -73.61], [-100.43, -73.35], [-102.90, -73.28], [-103.07, -73.18], [-103.37, -72.81], [-103.11, -72.72], [-102.36, -72.76], [-102.27, -72.83], [-102.48, -72.95], [-102.40, -72.98], [-101.68, -73.02], [-100.82, -72.98], [-100.25, -73.04], [-99.81, -72.99], [-98.20, -73.02], [-98.01, -73.03], [-97.65, -73.14], [-97.47, -73.12], [-96.39, -73.30], [-95.23, -73.22], [-94.58, -73.24], [-94.24, -73.31], [-93.70, -73.21], [-92.82, -73.16], [-92.24, -73.17], [-90.92, -73.31], [-90.43, -73.24], [-90.27, -73.11], [-90.29, -72.97], [-90.03, -72.96], [-89.81, -72.86], [-89.34, -72.88], [-89.12, -72.69], [-88.77, -72.68], [-88.19, -72.78], [-88.19, -72.85], [-88.56, -73.12], [-88.41, -73.22], [-87.40, -73.19], [-87.03, -73.35], [-86.79, -73.36], [-85.80, -73.19], [-84.98, -73.50], [-84.21, -73.57], [-83.56, -73.70], [-82.81, -73.73], [-82.18, -73.85], [-81.30, -73.73], [-81.16, -73.63], [-81.26, -73.31], [-81.17, -73.24], [-81.02, -73.23], [-80.33, -73.41], [-80.43, -73.22], [-80.61, -73.08], [-80.58, -72.97], [-80.44, -72.94], [-79.52, -73.08], [-78.96, -73.31], [-78.78, -73.50], [-78.40, -73.55], [-76.85, -73.46], [-76.76, -73.56], [-77.13, -73.81], [-77.04, -73.84], [-76.75, -73.78], [-76.29, -73.80], [-75.29, -73.63], [-74.59, -73.71], [-73.99, -73.69], [-72.92, -73.44], [-71.45, -73.35], [-71.01, -73.26], [-70.32, -73.27], [-69.28, -73.16], [-68.00, -72.93], [-67.66, -72.83], [-67.30, -72.61], [-66.82, -72.09], [-66.95, -71.89], [-67.46, -71.52], [-67.52, -71.28], [-67.50, -71.05], [-67.69, -70.68], [-67.88, -70.42], [-68.40, -70.01], [-68.40, -69.80], [-68.46, -69.64], [-68.70, -69.43], [-68.14, -69.34], [-67.37, -69.41], [-67.30, -69.31], [-66.97, -69.16], [-67.02, -69.02], [-67.39, -68.86], [-67.29, -68.77], [-67.13, -68.77], [-67.05, -68.67], [-67.11, -68.57], [-67.04, -68.45], [-66.79, -68.24], [-67.14, -68.02], [-66.91, -67.69], [-66.67, -67.56], [-67.12, -67.48], [-67.54, -67.53], [-67.58, -67.43], [-67.49, -67.11], [-67.29, -67.07], [-67.16, -66.95], [-67.03, -66.94], [-66.95, -66.98], [-66.88, -67.17], [-66.90, -67.25], [-66.83, -67.28], [-66.61, -67.20], [-66.49, -67.28], [-66.47, -67.24], [-66.53, -66.97], [-66.46, -66.87], [-66.52, -66.74], [-66.50, -66.68], [-66.30, -66.59], [-65.95, -66.64], [-65.76, -66.62], [-65.67, -66.40], [-65.77, -66.34], [-65.77, -66.28], [-65.61, -66.13], [-65.17, -66.11], [-65.26, -65.99], [-64.99, -65.94], [-64.61, -66.01], [-64.51, -65.95], [-64.54, -65.9], [-64.65, -65.86], [-64.64, -65.74], [-64.47, -65.78], [-64.39, -65.70], [-64.43, -65.64], [-64.21, -65.63], [-64.13, -65.57], [-63.81, -65.53], [-63.79, -65.48], [-64.05, -65.41], [-64.07, -65.27], [-64.03, -65.17], [-63.76, -65.03], [-63.26, -65.07], [-63.05, -65.13], [-63.03, -65.07], [-63.11, -64.94], [-62.77, -64.84], [-62.52, -64.83], [-62.57, -64.75], [-62.50, -64.65], [-62.40, -64.64], [-62.33, -64.72], [-62.24, -64.74], [-61.88, -64.62], [-61.63, -64.60], [-61.50, -64.54], [-61.39, -64.42], [-61.08, -64.31], [-60.88, -64.14], [-60.92, -64.10], [-60.86, -64.07], [-60.27, -63.92], [-59.51, -63.82], [-59.03, -63.67], [-58.87, -63.55], [-58.21, -63.45], [-57.86, -63.31], [-57.38, -63.22], [-57.07, -63.26], [-57.02, -63.37]]], [[[-45.22, -78.81], [-44.04, -78.80], [-43.62, -78.84], [-43.26, -79.16], [-43.21, -79.3], [-42.96, -79.47], [-42.98, -79.80], [-43.06, -79.89], [-43.26, -79.97], [-43.60, -79.97], [-43.75, -80.02], [-43.48, -80.09], [-43.45, -80.15], [-43.52, -80.19], [-49.18, -80.64], [-49.62, -80.71], [-49.77, -80.78], [-54.16, -80.87], [-54.35, -80.76], [-54.34, -80.56], [-54.04, -80.48], [-53.39, -80.10], [-53.05, -80.17], [-52.46, -80.06], [-52.35, -80.07], [-52.29, -80.14], [-51.18, -79.81], [-50.40, -79.51], [-50.29, -79.42], [-50.37, -79.33], [-50.73, -79.28], [-50.52, -79.10], [-50.50, -78.94], [-50.24, -78.83], [-50.37, -78.78], [-50.21, -78.60], [-49.35, -78.22], [-49.08, -78.04], [-47.46, -77.81], [-46.25, -77.80], [-44.59, -78.03], [-44.09, -78.16], [-43.85, -78.25], [-43.78, -78.33], [-43.78, -78.43], [-43.94, -78.59], [-45.06, -78.66], [-45.21, -78.68], [-45.35, -78.79], [-45.22, -78.81]]], [[[-59.73, -80.34], [-59.77, -80.65], [-59.82, -80.73], [-60.58, -80.94], [-62.67, -80.83], [-62.94, -80.76], [-63.14, -80.59], [-64.06, -80.65], [-64.26, -80.74], [-66.18, -80.44], [-66.77, -80.29], [-66.37, -80.22], [-66.21, -80.25], [-66.16, -80.34], [-65.98, -80.38], [-61.63, -80.34], [-61.19, -80.25], [-61.59, -80.20], [-61.69, -80.13], [-61.68, -80.01], [-61.30, -79.99], [-61.24, -79.97], [-61.34, -79.95], [-61.34, -79.88], [-60.57, -79.74], [-59.87, -79.77], [-59.70, -79.87], [-59.78, -80.00], [-59.78, -80.10], [-59.49, -80.11], [-59.32, -80.19], [-59.53, -80.20], [-59.73, -80.34]]], [[[-70.05, -69.18], [-70.07, -69.31], [-69.91, -69.26], [-69.70, -69.32], [-69.41, -69.58], [-69.09, -70.09], [-68.55, -70.58], [-68.45, -70.68], [-68.45, -70.81], [-68.33, -70.85], [-68.31, -70.91], [-68.24, -71.82], [-68.54, -72.15], [-69.14, -72.42], [-69.20, -72.53], [-70.54, -72.66], [-70.92, -72.61], [-72.36, -72.66], [-72.53, -72.58], [-72.88, -72.54], [-73.05, -72.44], [-73.08, -72.40], [-72.73, -72.28], [-70.87, -72.36], [-70.42, -72.32], [-70.20, -72.22], [-70.53, -72.16], [-71.41, -72.28], [-71.66, -72.24], [-71.89, -72.12], [-71.03, -72.03], [-70.89, -71.98], [-70.82, -71.90], [-71.81, -71.82], [-72.33, -71.63], [-72.92, -71.92], [-73.77, -71.84], [-73.82, -71.87], [-73.53, -72.02], [-73.99, -72.16], [-74.42, -72.05], [-74.78, -72.06], [-75.35, -71.87], [-75.38, -71.82], [-75.33, -71.75], [-75.33, -71.64], [-75.09, -71.55], [-74.86, -71.54], [-74.39, -71.63], [-74.42, -71.45], [-74.23, -71.38], [-73.47, -71.57], [-73.38, -71.52], [-73.59, -71.44], [-73.60, -71.35], [-73.39, -71.32], [-72.62, -71.38], [-72.21, -71.33], [-72.90, -71.22], [-73.06, -71.12], [-72.71, -71.07], [-71.71, -71.14], [-71.50, -71.11], [-71.19, -70.98], [-70.38, -70.94], [-69.86, -71.12], [-69.82, -70.97], [-69.87, -70.87], [-69.99, -70.89], [-70.91, -70.78], [-71.17, -70.71], [-71.19, -70.65], [-71.06, -70.53], [-70.32, -70.36], [-69.61, -70.39], [-70.32, -70.15], [-70.71, -70.13], [-71.12, -70.19], [-71.72, -70.05], [-71.87, -69.90], [-71.71, -69.52], [-71.74, -69.42], [-72.08, -69.26], [-72.13, -69.11], [-72.05, -69.00], [-71.86, -68.94], [-70.41, -68.78], [-70.10, -68.95], [-70.05, -69.18]]], [[[-98.09, -71.91], [-98.17, -72.01], [-98.16, -72.12], [-97.92, -72.11], [-97.81, -71.91], [-97.58, -71.88], [-97.47, -72.00], [-97.58, -72.09], [-97.46, -72.18], [-97.34, -72.18], [-97.19, -72.09], [-97.08, -71.94], [-96.86, -71.85], [-96.38, -71.83], [-96.12, -71.89], [-96.29, -72.04], [-96.97, -72.22], [-96.71, -72.25], [-95.68, -72.05], [-95.60, -72.06], [-95.60, -72.17], [-95.53, -72.24], [-95.57, -72.40], [-96.07, -72.45], [-96.01, -72.52], [-96.05, -72.57], [-97.02, -72.57], [-97.25, -72.52], [-98.16, -72.55], [-99.14, -72.47], [-100.19, -72.27], [-102.02, -72.18], [-102.26, -72.13], [-102.31, -72.08], [-102.28, -72.03], [-102.12, -71.98], [-100.21, -71.83], [-100.08, -71.83], [-99.78, -72.04], [-99.56, -71.94], [-99.25, -71.97], [-99.08, -71.93], [-98.96, -71.85], [-98.61, -71.76], [-98.18, -71.82], [-98.09, -71.91]]], [[[-120.55, -73.75], [-120.37, -73.85], [-120.27, -73.98], [-120.98, -74.15], [-121.05, -74.25], [-121.00, -74.32], [-122.28, -74.40], [-122.93, -74.30], [-122.95, -74.24], [-122.76, -74.21], [-122.88, -74.09], [-122.62, -73.96], [-122.99, -73.84], [-123.34, -73.84], [-123.24, -73.73], [-123.01, -73.67], [-120.55, -73.75]]], [[[-126.32, -73.28], [-125.73, -73.40], [-125.56, -73.53], [-125.26, -73.66], [-125.82, -73.71], [-125.85, -73.78], [-125.67, -73.82], [-125.32, -73.79], [-124.99, -73.82], [-124.53, -73.73], [-124.04, -73.88], [-124.15, -73.94], [-123.80, -74.07], [-123.83, -74.22], [-123.98, -74.25], [-125.08, -74.18], [-126.24, -73.89], [-126.47, -73.81], [-126.49, -73.70], [-126.58, -73.66], [-126.83, -73.65], [-127.00, -73.72], [-127.21, -73.72], [-127.23, -73.58], [-127.41, -73.51], [-127.42, -73.44], [-127.26, -73.30], [-126.32, -73.28]]], [[[-159.05, -79.80], [-160.30, -79.84], [-161.86, -79.70], [-163.71, -79.44], [-164.22, -79.32], [-164.28, -79.24], [-164.19, -79.05], [-164.12, -78.99], [-163.25, -78.72], [-162.39, -78.76], [-161.64, -78.90], [-159.68, -79.40], [-159.05, -79.69], [-158.99, -79.73], [-159.05, -79.80]]], [[[167.08, -77.32], [167.46, -77.39], [168.45, -77.38], [169.27, -77.45], [169.35, -77.52], [168.51, -77.68], [167.39, -77.64], [166.72, -77.85], [166.21, -77.52], [166.62, -77.37], [166.41, -77.25], [166.50, -77.18], [166.98, -77.18], [167.10, -77.27], [167.08, -77.32]]], [[[-31.11, -79.79], [-30.98, -79.81], [-30.84, -79.77], [-30.86, -79.72], [-30.77, -79.64], [-30.66, -79.73], [-29.87, -79.82], [-29.61, -79.90], [-30.42, -80.01], [-31.82, -79.84], [-32.00, -79.73], [-31.68, -79.63], [-31.11, -79.79]]], [[[-33.93, -79.32], [-34.04, -79.35], [-36.60, -79.28], [-36.56, -79.20], [-36.04, -79.18], [-35.53, -79.09], [-33.99, -79.27], [-33.93, -79.32]]], [[[-70.33, -79.67], [-71.52, -79.62], [-71.73, -79.53], [-71.78, -79.44], [-71.66, -79.24], [-71.45, -79.12], [-70.54, -78.88], [-67.47, -78.36], [-67.03, -78.31], [-66.72, -78.38], [-67.48, -78.68], [-69.25, -79.21], [-69.68, -79.44], [-69.63, -79.51], [-69.73, -79.61], [-70.33, -79.67]]], [[[-57.84, -64.05], [-57.47, -63.96], [-57.51, -64.01], [-57.24, -64.09], [-57.27, -64.16], [-57.22, -64.22], [-57.41, -64.29], [-57.29, -64.36], [-57.68, -64.35], [-57.70, -64.29], [-57.82, -64.30], [-57.90, -64.41], [-57.95, -64.39], [-57.92, -64.33], [-58.21, -64.36], [-58.30, -64.31], [-58.01, -64.24], [-58.13, -64.20], [-58.14, -64.09], [-58.43, -64.11], [-58.27, -63.91], [-57.92, -63.80], [-57.83, -63.80], [-57.77, -63.86], [-57.84, -64.05]]], [[[-55.52, -63.17], [-55.15, -63.20], [-55.07, -63.32], [-55.15, -63.35], [-55.83, -63.29], [-56.37, -63.43], [-56.46, -63.41], [-56.50, -63.33], [-56.38, -63.23], [-56.04, -63.15], [-55.58, -63.12], [-55.52, -63.17]]], [[[-57.97, -61.91], [-57.73, -61.92], [-57.63, -62.02], [-58.14, -62.06], [-58.17, -62.11], [-58.13, -62.14], [-58.18, -62.17], [-58.34, -62.11], [-58.46, -62.13], [-58.56, -62.24], [-58.81, -62.17], [-59.00, -62.20], [-58.68, -62.00], [-58.39, -61.93], [-57.97, -61.91]]], [[[-63.18, -64.46], [-63.27, -64.57], [-62.92, -64.51], [-62.83, -64.57], [-63.27, -64.71], [-63.55, -64.73], [-63.73, -64.83], [-64.27, -64.69], [-64.17, -64.58], [-63.86, -64.50], [-63.91, -64.45], [-63.67, -64.42], [-63.68, -64.34], [-63.48, -64.26], [-63.33, -64.26], [-63.22, -64.32], [-63.27, -64.38], [-63.18, -64.46]]], [[[-62.32, -64.42], [-62.50, -64.45], [-62.57, -64.51], [-62.78, -64.47], [-62.50, -64.25], [-62.47, -64.21], [-62.61, -64.11], [-62.45, -64.01], [-62.32, -64.01], [-62.26, -64.03], [-62.26, -64.09], [-62.05, -64.13], [-62.18, -64.36], [-62.32, -64.42]]], [[[-67.98, -67.47], [-68.17, -67.55], [-68.38, -67.55], [-68.43, -67.65], [-68.58, -67.73], [-68.81, -67.75], [-68.90, -67.74], [-69.09, -67.60], [-69.13, -67.51], [-69.08, -67.40], [-68.81, -67.23], [-68.33, -66.80], [-67.83, -66.62], [-67.71, -66.63], [-67.68, -66.70], [-67.93, -66.84], [-67.96, -67.03], [-67.68, -67.14], [-68.23, -67.37], [-68.00, -67.41], [-67.98, -67.47]]], [[[-73.70, -70.63], [-73.55, -70.72], [-74.20, -70.92], [-74.80, -71.01], [-76.27, -71.13], [-76.42, -71.09], [-76.51, -70.99], [-76.50, -70.94], [-76.24, -70.86], [-75.12, -70.75], [-74.95, -70.59], [-74.79, -70.63], [-74.58, -70.79], [-74.46, -70.72], [-74.45, -70.58], [-74.40, -70.57], [-74.11, -70.65], [-74.11, -70.57], [-74.03, -70.55], [-73.70, -70.63]]], [[[-74.98, -69.72], [-74.81, -69.75], [-74.43, -69.94], [-74.57, -69.99], [-74.67, -70.13], [-74.84, -70.17], [-75.72, -70.09], [-75.80, -70.03], [-75.81, -69.98], [-75.68, -69.88], [-75.33, -69.84], [-75.26, -69.74], [-74.98, -69.72]]], [[[-74.35, -73.09], [-74.52, -73.24], [-74.66, -73.27], [-74.36, -73.46], [-74.45, -73.56], [-74.57, -73.61], [-75.90, -73.33], [-76.05, -73.25], [-76.09, -73.15], [-75.89, -73.05], [-75.50, -73.10], [-75.41, -73.05], [-75.27, -73.05], [-75.24, -73.00], [-75.60, -72.95], [-75.73, -72.87], [-75.37, -72.82], [-74.33, -72.91], [-74.22, -72.99], [-74.35, -73.09]]], [[[-91.16, -73.18], [-91.51, -73.19], [-91.45, -72.96], [-91.35, -72.90], [-91.67, -72.62], [-91.30, -72.54], [-90.94, -72.55], [-90.80, -72.61], [-90.78, -72.73], [-90.89, -72.82], [-90.77, -72.85], [-90.77, -72.99], [-90.99, -73.13], [-91.16, -73.18]]], [[[167.64, -78.14], [167.37, -78.24], [166.93, -78.22], [166.28, -78.30], [166.12, -78.27], [166.01, -78.10], [166.86, -78.19], [167.49, -77.99], [167.59, -78.02], [167.64, -78.14]]], [[[100.98, -65.67], [100.54, -65.70], [100.35, -65.67], [100.27, -65.60], [100.40, -65.46], [100.60, -65.39], [101.07, -65.40], [101.25, -65.52], [100.98, -65.67]]], [[[26.85, -70.38], [26.79, -70.41], [26.35, -70.43], [26.00, -70.37], [25.95, -70.26], [25.98, -70.19], [26.30, -70.07], [26.60, -70.07], [26.87, -70.32], [26.85, -70.38]]], [[[-5.89, -70.55], [-6.15, -70.61], [-6.43, -70.45], [-5.97, -70.42], [-5.89, -70.55]]], [[[-3.28, -70.53], [-3.44, -70.53], [-3.49, -70.48], [-3.17, -70.30], [-2.80, -70.28], [-2.68, -70.37], [-2.68, -70.46], [-2.73, -70.50], [-3.28, -70.53]]], [[[-66.17, -80.07], [-66.36, -80.05], [-66.41, -79.97], [-66.90, -79.90], [-66.99, -79.79], [-67.71, -79.62], [-67.80, -79.54], [-66.01, -79.62], [-65.87, -79.73], [-65.57, -79.77], [-65.50, -79.95], [-66.17, -80.07]]], [[[-67.26, -79.45], [-67.43, -79.50], [-68.54, -79.43], [-68.42, -79.33], [-68.03, -79.22], [-67.06, -79.26], [-67.23, -79.32], [-67.30, -79.39], [-67.26, -79.45]]], [[[-55.16, -61.22], [-55.29, -61.24], [-55.44, -61.10], [-55.38, -61.07], [-54.67, -61.11], [-55.16, -61.22]]], [[[-55.87, -63.53], [-55.95, -63.57], [-56.23, -63.46], [-55.85, -63.40], [-55.76, -63.42], [-55.71, -63.49], [-55.87, -63.53]]], [[[-57.24, -64.56], [-57.43, -64.54], [-57.44, -64.45], [-56.89, -64.33], [-56.99, -64.46], [-57.24, -64.56]]], [[[-56.05, -63.07], [-56.25, -63.17], [-56.35, -63.16], [-56.61, -63.04], [-56.48, -62.98], [-56.06, -63.01], [-56.05, -63.07]]], [[[-57.37, -63.80], [-57.10, -63.84], [-57.34, -63.87], [-57.68, -63.81], [-57.37, -63.80]]], [[[-61.99, -69.72], [-62.08, -69.72], [-62.17, -69.63], [-62.21, -69.49], [-62.49, -69.28], [-62.56, -69.18], [-62.44, -69.14], [-62.23, -69.17], [-61.81, -69.37], [-61.80, -69.51], [-61.91, -69.53], [-61.99, -69.72]]], [[[-60.62, -62.56], [-60.13, -62.54], [-60.00, -62.61], [-59.84, -62.61], [-60.22, -62.74], [-60.32, -62.70], [-60.37, -62.61], [-60.99, -62.67], [-61.14, -62.63], [-61.15, -62.58], [-60.97, -62.59], [-60.79, -62.47], [-60.62, -62.56]]], [[[-71.98, -69.69], [-72.20, -69.74], [-72.77, -69.64], [-72.95, -69.52], [-72.85, -69.43], [-72.46, -69.45], [-71.98, -69.69]]], [[[-95.02, -72.66], [-95.27, -72.64], [-95.21, -72.59], [-94.56, -72.46], [-94.42, -72.61], [-95.02, -72.66]]], [[[-104.53, -73.16], [-104.65, -73.21], [-104.88, -73.20], [-105.05, -73.12], [-105.13, -72.99], [-104.97, -72.94], [-104.53, -73.16]]], [[[-119.54, -74.11], [-119.82, -74.11], [-119.90, -74.08], [-119.66, -73.98], [-119.80, -73.81], [-119.21, -73.77], [-118.95, -73.80], [-118.87, -73.87], [-119.05, -73.99], [-119.54, -74.11]]], [[[-127.36, -74.62], [-127.51, -74.64], [-127.91, -74.54], [-128.09, -74.46], [-128.13, -74.32], [-127.22, -74.42], [-127.14, -74.48], [-127.23, -74.57], [-127.36, -74.62]]], [[[-161.99, -83.11], [-163.04, -83.09], [-163.55, -82.98], [-163.63, -82.90], [-163.79, -82.84], [-162.79, -82.86], [-161.63, -83.02], [-161.82, -83.04], [-161.99, -83.11]]], [[[-160.46, -81.58], [-163.25, -81.48], [-163.95, -81.39], [-163.86, -81.32], [-163.20, -81.28], [-162.45, -81.31], [-160.93, -81.46], [-160.46, -81.58]]], [[[163.97, -74.83], [163.76, -74.80], [163.74, -74.71], [164.20, -74.60], [163.97, -74.83]]], [[[162.96, -75.56], [162.78, -75.69], [162.59, -75.66], [162.72, -75.59], [162.96, -75.56]]], [[[169.84, -73.60], [169.70, -73.62], [169.47, -73.53], [169.65, -73.41], [169.67, -73.34], [169.78, -73.32], [169.96, -73.51], [169.84, -73.60]]], [[[164.83, -67.54], [164.69, -67.56], [164.63, -67.50], [164.69, -67.40], [164.68, -67.25], [164.90, -67.41], [164.83, -67.54]]], [[[163.30, -66.82], [163.28, -66.88], [163.23, -66.86], [163.08, -66.70], [163.23, -66.70], [163.30, -66.82]]], [[[162.61, -66.47], [162.51, -66.52], [162.30, -66.39], [162.31, -66.25], [162.61, -66.47]]], [[[96.61, -66.03], [96.93, -66.05], [97.00, -66.09], [97.01, -66.16], [96.39, -66.22], [96.30, -66.18], [96.39, -66.08], [96.61, -66.03]]], [[[100.26, -66.21], [100.13, -66.22], [100.07, -66.18], [100.29, -66.11], [100.26, -66.21]]], [[[98.84, -66.46], [98.65, -66.45], [98.59, -66.38], [98.94, -66.42], [98.84, -66.46]]], [[[103.39, -65.44], [103.17, -65.45], [103.11, -65.31], [102.78, -65.23], [102.75, -65.16], [102.89, -65.12], [103.13, -65.19], [103.19, -65.23], [103.18, -65.33], [103.39, -65.44]]], [[[92.60, -65.80], [92.33, -65.80], [92.24, -65.73], [92.49, -65.70], [92.66, -65.76], [92.60, -65.80]]], [[[85.82, -66.95], [85.65, -66.97], [85.35, -66.85], [85.31, -66.77], [85.34, -66.72], [85.80, -66.77], [85.93, -66.89], [85.82, -66.95]]], [[[86.54, -66.76], [86.33, -66.78], [86.23, -66.73], [86.38, -66.67], [86.65, -66.71], [86.54, -66.76]]], [[[85.32, -66.61], [85.13, -66.63], [85.06, -66.58], [85.16, -66.52], [85.32, -66.61]]], [[[69.91, -71.91], [69.79, -72.04], [69.69, -71.96], [69.79, -71.89], [69.91, -71.91]]], [[[68.46, -72.30], [68.40, -72.30], [68.66, -72.10], [68.72, -72.08], [68.84, -72.16], [68.81, -72.22], [68.46, -72.30]]], [[[72.00, -70.63], [71.84, -70.62], [71.65, -70.49], [71.64, -70.33], [71.79, -70.26], [71.87, -70.40], [72.07, -70.52], [72.07, -70.60], [72.00, -70.63]]], [[[48.54, -66.78], [48.30, -66.79], [48.29, -66.75], [48.35, -66.70], [48.78, -66.73], [48.77, -66.77], [48.54, -66.78]]], [[[16.22, -70.00], [16.15, -70.07], [15.61, -69.93], [15.56, -69.86], [15.69, -69.77], [15.90, -69.72], [16.24, -69.70], [16.62, -69.75], [16.31, -69.84], [16.22, -70.00]]], [[[3.03, -70.59], [2.69, -70.62], [2.58, -70.53], [3.07, -70.38], [3.23, -70.40], [3.25, -70.44], [3.22, -70.51], [3.03, -70.59]]], [[[-2.95, -71.21], [-3.30, -71.20], [-3.40, -71.11], [-3.39, -71.06], [-3.26, -71.05], [-2.95, -71.21]]], [[[1.29, -70.25], [1.21, -70.38], [1.15, -70.37], [0.99, -70.22], [0.94, -70.09], [1.02, -70.04], [1.41, -70.04], [1.46, -70.13], [1.29, -70.25]]], [[[-2.53, -70.76], [-2.09, -70.82], [-2.36, -71.04], [-2.78, -71.16], [-2.82, -71.11], [-2.80, -70.98], [-2.96, -70.94], [-3.00, -70.85], [-3.57, -70.70], [-3.04, -70.67], [-2.74, -70.69], [-2.53, -70.76]]], [[[4.52, -70.47], [4.36, -70.50], [4.17, -70.45], [4.06, -70.29], [4.25, -70.24], [4.49, -70.25], [4.58, -70.29], [4.61, -70.36], [4.52, -70.47]]], [[[-20.60, -73.88], [-20.64, -74.15], [-20.42, -74.31], [-20.41, -74.44], [-20.48, -74.49], [-20.81, -74.45], [-20.97, -74.22], [-21.16, -74.13], [-22.03, -74.10], [-21.93, -74.05], [-21.12, -73.93], [-21.02, -73.88], [-20.86, -73.67], [-20.69, -73.62], [-20.58, -73.61], [-20.52, -73.71], [-20.52, -73.79], [-20.60, -73.88]]], [[[-16.10, -72.67], [-16.31, -72.70], [-16.45, -72.65], [-16.51, -72.53], [-16.35, -72.45], [-16.10, -72.67]]], [[[-12.50, -72.17], [-12.72, -72.18], [-12.88, -72.13], [-12.96, -72.06], [-12.87, -72.00], [-12.78, -72.00], [-12.50, -72.17]]], [[[-32.34, -79.67], [-32.58, -79.65], [-32.37, -79.53], [-31.93, -79.56], [-32.34, -79.67]]], [[[-54.07, -61.29], [-54.19, -61.24], [-54.02, -61.13], [-54.04, -61.25], [-54.07, -61.29]]], [[[-58.83, -62.30], [-59.05, -62.34], [-59.20, -62.28], [-59.06, -62.23], [-58.83, -62.30]]], [[[-61.15, -69.97], [-61.30, -69.97], [-61.40, -69.93], [-61.32, -69.85], [-61.15, -69.88], [-61.10, -69.95], [-61.15, -69.97]]], [[[-60.65, -68.76], [-60.82, -68.77], [-61.01, -68.70], [-60.81, -68.68], [-60.65, -68.76]]], [[[-60.74, -70.71], [-60.89, -70.68], [-60.97, -70.59], [-60.94, -70.53], [-60.55, -70.50], [-60.45, -70.54], [-60.48, -70.64], [-60.74, -70.71]]], [[[-60.55, -71.05], [-60.78, -71.04], [-60.94, -70.96], [-60.61, -70.92], [-60.51, -70.99], [-60.55, -71.05]]], [[[-59.38, -62.44], [-59.52, -62.45], [-59.66, -62.35], [-59.39, -62.36], [-59.35, -62.41], [-59.38, -62.44]]], [[[-60.50, -62.96], [-60.61, -62.96], [-60.56, -63.00], [-60.62, -63.01], [-60.74, -62.94], [-60.63, -62.89], [-60.50, -62.96]]], [[[-60.65, -63.86], [-60.77, -63.90], [-60.97, -63.84], [-60.81, -63.83], [-60.79, -63.71], [-60.71, -63.66], [-60.56, -63.69], [-60.68, -63.80], [-60.65, -63.86]]], [[[-61.95, -64.07], [-62.04, -64.08], [-62.02, -64.02], [-61.79, -63.96], [-61.95, -64.07]]], [[[-63.31, -64.86], [-63.47, -64.90], [-63.55, -64.90], [-63.45, -64.79], [-63.17, -64.73], [-63.31, -64.86]]], [[[-62.61, -63.06], [-62.65, -63.07], [-62.52, -62.92], [-62.31, -62.87], [-62.61, -63.06]]], [[[-65.84, -65.84], [-66.06, -65.88], [-66.17, -65.86], [-66.18, -65.82], [-66.15, -65.77], [-66.04, -65.74], [-66.06, -65.66], [-65.96, -65.57], [-65.83, -65.52], [-65.63, -65.54], [-65.66, -65.65], [-65.81, -65.68], [-65.84, -65.84]]], [[[-66.59, -66.20], [-66.81, -66.31], [-66.86, -66.29], [-66.79, -66.23], [-66.77, -66.11], [-66.57, -66.08], [-66.62, -66.13], [-66.59, -66.20]]], [[[-67.36, -66.89], [-67.52, -66.89], [-67.59, -66.87], [-67.49, -66.80], [-67.51, -66.75], [-67.42, -66.73], [-67.33, -66.75], [-67.25, -66.84], [-67.36, -66.89]]], [[[-67.34, -67.76], [-67.69, -67.76], [-67.68, -67.68], [-67.74, -67.66], [-67.41, -67.59], [-67.14, -67.65], [-67.34, -67.76]]], [[[-71.69, -70.26], [-71.43, -70.26], [-71.34, -70.31], [-71.55, -70.43], [-71.68, -70.44], [-71.79, -70.28], [-71.69, -70.26]]], [[[-73.87, -73.35], [-73.97, -73.37], [-74.14, -73.31], [-73.83, -73.11], [-73.54, -73.12], [-73.72, -73.29], [-73.87, -73.35]]], [[[-93.79, -72.91], [-93.96, -72.92], [-94.11, -72.86], [-94.00, -72.81], [-93.75, -72.90], [-93.79, -72.91]]], [[[-116.73, -74.16], [-117.23, -74.19], [-117.39, -74.12], [-117.37, -74.08], [-116.38, -73.86], [-116.15, -73.91], [-116.58, -74.05], [-116.51, -74.09], [-116.73, -74.16]]], [[[-132.39, -74.44], [-132.54, -74.49], [-132.85, -74.46], [-132.83, -74.42], [-132.55, -74.38], [-132.36, -74.40], [-132.39, -74.44]]], [[[-131.06, -74.58], [-131.84, -74.54], [-132.16, -74.42], [-131.76, -74.32], [-130.98, -74.41], [-130.96, -74.51], [-131.06, -74.58]]], [[[-147.58, -76.64], [-147.72, -76.65], [-148.00, -76.57], [-147.76, -76.57], [-147.58, -76.64]]], [[[-145.23, -75.71], [-145.54, -75.69], [-146.15, -75.57], [-145.76, -75.51], [-145.41, -75.58], [-145.23, -75.71]]], [[[-146.60, -76.96], [-147.07, -76.99], [-147.04, -76.92], [-147.11, -76.86], [-146.86, -76.83], [-146.24, -76.88], [-146.16, -76.94], [-146.60, -76.96]]], [[[-148.59, -77.00], [-149.24, -76.99], [-149.30, -76.91], [-148.43, -76.97], [-148.59, -77.00]]], [[[-149.33, -76.71], [-148.66, -76.72], [-148.32, -76.77], [-148.98, -76.84], [-149.46, -76.75], [-149.33, -76.71]]], [[[-149.21, -77.33], [-148.92, -77.38], [-149.43, -77.37], [-149.66, -77.30], [-149.37, -77.27], [-149.21, -77.33]]], [[[-150.23, -76.77], [-150.65, -76.78], [-150.87, -76.73], [-150.17, -76.69], [-150.08, -76.73], [-150.23, -76.77]]], [[[-146.69, -76.24], [-146.89, -76.26], [-147.34, -76.14], [-147.41, -76.07], [-146.94, -76.09], [-146.69, -76.24]]], [[[-146.79, -76.63], [-146.90, -76.71], [-147.35, -76.61], [-147.27, -76.55], [-147.13, -76.53], [-146.87, -76.56], [-146.79, -76.63]]], [[[-150.39, -77.36], [-150.47, -77.37], [-151.51, -77.27], [-151.02, -77.22], [-150.35, -77.34], [-150.39, -77.36]]], [[[-153.93, -80.03], [-154.94, -79.96], [-155.04, -79.89], [-155.75, -79.82], [-155.67, -79.76], [-154.02, -79.98], [-153.93, -80.03]]], [[[-149.23, -77.12], [-150.46, -77.07], [-150.78, -76.98], [-150.39, -76.89], [-149.87, -76.87], [-149.23, -77.12]]], [[[-157.98, -82.10], [-158.07, -82.11], [-158.98, -81.77], [-157.83, -82.03], [-157.98, -82.10]]]]}}, {"type": "Feature", "properties": {}, "geometry": {"type": "Polygon", "coordinates": [[[-63.12, 18.06], [-63.01, 18.06], [-63.01, 18.04], [-63.02, 18.01], [-63.12, 18.06]]]}}, {"type": "Feature", "properties": {}, "geometry": {"type": "Polygon", "coordinates": [[[179.21, -8.52], [179.19, -8.53], [179.20, -8.46], [179.21, -8.51], [179.21, -8.52]]]}}]}